n,R,T,seed,instance_path,shared_work_dir,data_mode,ours_exe,ours_reconstruct_status,ours_reconstruct_objective,ours_reconstruct_reported_time_ms,ours_reconstruct_wall_time_ms,ours_reconstruction_success,ours_reconstructed_order_cost,ours_order_length,ours_reconstruct_memo_used_bytes,ours_reconstruct_peak_working_set_bytes,article_status,article_objective,article_wall_time_ms,article_memo_bytes,article_reported_ram_bytes,article_peak_working_set_bytes,ratio_ours_reconstruct_wall_to_article,ratio_ours_reconstruct_memo_to_article_memo,ratio_ours_reconstruct_peak_to_article_peak,objective_comparison_status,objective_match,notes,ours_reconstruct_run_line,ours_reconstruct_run_n,ours_reconstruct_run_seed,ours_reconstruct_run_input,ours_reconstruct_run_decomp,ours_reconstruct_run_memo_backend,ours_reconstruct_run_use_ub,ours_reconstruct_run_use_lb,ours_reconstruct_run_terminal_rules,ours_reconstruct_run_position_filtering_enabled,ours_reconstruct_run_enable_lawler_basic_rules,ours_reconstruct_run_enable_simple_lb,ours_reconstruct_run_enable_lb_memo,ours_reconstruct_run_enable_edd_ub,ours_reconstruct_run_ub_depth_limit,ours_reconstruct_run_lb_depth_limit,ours_reconstruct_run_terminal_all_tardy_spt,ours_reconstruct_run_terminal_edd_at_most_one_tardy,ours_reconstruct_run_enable_memo,ours_reconstruct_run_enable_exact_memo,ours_reconstruct_run_memo_full_key_verification,ours_reconstruct_run_memo_memory_limit_mb,ours_reconstruct_run_cost,ours_reconstruct_run_reconstruction_success,ours_reconstruct_run_reconstructed_order_cost,ours_reconstruct_run_time_ms,ours_reconstruct_run_nodes,ours_reconstruct_run_max_depth,ours_reconstruct_run_memo_hits,ours_reconstruct_run_memo_misses,ours_reconstruct_run_memo_exact_hits,ours_reconstruct_run_memo_lb_hits,ours_reconstruct_run_rule4,ours_reconstruct_run_valid_pos,ours_reconstruct_run_valid_pos_pruned_3a,ours_reconstruct_run_valid_pos_pruned_3b,ours_reconstruct_run_memo_rejected,ours_reconstruct_run_memo_forced_evict,ours_reconstruct_run_lufo_passes,ours_reconstruct_run_terminal_spt,ours_reconstruct_run_terminal_edd,ours_reconstruct_run_memo_peak,ours_reconstruct_run_memo_final,ours_reconstruct_run_memo_evictions,ours_reconstruct_run_memo_clean_time_ms,ours_reconstruct_run_reconstruction_time_ms,ours_reconstruct_run_reconstruction_repairs,ours_reconstruct_run_reconstruction_trace_hits,ours_reconstruct_run_reconstruction_trace_fallbacks,ours_reconstruct_run_memo_used_mb,ours_reconstruct_run_memo_bytes_per_entry,article_raw_metrics,article_metric_TT,article_metric_time,article_metric_RAM,article_metric_NbBytesMem,article_metric_NbBytesMem2,article_metric_NbEntryMem,article_metric_NbEntryMem2,article_metric_NbJobsMem,article_metric_Hits,article_metric_Hits2,article_metric_Miss,article_metric_Miss2,article_metric_All,article_metric_MerL,article_metric_szMerL,article_metric_MerR,article_metric_szMerR,article_metric_MovL,article_metric_MovR,article_metric_MinRatio,source_file,invalid_reason
50,1.0,0.2,0,D:\test2\results\article_code_comparison\data\50\SDT_50_1_0.2_1.txt,D:\test2\results\article_code_comparison,generated_by_project_generator,D:\test2\x64\Release\bm_solver.exe,SOLVED,0,0.0109,54.288,,,50,80,1773568,ERROR,,53.37,,,1789952,1.017201,,0.990847,NOT_COMPARABLE_ERROR,,,[run] n=50 seed=0 input=D:\test2\results\article_code_comparison\data\50\SDT_50_1_0.2_1.txt decomp=adaptive memo_backend=custom use_ub=0 use_lb=0 terminal_rules=1 position_filtering_enabled=1 enable_lawler_basic_rules=1 enable_simple_lb=0 enable_lb_memo=0 enable_edd_ub=0 ub_depth_limit=-1 lb_depth_limit=-1 terminal_all_tardy_spt=1 terminal_edd_at_most_one_tardy=1 enable_memo=1 enable_exact_memo=1 memo_full_key_verification=1 memo_memory_limit_mb=12288 cost=0 time_ms=0.0109 nodes=1 max_depth=0 memo_hits=0 memo_misses=1 memo_exact_hits=0 memo_lb_hits=0 rule4=1 valid_pos=0 valid_pos_pruned_3a=0 valid_pos_pruned_3b=0 memo_rejected=0 memo_forced_evict=0 lufo_passes=0 terminal_spt=0 terminal_edd=1 memo_peak=1 memo_final=1 memo_evictions=0 memo_clean_time_ms=0 reconstruction_time_ms=0.0009 reconstruction_repairs=0 reconstruction_trace_hits=0 reconstruction_trace_fallbacks=0 memo_used_mb=7.62939e-05 memo_bytes_per_entry=80,50,0,D:\test2\results\article_code_comparison\data\50\SDT_50_1_0.2_1.txt,adaptive,custom,0,0,1,1,1,0,0,0,-1,-1,1,1,1,1,1,12288,0,,,0.0109,1,0,0,1,0,0,1,0,0,0,0,0,0,0,1,1,1,0,0,0.0009,0,0,0,7.62939e-05,80,,,,,,,,,,,,,,,,,,,,,,C:\c++\test2\results\article_code_comparison\raw_results.csv,article_runner_filename_mismatch_R1_expected_1.0
50,1.0,0.2,1,D:\test2\results\article_code_comparison\data\50\SDT_50_1_0.2_2.txt,D:\test2\results\article_code_comparison,generated_by_project_generator,D:\test2\x64\Release\bm_solver.exe,SOLVED,0,0.0098,54.068,,,50,80,1732608,ERROR,,53.239,,,1810432,1.015571,,0.957014,NOT_COMPARABLE_ERROR,,,[run] n=50 seed=1 input=D:\test2\results\article_code_comparison\data\50\SDT_50_1_0.2_2.txt decomp=adaptive memo_backend=custom use_ub=0 use_lb=0 terminal_rules=1 position_filtering_enabled=1 enable_lawler_basic_rules=1 enable_simple_lb=0 enable_lb_memo=0 enable_edd_ub=0 ub_depth_limit=-1 lb_depth_limit=-1 terminal_all_tardy_spt=1 terminal_edd_at_most_one_tardy=1 enable_memo=1 enable_exact_memo=1 memo_full_key_verification=1 memo_memory_limit_mb=12288 cost=0 time_ms=0.0098 nodes=1 max_depth=0 memo_hits=0 memo_misses=1 memo_exact_hits=0 memo_lb_hits=0 rule4=1 valid_pos=0 valid_pos_pruned_3a=0 valid_pos_pruned_3b=0 memo_rejected=0 memo_forced_evict=0 lufo_passes=0 terminal_spt=0 terminal_edd=1 memo_peak=1 memo_final=1 memo_evictions=0 memo_clean_time_ms=0 reconstruction_time_ms=0.0007 reconstruction_repairs=0 reconstruction_trace_hits=0 reconstruction_trace_fallbacks=0 memo_used_mb=7.62939e-05 memo_bytes_per_entry=80,50,1,D:\test2\results\article_code_comparison\data\50\SDT_50_1_0.2_2.txt,adaptive,custom,0,0,1,1,1,0,0,0,-1,-1,1,1,1,1,1,12288,0,,,0.0098,1,0,0,1,0,0,1,0,0,0,0,0,0,0,1,1,1,0,0,0.0007,0,0,0,7.62939e-05,80,,,,,,,,,,,,,,,,,,,,,,C:\c++\test2\results\article_code_comparison\raw_results.csv,article_runner_filename_mismatch_R1_expected_1.0
50,1.0,0.2,2,D:\test2\results\article_code_comparison\data\50\SDT_50_1_0.2_3.txt,D:\test2\results\article_code_comparison,generated_by_project_generator,D:\test2\x64\Release\bm_solver.exe,SOLVED,0,0.0104,54.272,,,50,80,1765376,ERROR,,53.587,,,1875968,1.012783,,0.941048,NOT_COMPARABLE_ERROR,,,[run] n=50 seed=2 input=D:\test2\results\article_code_comparison\data\50\SDT_50_1_0.2_3.txt decomp=adaptive memo_backend=custom use_ub=0 use_lb=0 terminal_rules=1 position_filtering_enabled=1 enable_lawler_basic_rules=1 enable_simple_lb=0 enable_lb_memo=0 enable_edd_ub=0 ub_depth_limit=-1 lb_depth_limit=-1 terminal_all_tardy_spt=1 terminal_edd_at_most_one_tardy=1 enable_memo=1 enable_exact_memo=1 memo_full_key_verification=1 memo_memory_limit_mb=12288 cost=0 time_ms=0.0104 nodes=1 max_depth=0 memo_hits=0 memo_misses=1 memo_exact_hits=0 memo_lb_hits=0 rule4=1 valid_pos=0 valid_pos_pruned_3a=0 valid_pos_pruned_3b=0 memo_rejected=0 memo_forced_evict=0 lufo_passes=0 terminal_spt=0 terminal_edd=1 memo_peak=1 memo_final=1 memo_evictions=0 memo_clean_time_ms=0 reconstruction_time_ms=0.0007 reconstruction_repairs=0 reconstruction_trace_hits=0 reconstruction_trace_fallbacks=0 memo_used_mb=7.62939e-05 memo_bytes_per_entry=80,50,2,D:\test2\results\article_code_comparison\data\50\SDT_50_1_0.2_3.txt,adaptive,custom,0,0,1,1,1,0,0,0,-1,-1,1,1,1,1,1,12288,0,,,0.0104,1,0,0,1,0,0,1,0,0,0,0,0,0,0,1,1,1,0,0,0.0007,0,0,0,7.62939e-05,80,,,,,,,,,,,,,,,,,,,,,,C:\c++\test2\results\article_code_comparison\raw_results.csv,article_runner_filename_mismatch_R1_expected_1.0
50,1.0,0.2,3,D:\test2\results\article_code_comparison\data\50\SDT_50_1_0.2_4.txt,D:\test2\results\article_code_comparison,generated_by_project_generator,D:\test2\x64\Release\bm_solver.exe,SOLVED,0,0.0104,53.851,,,50,80,1777664,ERROR,,53.185,,,1847296,1.012522,,0.962306,NOT_COMPARABLE_ERROR,,,[run] n=50 seed=3 input=D:\test2\results\article_code_comparison\data\50\SDT_50_1_0.2_4.txt decomp=adaptive memo_backend=custom use_ub=0 use_lb=0 terminal_rules=1 position_filtering_enabled=1 enable_lawler_basic_rules=1 enable_simple_lb=0 enable_lb_memo=0 enable_edd_ub=0 ub_depth_limit=-1 lb_depth_limit=-1 terminal_all_tardy_spt=1 terminal_edd_at_most_one_tardy=1 enable_memo=1 enable_exact_memo=1 memo_full_key_verification=1 memo_memory_limit_mb=12288 cost=0 time_ms=0.0104 nodes=1 max_depth=0 memo_hits=0 memo_misses=1 memo_exact_hits=0 memo_lb_hits=0 rule4=1 valid_pos=0 valid_pos_pruned_3a=0 valid_pos_pruned_3b=0 memo_rejected=0 memo_forced_evict=0 lufo_passes=0 terminal_spt=0 terminal_edd=1 memo_peak=1 memo_final=1 memo_evictions=0 memo_clean_time_ms=0 reconstruction_time_ms=0.0007 reconstruction_repairs=0 reconstruction_trace_hits=0 reconstruction_trace_fallbacks=0 memo_used_mb=7.62939e-05 memo_bytes_per_entry=80,50,3,D:\test2\results\article_code_comparison\data\50\SDT_50_1_0.2_4.txt,adaptive,custom,0,0,1,1,1,0,0,0,-1,-1,1,1,1,1,1,12288,0,,,0.0104,1,0,0,1,0,0,1,0,0,0,0,0,0,0,1,1,1,0,0,0.0007,0,0,0,7.62939e-05,80,,,,,,,,,,,,,,,,,,,,,,C:\c++\test2\results\article_code_comparison\raw_results.csv,article_runner_filename_mismatch_R1_expected_1.0
50,1.0,0.2,4,D:\test2\results\article_code_comparison\data\50\SDT_50_1_0.2_5.txt,D:\test2\results\article_code_comparison,generated_by_project_generator,D:\test2\x64\Release\bm_solver.exe,SOLVED,0,0.0097,54.132,,,50,80,1777664,ERROR,,53.663,,,1810432,1.00874,,0.9819,NOT_COMPARABLE_ERROR,,,[run] n=50 seed=4 input=D:\test2\results\article_code_comparison\data\50\SDT_50_1_0.2_5.txt decomp=adaptive memo_backend=custom use_ub=0 use_lb=0 terminal_rules=1 position_filtering_enabled=1 enable_lawler_basic_rules=1 enable_simple_lb=0 enable_lb_memo=0 enable_edd_ub=0 ub_depth_limit=-1 lb_depth_limit=-1 terminal_all_tardy_spt=1 terminal_edd_at_most_one_tardy=1 enable_memo=1 enable_exact_memo=1 memo_full_key_verification=1 memo_memory_limit_mb=12288 cost=0 time_ms=0.0097 nodes=1 max_depth=0 memo_hits=0 memo_misses=1 memo_exact_hits=0 memo_lb_hits=0 rule4=1 valid_pos=0 valid_pos_pruned_3a=0 valid_pos_pruned_3b=0 memo_rejected=0 memo_forced_evict=0 lufo_passes=0 terminal_spt=0 terminal_edd=1 memo_peak=1 memo_final=1 memo_evictions=0 memo_clean_time_ms=0 reconstruction_time_ms=0.0009 reconstruction_repairs=0 reconstruction_trace_hits=0 reconstruction_trace_fallbacks=0 memo_used_mb=7.62939e-05 memo_bytes_per_entry=80,50,4,D:\test2\results\article_code_comparison\data\50\SDT_50_1_0.2_5.txt,adaptive,custom,0,0,1,1,1,0,0,0,-1,-1,1,1,1,1,1,12288,0,,,0.0097,1,0,0,1,0,0,1,0,0,0,0,0,0,0,1,1,1,0,0,0.0009,0,0,0,7.62939e-05,80,,,,,,,,,,,,,,,,,,,,,,C:\c++\test2\results\article_code_comparison\raw_results.csv,article_runner_filename_mismatch_R1_expected_1.0
50,1.0,0.2,5,D:\test2\results\article_code_comparison\data\50\SDT_50_1_0.2_6.txt,D:\test2\results\article_code_comparison,generated_by_project_generator,D:\test2\x64\Release\bm_solver.exe,SOLVED,0,0.0128,53.243,,,50,80,1650688,ERROR,,53.146,,,1757184,1.001825,,0.939394,NOT_COMPARABLE_ERROR,,,[run] n=50 seed=5 input=D:\test2\results\article_code_comparison\data\50\SDT_50_1_0.2_6.txt decomp=adaptive memo_backend=custom use_ub=0 use_lb=0 terminal_rules=1 position_filtering_enabled=1 enable_lawler_basic_rules=1 enable_simple_lb=0 enable_lb_memo=0 enable_edd_ub=0 ub_depth_limit=-1 lb_depth_limit=-1 terminal_all_tardy_spt=1 terminal_edd_at_most_one_tardy=1 enable_memo=1 enable_exact_memo=1 memo_full_key_verification=1 memo_memory_limit_mb=12288 cost=0 time_ms=0.0128 nodes=1 max_depth=0 memo_hits=0 memo_misses=1 memo_exact_hits=0 memo_lb_hits=0 rule4=1 valid_pos=0 valid_pos_pruned_3a=0 valid_pos_pruned_3b=0 memo_rejected=0 memo_forced_evict=0 lufo_passes=0 terminal_spt=0 terminal_edd=1 memo_peak=1 memo_final=1 memo_evictions=0 memo_clean_time_ms=0 reconstruction_time_ms=0.0008 reconstruction_repairs=0 reconstruction_trace_hits=0 reconstruction_trace_fallbacks=0 memo_used_mb=7.62939e-05 memo_bytes_per_entry=80,50,5,D:\test2\results\article_code_comparison\data\50\SDT_50_1_0.2_6.txt,adaptive,custom,0,0,1,1,1,0,0,0,-1,-1,1,1,1,1,1,12288,0,,,0.0128,1,0,0,1,0,0,1,0,0,0,0,0,0,0,1,1,1,0,0,0.0008,0,0,0,7.62939e-05,80,,,,,,,,,,,,,,,,,,,,,,C:\c++\test2\results\article_code_comparison\raw_results.csv,article_runner_filename_mismatch_R1_expected_1.0
50,1.0,0.2,6,D:\test2\results\article_code_comparison\data\50\SDT_50_1_0.2_7.txt,D:\test2\results\article_code_comparison,generated_by_project_generator,D:\test2\x64\Release\bm_solver.exe,SOLVED,0,0.0102,53.883,,,50,80,1642496,ERROR,,53.238,,,1830912,1.012115,,0.897092,NOT_COMPARABLE_ERROR,,,[run] n=50 seed=6 input=D:\test2\results\article_code_comparison\data\50\SDT_50_1_0.2_7.txt decomp=adaptive memo_backend=custom use_ub=0 use_lb=0 terminal_rules=1 position_filtering_enabled=1 enable_lawler_basic_rules=1 enable_simple_lb=0 enable_lb_memo=0 enable_edd_ub=0 ub_depth_limit=-1 lb_depth_limit=-1 terminal_all_tardy_spt=1 terminal_edd_at_most_one_tardy=1 enable_memo=1 enable_exact_memo=1 memo_full_key_verification=1 memo_memory_limit_mb=12288 cost=0 time_ms=0.0102 nodes=1 max_depth=0 memo_hits=0 memo_misses=1 memo_exact_hits=0 memo_lb_hits=0 rule4=1 valid_pos=0 valid_pos_pruned_3a=0 valid_pos_pruned_3b=0 memo_rejected=0 memo_forced_evict=0 lufo_passes=0 terminal_spt=0 terminal_edd=1 memo_peak=1 memo_final=1 memo_evictions=0 memo_clean_time_ms=0 reconstruction_time_ms=0.0009 reconstruction_repairs=0 reconstruction_trace_hits=0 reconstruction_trace_fallbacks=0 memo_used_mb=7.62939e-05 memo_bytes_per_entry=80,50,6,D:\test2\results\article_code_comparison\data\50\SDT_50_1_0.2_7.txt,adaptive,custom,0,0,1,1,1,0,0,0,-1,-1,1,1,1,1,1,12288,0,,,0.0102,1,0,0,1,0,0,1,0,0,0,0,0,0,0,1,1,1,0,0,0.0009,0,0,0,7.62939e-05,80,,,,,,,,,,,,,,,,,,,,,,C:\c++\test2\results\article_code_comparison\raw_results.csv,article_runner_filename_mismatch_R1_expected_1.0
50,1.0,0.2,7,D:\test2\results\article_code_comparison\data\50\SDT_50_1_0.2_8.txt,D:\test2\results\article_code_comparison,generated_by_project_generator,D:\test2\x64\Release\bm_solver.exe,SOLVED,0,0.0102,53.348,,,50,80,1732608,ERROR,,54.165,,,1875968,0.984916,,0.923581,NOT_COMPARABLE_ERROR,,,[run] n=50 seed=7 input=D:\test2\results\article_code_comparison\data\50\SDT_50_1_0.2_8.txt decomp=adaptive memo_backend=custom use_ub=0 use_lb=0 terminal_rules=1 position_filtering_enabled=1 enable_lawler_basic_rules=1 enable_simple_lb=0 enable_lb_memo=0 enable_edd_ub=0 ub_depth_limit=-1 lb_depth_limit=-1 terminal_all_tardy_spt=1 terminal_edd_at_most_one_tardy=1 enable_memo=1 enable_exact_memo=1 memo_full_key_verification=1 memo_memory_limit_mb=12288 cost=0 time_ms=0.0102 nodes=1 max_depth=0 memo_hits=0 memo_misses=1 memo_exact_hits=0 memo_lb_hits=0 rule4=1 valid_pos=0 valid_pos_pruned_3a=0 valid_pos_pruned_3b=0 memo_rejected=0 memo_forced_evict=0 lufo_passes=0 terminal_spt=0 terminal_edd=1 memo_peak=1 memo_final=1 memo_evictions=0 memo_clean_time_ms=0 reconstruction_time_ms=0.0009 reconstruction_repairs=0 reconstruction_trace_hits=0 reconstruction_trace_fallbacks=0 memo_used_mb=7.62939e-05 memo_bytes_per_entry=80,50,7,D:\test2\results\article_code_comparison\data\50\SDT_50_1_0.2_8.txt,adaptive,custom,0,0,1,1,1,0,0,0,-1,-1,1,1,1,1,1,12288,0,,,0.0102,1,0,0,1,0,0,1,0,0,0,0,0,0,0,1,1,1,0,0,0.0009,0,0,0,7.62939e-05,80,,,,,,,,,,,,,,,,,,,,,,C:\c++\test2\results\article_code_comparison\raw_results.csv,article_runner_filename_mismatch_R1_expected_1.0
50,1.0,0.2,8,D:\test2\results\article_code_comparison\data\50\SDT_50_1_0.2_9.txt,D:\test2\results\article_code_comparison,generated_by_project_generator,D:\test2\x64\Release\bm_solver.exe,SOLVED,0,0.0105,53.666,,,50,80,1810432,ERROR,,53.431,,,1843200,1.004398,,0.982222,NOT_COMPARABLE_ERROR,,,[run] n=50 seed=8 input=D:\test2\results\article_code_comparison\data\50\SDT_50_1_0.2_9.txt decomp=adaptive memo_backend=custom use_ub=0 use_lb=0 terminal_rules=1 position_filtering_enabled=1 enable_lawler_basic_rules=1 enable_simple_lb=0 enable_lb_memo=0 enable_edd_ub=0 ub_depth_limit=-1 lb_depth_limit=-1 terminal_all_tardy_spt=1 terminal_edd_at_most_one_tardy=1 enable_memo=1 enable_exact_memo=1 memo_full_key_verification=1 memo_memory_limit_mb=12288 cost=0 time_ms=0.0105 nodes=1 max_depth=0 memo_hits=0 memo_misses=1 memo_exact_hits=0 memo_lb_hits=0 rule4=1 valid_pos=0 valid_pos_pruned_3a=0 valid_pos_pruned_3b=0 memo_rejected=0 memo_forced_evict=0 lufo_passes=0 terminal_spt=0 terminal_edd=1 memo_peak=1 memo_final=1 memo_evictions=0 memo_clean_time_ms=0 reconstruction_time_ms=0.0008 reconstruction_repairs=0 reconstruction_trace_hits=0 reconstruction_trace_fallbacks=0 memo_used_mb=7.62939e-05 memo_bytes_per_entry=80,50,8,D:\test2\results\article_code_comparison\data\50\SDT_50_1_0.2_9.txt,adaptive,custom,0,0,1,1,1,0,0,0,-1,-1,1,1,1,1,1,12288,0,,,0.0105,1,0,0,1,0,0,1,0,0,0,0,0,0,0,1,1,1,0,0,0.0008,0,0,0,7.62939e-05,80,,,,,,,,,,,,,,,,,,,,,,C:\c++\test2\results\article_code_comparison\raw_results.csv,article_runner_filename_mismatch_R1_expected_1.0
50,1.0,0.2,9,D:\test2\results\article_code_comparison\data\50\SDT_50_1_0.2_10.txt,D:\test2\results\article_code_comparison,generated_by_project_generator,D:\test2\x64\Release\bm_solver.exe,SOLVED,0,0.01,53.378,,,50,80,1806336,ERROR,,53.205,,,1810432,1.003252,,0.997738,NOT_COMPARABLE_ERROR,,,[run] n=50 seed=9 input=D:\test2\results\article_code_comparison\data\50\SDT_50_1_0.2_10.txt decomp=adaptive memo_backend=custom use_ub=0 use_lb=0 terminal_rules=1 position_filtering_enabled=1 enable_lawler_basic_rules=1 enable_simple_lb=0 enable_lb_memo=0 enable_edd_ub=0 ub_depth_limit=-1 lb_depth_limit=-1 terminal_all_tardy_spt=1 terminal_edd_at_most_one_tardy=1 enable_memo=1 enable_exact_memo=1 memo_full_key_verification=1 memo_memory_limit_mb=12288 cost=0 time_ms=0.01 nodes=1 max_depth=0 memo_hits=0 memo_misses=1 memo_exact_hits=0 memo_lb_hits=0 rule4=1 valid_pos=0 valid_pos_pruned_3a=0 valid_pos_pruned_3b=0 memo_rejected=0 memo_forced_evict=0 lufo_passes=0 terminal_spt=0 terminal_edd=1 memo_peak=1 memo_final=1 memo_evictions=0 memo_clean_time_ms=0 reconstruction_time_ms=0.0009 reconstruction_repairs=0 reconstruction_trace_hits=0 reconstruction_trace_fallbacks=0 memo_used_mb=7.62939e-05 memo_bytes_per_entry=80,50,9,D:\test2\results\article_code_comparison\data\50\SDT_50_1_0.2_10.txt,adaptive,custom,0,0,1,1,1,0,0,0,-1,-1,1,1,1,1,1,12288,0,,,0.01,1,0,0,1,0,0,1,0,0,0,0,0,0,0,1,1,1,0,0,0.0009,0,0,0,7.62939e-05,80,,,,,,,,,,,,,,,,,,,,,,C:\c++\test2\results\article_code_comparison\raw_results.csv,article_runner_filename_mismatch_R1_expected_1.0
50,1.0,0.4,0,D:\test2\results\article_code_comparison\data\50\SDT_50_1_0.4_1.txt,D:\test2\results\article_code_comparison,generated_by_project_generator,D:\test2\x64\Release\bm_solver.exe,SOLVED,0,0.0101,53.355,,,50,80,1810432,ERROR,,53.214,,,1810432,1.00265,,1.0,NOT_COMPARABLE_ERROR,,,[run] n=50 seed=0 input=D:\test2\results\article_code_comparison\data\50\SDT_50_1_0.4_1.txt decomp=adaptive memo_backend=custom use_ub=0 use_lb=0 terminal_rules=1 position_filtering_enabled=1 enable_lawler_basic_rules=1 enable_simple_lb=0 enable_lb_memo=0 enable_edd_ub=0 ub_depth_limit=-1 lb_depth_limit=-1 terminal_all_tardy_spt=1 terminal_edd_at_most_one_tardy=1 enable_memo=1 enable_exact_memo=1 memo_full_key_verification=1 memo_memory_limit_mb=12288 cost=0 time_ms=0.0101 nodes=1 max_depth=0 memo_hits=0 memo_misses=1 memo_exact_hits=0 memo_lb_hits=0 rule4=1 valid_pos=0 valid_pos_pruned_3a=0 valid_pos_pruned_3b=0 memo_rejected=0 memo_forced_evict=0 lufo_passes=0 terminal_spt=0 terminal_edd=1 memo_peak=1 memo_final=1 memo_evictions=0 memo_clean_time_ms=0 reconstruction_time_ms=0.0008 reconstruction_repairs=0 reconstruction_trace_hits=0 reconstruction_trace_fallbacks=0 memo_used_mb=7.62939e-05 memo_bytes_per_entry=80,50,0,D:\test2\results\article_code_comparison\data\50\SDT_50_1_0.4_1.txt,adaptive,custom,0,0,1,1,1,0,0,0,-1,-1,1,1,1,1,1,12288,0,,,0.0101,1,0,0,1,0,0,1,0,0,0,0,0,0,0,1,1,1,0,0,0.0008,0,0,0,7.62939e-05,80,,,,,,,,,,,,,,,,,,,,,,C:\c++\test2\results\article_code_comparison\raw_results.csv,article_runner_filename_mismatch_R1_expected_1.0
50,1.0,0.4,1,D:\test2\results\article_code_comparison\data\50\SDT_50_1_0.4_2.txt,D:\test2\results\article_code_comparison,generated_by_project_generator,D:\test2\x64\Release\bm_solver.exe,SOLVED,0,0.0102,54.058,,,50,80,1671168,ERROR,,53.243,,,1810432,1.015307,,0.923077,NOT_COMPARABLE_ERROR,,,[run] n=50 seed=1 input=D:\test2\results\article_code_comparison\data\50\SDT_50_1_0.4_2.txt decomp=adaptive memo_backend=custom use_ub=0 use_lb=0 terminal_rules=1 position_filtering_enabled=1 enable_lawler_basic_rules=1 enable_simple_lb=0 enable_lb_memo=0 enable_edd_ub=0 ub_depth_limit=-1 lb_depth_limit=-1 terminal_all_tardy_spt=1 terminal_edd_at_most_one_tardy=1 enable_memo=1 enable_exact_memo=1 memo_full_key_verification=1 memo_memory_limit_mb=12288 cost=0 time_ms=0.0102 nodes=1 max_depth=0 memo_hits=0 memo_misses=1 memo_exact_hits=0 memo_lb_hits=0 rule4=1 valid_pos=0 valid_pos_pruned_3a=0 valid_pos_pruned_3b=0 memo_rejected=0 memo_forced_evict=0 lufo_passes=0 terminal_spt=0 terminal_edd=1 memo_peak=1 memo_final=1 memo_evictions=0 memo_clean_time_ms=0 reconstruction_time_ms=0.0008 reconstruction_repairs=0 reconstruction_trace_hits=0 reconstruction_trace_fallbacks=0 memo_used_mb=7.62939e-05 memo_bytes_per_entry=80,50,1,D:\test2\results\article_code_comparison\data\50\SDT_50_1_0.4_2.txt,adaptive,custom,0,0,1,1,1,0,0,0,-1,-1,1,1,1,1,1,12288,0,,,0.0102,1,0,0,1,0,0,1,0,0,0,0,0,0,0,1,1,1,0,0,0.0008,0,0,0,7.62939e-05,80,,,,,,,,,,,,,,,,,,,,,,C:\c++\test2\results\article_code_comparison\raw_results.csv,article_runner_filename_mismatch_R1_expected_1.0
50,1.0,0.4,2,D:\test2\results\article_code_comparison\data\50\SDT_50_1_0.4_3.txt,D:\test2\results\article_code_comparison,generated_by_project_generator,D:\test2\x64\Release\bm_solver.exe,SOLVED,0,0.0099,54.263,,,50,80,1679360,ERROR,,53.436,,,1904640,1.015476,,0.88172,NOT_COMPARABLE_ERROR,,,[run] n=50 seed=2 input=D:\test2\results\article_code_comparison\data\50\SDT_50_1_0.4_3.txt decomp=adaptive memo_backend=custom use_ub=0 use_lb=0 terminal_rules=1 position_filtering_enabled=1 enable_lawler_basic_rules=1 enable_simple_lb=0 enable_lb_memo=0 enable_edd_ub=0 ub_depth_limit=-1 lb_depth_limit=-1 terminal_all_tardy_spt=1 terminal_edd_at_most_one_tardy=1 enable_memo=1 enable_exact_memo=1 memo_full_key_verification=1 memo_memory_limit_mb=12288 cost=0 time_ms=0.0099 nodes=1 max_depth=0 memo_hits=0 memo_misses=1 memo_exact_hits=0 memo_lb_hits=0 rule4=1 valid_pos=0 valid_pos_pruned_3a=0 valid_pos_pruned_3b=0 memo_rejected=0 memo_forced_evict=0 lufo_passes=0 terminal_spt=0 terminal_edd=1 memo_peak=1 memo_final=1 memo_evictions=0 memo_clean_time_ms=0 reconstruction_time_ms=0.0008 reconstruction_repairs=0 reconstruction_trace_hits=0 reconstruction_trace_fallbacks=0 memo_used_mb=7.62939e-05 memo_bytes_per_entry=80,50,2,D:\test2\results\article_code_comparison\data\50\SDT_50_1_0.4_3.txt,adaptive,custom,0,0,1,1,1,0,0,0,-1,-1,1,1,1,1,1,12288,0,,,0.0099,1,0,0,1,0,0,1,0,0,0,0,0,0,0,1,1,1,0,0,0.0008,0,0,0,7.62939e-05,80,,,,,,,,,,,,,,,,,,,,,,C:\c++\test2\results\article_code_comparison\raw_results.csv,article_runner_filename_mismatch_R1_expected_1.0
50,1.0,0.4,3,D:\test2\results\article_code_comparison\data\50\SDT_50_1_0.4_4.txt,D:\test2\results\article_code_comparison,generated_by_project_generator,D:\test2\x64\Release\bm_solver.exe,SOLVED,13,0.01,53.937,,,50,80,1810432,ERROR,,53.804,,,1871872,1.002472,,0.967177,NOT_COMPARABLE_ERROR,,,[run] n=50 seed=3 input=D:\test2\results\article_code_comparison\data\50\SDT_50_1_0.4_4.txt decomp=adaptive memo_backend=custom use_ub=0 use_lb=0 terminal_rules=1 position_filtering_enabled=1 enable_lawler_basic_rules=1 enable_simple_lb=0 enable_lb_memo=0 enable_edd_ub=0 ub_depth_limit=-1 lb_depth_limit=-1 terminal_all_tardy_spt=1 terminal_edd_at_most_one_tardy=1 enable_memo=1 enable_exact_memo=1 memo_full_key_verification=1 memo_memory_limit_mb=12288 cost=13 time_ms=0.01 nodes=1 max_depth=0 memo_hits=0 memo_misses=1 memo_exact_hits=0 memo_lb_hits=0 rule4=1 valid_pos=0 valid_pos_pruned_3a=0 valid_pos_pruned_3b=0 memo_rejected=0 memo_forced_evict=0 lufo_passes=0 terminal_spt=0 terminal_edd=1 memo_peak=1 memo_final=1 memo_evictions=0 memo_clean_time_ms=0 reconstruction_time_ms=0.0008 reconstruction_repairs=0 reconstruction_trace_hits=0 reconstruction_trace_fallbacks=0 memo_used_mb=7.62939e-05 memo_bytes_per_entry=80,50,3,D:\test2\results\article_code_comparison\data\50\SDT_50_1_0.4_4.txt,adaptive,custom,0,0,1,1,1,0,0,0,-1,-1,1,1,1,1,1,12288,13,,,0.01,1,0,0,1,0,0,1,0,0,0,0,0,0,0,1,1,1,0,0,0.0008,0,0,0,7.62939e-05,80,,,,,,,,,,,,,,,,,,,,,,C:\c++\test2\results\article_code_comparison\raw_results.csv,article_runner_filename_mismatch_R1_expected_1.0
50,1.0,0.4,4,D:\test2\results\article_code_comparison\data\50\SDT_50_1_0.4_5.txt,D:\test2\results\article_code_comparison,generated_by_project_generator,D:\test2\x64\Release\bm_solver.exe,SOLVED,0,0.0105,54.213,,,50,80,1781760,ERROR,,53.197,,,1810432,1.019099,,0.984163,NOT_COMPARABLE_ERROR,,,[run] n=50 seed=4 input=D:\test2\results\article_code_comparison\data\50\SDT_50_1_0.4_5.txt decomp=adaptive memo_backend=custom use_ub=0 use_lb=0 terminal_rules=1 position_filtering_enabled=1 enable_lawler_basic_rules=1 enable_simple_lb=0 enable_lb_memo=0 enable_edd_ub=0 ub_depth_limit=-1 lb_depth_limit=-1 terminal_all_tardy_spt=1 terminal_edd_at_most_one_tardy=1 enable_memo=1 enable_exact_memo=1 memo_full_key_verification=1 memo_memory_limit_mb=12288 cost=0 time_ms=0.0105 nodes=1 max_depth=0 memo_hits=0 memo_misses=1 memo_exact_hits=0 memo_lb_hits=0 rule4=1 valid_pos=0 valid_pos_pruned_3a=0 valid_pos_pruned_3b=0 memo_rejected=0 memo_forced_evict=0 lufo_passes=0 terminal_spt=0 terminal_edd=1 memo_peak=1 memo_final=1 memo_evictions=0 memo_clean_time_ms=0 reconstruction_time_ms=0.0011 reconstruction_repairs=0 reconstruction_trace_hits=0 reconstruction_trace_fallbacks=0 memo_used_mb=7.62939e-05 memo_bytes_per_entry=80,50,4,D:\test2\results\article_code_comparison\data\50\SDT_50_1_0.4_5.txt,adaptive,custom,0,0,1,1,1,0,0,0,-1,-1,1,1,1,1,1,12288,0,,,0.0105,1,0,0,1,0,0,1,0,0,0,0,0,0,0,1,1,1,0,0,0.0011,0,0,0,7.62939e-05,80,,,,,,,,,,,,,,,,,,,,,,C:\c++\test2\results\article_code_comparison\raw_results.csv,article_runner_filename_mismatch_R1_expected_1.0
50,1.0,0.4,5,D:\test2\results\article_code_comparison\data\50\SDT_50_1_0.4_6.txt,D:\test2\results\article_code_comparison,generated_by_project_generator,D:\test2\x64\Release\bm_solver.exe,SOLVED,22,0.0432,54.193,,,50,1760,1781760,ERROR,,53.255,,,1802240,1.017613,,0.988636,NOT_COMPARABLE_ERROR,,,[run] n=50 seed=5 input=D:\test2\results\article_code_comparison\data\50\SDT_50_1_0.4_6.txt decomp=adaptive memo_backend=custom use_ub=0 use_lb=0 terminal_rules=1 position_filtering_enabled=1 enable_lawler_basic_rules=1 enable_simple_lb=0 enable_lb_memo=0 enable_edd_ub=0 ub_depth_limit=-1 lb_depth_limit=-1 terminal_all_tardy_spt=1 terminal_edd_at_most_one_tardy=1 enable_memo=1 enable_exact_memo=1 memo_full_key_verification=1 memo_memory_limit_mb=12288 cost=22 time_ms=0.0432 nodes=11 max_depth=49 memo_hits=0 memo_misses=21 memo_exact_hits=0 memo_lb_hits=0 rule4=1 valid_pos=89 valid_pos_pruned_3a=0 valid_pos_pruned_3b=0 memo_rejected=0 memo_forced_evict=0 lufo_passes=0 terminal_spt=0 terminal_edd=5 memo_peak=11 memo_final=11 memo_evictions=0 memo_clean_time_ms=0 reconstruction_time_ms=0.0087 reconstruction_repairs=0 reconstruction_trace_hits=6 reconstruction_trace_fallbacks=0 memo_used_mb=0.00167847 memo_bytes_per_entry=160,50,5,D:\test2\results\article_code_comparison\data\50\SDT_50_1_0.4_6.txt,adaptive,custom,0,0,1,1,1,0,0,0,-1,-1,1,1,1,1,1,12288,22,,,0.0432,11,49,0,21,0,0,1,89,0,0,0,0,0,0,5,11,11,0,0,0.0087,0,6,0,0.00167847,160,,,,,,,,,,,,,,,,,,,,,,C:\c++\test2\results\article_code_comparison\raw_results.csv,article_runner_filename_mismatch_R1_expected_1.0
50,1.0,0.4,6,D:\test2\results\article_code_comparison\data\50\SDT_50_1_0.4_7.txt,D:\test2\results\article_code_comparison,generated_by_project_generator,D:\test2\x64\Release\bm_solver.exe,SOLVED,114,0.0218,53.455,,,50,800,1781760,ERROR,,53.632,,,1810432,0.9967,,0.984163,NOT_COMPARABLE_ERROR,,,[run] n=50 seed=6 input=D:\test2\results\article_code_comparison\data\50\SDT_50_1_0.4_7.txt decomp=adaptive memo_backend=custom use_ub=0 use_lb=0 terminal_rules=1 position_filtering_enabled=1 enable_lawler_basic_rules=1 enable_simple_lb=0 enable_lb_memo=0 enable_edd_ub=0 ub_depth_limit=-1 lb_depth_limit=-1 terminal_all_tardy_spt=1 terminal_edd_at_most_one_tardy=1 enable_memo=1 enable_exact_memo=1 memo_full_key_verification=1 memo_memory_limit_mb=12288 cost=114 time_ms=0.0218 nodes=5 max_depth=49 memo_hits=0 memo_misses=9 memo_exact_hits=0 memo_lb_hits=0 rule4=1 valid_pos=26 valid_pos_pruned_3a=0 valid_pos_pruned_3b=0 memo_rejected=0 memo_forced_evict=0 lufo_passes=0 terminal_spt=0 terminal_edd=3 memo_peak=5 memo_final=5 memo_evictions=0 memo_clean_time_ms=0 reconstruction_time_ms=0.0088 reconstruction_repairs=0 reconstruction_trace_hits=2 reconstruction_trace_fallbacks=0 memo_used_mb=0.000762939 memo_bytes_per_entry=160,50,6,D:\test2\results\article_code_comparison\data\50\SDT_50_1_0.4_7.txt,adaptive,custom,0,0,1,1,1,0,0,0,-1,-1,1,1,1,1,1,12288,114,,,0.0218,5,49,0,9,0,0,1,26,0,0,0,0,0,0,3,5,5,0,0,0.0088,0,2,0,0.000762939,160,,,,,,,,,,,,,,,,,,,,,,C:\c++\test2\results\article_code_comparison\raw_results.csv,article_runner_filename_mismatch_R1_expected_1.0
50,1.0,0.4,7,D:\test2\results\article_code_comparison\data\50\SDT_50_1_0.4_8.txt,D:\test2\results\article_code_comparison,generated_by_project_generator,D:\test2\x64\Release\bm_solver.exe,SOLVED,2286,0.1186,54.24,,,50,8800,1810432,ERROR,,53.47,,,1945600,1.014401,,0.930526,NOT_COMPARABLE_ERROR,,,[run] n=50 seed=7 input=D:\test2\results\article_code_comparison\data\50\SDT_50_1_0.4_8.txt decomp=adaptive memo_backend=custom use_ub=0 use_lb=0 terminal_rules=1 position_filtering_enabled=1 enable_lawler_basic_rules=1 enable_simple_lb=0 enable_lb_memo=0 enable_edd_ub=0 ub_depth_limit=-1 lb_depth_limit=-1 terminal_all_tardy_spt=1 terminal_edd_at_most_one_tardy=1 enable_memo=1 enable_exact_memo=1 memo_full_key_verification=1 memo_memory_limit_mb=12288 cost=2286 time_ms=0.1186 nodes=55 max_depth=49 memo_hits=2 memo_misses=109 memo_exact_hits=2 memo_lb_hits=0 rule4=1 valid_pos=328 valid_pos_pruned_3a=0 valid_pos_pruned_3b=0 memo_rejected=0 memo_forced_evict=0 lufo_passes=0 terminal_spt=0 terminal_edd=23 memo_peak=55 memo_final=55 memo_evictions=0 memo_clean_time_ms=0 reconstruction_time_ms=0.0252 reconstruction_repairs=0 reconstruction_trace_hits=18 reconstruction_trace_fallbacks=0 memo_used_mb=0.00839233 memo_bytes_per_entry=160,50,7,D:\test2\results\article_code_comparison\data\50\SDT_50_1_0.4_8.txt,adaptive,custom,0,0,1,1,1,0,0,0,-1,-1,1,1,1,1,1,12288,2286,,,0.1186,55,49,2,109,2,0,1,328,0,0,0,0,0,0,23,55,55,0,0,0.0252,0,18,0,0.00839233,160,,,,,,,,,,,,,,,,,,,,,,C:\c++\test2\results\article_code_comparison\raw_results.csv,article_runner_filename_mismatch_R1_expected_1.0
50,1.0,0.4,8,D:\test2\results\article_code_comparison\data\50\SDT_50_1_0.4_9.txt,D:\test2\results\article_code_comparison,generated_by_project_generator,D:\test2\x64\Release\bm_solver.exe,SOLVED,77,0.0459,53.656,,,50,1760,1650688,ERROR,,53.245,,,1839104,1.007719,,0.89755,NOT_COMPARABLE_ERROR,,,[run] n=50 seed=8 input=D:\test2\results\article_code_comparison\data\50\SDT_50_1_0.4_9.txt decomp=adaptive memo_backend=custom use_ub=0 use_lb=0 terminal_rules=1 position_filtering_enabled=1 enable_lawler_basic_rules=1 enable_simple_lb=0 enable_lb_memo=0 enable_edd_ub=0 ub_depth_limit=-1 lb_depth_limit=-1 terminal_all_tardy_spt=1 terminal_edd_at_most_one_tardy=1 enable_memo=1 enable_exact_memo=1 memo_full_key_verification=1 memo_memory_limit_mb=12288 cost=77 time_ms=0.0459 nodes=11 max_depth=49 memo_hits=0 memo_misses=21 memo_exact_hits=0 memo_lb_hits=0 rule4=1 valid_pos=103 valid_pos_pruned_3a=0 valid_pos_pruned_3b=0 memo_rejected=0 memo_forced_evict=0 lufo_passes=0 terminal_spt=0 terminal_edd=5 memo_peak=11 memo_final=11 memo_evictions=0 memo_clean_time_ms=0 reconstruction_time_ms=0.0067 reconstruction_repairs=0 reconstruction_trace_hits=6 reconstruction_trace_fallbacks=0 memo_used_mb=0.00167847 memo_bytes_per_entry=160,50,8,D:\test2\results\article_code_comparison\data\50\SDT_50_1_0.4_9.txt,adaptive,custom,0,0,1,1,1,0,0,0,-1,-1,1,1,1,1,1,12288,77,,,0.0459,11,49,0,21,0,0,1,103,0,0,0,0,0,0,5,11,11,0,0,0.0067,0,6,0,0.00167847,160,,,,,,,,,,,,,,,,,,,,,,C:\c++\test2\results\article_code_comparison\raw_results.csv,article_runner_filename_mismatch_R1_expected_1.0
50,1.0,0.4,9,D:\test2\results\article_code_comparison\data\50\SDT_50_1_0.4_10.txt,D:\test2\results\article_code_comparison,generated_by_project_generator,D:\test2\x64\Release\bm_solver.exe,SOLVED,1427,0.1791,53.555,,,50,8960,1699840,ERROR,,53.167,,,1769472,1.007298,,0.960648,NOT_COMPARABLE_ERROR,,,[run] n=50 seed=9 input=D:\test2\results\article_code_comparison\data\50\SDT_50_1_0.4_10.txt decomp=adaptive memo_backend=custom use_ub=0 use_lb=0 terminal_rules=1 position_filtering_enabled=1 enable_lawler_basic_rules=1 enable_simple_lb=0 enable_lb_memo=0 enable_edd_ub=0 ub_depth_limit=-1 lb_depth_limit=-1 terminal_all_tardy_spt=1 terminal_edd_at_most_one_tardy=1 enable_memo=1 enable_exact_memo=1 memo_full_key_verification=1 memo_memory_limit_mb=12288 cost=1427 time_ms=0.1791 nodes=56 max_depth=49 memo_hits=6 memo_misses=111 memo_exact_hits=6 memo_lb_hits=0 rule4=1 valid_pos=623 valid_pos_pruned_3a=0 valid_pos_pruned_3b=0 memo_rejected=0 memo_forced_evict=0 lufo_passes=0 terminal_spt=1 terminal_edd=19 memo_peak=56 memo_final=56 memo_evictions=0 memo_clean_time_ms=0 reconstruction_time_ms=0.0353 reconstruction_repairs=0 reconstruction_trace_hits=27 reconstruction_trace_fallbacks=0 memo_used_mb=0.00854492 memo_bytes_per_entry=160,50,9,D:\test2\results\article_code_comparison\data\50\SDT_50_1_0.4_10.txt,adaptive,custom,0,0,1,1,1,0,0,0,-1,-1,1,1,1,1,1,12288,1427,,,0.1791,56,49,6,111,6,0,1,623,0,0,0,0,0,1,19,56,56,0,0,0.0353,0,27,0,0.00854492,160,,,,,,,,,,,,,,,,,,,,,,C:\c++\test2\results\article_code_comparison\raw_results.csv,article_runner_filename_mismatch_R1_expected_1.0
50,1.0,0.6,0,D:\test2\results\article_code_comparison\data\50\SDT_50_1_0.6_1.txt,D:\test2\results\article_code_comparison,generated_by_project_generator,D:\test2\x64\Release\bm_solver.exe,SOLVED,8937,0.266,53.653,,,50,19840,1765376,ERROR,,53.785,,,1781760,0.997546,,0.990805,NOT_COMPARABLE_ERROR,,,[run] n=50 seed=0 input=D:\test2\results\article_code_comparison\data\50\SDT_50_1_0.6_1.txt decomp=adaptive memo_backend=custom use_ub=0 use_lb=0 terminal_rules=1 position_filtering_enabled=1 enable_lawler_basic_rules=1 enable_simple_lb=0 enable_lb_memo=0 enable_edd_ub=0 ub_depth_limit=-1 lb_depth_limit=-1 terminal_all_tardy_spt=1 terminal_edd_at_most_one_tardy=1 enable_memo=1 enable_exact_memo=1 memo_full_key_verification=1 memo_memory_limit_mb=12288 cost=8937 time_ms=0.266 nodes=124 max_depth=49 memo_hits=31 memo_misses=247 memo_exact_hits=31 memo_lb_hits=0 rule4=1 valid_pos=995 valid_pos_pruned_3a=0 valid_pos_pruned_3b=0 memo_rejected=0 memo_forced_evict=0 lufo_passes=0 terminal_spt=2 terminal_edd=35 memo_peak=124 memo_final=124 memo_evictions=0 memo_clean_time_ms=0 reconstruction_time_ms=0.037 reconstruction_repairs=0 reconstruction_trace_hits=34 reconstruction_trace_fallbacks=0 memo_used_mb=0.0189209 memo_bytes_per_entry=160,50,0,D:\test2\results\article_code_comparison\data\50\SDT_50_1_0.6_1.txt,adaptive,custom,0,0,1,1,1,0,0,0,-1,-1,1,1,1,1,1,12288,8937,,,0.266,124,49,31,247,31,0,1,995,0,0,0,0,0,2,35,124,124,0,0,0.037,0,34,0,0.0189209,160,,,,,,,,,,,,,,,,,,,,,,C:\c++\test2\results\article_code_comparison\raw_results.csv,article_runner_filename_mismatch_R1_expected_1.0
50,1.0,0.6,1,D:\test2\results\article_code_comparison\data\50\SDT_50_1_0.6_2.txt,D:\test2\results\article_code_comparison,generated_by_project_generator,D:\test2\x64\Release\bm_solver.exe,SOLVED,4416,0.2759,54.201,,,50,17440,1757184,ERROR,,54.272,,,1875968,0.998692,,0.936681,NOT_COMPARABLE_ERROR,,,[run] n=50 seed=1 input=D:\test2\results\article_code_comparison\data\50\SDT_50_1_0.6_2.txt decomp=adaptive memo_backend=custom use_ub=0 use_lb=0 terminal_rules=1 position_filtering_enabled=1 enable_lawler_basic_rules=1 enable_simple_lb=0 enable_lb_memo=0 enable_edd_ub=0 ub_depth_limit=-1 lb_depth_limit=-1 terminal_all_tardy_spt=1 terminal_edd_at_most_one_tardy=1 enable_memo=1 enable_exact_memo=1 memo_full_key_verification=1 memo_memory_limit_mb=12288 cost=4416 time_ms=0.2759 nodes=109 max_depth=49 memo_hits=16 memo_misses=217 memo_exact_hits=16 memo_lb_hits=0 rule4=1 valid_pos=1000 valid_pos_pruned_3a=0 valid_pos_pruned_3b=0 memo_rejected=0 memo_forced_evict=0 lufo_passes=0 terminal_spt=0 terminal_edd=28 memo_peak=109 memo_final=109 memo_evictions=0 memo_clean_time_ms=0 reconstruction_time_ms=0.0326 reconstruction_repairs=0 reconstruction_trace_hits=29 reconstruction_trace_fallbacks=0 memo_used_mb=0.0166321 memo_bytes_per_entry=160,50,1,D:\test2\results\article_code_comparison\data\50\SDT_50_1_0.6_2.txt,adaptive,custom,0,0,1,1,1,0,0,0,-1,-1,1,1,1,1,1,12288,4416,,,0.2759,109,49,16,217,16,0,1,1000,0,0,0,0,0,0,28,109,109,0,0,0.0326,0,29,0,0.0166321,160,,,,,,,,,,,,,,,,,,,,,,C:\c++\test2\results\article_code_comparison\raw_results.csv,article_runner_filename_mismatch_R1_expected_1.0
50,1.0,0.6,2,D:\test2\results\article_code_comparison\data\50\SDT_50_1_0.6_3.txt,D:\test2\results\article_code_comparison,generated_by_project_generator,D:\test2\x64\Release\bm_solver.exe,SOLVED,7596,0.1231,53.985,,,50,7680,1769472,ERROR,,54.115,,,1875968,0.997598,,0.943231,NOT_COMPARABLE_ERROR,,,[run] n=50 seed=2 input=D:\test2\results\article_code_comparison\data\50\SDT_50_1_0.6_3.txt decomp=adaptive memo_backend=custom use_ub=0 use_lb=0 terminal_rules=1 position_filtering_enabled=1 enable_lawler_basic_rules=1 enable_simple_lb=0 enable_lb_memo=0 enable_edd_ub=0 ub_depth_limit=-1 lb_depth_limit=-1 terminal_all_tardy_spt=1 terminal_edd_at_most_one_tardy=1 enable_memo=1 enable_exact_memo=1 memo_full_key_verification=1 memo_memory_limit_mb=12288 cost=7596 time_ms=0.1231 nodes=48 max_depth=49 memo_hits=6 memo_misses=95 memo_exact_hits=6 memo_lb_hits=0 rule4=1 valid_pos=277 valid_pos_pruned_3a=0 valid_pos_pruned_3b=0 memo_rejected=0 memo_forced_evict=0 lufo_passes=0 terminal_spt=1 terminal_edd=14 memo_peak=48 memo_final=48 memo_evictions=0 memo_clean_time_ms=0 reconstruction_time_ms=0.03 reconstruction_repairs=0 reconstruction_trace_hits=29 reconstruction_trace_fallbacks=0 memo_used_mb=0.00732422 memo_bytes_per_entry=160,50,2,D:\test2\results\article_code_comparison\data\50\SDT_50_1_0.6_3.txt,adaptive,custom,0,0,1,1,1,0,0,0,-1,-1,1,1,1,1,1,12288,7596,,,0.1231,48,49,6,95,6,0,1,277,0,0,0,0,0,1,14,48,48,0,0,0.03,0,29,0,0.00732422,160,,,,,,,,,,,,,,,,,,,,,,C:\c++\test2\results\article_code_comparison\raw_results.csv,article_runner_filename_mismatch_R1_expected_1.0
50,1.0,0.6,3,D:\test2\results\article_code_comparison\data\50\SDT_50_1_0.6_4.txt,D:\test2\results\article_code_comparison,generated_by_project_generator,D:\test2\x64\Release\bm_solver.exe,SOLVED,6315,0.5031,53.92,,,50,47840,1712128,ERROR,,53.423,,,1798144,1.009303,,0.952164,NOT_COMPARABLE_ERROR,,,[run] n=50 seed=3 input=D:\test2\results\article_code_comparison\data\50\SDT_50_1_0.6_4.txt decomp=adaptive memo_backend=custom use_ub=0 use_lb=0 terminal_rules=1 position_filtering_enabled=1 enable_lawler_basic_rules=1 enable_simple_lb=0 enable_lb_memo=0 enable_edd_ub=0 ub_depth_limit=-1 lb_depth_limit=-1 terminal_all_tardy_spt=1 terminal_edd_at_most_one_tardy=1 enable_memo=1 enable_exact_memo=1 memo_full_key_verification=1 memo_memory_limit_mb=12288 cost=6315 time_ms=0.5031 nodes=299 max_depth=49 memo_hits=32 memo_misses=597 memo_exact_hits=32 memo_lb_hits=0 rule4=1 valid_pos=2190 valid_pos_pruned_3a=0 valid_pos_pruned_3b=0 memo_rejected=0 memo_forced_evict=0 lufo_passes=0 terminal_spt=6 terminal_edd=72 memo_peak=299 memo_final=299 memo_evictions=0 memo_clean_time_ms=0 reconstruction_time_ms=0.0376 reconstruction_repairs=0 reconstruction_trace_hits=35 reconstruction_trace_fallbacks=0 memo_used_mb=0.0456238 memo_bytes_per_entry=160,50,3,D:\test2\results\article_code_comparison\data\50\SDT_50_1_0.6_4.txt,adaptive,custom,0,0,1,1,1,0,0,0,-1,-1,1,1,1,1,1,12288,6315,,,0.5031,299,49,32,597,32,0,1,2190,0,0,0,0,0,6,72,299,299,0,0,0.0376,0,35,0,0.0456238,160,,,,,,,,,,,,,,,,,,,,,,C:\c++\test2\results\article_code_comparison\raw_results.csv,article_runner_filename_mismatch_R1_expected_1.0
50,1.0,0.6,4,D:\test2\results\article_code_comparison\data\50\SDT_50_1_0.6_5.txt,D:\test2\results\article_code_comparison,generated_by_project_generator,D:\test2\x64\Release\bm_solver.exe,SOLVED,5638,0.1161,53.31,,,50,7520,1728512,ERROR,,53.102,,,1794048,1.003917,,0.96347,NOT_COMPARABLE_ERROR,,,[run] n=50 seed=4 input=D:\test2\results\article_code_comparison\data\50\SDT_50_1_0.6_5.txt decomp=adaptive memo_backend=custom use_ub=0 use_lb=0 terminal_rules=1 position_filtering_enabled=1 enable_lawler_basic_rules=1 enable_simple_lb=0 enable_lb_memo=0 enable_edd_ub=0 ub_depth_limit=-1 lb_depth_limit=-1 terminal_all_tardy_spt=1 terminal_edd_at_most_one_tardy=1 enable_memo=1 enable_exact_memo=1 memo_full_key_verification=1 memo_memory_limit_mb=12288 cost=5638 time_ms=0.1161 nodes=47 max_depth=49 memo_hits=4 memo_misses=93 memo_exact_hits=4 memo_lb_hits=0 rule4=1 valid_pos=207 valid_pos_pruned_3a=0 valid_pos_pruned_3b=0 memo_rejected=0 memo_forced_evict=0 lufo_passes=0 terminal_spt=0 terminal_edd=18 memo_peak=47 memo_final=47 memo_evictions=0 memo_clean_time_ms=0 reconstruction_time_ms=0.0308 reconstruction_repairs=0 reconstruction_trace_hits=24 reconstruction_trace_fallbacks=0 memo_used_mb=0.00717163 memo_bytes_per_entry=160,50,4,D:\test2\results\article_code_comparison\data\50\SDT_50_1_0.6_5.txt,adaptive,custom,0,0,1,1,1,0,0,0,-1,-1,1,1,1,1,1,12288,5638,,,0.1161,47,49,4,93,4,0,1,207,0,0,0,0,0,0,18,47,47,0,0,0.0308,0,24,0,0.00717163,160,,,,,,,,,,,,,,,,,,,,,,C:\c++\test2\results\article_code_comparison\raw_results.csv,article_runner_filename_mismatch_R1_expected_1.0
50,1.0,0.6,5,D:\test2\results\article_code_comparison\data\50\SDT_50_1_0.6_6.txt,D:\test2\results\article_code_comparison,generated_by_project_generator,D:\test2\x64\Release\bm_solver.exe,SOLVED,7758,0.1409,53.533,,,50,8800,1777664,ERROR,,53.257,,,1806336,1.005182,,0.984127,NOT_COMPARABLE_ERROR,,,[run] n=50 seed=5 input=D:\test2\results\article_code_comparison\data\50\SDT_50_1_0.6_6.txt decomp=adaptive memo_backend=custom use_ub=0 use_lb=0 terminal_rules=1 position_filtering_enabled=1 enable_lawler_basic_rules=1 enable_simple_lb=0 enable_lb_memo=0 enable_edd_ub=0 ub_depth_limit=-1 lb_depth_limit=-1 terminal_all_tardy_spt=1 terminal_edd_at_most_one_tardy=1 enable_memo=1 enable_exact_memo=1 memo_full_key_verification=1 memo_memory_limit_mb=12288 cost=7758 time_ms=0.1409 nodes=55 max_depth=49 memo_hits=4 memo_misses=109 memo_exact_hits=4 memo_lb_hits=0 rule4=1 valid_pos=466 valid_pos_pruned_3a=0 valid_pos_pruned_3b=0 memo_rejected=0 memo_forced_evict=0 lufo_passes=0 terminal_spt=0 terminal_edd=21 memo_peak=55 memo_final=55 memo_evictions=0 memo_clean_time_ms=0 reconstruction_time_ms=0.0325 reconstruction_repairs=0 reconstruction_trace_hits=23 reconstruction_trace_fallbacks=0 memo_used_mb=0.00839233 memo_bytes_per_entry=160,50,5,D:\test2\results\article_code_comparison\data\50\SDT_50_1_0.6_6.txt,adaptive,custom,0,0,1,1,1,0,0,0,-1,-1,1,1,1,1,1,12288,7758,,,0.1409,55,49,4,109,4,0,1,466,0,0,0,0,0,0,21,55,55,0,0,0.0325,0,23,0,0.00839233,160,,,,,,,,,,,,,,,,,,,,,,C:\c++\test2\results\article_code_comparison\raw_results.csv,article_runner_filename_mismatch_R1_expected_1.0
50,1.0,0.6,6,D:\test2\results\article_code_comparison\data\50\SDT_50_1_0.6_7.txt,D:\test2\results\article_code_comparison,generated_by_project_generator,D:\test2\x64\Release\bm_solver.exe,SOLVED,9591,0.1276,53.68,,,50,9760,1703936,ERROR,,53.722,,,1810432,0.999218,,0.941176,NOT_COMPARABLE_ERROR,,,[run] n=50 seed=6 input=D:\test2\results\article_code_comparison\data\50\SDT_50_1_0.6_7.txt decomp=adaptive memo_backend=custom use_ub=0 use_lb=0 terminal_rules=1 position_filtering_enabled=1 enable_lawler_basic_rules=1 enable_simple_lb=0 enable_lb_memo=0 enable_edd_ub=0 ub_depth_limit=-1 lb_depth_limit=-1 terminal_all_tardy_spt=1 terminal_edd_at_most_one_tardy=1 enable_memo=1 enable_exact_memo=1 memo_full_key_verification=1 memo_memory_limit_mb=12288 cost=9591 time_ms=0.1276 nodes=61 max_depth=49 memo_hits=5 memo_misses=121 memo_exact_hits=5 memo_lb_hits=0 rule4=1 valid_pos=294 valid_pos_pruned_3a=0 valid_pos_pruned_3b=0 memo_rejected=0 memo_forced_evict=0 lufo_passes=0 terminal_spt=1 terminal_edd=21 memo_peak=61 memo_final=61 memo_evictions=0 memo_clean_time_ms=0 reconstruction_time_ms=0.0278 reconstruction_repairs=0 reconstruction_trace_hits=29 reconstruction_trace_fallbacks=0 memo_used_mb=0.00930786 memo_bytes_per_entry=160,50,6,D:\test2\results\article_code_comparison\data\50\SDT_50_1_0.6_7.txt,adaptive,custom,0,0,1,1,1,0,0,0,-1,-1,1,1,1,1,1,12288,9591,,,0.1276,61,49,5,121,5,0,1,294,0,0,0,0,0,1,21,61,61,0,0,0.0278,0,29,0,0.00930786,160,,,,,,,,,,,,,,,,,,,,,,C:\c++\test2\results\article_code_comparison\raw_results.csv,article_runner_filename_mismatch_R1_expected_1.0
50,1.0,0.6,7,D:\test2\results\article_code_comparison\data\50\SDT_50_1_0.6_8.txt,D:\test2\results\article_code_comparison,generated_by_project_generator,D:\test2\x64\Release\bm_solver.exe,SOLVED,14739,0.139,53.501,,,50,8160,1875968,ERROR,,53.483,,,1900544,1.000337,,0.987069,NOT_COMPARABLE_ERROR,,,[run] n=50 seed=7 input=D:\test2\results\article_code_comparison\data\50\SDT_50_1_0.6_8.txt decomp=adaptive memo_backend=custom use_ub=0 use_lb=0 terminal_rules=1 position_filtering_enabled=1 enable_lawler_basic_rules=1 enable_simple_lb=0 enable_lb_memo=0 enable_edd_ub=0 ub_depth_limit=-1 lb_depth_limit=-1 terminal_all_tardy_spt=1 terminal_edd_at_most_one_tardy=1 enable_memo=1 enable_exact_memo=1 memo_full_key_verification=1 memo_memory_limit_mb=12288 cost=14739 time_ms=0.139 nodes=51 max_depth=49 memo_hits=2 memo_misses=101 memo_exact_hits=2 memo_lb_hits=0 rule4=1 valid_pos=462 valid_pos_pruned_3a=0 valid_pos_pruned_3b=0 memo_rejected=0 memo_forced_evict=0 lufo_passes=0 terminal_spt=1 terminal_edd=16 memo_peak=51 memo_final=51 memo_evictions=0 memo_clean_time_ms=0 reconstruction_time_ms=0.03 reconstruction_repairs=0 reconstruction_trace_hits=27 reconstruction_trace_fallbacks=0 memo_used_mb=0.00778198 memo_bytes_per_entry=160,50,7,D:\test2\results\article_code_comparison\data\50\SDT_50_1_0.6_8.txt,adaptive,custom,0,0,1,1,1,0,0,0,-1,-1,1,1,1,1,1,12288,14739,,,0.139,51,49,2,101,2,0,1,462,0,0,0,0,0,1,16,51,51,0,0,0.03,0,27,0,0.00778198,160,,,,,,,,,,,,,,,,,,,,,,C:\c++\test2\results\article_code_comparison\raw_results.csv,article_runner_filename_mismatch_R1_expected_1.0
50,1.0,0.6,8,D:\test2\results\article_code_comparison\data\50\SDT_50_1_0.6_9.txt,D:\test2\results\article_code_comparison,generated_by_project_generator,D:\test2\x64\Release\bm_solver.exe,SOLVED,7890,0.4951,54.17,,,50,41440,1785856,ERROR,,53.482,,,1871872,1.012864,,0.954048,NOT_COMPARABLE_ERROR,,,[run] n=50 seed=8 input=D:\test2\results\article_code_comparison\data\50\SDT_50_1_0.6_9.txt decomp=adaptive memo_backend=custom use_ub=0 use_lb=0 terminal_rules=1 position_filtering_enabled=1 enable_lawler_basic_rules=1 enable_simple_lb=0 enable_lb_memo=0 enable_edd_ub=0 ub_depth_limit=-1 lb_depth_limit=-1 terminal_all_tardy_spt=1 terminal_edd_at_most_one_tardy=1 enable_memo=1 enable_exact_memo=1 memo_full_key_verification=1 memo_memory_limit_mb=12288 cost=7890 time_ms=0.4951 nodes=259 max_depth=49 memo_hits=31 memo_misses=517 memo_exact_hits=31 memo_lb_hits=0 rule4=1 valid_pos=2233 valid_pos_pruned_3a=0 valid_pos_pruned_3b=0 memo_rejected=0 memo_forced_evict=0 lufo_passes=0 terminal_spt=0 terminal_edd=64 memo_peak=259 memo_final=259 memo_evictions=0 memo_clean_time_ms=0 reconstruction_time_ms=0.0397 reconstruction_repairs=0 reconstruction_trace_hits=37 reconstruction_trace_fallbacks=0 memo_used_mb=0.0395203 memo_bytes_per_entry=160,50,8,D:\test2\results\article_code_comparison\data\50\SDT_50_1_0.6_9.txt,adaptive,custom,0,0,1,1,1,0,0,0,-1,-1,1,1,1,1,1,12288,7890,,,0.4951,259,49,31,517,31,0,1,2233,0,0,0,0,0,0,64,259,259,0,0,0.0397,0,37,0,0.0395203,160,,,,,,,,,,,,,,,,,,,,,,C:\c++\test2\results\article_code_comparison\raw_results.csv,article_runner_filename_mismatch_R1_expected_1.0
50,1.0,0.6,9,D:\test2\results\article_code_comparison\data\50\SDT_50_1_0.6_10.txt,D:\test2\results\article_code_comparison,generated_by_project_generator,D:\test2\x64\Release\bm_solver.exe,SOLVED,12201,0.1282,53.799,,,50,6880,1728512,ERROR,,53.134,,,1712128,1.012516,,1.009569,NOT_COMPARABLE_ERROR,,,[run] n=50 seed=9 input=D:\test2\results\article_code_comparison\data\50\SDT_50_1_0.6_10.txt decomp=adaptive memo_backend=custom use_ub=0 use_lb=0 terminal_rules=1 position_filtering_enabled=1 enable_lawler_basic_rules=1 enable_simple_lb=0 enable_lb_memo=0 enable_edd_ub=0 ub_depth_limit=-1 lb_depth_limit=-1 terminal_all_tardy_spt=1 terminal_edd_at_most_one_tardy=1 enable_memo=1 enable_exact_memo=1 memo_full_key_verification=1 memo_memory_limit_mb=12288 cost=12201 time_ms=0.1282 nodes=43 max_depth=49 memo_hits=3 memo_misses=85 memo_exact_hits=3 memo_lb_hits=0 rule4=1 valid_pos=300 valid_pos_pruned_3a=0 valid_pos_pruned_3b=0 memo_rejected=0 memo_forced_evict=0 lufo_passes=0 terminal_spt=1 terminal_edd=14 memo_peak=43 memo_final=43 memo_evictions=0 memo_clean_time_ms=0 reconstruction_time_ms=0.0288 reconstruction_repairs=0 reconstruction_trace_hits=26 reconstruction_trace_fallbacks=0 memo_used_mb=0.00656128 memo_bytes_per_entry=160,50,9,D:\test2\results\article_code_comparison\data\50\SDT_50_1_0.6_10.txt,adaptive,custom,0,0,1,1,1,0,0,0,-1,-1,1,1,1,1,1,12288,12201,,,0.1282,43,49,3,85,3,0,1,300,0,0,0,0,0,1,14,43,43,0,0,0.0288,0,26,0,0.00656128,160,,,,,,,,,,,,,,,,,,,,,,C:\c++\test2\results\article_code_comparison\raw_results.csv,article_runner_filename_mismatch_R1_expected_1.0
50,1.0,0.8,0,D:\test2\results\article_code_comparison\data\50\SDT_50_1_0.8_1.txt,D:\test2\results\article_code_comparison,generated_by_project_generator,D:\test2\x64\Release\bm_solver.exe,SOLVED,19709,0.1763,54.119,,,50,11040,1794048,ERROR,,53.666,,,1794048,1.008441,,1.0,NOT_COMPARABLE_ERROR,,,[run] n=50 seed=0 input=D:\test2\results\article_code_comparison\data\50\SDT_50_1_0.8_1.txt decomp=adaptive memo_backend=custom use_ub=0 use_lb=0 terminal_rules=1 position_filtering_enabled=1 enable_lawler_basic_rules=1 enable_simple_lb=0 enable_lb_memo=0 enable_edd_ub=0 ub_depth_limit=-1 lb_depth_limit=-1 terminal_all_tardy_spt=1 terminal_edd_at_most_one_tardy=1 enable_memo=1 enable_exact_memo=1 memo_full_key_verification=1 memo_memory_limit_mb=12288 cost=19709 time_ms=0.1763 nodes=69 max_depth=49 memo_hits=18 memo_misses=137 memo_exact_hits=18 memo_lb_hits=0 rule4=1 valid_pos=740 valid_pos_pruned_3a=0 valid_pos_pruned_3b=0 memo_rejected=0 memo_forced_evict=0 lufo_passes=0 terminal_spt=0 terminal_edd=21 memo_peak=69 memo_final=69 memo_evictions=0 memo_clean_time_ms=0 reconstruction_time_ms=0.0322 reconstruction_repairs=0 reconstruction_trace_hits=30 reconstruction_trace_fallbacks=0 memo_used_mb=0.0105286 memo_bytes_per_entry=160,50,0,D:\test2\results\article_code_comparison\data\50\SDT_50_1_0.8_1.txt,adaptive,custom,0,0,1,1,1,0,0,0,-1,-1,1,1,1,1,1,12288,19709,,,0.1763,69,49,18,137,18,0,1,740,0,0,0,0,0,0,21,69,69,0,0,0.0322,0,30,0,0.0105286,160,,,,,,,,,,,,,,,,,,,,,,C:\c++\test2\results\article_code_comparison\raw_results.csv,article_runner_filename_mismatch_R1_expected_1.0
50,1.0,0.8,1,D:\test2\results\article_code_comparison\data\50\SDT_50_1_0.8_2.txt,D:\test2\results\article_code_comparison,generated_by_project_generator,D:\test2\x64\Release\bm_solver.exe,SOLVED,14061,0.1125,53.378,,,50,5600,1806336,ERROR,,53.473,,,1781760,0.998223,,1.013793,NOT_COMPARABLE_ERROR,,,[run] n=50 seed=1 input=D:\test2\results\article_code_comparison\data\50\SDT_50_1_0.8_2.txt decomp=adaptive memo_backend=custom use_ub=0 use_lb=0 terminal_rules=1 position_filtering_enabled=1 enable_lawler_basic_rules=1 enable_simple_lb=0 enable_lb_memo=0 enable_edd_ub=0 ub_depth_limit=-1 lb_depth_limit=-1 terminal_all_tardy_spt=1 terminal_edd_at_most_one_tardy=1 enable_memo=1 enable_exact_memo=1 memo_full_key_verification=1 memo_memory_limit_mb=12288 cost=14061 time_ms=0.1125 nodes=35 max_depth=49 memo_hits=0 memo_misses=69 memo_exact_hits=0 memo_lb_hits=0 rule4=1 valid_pos=253 valid_pos_pruned_3a=0 valid_pos_pruned_3b=0 memo_rejected=0 memo_forced_evict=0 lufo_passes=0 terminal_spt=1 terminal_edd=9 memo_peak=35 memo_final=35 memo_evictions=0 memo_clean_time_ms=0 reconstruction_time_ms=0.027 reconstruction_repairs=0 reconstruction_trace_hits=25 reconstruction_trace_fallbacks=0 memo_used_mb=0.00534058 memo_bytes_per_entry=160,50,1,D:\test2\results\article_code_comparison\data\50\SDT_50_1_0.8_2.txt,adaptive,custom,0,0,1,1,1,0,0,0,-1,-1,1,1,1,1,1,12288,14061,,,0.1125,35,49,0,69,0,0,1,253,0,0,0,0,0,1,9,35,35,0,0,0.027,0,25,0,0.00534058,160,,,,,,,,,,,,,,,,,,,,,,C:\c++\test2\results\article_code_comparison\raw_results.csv,article_runner_filename_mismatch_R1_expected_1.0
50,1.0,0.8,2,D:\test2\results\article_code_comparison\data\50\SDT_50_1_0.8_3.txt,D:\test2\results\article_code_comparison,generated_by_project_generator,D:\test2\x64\Release\bm_solver.exe,SOLVED,20878,0.1352,53.7,,,50,6560,1683456,ERROR,,53.453,,,1900544,1.004621,,0.885776,NOT_COMPARABLE_ERROR,,,[run] n=50 seed=2 input=D:\test2\results\article_code_comparison\data\50\SDT_50_1_0.8_3.txt decomp=adaptive memo_backend=custom use_ub=0 use_lb=0 terminal_rules=1 position_filtering_enabled=1 enable_lawler_basic_rules=1 enable_simple_lb=0 enable_lb_memo=0 enable_edd_ub=0 ub_depth_limit=-1 lb_depth_limit=-1 terminal_all_tardy_spt=1 terminal_edd_at_most_one_tardy=1 enable_memo=1 enable_exact_memo=1 memo_full_key_verification=1 memo_memory_limit_mb=12288 cost=20878 time_ms=0.1352 nodes=41 max_depth=49 memo_hits=0 memo_misses=81 memo_exact_hits=0 memo_lb_hits=0 rule4=1 valid_pos=302 valid_pos_pruned_3a=0 valid_pos_pruned_3b=0 memo_rejected=0 memo_forced_evict=0 lufo_passes=0 terminal_spt=2 terminal_edd=10 memo_peak=41 memo_final=41 memo_evictions=0 memo_clean_time_ms=0 reconstruction_time_ms=0.0367 reconstruction_repairs=0 reconstruction_trace_hits=29 reconstruction_trace_fallbacks=0 memo_used_mb=0.0062561 memo_bytes_per_entry=160,50,2,D:\test2\results\article_code_comparison\data\50\SDT_50_1_0.8_3.txt,adaptive,custom,0,0,1,1,1,0,0,0,-1,-1,1,1,1,1,1,12288,20878,,,0.1352,41,49,0,81,0,0,1,302,0,0,0,0,0,2,10,41,41,0,0,0.0367,0,29,0,0.0062561,160,,,,,,,,,,,,,,,,,,,,,,C:\c++\test2\results\article_code_comparison\raw_results.csv,article_runner_filename_mismatch_R1_expected_1.0
50,1.0,0.8,3,D:\test2\results\article_code_comparison\data\50\SDT_50_1_0.8_4.txt,D:\test2\results\article_code_comparison,generated_by_project_generator,D:\test2\x64\Release\bm_solver.exe,SOLVED,19445,0.2272,53.477,,,50,16000,1630208,ERROR,,53.7,,,1810432,0.995847,,0.900452,NOT_COMPARABLE_ERROR,,,[run] n=50 seed=3 input=D:\test2\results\article_code_comparison\data\50\SDT_50_1_0.8_4.txt decomp=adaptive memo_backend=custom use_ub=0 use_lb=0 terminal_rules=1 position_filtering_enabled=1 enable_lawler_basic_rules=1 enable_simple_lb=0 enable_lb_memo=0 enable_edd_ub=0 ub_depth_limit=-1 lb_depth_limit=-1 terminal_all_tardy_spt=1 terminal_edd_at_most_one_tardy=1 enable_memo=1 enable_exact_memo=1 memo_full_key_verification=1 memo_memory_limit_mb=12288 cost=19445 time_ms=0.2272 nodes=100 max_depth=49 memo_hits=16 memo_misses=199 memo_exact_hits=16 memo_lb_hits=0 rule4=1 valid_pos=687 valid_pos_pruned_3a=0 valid_pos_pruned_3b=0 memo_rejected=0 memo_forced_evict=0 lufo_passes=0 terminal_spt=0 terminal_edd=30 memo_peak=100 memo_final=100 memo_evictions=0 memo_clean_time_ms=0 reconstruction_time_ms=0.0367 reconstruction_repairs=0 reconstruction_trace_hits=34 reconstruction_trace_fallbacks=0 memo_used_mb=0.0152588 memo_bytes_per_entry=160,50,3,D:\test2\results\article_code_comparison\data\50\SDT_50_1_0.8_4.txt,adaptive,custom,0,0,1,1,1,0,0,0,-1,-1,1,1,1,1,1,12288,19445,,,0.2272,100,49,16,199,16,0,1,687,0,0,0,0,0,0,30,100,100,0,0,0.0367,0,34,0,0.0152588,160,,,,,,,,,,,,,,,,,,,,,,C:\c++\test2\results\article_code_comparison\raw_results.csv,article_runner_filename_mismatch_R1_expected_1.0
50,1.0,0.8,4,D:\test2\results\article_code_comparison\data\50\SDT_50_1_0.8_5.txt,D:\test2\results\article_code_comparison,generated_by_project_generator,D:\test2\x64\Release\bm_solver.exe,SOLVED,19461,0.1856,54.725,,,50,6880,1875968,ERROR,,53.522,,,1765376,1.022477,,1.062645,NOT_COMPARABLE_ERROR,,,[run] n=50 seed=4 input=D:\test2\results\article_code_comparison\data\50\SDT_50_1_0.8_5.txt decomp=adaptive memo_backend=custom use_ub=0 use_lb=0 terminal_rules=1 position_filtering_enabled=1 enable_lawler_basic_rules=1 enable_simple_lb=0 enable_lb_memo=0 enable_edd_ub=0 ub_depth_limit=-1 lb_depth_limit=-1 terminal_all_tardy_spt=1 terminal_edd_at_most_one_tardy=1 enable_memo=1 enable_exact_memo=1 memo_full_key_verification=1 memo_memory_limit_mb=12288 cost=19461 time_ms=0.1856 nodes=43 max_depth=49 memo_hits=2 memo_misses=85 memo_exact_hits=2 memo_lb_hits=0 rule4=1 valid_pos=512 valid_pos_pruned_3a=0 valid_pos_pruned_3b=0 memo_rejected=0 memo_forced_evict=0 lufo_passes=0 terminal_spt=1 terminal_edd=13 memo_peak=43 memo_final=43 memo_evictions=0 memo_clean_time_ms=0 reconstruction_time_ms=0.0296 reconstruction_repairs=0 reconstruction_trace_hits=26 reconstruction_trace_fallbacks=0 memo_used_mb=0.00656128 memo_bytes_per_entry=160,50,4,D:\test2\results\article_code_comparison\data\50\SDT_50_1_0.8_5.txt,adaptive,custom,0,0,1,1,1,0,0,0,-1,-1,1,1,1,1,1,12288,19461,,,0.1856,43,49,2,85,2,0,1,512,0,0,0,0,0,1,13,43,43,0,0,0.0296,0,26,0,0.00656128,160,,,,,,,,,,,,,,,,,,,,,,C:\c++\test2\results\article_code_comparison\raw_results.csv,article_runner_filename_mismatch_R1_expected_1.0
50,1.0,0.8,5,D:\test2\results\article_code_comparison\data\50\SDT_50_1_0.8_6.txt,D:\test2\results\article_code_comparison,generated_by_project_generator,D:\test2\x64\Release\bm_solver.exe,SOLVED,18771,0.1518,53.361,,,50,7360,1806336,ERROR,,53.339,,,1871872,1.000412,,0.964989,NOT_COMPARABLE_ERROR,,,[run] n=50 seed=5 input=D:\test2\results\article_code_comparison\data\50\SDT_50_1_0.8_6.txt decomp=adaptive memo_backend=custom use_ub=0 use_lb=0 terminal_rules=1 position_filtering_enabled=1 enable_lawler_basic_rules=1 enable_simple_lb=0 enable_lb_memo=0 enable_edd_ub=0 ub_depth_limit=-1 lb_depth_limit=-1 terminal_all_tardy_spt=1 terminal_edd_at_most_one_tardy=1 enable_memo=1 enable_exact_memo=1 memo_full_key_verification=1 memo_memory_limit_mb=12288 cost=18771 time_ms=0.1518 nodes=46 max_depth=49 memo_hits=0 memo_misses=91 memo_exact_hits=0 memo_lb_hits=0 rule4=1 valid_pos=320 valid_pos_pruned_3a=0 valid_pos_pruned_3b=0 memo_rejected=0 memo_forced_evict=0 lufo_passes=0 terminal_spt=1 terminal_edd=13 memo_peak=46 memo_final=46 memo_evictions=0 memo_clean_time_ms=0 reconstruction_time_ms=0.0377 reconstruction_repairs=0 reconstruction_trace_hits=32 reconstruction_trace_fallbacks=0 memo_used_mb=0.00701904 memo_bytes_per_entry=160,50,5,D:\test2\results\article_code_comparison\data\50\SDT_50_1_0.8_6.txt,adaptive,custom,0,0,1,1,1,0,0,0,-1,-1,1,1,1,1,1,12288,18771,,,0.1518,46,49,0,91,0,0,1,320,0,0,0,0,0,1,13,46,46,0,0,0.0377,0,32,0,0.00701904,160,,,,,,,,,,,,,,,,,,,,,,C:\c++\test2\results\article_code_comparison\raw_results.csv,article_runner_filename_mismatch_R1_expected_1.0
50,1.0,0.8,6,D:\test2\results\article_code_comparison\data\50\SDT_50_1_0.8_7.txt,D:\test2\results\article_code_comparison,generated_by_project_generator,D:\test2\x64\Release\bm_solver.exe,SOLVED,23766,0.1739,54.014,,,50,8960,1720320,ERROR,,53.204,,,1810432,1.015224,,0.950226,NOT_COMPARABLE_ERROR,,,[run] n=50 seed=6 input=D:\test2\results\article_code_comparison\data\50\SDT_50_1_0.8_7.txt decomp=adaptive memo_backend=custom use_ub=0 use_lb=0 terminal_rules=1 position_filtering_enabled=1 enable_lawler_basic_rules=1 enable_simple_lb=0 enable_lb_memo=0 enable_edd_ub=0 ub_depth_limit=-1 lb_depth_limit=-1 terminal_all_tardy_spt=1 terminal_edd_at_most_one_tardy=1 enable_memo=1 enable_exact_memo=1 memo_full_key_verification=1 memo_memory_limit_mb=12288 cost=23766 time_ms=0.1739 nodes=56 max_depth=49 memo_hits=5 memo_misses=111 memo_exact_hits=5 memo_lb_hits=0 rule4=1 valid_pos=415 valid_pos_pruned_3a=0 valid_pos_pruned_3b=0 memo_rejected=0 memo_forced_evict=0 lufo_passes=0 terminal_spt=1 terminal_edd=16 memo_peak=56 memo_final=56 memo_evictions=0 memo_clean_time_ms=0 reconstruction_time_ms=0.038 reconstruction_repairs=0 reconstruction_trace_hits=34 reconstruction_trace_fallbacks=0 memo_used_mb=0.00854492 memo_bytes_per_entry=160,50,6,D:\test2\results\article_code_comparison\data\50\SDT_50_1_0.8_7.txt,adaptive,custom,0,0,1,1,1,0,0,0,-1,-1,1,1,1,1,1,12288,23766,,,0.1739,56,49,5,111,5,0,1,415,0,0,0,0,0,1,16,56,56,0,0,0.038,0,34,0,0.00854492,160,,,,,,,,,,,,,,,,,,,,,,C:\c++\test2\results\article_code_comparison\raw_results.csv,article_runner_filename_mismatch_R1_expected_1.0
50,1.0,0.8,7,D:\test2\results\article_code_comparison\data\50\SDT_50_1_0.8_8.txt,D:\test2\results\article_code_comparison,generated_by_project_generator,D:\test2\x64\Release\bm_solver.exe,SOLVED,24920,0.1238,53.394,,,50,5600,1802240,ERROR,,53.415,,,1908736,0.999607,,0.944206,NOT_COMPARABLE_ERROR,,,[run] n=50 seed=7 input=D:\test2\results\article_code_comparison\data\50\SDT_50_1_0.8_8.txt decomp=adaptive memo_backend=custom use_ub=0 use_lb=0 terminal_rules=1 position_filtering_enabled=1 enable_lawler_basic_rules=1 enable_simple_lb=0 enable_lb_memo=0 enable_edd_ub=0 ub_depth_limit=-1 lb_depth_limit=-1 terminal_all_tardy_spt=1 terminal_edd_at_most_one_tardy=1 enable_memo=1 enable_exact_memo=1 memo_full_key_verification=1 memo_memory_limit_mb=12288 cost=24920 time_ms=0.1238 nodes=35 max_depth=49 memo_hits=0 memo_misses=69 memo_exact_hits=0 memo_lb_hits=0 rule4=1 valid_pos=298 valid_pos_pruned_3a=0 valid_pos_pruned_3b=0 memo_rejected=0 memo_forced_evict=0 lufo_passes=0 terminal_spt=2 terminal_edd=9 memo_peak=35 memo_final=35 memo_evictions=0 memo_clean_time_ms=0 reconstruction_time_ms=0.0283 reconstruction_repairs=0 reconstruction_trace_hits=24 reconstruction_trace_fallbacks=0 memo_used_mb=0.00534058 memo_bytes_per_entry=160,50,7,D:\test2\results\article_code_comparison\data\50\SDT_50_1_0.8_8.txt,adaptive,custom,0,0,1,1,1,0,0,0,-1,-1,1,1,1,1,1,12288,24920,,,0.1238,35,49,0,69,0,0,1,298,0,0,0,0,0,2,9,35,35,0,0,0.0283,0,24,0,0.00534058,160,,,,,,,,,,,,,,,,,,,,,,C:\c++\test2\results\article_code_comparison\raw_results.csv,article_runner_filename_mismatch_R1_expected_1.0
50,1.0,0.8,8,D:\test2\results\article_code_comparison\data\50\SDT_50_1_0.8_9.txt,D:\test2\results\article_code_comparison,generated_by_project_generator,D:\test2\x64\Release\bm_solver.exe,SOLVED,19658,0.1755,53.784,,,50,8800,1708032,ERROR,,53.235,,,1794048,1.010313,,0.952055,NOT_COMPARABLE_ERROR,,,[run] n=50 seed=8 input=D:\test2\results\article_code_comparison\data\50\SDT_50_1_0.8_9.txt decomp=adaptive memo_backend=custom use_ub=0 use_lb=0 terminal_rules=1 position_filtering_enabled=1 enable_lawler_basic_rules=1 enable_simple_lb=0 enable_lb_memo=0 enable_edd_ub=0 ub_depth_limit=-1 lb_depth_limit=-1 terminal_all_tardy_spt=1 terminal_edd_at_most_one_tardy=1 enable_memo=1 enable_exact_memo=1 memo_full_key_verification=1 memo_memory_limit_mb=12288 cost=19658 time_ms=0.1755 nodes=55 max_depth=49 memo_hits=8 memo_misses=109 memo_exact_hits=8 memo_lb_hits=0 rule4=1 valid_pos=559 valid_pos_pruned_3a=0 valid_pos_pruned_3b=0 memo_rejected=0 memo_forced_evict=0 lufo_passes=0 terminal_spt=0 terminal_edd=15 memo_peak=55 memo_final=55 memo_evictions=0 memo_clean_time_ms=0 reconstruction_time_ms=0.0331 reconstruction_repairs=0 reconstruction_trace_hits=30 reconstruction_trace_fallbacks=0 memo_used_mb=0.00839233 memo_bytes_per_entry=160,50,8,D:\test2\results\article_code_comparison\data\50\SDT_50_1_0.8_9.txt,adaptive,custom,0,0,1,1,1,0,0,0,-1,-1,1,1,1,1,1,12288,19658,,,0.1755,55,49,8,109,8,0,1,559,0,0,0,0,0,0,15,55,55,0,0,0.0331,0,30,0,0.00839233,160,,,,,,,,,,,,,,,,,,,,,,C:\c++\test2\results\article_code_comparison\raw_results.csv,article_runner_filename_mismatch_R1_expected_1.0
50,1.0,0.8,9,D:\test2\results\article_code_comparison\data\50\SDT_50_1_0.8_10.txt,D:\test2\results\article_code_comparison,generated_by_project_generator,D:\test2\x64\Release\bm_solver.exe,SOLVED,21911,0.1198,53.378,,,50,5760,1630208,ERROR,,53.414,,,1781760,0.999326,,0.914943,NOT_COMPARABLE_ERROR,,,[run] n=50 seed=9 input=D:\test2\results\article_code_comparison\data\50\SDT_50_1_0.8_10.txt decomp=adaptive memo_backend=custom use_ub=0 use_lb=0 terminal_rules=1 position_filtering_enabled=1 enable_lawler_basic_rules=1 enable_simple_lb=0 enable_lb_memo=0 enable_edd_ub=0 ub_depth_limit=-1 lb_depth_limit=-1 terminal_all_tardy_spt=1 terminal_edd_at_most_one_tardy=1 enable_memo=1 enable_exact_memo=1 memo_full_key_verification=1 memo_memory_limit_mb=12288 cost=21911 time_ms=0.1198 nodes=36 max_depth=49 memo_hits=0 memo_misses=71 memo_exact_hits=0 memo_lb_hits=0 rule4=1 valid_pos=322 valid_pos_pruned_3a=0 valid_pos_pruned_3b=0 memo_rejected=0 memo_forced_evict=0 lufo_passes=0 terminal_spt=1 terminal_edd=10 memo_peak=36 memo_final=36 memo_evictions=0 memo_clean_time_ms=0 reconstruction_time_ms=0.0337 reconstruction_repairs=0 reconstruction_trace_hits=25 reconstruction_trace_fallbacks=0 memo_used_mb=0.00549316 memo_bytes_per_entry=160,50,9,D:\test2\results\article_code_comparison\data\50\SDT_50_1_0.8_10.txt,adaptive,custom,0,0,1,1,1,0,0,0,-1,-1,1,1,1,1,1,12288,21911,,,0.1198,36,49,0,71,0,0,1,322,0,0,0,0,0,1,10,36,36,0,0,0.0337,0,25,0,0.00549316,160,,,,,,,,,,,,,,,,,,,,,,C:\c++\test2\results\article_code_comparison\raw_results.csv,article_runner_filename_mismatch_R1_expected_1.0
100,1.0,0.2,0,D:\test2\results\article_code_comparison\data\100\SDT_100_1_0.2_1.txt,D:\test2\results\article_code_comparison,generated_by_project_generator,D:\test2\x64\Release\bm_solver.exe,SOLVED,0,0.0148,55.362,,,100,88,2383872,ERROR,,53.241,,,1814528,1.039838,,1.31377,NOT_COMPARABLE_ERROR,,,[run] n=100 seed=0 input=D:\test2\results\article_code_comparison\data\100\SDT_100_1_0.2_1.txt decomp=adaptive memo_backend=custom use_ub=0 use_lb=0 terminal_rules=1 position_filtering_enabled=1 enable_lawler_basic_rules=1 enable_simple_lb=0 enable_lb_memo=0 enable_edd_ub=0 ub_depth_limit=-1 lb_depth_limit=-1 terminal_all_tardy_spt=1 terminal_edd_at_most_one_tardy=1 enable_memo=1 enable_exact_memo=1 memo_full_key_verification=1 memo_memory_limit_mb=12288 cost=0 time_ms=0.0148 nodes=1 max_depth=0 memo_hits=0 memo_misses=1 memo_exact_hits=0 memo_lb_hits=0 rule4=1 valid_pos=0 valid_pos_pruned_3a=0 valid_pos_pruned_3b=0 memo_rejected=0 memo_forced_evict=0 lufo_passes=0 terminal_spt=0 terminal_edd=1 memo_peak=1 memo_final=1 memo_evictions=0 memo_clean_time_ms=0 reconstruction_time_ms=0.0055 reconstruction_repairs=0 reconstruction_trace_hits=0 reconstruction_trace_fallbacks=0 memo_used_mb=8.39233e-05 memo_bytes_per_entry=88,100,0,D:\test2\results\article_code_comparison\data\100\SDT_100_1_0.2_1.txt,adaptive,custom,0,0,1,1,1,0,0,0,-1,-1,1,1,1,1,1,12288,0,,,0.0148,1,0,0,1,0,0,1,0,0,0,0,0,0,0,1,1,1,0,0,0.0055,0,0,0,8.39233e-05,88,,,,,,,,,,,,,,,,,,,,,,C:\c++\test2\results\article_code_comparison\raw_results.csv,article_runner_filename_mismatch_R1_expected_1.0
100,1.0,0.2,1,D:\test2\results\article_code_comparison\data\100\SDT_100_1_0.2_2.txt,D:\test2\results\article_code_comparison,generated_by_project_generator,D:\test2\x64\Release\bm_solver.exe,SOLVED,0,0.0161,53.279,,,100,88,1650688,ERROR,,53.796,,,1945600,0.99039,,0.848421,NOT_COMPARABLE_ERROR,,,[run] n=100 seed=1 input=D:\test2\results\article_code_comparison\data\100\SDT_100_1_0.2_2.txt decomp=adaptive memo_backend=custom use_ub=0 use_lb=0 terminal_rules=1 position_filtering_enabled=1 enable_lawler_basic_rules=1 enable_simple_lb=0 enable_lb_memo=0 enable_edd_ub=0 ub_depth_limit=-1 lb_depth_limit=-1 terminal_all_tardy_spt=1 terminal_edd_at_most_one_tardy=1 enable_memo=1 enable_exact_memo=1 memo_full_key_verification=1 memo_memory_limit_mb=12288 cost=0 time_ms=0.0161 nodes=1 max_depth=0 memo_hits=0 memo_misses=1 memo_exact_hits=0 memo_lb_hits=0 rule4=1 valid_pos=0 valid_pos_pruned_3a=0 valid_pos_pruned_3b=0 memo_rejected=0 memo_forced_evict=0 lufo_passes=0 terminal_spt=0 terminal_edd=1 memo_peak=1 memo_final=1 memo_evictions=0 memo_clean_time_ms=0 reconstruction_time_ms=0.0055 reconstruction_repairs=0 reconstruction_trace_hits=0 reconstruction_trace_fallbacks=0 memo_used_mb=8.39233e-05 memo_bytes_per_entry=88,100,1,D:\test2\results\article_code_comparison\data\100\SDT_100_1_0.2_2.txt,adaptive,custom,0,0,1,1,1,0,0,0,-1,-1,1,1,1,1,1,12288,0,,,0.0161,1,0,0,1,0,0,1,0,0,0,0,0,0,0,1,1,1,0,0,0.0055,0,0,0,8.39233e-05,88,,,,,,,,,,,,,,,,,,,,,,C:\c++\test2\results\article_code_comparison\raw_results.csv,article_runner_filename_mismatch_R1_expected_1.0
100,1.0,0.2,2,D:\test2\results\article_code_comparison\data\100\SDT_100_1_0.2_3.txt,D:\test2\results\article_code_comparison,generated_by_project_generator,D:\test2\x64\Release\bm_solver.exe,SOLVED,0,0.0148,53.417,,,100,88,1662976,ERROR,,53.691,,,1814528,0.994897,,0.916479,NOT_COMPARABLE_ERROR,,,[run] n=100 seed=2 input=D:\test2\results\article_code_comparison\data\100\SDT_100_1_0.2_3.txt decomp=adaptive memo_backend=custom use_ub=0 use_lb=0 terminal_rules=1 position_filtering_enabled=1 enable_lawler_basic_rules=1 enable_simple_lb=0 enable_lb_memo=0 enable_edd_ub=0 ub_depth_limit=-1 lb_depth_limit=-1 terminal_all_tardy_spt=1 terminal_edd_at_most_one_tardy=1 enable_memo=1 enable_exact_memo=1 memo_full_key_verification=1 memo_memory_limit_mb=12288 cost=0 time_ms=0.0148 nodes=1 max_depth=0 memo_hits=0 memo_misses=1 memo_exact_hits=0 memo_lb_hits=0 rule4=1 valid_pos=0 valid_pos_pruned_3a=0 valid_pos_pruned_3b=0 memo_rejected=0 memo_forced_evict=0 lufo_passes=0 terminal_spt=0 terminal_edd=1 memo_peak=1 memo_final=1 memo_evictions=0 memo_clean_time_ms=0 reconstruction_time_ms=0.0056 reconstruction_repairs=0 reconstruction_trace_hits=0 reconstruction_trace_fallbacks=0 memo_used_mb=8.39233e-05 memo_bytes_per_entry=88,100,2,D:\test2\results\article_code_comparison\data\100\SDT_100_1_0.2_3.txt,adaptive,custom,0,0,1,1,1,0,0,0,-1,-1,1,1,1,1,1,12288,0,,,0.0148,1,0,0,1,0,0,1,0,0,0,0,0,0,0,1,1,1,0,0,0.0056,0,0,0,8.39233e-05,88,,,,,,,,,,,,,,,,,,,,,,C:\c++\test2\results\article_code_comparison\raw_results.csv,article_runner_filename_mismatch_R1_expected_1.0
100,1.0,0.2,3,D:\test2\results\article_code_comparison\data\100\SDT_100_1_0.2_4.txt,D:\test2\results\article_code_comparison,generated_by_project_generator,D:\test2\x64\Release\bm_solver.exe,SOLVED,0,0.0155,53.905,,,100,88,1810432,ERROR,,53.162,,,1773568,1.013976,,1.020785,NOT_COMPARABLE_ERROR,,,[run] n=100 seed=3 input=D:\test2\results\article_code_comparison\data\100\SDT_100_1_0.2_4.txt decomp=adaptive memo_backend=custom use_ub=0 use_lb=0 terminal_rules=1 position_filtering_enabled=1 enable_lawler_basic_rules=1 enable_simple_lb=0 enable_lb_memo=0 enable_edd_ub=0 ub_depth_limit=-1 lb_depth_limit=-1 terminal_all_tardy_spt=1 terminal_edd_at_most_one_tardy=1 enable_memo=1 enable_exact_memo=1 memo_full_key_verification=1 memo_memory_limit_mb=12288 cost=0 time_ms=0.0155 nodes=1 max_depth=0 memo_hits=0 memo_misses=1 memo_exact_hits=0 memo_lb_hits=0 rule4=1 valid_pos=0 valid_pos_pruned_3a=0 valid_pos_pruned_3b=0 memo_rejected=0 memo_forced_evict=0 lufo_passes=0 terminal_spt=0 terminal_edd=1 memo_peak=1 memo_final=1 memo_evictions=0 memo_clean_time_ms=0 reconstruction_time_ms=0.0058 reconstruction_repairs=0 reconstruction_trace_hits=0 reconstruction_trace_fallbacks=0 memo_used_mb=8.39233e-05 memo_bytes_per_entry=88,100,3,D:\test2\results\article_code_comparison\data\100\SDT_100_1_0.2_4.txt,adaptive,custom,0,0,1,1,1,0,0,0,-1,-1,1,1,1,1,1,12288,0,,,0.0155,1,0,0,1,0,0,1,0,0,0,0,0,0,0,1,1,1,0,0,0.0058,0,0,0,8.39233e-05,88,,,,,,,,,,,,,,,,,,,,,,C:\c++\test2\results\article_code_comparison\raw_results.csv,article_runner_filename_mismatch_R1_expected_1.0
100,1.0,0.2,4,D:\test2\results\article_code_comparison\data\100\SDT_100_1_0.2_5.txt,D:\test2\results\article_code_comparison,generated_by_project_generator,D:\test2\x64\Release\bm_solver.exe,SOLVED,0,0.0158,53.499,,,100,88,1728512,ERROR,,53.41,,,1814528,1.001666,,0.952596,NOT_COMPARABLE_ERROR,,,[run] n=100 seed=4 input=D:\test2\results\article_code_comparison\data\100\SDT_100_1_0.2_5.txt decomp=adaptive memo_backend=custom use_ub=0 use_lb=0 terminal_rules=1 position_filtering_enabled=1 enable_lawler_basic_rules=1 enable_simple_lb=0 enable_lb_memo=0 enable_edd_ub=0 ub_depth_limit=-1 lb_depth_limit=-1 terminal_all_tardy_spt=1 terminal_edd_at_most_one_tardy=1 enable_memo=1 enable_exact_memo=1 memo_full_key_verification=1 memo_memory_limit_mb=12288 cost=0 time_ms=0.0158 nodes=1 max_depth=0 memo_hits=0 memo_misses=1 memo_exact_hits=0 memo_lb_hits=0 rule4=1 valid_pos=0 valid_pos_pruned_3a=0 valid_pos_pruned_3b=0 memo_rejected=0 memo_forced_evict=0 lufo_passes=0 terminal_spt=0 terminal_edd=1 memo_peak=1 memo_final=1 memo_evictions=0 memo_clean_time_ms=0 reconstruction_time_ms=0.0054 reconstruction_repairs=0 reconstruction_trace_hits=0 reconstruction_trace_fallbacks=0 memo_used_mb=8.39233e-05 memo_bytes_per_entry=88,100,4,D:\test2\results\article_code_comparison\data\100\SDT_100_1_0.2_5.txt,adaptive,custom,0,0,1,1,1,0,0,0,-1,-1,1,1,1,1,1,12288,0,,,0.0158,1,0,0,1,0,0,1,0,0,0,0,0,0,0,1,1,1,0,0,0.0054,0,0,0,8.39233e-05,88,,,,,,,,,,,,,,,,,,,,,,C:\c++\test2\results\article_code_comparison\raw_results.csv,article_runner_filename_mismatch_R1_expected_1.0
100,1.0,0.2,5,D:\test2\results\article_code_comparison\data\100\SDT_100_1_0.2_6.txt,D:\test2\results\article_code_comparison,generated_by_project_generator,D:\test2\x64\Release\bm_solver.exe,SOLVED,0,0.0154,53.78,,,100,88,1794048,ERROR,,53.255,,,1843200,1.009858,,0.973333,NOT_COMPARABLE_ERROR,,,[run] n=100 seed=5 input=D:\test2\results\article_code_comparison\data\100\SDT_100_1_0.2_6.txt decomp=adaptive memo_backend=custom use_ub=0 use_lb=0 terminal_rules=1 position_filtering_enabled=1 enable_lawler_basic_rules=1 enable_simple_lb=0 enable_lb_memo=0 enable_edd_ub=0 ub_depth_limit=-1 lb_depth_limit=-1 terminal_all_tardy_spt=1 terminal_edd_at_most_one_tardy=1 enable_memo=1 enable_exact_memo=1 memo_full_key_verification=1 memo_memory_limit_mb=12288 cost=0 time_ms=0.0154 nodes=1 max_depth=0 memo_hits=0 memo_misses=1 memo_exact_hits=0 memo_lb_hits=0 rule4=1 valid_pos=0 valid_pos_pruned_3a=0 valid_pos_pruned_3b=0 memo_rejected=0 memo_forced_evict=0 lufo_passes=0 terminal_spt=0 terminal_edd=1 memo_peak=1 memo_final=1 memo_evictions=0 memo_clean_time_ms=0 reconstruction_time_ms=0.0059 reconstruction_repairs=0 reconstruction_trace_hits=0 reconstruction_trace_fallbacks=0 memo_used_mb=8.39233e-05 memo_bytes_per_entry=88,100,5,D:\test2\results\article_code_comparison\data\100\SDT_100_1_0.2_6.txt,adaptive,custom,0,0,1,1,1,0,0,0,-1,-1,1,1,1,1,1,12288,0,,,0.0154,1,0,0,1,0,0,1,0,0,0,0,0,0,0,1,1,1,0,0,0.0059,0,0,0,8.39233e-05,88,,,,,,,,,,,,,,,,,,,,,,C:\c++\test2\results\article_code_comparison\raw_results.csv,article_runner_filename_mismatch_R1_expected_1.0
100,1.0,0.2,6,D:\test2\results\article_code_comparison\data\100\SDT_100_1_0.2_7.txt,D:\test2\results\article_code_comparison,generated_by_project_generator,D:\test2\x64\Release\bm_solver.exe,SOLVED,0,0.0153,53.397,,,100,88,1785856,ERROR,,53.425,,,1875968,0.999476,,0.951965,NOT_COMPARABLE_ERROR,,,[run] n=100 seed=6 input=D:\test2\results\article_code_comparison\data\100\SDT_100_1_0.2_7.txt decomp=adaptive memo_backend=custom use_ub=0 use_lb=0 terminal_rules=1 position_filtering_enabled=1 enable_lawler_basic_rules=1 enable_simple_lb=0 enable_lb_memo=0 enable_edd_ub=0 ub_depth_limit=-1 lb_depth_limit=-1 terminal_all_tardy_spt=1 terminal_edd_at_most_one_tardy=1 enable_memo=1 enable_exact_memo=1 memo_full_key_verification=1 memo_memory_limit_mb=12288 cost=0 time_ms=0.0153 nodes=1 max_depth=0 memo_hits=0 memo_misses=1 memo_exact_hits=0 memo_lb_hits=0 rule4=1 valid_pos=0 valid_pos_pruned_3a=0 valid_pos_pruned_3b=0 memo_rejected=0 memo_forced_evict=0 lufo_passes=0 terminal_spt=0 terminal_edd=1 memo_peak=1 memo_final=1 memo_evictions=0 memo_clean_time_ms=0 reconstruction_time_ms=0.006 reconstruction_repairs=0 reconstruction_trace_hits=0 reconstruction_trace_fallbacks=0 memo_used_mb=8.39233e-05 memo_bytes_per_entry=88,100,6,D:\test2\results\article_code_comparison\data\100\SDT_100_1_0.2_7.txt,adaptive,custom,0,0,1,1,1,0,0,0,-1,-1,1,1,1,1,1,12288,0,,,0.0153,1,0,0,1,0,0,1,0,0,0,0,0,0,0,1,1,1,0,0,0.006,0,0,0,8.39233e-05,88,,,,,,,,,,,,,,,,,,,,,,C:\c++\test2\results\article_code_comparison\raw_results.csv,article_runner_filename_mismatch_R1_expected_1.0
100,1.0,0.2,7,D:\test2\results\article_code_comparison\data\100\SDT_100_1_0.2_8.txt,D:\test2\results\article_code_comparison,generated_by_project_generator,D:\test2\x64\Release\bm_solver.exe,SOLVED,0,0.0146,53.46,,,100,88,1769472,ERROR,,53.698,,,1851392,0.995568,,0.955752,NOT_COMPARABLE_ERROR,,,[run] n=100 seed=7 input=D:\test2\results\article_code_comparison\data\100\SDT_100_1_0.2_8.txt decomp=adaptive memo_backend=custom use_ub=0 use_lb=0 terminal_rules=1 position_filtering_enabled=1 enable_lawler_basic_rules=1 enable_simple_lb=0 enable_lb_memo=0 enable_edd_ub=0 ub_depth_limit=-1 lb_depth_limit=-1 terminal_all_tardy_spt=1 terminal_edd_at_most_one_tardy=1 enable_memo=1 enable_exact_memo=1 memo_full_key_verification=1 memo_memory_limit_mb=12288 cost=0 time_ms=0.0146 nodes=1 max_depth=0 memo_hits=0 memo_misses=1 memo_exact_hits=0 memo_lb_hits=0 rule4=1 valid_pos=0 valid_pos_pruned_3a=0 valid_pos_pruned_3b=0 memo_rejected=0 memo_forced_evict=0 lufo_passes=0 terminal_spt=0 terminal_edd=1 memo_peak=1 memo_final=1 memo_evictions=0 memo_clean_time_ms=0 reconstruction_time_ms=0.0056 reconstruction_repairs=0 reconstruction_trace_hits=0 reconstruction_trace_fallbacks=0 memo_used_mb=8.39233e-05 memo_bytes_per_entry=88,100,7,D:\test2\results\article_code_comparison\data\100\SDT_100_1_0.2_8.txt,adaptive,custom,0,0,1,1,1,0,0,0,-1,-1,1,1,1,1,1,12288,0,,,0.0146,1,0,0,1,0,0,1,0,0,0,0,0,0,0,1,1,1,0,0,0.0056,0,0,0,8.39233e-05,88,,,,,,,,,,,,,,,,,,,,,,C:\c++\test2\results\article_code_comparison\raw_results.csv,article_runner_filename_mismatch_R1_expected_1.0
100,1.0,0.2,8,D:\test2\results\article_code_comparison\data\100\SDT_100_1_0.2_9.txt,D:\test2\results\article_code_comparison,generated_by_project_generator,D:\test2\x64\Release\bm_solver.exe,SOLVED,0,0.0155,53.362,,,100,88,1679360,ERROR,,53.453,,,1814528,0.998298,,0.925508,NOT_COMPARABLE_ERROR,,,[run] n=100 seed=8 input=D:\test2\results\article_code_comparison\data\100\SDT_100_1_0.2_9.txt decomp=adaptive memo_backend=custom use_ub=0 use_lb=0 terminal_rules=1 position_filtering_enabled=1 enable_lawler_basic_rules=1 enable_simple_lb=0 enable_lb_memo=0 enable_edd_ub=0 ub_depth_limit=-1 lb_depth_limit=-1 terminal_all_tardy_spt=1 terminal_edd_at_most_one_tardy=1 enable_memo=1 enable_exact_memo=1 memo_full_key_verification=1 memo_memory_limit_mb=12288 cost=0 time_ms=0.0155 nodes=1 max_depth=0 memo_hits=0 memo_misses=1 memo_exact_hits=0 memo_lb_hits=0 rule4=1 valid_pos=0 valid_pos_pruned_3a=0 valid_pos_pruned_3b=0 memo_rejected=0 memo_forced_evict=0 lufo_passes=0 terminal_spt=0 terminal_edd=1 memo_peak=1 memo_final=1 memo_evictions=0 memo_clean_time_ms=0 reconstruction_time_ms=0.0084 reconstruction_repairs=0 reconstruction_trace_hits=0 reconstruction_trace_fallbacks=0 memo_used_mb=8.39233e-05 memo_bytes_per_entry=88,100,8,D:\test2\results\article_code_comparison\data\100\SDT_100_1_0.2_9.txt,adaptive,custom,0,0,1,1,1,0,0,0,-1,-1,1,1,1,1,1,12288,0,,,0.0155,1,0,0,1,0,0,1,0,0,0,0,0,0,0,1,1,1,0,0,0.0084,0,0,0,8.39233e-05,88,,,,,,,,,,,,,,,,,,,,,,C:\c++\test2\results\article_code_comparison\raw_results.csv,article_runner_filename_mismatch_R1_expected_1.0
100,1.0,0.2,9,D:\test2\results\article_code_comparison\data\100\SDT_100_1_0.2_10.txt,D:\test2\results\article_code_comparison,generated_by_project_generator,D:\test2\x64\Release\bm_solver.exe,SOLVED,0,0.0152,54.787,,,100,88,2224128,ERROR,,53.215,,,1814528,1.029541,,1.225734,NOT_COMPARABLE_ERROR,,,[run] n=100 seed=9 input=D:\test2\results\article_code_comparison\data\100\SDT_100_1_0.2_10.txt decomp=adaptive memo_backend=custom use_ub=0 use_lb=0 terminal_rules=1 position_filtering_enabled=1 enable_lawler_basic_rules=1 enable_simple_lb=0 enable_lb_memo=0 enable_edd_ub=0 ub_depth_limit=-1 lb_depth_limit=-1 terminal_all_tardy_spt=1 terminal_edd_at_most_one_tardy=1 enable_memo=1 enable_exact_memo=1 memo_full_key_verification=1 memo_memory_limit_mb=12288 cost=0 time_ms=0.0152 nodes=1 max_depth=0 memo_hits=0 memo_misses=1 memo_exact_hits=0 memo_lb_hits=0 rule4=1 valid_pos=0 valid_pos_pruned_3a=0 valid_pos_pruned_3b=0 memo_rejected=0 memo_forced_evict=0 lufo_passes=0 terminal_spt=0 terminal_edd=1 memo_peak=1 memo_final=1 memo_evictions=0 memo_clean_time_ms=0 reconstruction_time_ms=0.0059 reconstruction_repairs=0 reconstruction_trace_hits=0 reconstruction_trace_fallbacks=0 memo_used_mb=8.39233e-05 memo_bytes_per_entry=88,100,9,D:\test2\results\article_code_comparison\data\100\SDT_100_1_0.2_10.txt,adaptive,custom,0,0,1,1,1,0,0,0,-1,-1,1,1,1,1,1,12288,0,,,0.0152,1,0,0,1,0,0,1,0,0,0,0,0,0,0,1,1,1,0,0,0.0059,0,0,0,8.39233e-05,88,,,,,,,,,,,,,,,,,,,,,,C:\c++\test2\results\article_code_comparison\raw_results.csv,article_runner_filename_mismatch_R1_expected_1.0
100,1.0,0.4,0,D:\test2\results\article_code_comparison\data\100\SDT_100_1_0.4_1.txt,D:\test2\results\article_code_comparison,generated_by_project_generator,D:\test2\x64\Release\bm_solver.exe,SOLVED,0,0.0155,54.042,,,100,88,1740800,ERROR,,53.492,,,1867776,1.010282,,0.932018,NOT_COMPARABLE_ERROR,,,[run] n=100 seed=0 input=D:\test2\results\article_code_comparison\data\100\SDT_100_1_0.4_1.txt decomp=adaptive memo_backend=custom use_ub=0 use_lb=0 terminal_rules=1 position_filtering_enabled=1 enable_lawler_basic_rules=1 enable_simple_lb=0 enable_lb_memo=0 enable_edd_ub=0 ub_depth_limit=-1 lb_depth_limit=-1 terminal_all_tardy_spt=1 terminal_edd_at_most_one_tardy=1 enable_memo=1 enable_exact_memo=1 memo_full_key_verification=1 memo_memory_limit_mb=12288 cost=0 time_ms=0.0155 nodes=1 max_depth=0 memo_hits=0 memo_misses=1 memo_exact_hits=0 memo_lb_hits=0 rule4=1 valid_pos=0 valid_pos_pruned_3a=0 valid_pos_pruned_3b=0 memo_rejected=0 memo_forced_evict=0 lufo_passes=0 terminal_spt=0 terminal_edd=1 memo_peak=1 memo_final=1 memo_evictions=0 memo_clean_time_ms=0 reconstruction_time_ms=0.0056 reconstruction_repairs=0 reconstruction_trace_hits=0 reconstruction_trace_fallbacks=0 memo_used_mb=8.39233e-05 memo_bytes_per_entry=88,100,0,D:\test2\results\article_code_comparison\data\100\SDT_100_1_0.4_1.txt,adaptive,custom,0,0,1,1,1,0,0,0,-1,-1,1,1,1,1,1,12288,0,,,0.0155,1,0,0,1,0,0,1,0,0,0,0,0,0,0,1,1,1,0,0,0.0056,0,0,0,8.39233e-05,88,,,,,,,,,,,,,,,,,,,,,,C:\c++\test2\results\article_code_comparison\raw_results.csv,article_runner_filename_mismatch_R1_expected_1.0
100,1.0,0.4,1,D:\test2\results\article_code_comparison\data\100\SDT_100_1_0.4_2.txt,D:\test2\results\article_code_comparison,generated_by_project_generator,D:\test2\x64\Release\bm_solver.exe,SOLVED,1274,0.1252,54.275,,,100,7224,1810432,ERROR,,54.635,,,1814528,0.993411,,0.997743,NOT_COMPARABLE_ERROR,,,[run] n=100 seed=1 input=D:\test2\results\article_code_comparison\data\100\SDT_100_1_0.4_2.txt decomp=adaptive memo_backend=custom use_ub=0 use_lb=0 terminal_rules=1 position_filtering_enabled=1 enable_lawler_basic_rules=1 enable_simple_lb=0 enable_lb_memo=0 enable_edd_ub=0 ub_depth_limit=-1 lb_depth_limit=-1 terminal_all_tardy_spt=1 terminal_edd_at_most_one_tardy=1 enable_memo=1 enable_exact_memo=1 memo_full_key_verification=1 memo_memory_limit_mb=12288 cost=1274 time_ms=0.1252 nodes=43 max_depth=99 memo_hits=4 memo_misses=85 memo_exact_hits=4 memo_lb_hits=0 rule4=1 valid_pos=294 valid_pos_pruned_3a=0 valid_pos_pruned_3b=0 memo_rejected=0 memo_forced_evict=0 lufo_passes=0 terminal_spt=0 terminal_edd=16 memo_peak=43 memo_final=43 memo_evictions=0 memo_clean_time_ms=0 reconstruction_time_ms=0.0293 reconstruction_repairs=0 reconstruction_trace_hits=17 reconstruction_trace_fallbacks=0 memo_used_mb=0.00688934 memo_bytes_per_entry=168,100,1,D:\test2\results\article_code_comparison\data\100\SDT_100_1_0.4_2.txt,adaptive,custom,0,0,1,1,1,0,0,0,-1,-1,1,1,1,1,1,12288,1274,,,0.1252,43,99,4,85,4,0,1,294,0,0,0,0,0,0,16,43,43,0,0,0.0293,0,17,0,0.00688934,168,,,,,,,,,,,,,,,,,,,,,,C:\c++\test2\results\article_code_comparison\raw_results.csv,article_runner_filename_mismatch_R1_expected_1.0
100,1.0,0.4,2,D:\test2\results\article_code_comparison\data\100\SDT_100_1_0.4_3.txt,D:\test2\results\article_code_comparison,generated_by_project_generator,D:\test2\x64\Release\bm_solver.exe,SOLVED,0,0.0162,54.344,,,100,88,1773568,ERROR,,53.147,,,1617920,1.022522,,1.096203,NOT_COMPARABLE_ERROR,,,[run] n=100 seed=2 input=D:\test2\results\article_code_comparison\data\100\SDT_100_1_0.4_3.txt decomp=adaptive memo_backend=custom use_ub=0 use_lb=0 terminal_rules=1 position_filtering_enabled=1 enable_lawler_basic_rules=1 enable_simple_lb=0 enable_lb_memo=0 enable_edd_ub=0 ub_depth_limit=-1 lb_depth_limit=-1 terminal_all_tardy_spt=1 terminal_edd_at_most_one_tardy=1 enable_memo=1 enable_exact_memo=1 memo_full_key_verification=1 memo_memory_limit_mb=12288 cost=0 time_ms=0.0162 nodes=1 max_depth=0 memo_hits=0 memo_misses=1 memo_exact_hits=0 memo_lb_hits=0 rule4=1 valid_pos=0 valid_pos_pruned_3a=0 valid_pos_pruned_3b=0 memo_rejected=0 memo_forced_evict=0 lufo_passes=0 terminal_spt=0 terminal_edd=1 memo_peak=1 memo_final=1 memo_evictions=0 memo_clean_time_ms=0 reconstruction_time_ms=0.0054 reconstruction_repairs=0 reconstruction_trace_hits=0 reconstruction_trace_fallbacks=0 memo_used_mb=8.39233e-05 memo_bytes_per_entry=88,100,2,D:\test2\results\article_code_comparison\data\100\SDT_100_1_0.4_3.txt,adaptive,custom,0,0,1,1,1,0,0,0,-1,-1,1,1,1,1,1,12288,0,,,0.0162,1,0,0,1,0,0,1,0,0,0,0,0,0,0,1,1,1,0,0,0.0054,0,0,0,8.39233e-05,88,,,,,,,,,,,,,,,,,,,,,,C:\c++\test2\results\article_code_comparison\raw_results.csv,article_runner_filename_mismatch_R1_expected_1.0
100,1.0,0.4,3,D:\test2\results\article_code_comparison\data\100\SDT_100_1_0.4_4.txt,D:\test2\results\article_code_comparison,generated_by_project_generator,D:\test2\x64\Release\bm_solver.exe,SOLVED,3560,0.3125,53.322,,,100,14280,1794048,ERROR,,53.701,,,1814528,0.992942,,0.988713,NOT_COMPARABLE_ERROR,,,[run] n=100 seed=3 input=D:\test2\results\article_code_comparison\data\100\SDT_100_1_0.4_4.txt decomp=adaptive memo_backend=custom use_ub=0 use_lb=0 terminal_rules=1 position_filtering_enabled=1 enable_lawler_basic_rules=1 enable_simple_lb=0 enable_lb_memo=0 enable_edd_ub=0 ub_depth_limit=-1 lb_depth_limit=-1 terminal_all_tardy_spt=1 terminal_edd_at_most_one_tardy=1 enable_memo=1 enable_exact_memo=1 memo_full_key_verification=1 memo_memory_limit_mb=12288 cost=3560 time_ms=0.3125 nodes=85 max_depth=99 memo_hits=11 memo_misses=169 memo_exact_hits=11 memo_lb_hits=0 rule4=1 valid_pos=1023 valid_pos_pruned_3a=0 valid_pos_pruned_3b=0 memo_rejected=0 memo_forced_evict=0 lufo_passes=0 terminal_spt=0 terminal_edd=24 memo_peak=85 memo_final=85 memo_evictions=0 memo_clean_time_ms=0 reconstruction_time_ms=0.0818 reconstruction_repairs=0 reconstruction_trace_hits=49 reconstruction_trace_fallbacks=0 memo_used_mb=0.0136185 memo_bytes_per_entry=168,100,3,D:\test2\results\article_code_comparison\data\100\SDT_100_1_0.4_4.txt,adaptive,custom,0,0,1,1,1,0,0,0,-1,-1,1,1,1,1,1,12288,3560,,,0.3125,85,99,11,169,11,0,1,1023,0,0,0,0,0,0,24,85,85,0,0,0.0818,0,49,0,0.0136185,168,,,,,,,,,,,,,,,,,,,,,,C:\c++\test2\results\article_code_comparison\raw_results.csv,article_runner_filename_mismatch_R1_expected_1.0
100,1.0,0.4,4,D:\test2\results\article_code_comparison\data\100\SDT_100_1_0.4_5.txt,D:\test2\results\article_code_comparison,generated_by_project_generator,D:\test2\x64\Release\bm_solver.exe,SOLVED,2657,0.1785,53.707,,,100,13944,1781760,ERROR,,53.708,,,1814528,0.999981,,0.981941,NOT_COMPARABLE_ERROR,,,[run] n=100 seed=4 input=D:\test2\results\article_code_comparison\data\100\SDT_100_1_0.4_5.txt decomp=adaptive memo_backend=custom use_ub=0 use_lb=0 terminal_rules=1 position_filtering_enabled=1 enable_lawler_basic_rules=1 enable_simple_lb=0 enable_lb_memo=0 enable_edd_ub=0 ub_depth_limit=-1 lb_depth_limit=-1 terminal_all_tardy_spt=1 terminal_edd_at_most_one_tardy=1 enable_memo=1 enable_exact_memo=1 memo_full_key_verification=1 memo_memory_limit_mb=12288 cost=2657 time_ms=0.1785 nodes=83 max_depth=99 memo_hits=8 memo_misses=165 memo_exact_hits=8 memo_lb_hits=0 rule4=1 valid_pos=479 valid_pos_pruned_3a=0 valid_pos_pruned_3b=0 memo_rejected=0 memo_forced_evict=0 lufo_passes=0 terminal_spt=3 terminal_edd=35 memo_peak=83 memo_final=83 memo_evictions=0 memo_clean_time_ms=0 reconstruction_time_ms=0.0368 reconstruction_repairs=0 reconstruction_trace_hits=26 reconstruction_trace_fallbacks=0 memo_used_mb=0.013298 memo_bytes_per_entry=168,100,4,D:\test2\results\article_code_comparison\data\100\SDT_100_1_0.4_5.txt,adaptive,custom,0,0,1,1,1,0,0,0,-1,-1,1,1,1,1,1,12288,2657,,,0.1785,83,99,8,165,8,0,1,479,0,0,0,0,0,3,35,83,83,0,0,0.0368,0,26,0,0.013298,168,,,,,,,,,,,,,,,,,,,,,,C:\c++\test2\results\article_code_comparison\raw_results.csv,article_runner_filename_mismatch_R1_expected_1.0
100,1.0,0.4,5,D:\test2\results\article_code_comparison\data\100\SDT_100_1_0.4_6.txt,D:\test2\results\article_code_comparison,generated_by_project_generator,D:\test2\x64\Release\bm_solver.exe,SOLVED,884,0.1691,53.819,,,100,8064,1622016,ERROR,,53.163,,,1777664,1.012339,,0.912442,NOT_COMPARABLE_ERROR,,,[run] n=100 seed=5 input=D:\test2\results\article_code_comparison\data\100\SDT_100_1_0.4_6.txt decomp=adaptive memo_backend=custom use_ub=0 use_lb=0 terminal_rules=1 position_filtering_enabled=1 enable_lawler_basic_rules=1 enable_simple_lb=0 enable_lb_memo=0 enable_edd_ub=0 ub_depth_limit=-1 lb_depth_limit=-1 terminal_all_tardy_spt=1 terminal_edd_at_most_one_tardy=1 enable_memo=1 enable_exact_memo=1 memo_full_key_verification=1 memo_memory_limit_mb=12288 cost=884 time_ms=0.1691 nodes=48 max_depth=99 memo_hits=1 memo_misses=95 memo_exact_hits=1 memo_lb_hits=0 rule4=1 valid_pos=404 valid_pos_pruned_3a=0 valid_pos_pruned_3b=0 memo_rejected=0 memo_forced_evict=0 lufo_passes=0 terminal_spt=1 terminal_edd=12 memo_peak=48 memo_final=48 memo_evictions=0 memo_clean_time_ms=0 reconstruction_time_ms=0.0517 reconstruction_repairs=0 reconstruction_trace_hits=32 reconstruction_trace_fallbacks=0 memo_used_mb=0.00769043 memo_bytes_per_entry=168,100,5,D:\test2\results\article_code_comparison\data\100\SDT_100_1_0.4_6.txt,adaptive,custom,0,0,1,1,1,0,0,0,-1,-1,1,1,1,1,1,12288,884,,,0.1691,48,99,1,95,1,0,1,404,0,0,0,0,0,1,12,48,48,0,0,0.0517,0,32,0,0.00769043,168,,,,,,,,,,,,,,,,,,,,,,C:\c++\test2\results\article_code_comparison\raw_results.csv,article_runner_filename_mismatch_R1_expected_1.0
100,1.0,0.4,6,D:\test2\results\article_code_comparison\data\100\SDT_100_1_0.4_7.txt,D:\test2\results\article_code_comparison,generated_by_project_generator,D:\test2\x64\Release\bm_solver.exe,SOLVED,0,0.0156,53.291,,,100,88,1691648,ERROR,,53.537,,,1871872,0.995405,,0.90372,NOT_COMPARABLE_ERROR,,,[run] n=100 seed=6 input=D:\test2\results\article_code_comparison\data\100\SDT_100_1_0.4_7.txt decomp=adaptive memo_backend=custom use_ub=0 use_lb=0 terminal_rules=1 position_filtering_enabled=1 enable_lawler_basic_rules=1 enable_simple_lb=0 enable_lb_memo=0 enable_edd_ub=0 ub_depth_limit=-1 lb_depth_limit=-1 terminal_all_tardy_spt=1 terminal_edd_at_most_one_tardy=1 enable_memo=1 enable_exact_memo=1 memo_full_key_verification=1 memo_memory_limit_mb=12288 cost=0 time_ms=0.0156 nodes=1 max_depth=0 memo_hits=0 memo_misses=1 memo_exact_hits=0 memo_lb_hits=0 rule4=1 valid_pos=0 valid_pos_pruned_3a=0 valid_pos_pruned_3b=0 memo_rejected=0 memo_forced_evict=0 lufo_passes=0 terminal_spt=0 terminal_edd=1 memo_peak=1 memo_final=1 memo_evictions=0 memo_clean_time_ms=0 reconstruction_time_ms=0.0057 reconstruction_repairs=0 reconstruction_trace_hits=0 reconstruction_trace_fallbacks=0 memo_used_mb=8.39233e-05 memo_bytes_per_entry=88,100,6,D:\test2\results\article_code_comparison\data\100\SDT_100_1_0.4_7.txt,adaptive,custom,0,0,1,1,1,0,0,0,-1,-1,1,1,1,1,1,12288,0,,,0.0156,1,0,0,1,0,0,1,0,0,0,0,0,0,0,1,1,1,0,0,0.0057,0,0,0,8.39233e-05,88,,,,,,,,,,,,,,,,,,,,,,C:\c++\test2\results\article_code_comparison\raw_results.csv,article_runner_filename_mismatch_R1_expected_1.0
100,1.0,0.4,7,D:\test2\results\article_code_comparison\data\100\SDT_100_1_0.4_8.txt,D:\test2\results\article_code_comparison,generated_by_project_generator,D:\test2\x64\Release\bm_solver.exe,SOLVED,0,0.0154,53.975,,,100,88,1753088,ERROR,,53.152,,,1789952,1.015484,,0.979405,NOT_COMPARABLE_ERROR,,,[run] n=100 seed=7 input=D:\test2\results\article_code_comparison\data\100\SDT_100_1_0.4_8.txt decomp=adaptive memo_backend=custom use_ub=0 use_lb=0 terminal_rules=1 position_filtering_enabled=1 enable_lawler_basic_rules=1 enable_simple_lb=0 enable_lb_memo=0 enable_edd_ub=0 ub_depth_limit=-1 lb_depth_limit=-1 terminal_all_tardy_spt=1 terminal_edd_at_most_one_tardy=1 enable_memo=1 enable_exact_memo=1 memo_full_key_verification=1 memo_memory_limit_mb=12288 cost=0 time_ms=0.0154 nodes=1 max_depth=0 memo_hits=0 memo_misses=1 memo_exact_hits=0 memo_lb_hits=0 rule4=1 valid_pos=0 valid_pos_pruned_3a=0 valid_pos_pruned_3b=0 memo_rejected=0 memo_forced_evict=0 lufo_passes=0 terminal_spt=0 terminal_edd=1 memo_peak=1 memo_final=1 memo_evictions=0 memo_clean_time_ms=0 reconstruction_time_ms=0.0056 reconstruction_repairs=0 reconstruction_trace_hits=0 reconstruction_trace_fallbacks=0 memo_used_mb=8.39233e-05 memo_bytes_per_entry=88,100,7,D:\test2\results\article_code_comparison\data\100\SDT_100_1_0.4_8.txt,adaptive,custom,0,0,1,1,1,0,0,0,-1,-1,1,1,1,1,1,12288,0,,,0.0154,1,0,0,1,0,0,1,0,0,0,0,0,0,0,1,1,1,0,0,0.0056,0,0,0,8.39233e-05,88,,,,,,,,,,,,,,,,,,,,,,C:\c++\test2\results\article_code_comparison\raw_results.csv,article_runner_filename_mismatch_R1_expected_1.0
100,1.0,0.4,8,D:\test2\results\article_code_comparison\data\100\SDT_100_1_0.4_9.txt,D:\test2\results\article_code_comparison,generated_by_project_generator,D:\test2\x64\Release\bm_solver.exe,SOLVED,0,0.0148,54.398,,,100,88,1781760,ERROR,,53.442,,,1814528,1.017889,,0.981941,NOT_COMPARABLE_ERROR,,,[run] n=100 seed=8 input=D:\test2\results\article_code_comparison\data\100\SDT_100_1_0.4_9.txt decomp=adaptive memo_backend=custom use_ub=0 use_lb=0 terminal_rules=1 position_filtering_enabled=1 enable_lawler_basic_rules=1 enable_simple_lb=0 enable_lb_memo=0 enable_edd_ub=0 ub_depth_limit=-1 lb_depth_limit=-1 terminal_all_tardy_spt=1 terminal_edd_at_most_one_tardy=1 enable_memo=1 enable_exact_memo=1 memo_full_key_verification=1 memo_memory_limit_mb=12288 cost=0 time_ms=0.0148 nodes=1 max_depth=0 memo_hits=0 memo_misses=1 memo_exact_hits=0 memo_lb_hits=0 rule4=1 valid_pos=0 valid_pos_pruned_3a=0 valid_pos_pruned_3b=0 memo_rejected=0 memo_forced_evict=0 lufo_passes=0 terminal_spt=0 terminal_edd=1 memo_peak=1 memo_final=1 memo_evictions=0 memo_clean_time_ms=0 reconstruction_time_ms=0.0056 reconstruction_repairs=0 reconstruction_trace_hits=0 reconstruction_trace_fallbacks=0 memo_used_mb=8.39233e-05 memo_bytes_per_entry=88,100,8,D:\test2\results\article_code_comparison\data\100\SDT_100_1_0.4_9.txt,adaptive,custom,0,0,1,1,1,0,0,0,-1,-1,1,1,1,1,1,12288,0,,,0.0148,1,0,0,1,0,0,1,0,0,0,0,0,0,0,1,1,1,0,0,0.0056,0,0,0,8.39233e-05,88,,,,,,,,,,,,,,,,,,,,,,C:\c++\test2\results\article_code_comparison\raw_results.csv,article_runner_filename_mismatch_R1_expected_1.0
100,1.0,0.4,9,D:\test2\results\article_code_comparison\data\100\SDT_100_1_0.4_10.txt,D:\test2\results\article_code_comparison,generated_by_project_generator,D:\test2\x64\Release\bm_solver.exe,SOLVED,0,0.0154,54.123,,,100,88,1748992,ERROR,,54.676,,,1880064,0.989886,,0.930283,NOT_COMPARABLE_ERROR,,,[run] n=100 seed=9 input=D:\test2\results\article_code_comparison\data\100\SDT_100_1_0.4_10.txt decomp=adaptive memo_backend=custom use_ub=0 use_lb=0 terminal_rules=1 position_filtering_enabled=1 enable_lawler_basic_rules=1 enable_simple_lb=0 enable_lb_memo=0 enable_edd_ub=0 ub_depth_limit=-1 lb_depth_limit=-1 terminal_all_tardy_spt=1 terminal_edd_at_most_one_tardy=1 enable_memo=1 enable_exact_memo=1 memo_full_key_verification=1 memo_memory_limit_mb=12288 cost=0 time_ms=0.0154 nodes=1 max_depth=0 memo_hits=0 memo_misses=1 memo_exact_hits=0 memo_lb_hits=0 rule4=1 valid_pos=0 valid_pos_pruned_3a=0 valid_pos_pruned_3b=0 memo_rejected=0 memo_forced_evict=0 lufo_passes=0 terminal_spt=0 terminal_edd=1 memo_peak=1 memo_final=1 memo_evictions=0 memo_clean_time_ms=0 reconstruction_time_ms=0.0056 reconstruction_repairs=0 reconstruction_trace_hits=0 reconstruction_trace_fallbacks=0 memo_used_mb=8.39233e-05 memo_bytes_per_entry=88,100,9,D:\test2\results\article_code_comparison\data\100\SDT_100_1_0.4_10.txt,adaptive,custom,0,0,1,1,1,0,0,0,-1,-1,1,1,1,1,1,12288,0,,,0.0154,1,0,0,1,0,0,1,0,0,0,0,0,0,0,1,1,1,0,0,0.0056,0,0,0,8.39233e-05,88,,,,,,,,,,,,,,,,,,,,,,C:\c++\test2\results\article_code_comparison\raw_results.csv,article_runner_filename_mismatch_R1_expected_1.0
100,1.0,0.6,0,D:\test2\results\article_code_comparison\data\100\SDT_100_1_0.6_1.txt,D:\test2\results\article_code_comparison,generated_by_project_generator,D:\test2\x64\Release\bm_solver.exe,SOLVED,21515,1.3096,53.666,,,100,112056,1847296,ERROR,,53.375,,,1773568,1.005452,,1.04157,NOT_COMPARABLE_ERROR,,,[run] n=100 seed=0 input=D:\test2\results\article_code_comparison\data\100\SDT_100_1_0.6_1.txt decomp=adaptive memo_backend=custom use_ub=0 use_lb=0 terminal_rules=1 position_filtering_enabled=1 enable_lawler_basic_rules=1 enable_simple_lb=0 enable_lb_memo=0 enable_edd_ub=0 ub_depth_limit=-1 lb_depth_limit=-1 terminal_all_tardy_spt=1 terminal_edd_at_most_one_tardy=1 enable_memo=1 enable_exact_memo=1 memo_full_key_verification=1 memo_memory_limit_mb=12288 cost=21515 time_ms=1.3096 nodes=667 max_depth=99 memo_hits=51 memo_misses=1333 memo_exact_hits=51 memo_lb_hits=0 rule4=1 valid_pos=8830 valid_pos_pruned_3a=0 valid_pos_pruned_3b=0 memo_rejected=0 memo_forced_evict=0 lufo_passes=0 terminal_spt=6 terminal_edd=186 memo_peak=667 memo_final=667 memo_evictions=0 memo_clean_time_ms=0 reconstruction_time_ms=0.0959 reconstruction_repairs=0 reconstruction_trace_hits=60 reconstruction_trace_fallbacks=0 memo_used_mb=0.106865 memo_bytes_per_entry=168,100,0,D:\test2\results\article_code_comparison\data\100\SDT_100_1_0.6_1.txt,adaptive,custom,0,0,1,1,1,0,0,0,-1,-1,1,1,1,1,1,12288,21515,,,1.3096,667,99,51,1333,51,0,1,8830,0,0,0,0,0,6,186,667,667,0,0,0.0959,0,60,0,0.106865,168,,,,,,,,,,,,,,,,,,,,,,C:\c++\test2\results\article_code_comparison\raw_results.csv,article_runner_filename_mismatch_R1_expected_1.0
100,1.0,0.6,1,D:\test2\results\article_code_comparison\data\100\SDT_100_1_0.6_2.txt,D:\test2\results\article_code_comparison,generated_by_project_generator,D:\test2\x64\Release\bm_solver.exe,SOLVED,36147,1.0317,53.411,,,100,76440,1708032,ERROR,,53.748,,,1814528,0.99373,,0.941309,NOT_COMPARABLE_ERROR,,,[run] n=100 seed=1 input=D:\test2\results\article_code_comparison\data\100\SDT_100_1_0.6_2.txt decomp=adaptive memo_backend=custom use_ub=0 use_lb=0 terminal_rules=1 position_filtering_enabled=1 enable_lawler_basic_rules=1 enable_simple_lb=0 enable_lb_memo=0 enable_edd_ub=0 ub_depth_limit=-1 lb_depth_limit=-1 terminal_all_tardy_spt=1 terminal_edd_at_most_one_tardy=1 enable_memo=1 enable_exact_memo=1 memo_full_key_verification=1 memo_memory_limit_mb=12288 cost=36147 time_ms=1.0317 nodes=455 max_depth=99 memo_hits=125 memo_misses=909 memo_exact_hits=125 memo_lb_hits=0 rule4=1 valid_pos=6419 valid_pos_pruned_3a=0 valid_pos_pruned_3b=0 memo_rejected=0 memo_forced_evict=0 lufo_passes=0 terminal_spt=6 terminal_edd=107 memo_peak=455 memo_final=455 memo_evictions=0 memo_clean_time_ms=0 reconstruction_time_ms=0.0864 reconstruction_repairs=0 reconstruction_trace_hits=63 reconstruction_trace_fallbacks=0 memo_used_mb=0.0728989 memo_bytes_per_entry=168,100,1,D:\test2\results\article_code_comparison\data\100\SDT_100_1_0.6_2.txt,adaptive,custom,0,0,1,1,1,0,0,0,-1,-1,1,1,1,1,1,12288,36147,,,1.0317,455,99,125,909,125,0,1,6419,0,0,0,0,0,6,107,455,455,0,0,0.0864,0,63,0,0.0728989,168,,,,,,,,,,,,,,,,,,,,,,C:\c++\test2\results\article_code_comparison\raw_results.csv,article_runner_filename_mismatch_R1_expected_1.0
100,1.0,0.6,2,D:\test2\results\article_code_comparison\data\100\SDT_100_1_0.6_3.txt,D:\test2\results\article_code_comparison,generated_by_project_generator,D:\test2\x64\Release\bm_solver.exe,SOLVED,24618,0.3625,54.039,,,100,29232,1761280,ERROR,,53.736,,,1875968,1.005639,,0.938865,NOT_COMPARABLE_ERROR,,,[run] n=100 seed=2 input=D:\test2\results\article_code_comparison\data\100\SDT_100_1_0.6_3.txt decomp=adaptive memo_backend=custom use_ub=0 use_lb=0 terminal_rules=1 position_filtering_enabled=1 enable_lawler_basic_rules=1 enable_simple_lb=0 enable_lb_memo=0 enable_edd_ub=0 ub_depth_limit=-1 lb_depth_limit=-1 terminal_all_tardy_spt=1 terminal_edd_at_most_one_tardy=1 enable_memo=1 enable_exact_memo=1 memo_full_key_verification=1 memo_memory_limit_mb=12288 cost=24618 time_ms=0.3625 nodes=174 max_depth=99 memo_hits=21 memo_misses=347 memo_exact_hits=21 memo_lb_hits=0 rule4=1 valid_pos=1490 valid_pos_pruned_3a=0 valid_pos_pruned_3b=0 memo_rejected=0 memo_forced_evict=0 lufo_passes=0 terminal_spt=5 terminal_edd=56 memo_peak=174 memo_final=174 memo_evictions=0 memo_clean_time_ms=0 reconstruction_time_ms=0.079 reconstruction_repairs=0 reconstruction_trace_hits=57 reconstruction_trace_fallbacks=0 memo_used_mb=0.0278778 memo_bytes_per_entry=168,100,2,D:\test2\results\article_code_comparison\data\100\SDT_100_1_0.6_3.txt,adaptive,custom,0,0,1,1,1,0,0,0,-1,-1,1,1,1,1,1,12288,24618,,,0.3625,174,99,21,347,21,0,1,1490,0,0,0,0,0,5,56,174,174,0,0,0.079,0,57,0,0.0278778,168,,,,,,,,,,,,,,,,,,,,,,C:\c++\test2\results\article_code_comparison\raw_results.csv,article_runner_filename_mismatch_R1_expected_1.0
100,1.0,0.6,3,D:\test2\results\article_code_comparison\data\100\SDT_100_1_0.6_4.txt,D:\test2\results\article_code_comparison,generated_by_project_generator,D:\test2\x64\Release\bm_solver.exe,SOLVED,58178,0.2849,53.599,,,100,16296,1781760,ERROR,,53.242,,,1785856,1.006705,,0.997706,NOT_COMPARABLE_ERROR,,,[run] n=100 seed=3 input=D:\test2\results\article_code_comparison\data\100\SDT_100_1_0.6_4.txt decomp=adaptive memo_backend=custom use_ub=0 use_lb=0 terminal_rules=1 position_filtering_enabled=1 enable_lawler_basic_rules=1 enable_simple_lb=0 enable_lb_memo=0 enable_edd_ub=0 ub_depth_limit=-1 lb_depth_limit=-1 terminal_all_tardy_spt=1 terminal_edd_at_most_one_tardy=1 enable_memo=1 enable_exact_memo=1 memo_full_key_verification=1 memo_memory_limit_mb=12288 cost=58178 time_ms=0.2849 nodes=97 max_depth=99 memo_hits=9 memo_misses=193 memo_exact_hits=9 memo_lb_hits=0 rule4=1 valid_pos=1739 valid_pos_pruned_3a=0 valid_pos_pruned_3b=0 memo_rejected=0 memo_forced_evict=0 lufo_passes=0 terminal_spt=2 terminal_edd=35 memo_peak=97 memo_final=97 memo_evictions=0 memo_clean_time_ms=0 reconstruction_time_ms=0.099 reconstruction_repairs=0 reconstruction_trace_hits=55 reconstruction_trace_fallbacks=0 memo_used_mb=0.0155411 memo_bytes_per_entry=168,100,3,D:\test2\results\article_code_comparison\data\100\SDT_100_1_0.6_4.txt,adaptive,custom,0,0,1,1,1,0,0,0,-1,-1,1,1,1,1,1,12288,58178,,,0.2849,97,99,9,193,9,0,1,1739,0,0,0,0,0,2,35,97,97,0,0,0.099,0,55,0,0.0155411,168,,,,,,,,,,,,,,,,,,,,,,C:\c++\test2\results\article_code_comparison\raw_results.csv,article_runner_filename_mismatch_R1_expected_1.0
100,1.0,0.6,4,D:\test2\results\article_code_comparison\data\100\SDT_100_1_0.6_5.txt,D:\test2\results\article_code_comparison,generated_by_project_generator,D:\test2\x64\Release\bm_solver.exe,SOLVED,51190,0.6952,53.948,,,100,68544,1630208,ERROR,,53.443,,,1814528,1.009449,,0.89842,NOT_COMPARABLE_ERROR,,,[run] n=100 seed=4 input=D:\test2\results\article_code_comparison\data\100\SDT_100_1_0.6_5.txt decomp=adaptive memo_backend=custom use_ub=0 use_lb=0 terminal_rules=1 position_filtering_enabled=1 enable_lawler_basic_rules=1 enable_simple_lb=0 enable_lb_memo=0 enable_edd_ub=0 ub_depth_limit=-1 lb_depth_limit=-1 terminal_all_tardy_spt=1 terminal_edd_at_most_one_tardy=1 enable_memo=1 enable_exact_memo=1 memo_full_key_verification=1 memo_memory_limit_mb=12288 cost=51190 time_ms=0.6952 nodes=408 max_depth=99 memo_hits=89 memo_misses=815 memo_exact_hits=89 memo_lb_hits=0 rule4=1 valid_pos=3074 valid_pos_pruned_3a=0 valid_pos_pruned_3b=0 memo_rejected=0 memo_forced_evict=0 lufo_passes=0 terminal_spt=8 terminal_edd=131 memo_peak=408 memo_final=408 memo_evictions=0 memo_clean_time_ms=0 reconstruction_time_ms=0.0862 reconstruction_repairs=0 reconstruction_trace_hits=57 reconstruction_trace_fallbacks=0 memo_used_mb=0.0653687 memo_bytes_per_entry=168,100,4,D:\test2\results\article_code_comparison\data\100\SDT_100_1_0.6_5.txt,adaptive,custom,0,0,1,1,1,0,0,0,-1,-1,1,1,1,1,1,12288,51190,,,0.6952,408,99,89,815,89,0,1,3074,0,0,0,0,0,8,131,408,408,0,0,0.0862,0,57,0,0.0653687,168,,,,,,,,,,,,,,,,,,,,,,C:\c++\test2\results\article_code_comparison\raw_results.csv,article_runner_filename_mismatch_R1_expected_1.0
100,1.0,0.6,5,D:\test2\results\article_code_comparison\data\100\SDT_100_1_0.6_6.txt,D:\test2\results\article_code_comparison,generated_by_project_generator,D:\test2\x64\Release\bm_solver.exe,SOLVED,37319,0.3247,54.136,,,100,23520,1630208,ERROR,,53.595,,,1806336,1.010094,,0.902494,NOT_COMPARABLE_ERROR,,,[run] n=100 seed=5 input=D:\test2\results\article_code_comparison\data\100\SDT_100_1_0.6_6.txt decomp=adaptive memo_backend=custom use_ub=0 use_lb=0 terminal_rules=1 position_filtering_enabled=1 enable_lawler_basic_rules=1 enable_simple_lb=0 enable_lb_memo=0 enable_edd_ub=0 ub_depth_limit=-1 lb_depth_limit=-1 terminal_all_tardy_spt=1 terminal_edd_at_most_one_tardy=1 enable_memo=1 enable_exact_memo=1 memo_full_key_verification=1 memo_memory_limit_mb=12288 cost=37319 time_ms=0.3247 nodes=140 max_depth=99 memo_hits=7 memo_misses=279 memo_exact_hits=7 memo_lb_hits=0 rule4=1 valid_pos=1702 valid_pos_pruned_3a=0 valid_pos_pruned_3b=0 memo_rejected=0 memo_forced_evict=0 lufo_passes=0 terminal_spt=0 terminal_edd=53 memo_peak=140 memo_final=140 memo_evictions=0 memo_clean_time_ms=0 reconstruction_time_ms=0.0929 reconstruction_repairs=0 reconstruction_trace_hits=59 reconstruction_trace_fallbacks=0 memo_used_mb=0.0224304 memo_bytes_per_entry=168,100,5,D:\test2\results\article_code_comparison\data\100\SDT_100_1_0.6_6.txt,adaptive,custom,0,0,1,1,1,0,0,0,-1,-1,1,1,1,1,1,12288,37319,,,0.3247,140,99,7,279,7,0,1,1702,0,0,0,0,0,0,53,140,140,0,0,0.0929,0,59,0,0.0224304,168,,,,,,,,,,,,,,,,,,,,,,C:\c++\test2\results\article_code_comparison\raw_results.csv,article_runner_filename_mismatch_R1_expected_1.0
100,1.0,0.6,6,D:\test2\results\article_code_comparison\data\100\SDT_100_1_0.6_7.txt,D:\test2\results\article_code_comparison,generated_by_project_generator,D:\test2\x64\Release\bm_solver.exe,SOLVED,22260,0.2564,53.48,,,100,17472,1728512,ERROR,,53.898,,,1814528,0.992245,,0.952596,NOT_COMPARABLE_ERROR,,,[run] n=100 seed=6 input=D:\test2\results\article_code_comparison\data\100\SDT_100_1_0.6_7.txt decomp=adaptive memo_backend=custom use_ub=0 use_lb=0 terminal_rules=1 position_filtering_enabled=1 enable_lawler_basic_rules=1 enable_simple_lb=0 enable_lb_memo=0 enable_edd_ub=0 ub_depth_limit=-1 lb_depth_limit=-1 terminal_all_tardy_spt=1 terminal_edd_at_most_one_tardy=1 enable_memo=1 enable_exact_memo=1 memo_full_key_verification=1 memo_memory_limit_mb=12288 cost=22260 time_ms=0.2564 nodes=104 max_depth=99 memo_hits=5 memo_misses=207 memo_exact_hits=5 memo_lb_hits=0 rule4=1 valid_pos=577 valid_pos_pruned_3a=0 valid_pos_pruned_3b=0 memo_rejected=0 memo_forced_evict=0 lufo_passes=0 terminal_spt=1 terminal_edd=41 memo_peak=104 memo_final=104 memo_evictions=0 memo_clean_time_ms=0 reconstruction_time_ms=0.0696 reconstruction_repairs=0 reconstruction_trace_hits=46 reconstruction_trace_fallbacks=0 memo_used_mb=0.0166626 memo_bytes_per_entry=168,100,6,D:\test2\results\article_code_comparison\data\100\SDT_100_1_0.6_7.txt,adaptive,custom,0,0,1,1,1,0,0,0,-1,-1,1,1,1,1,1,12288,22260,,,0.2564,104,99,5,207,5,0,1,577,0,0,0,0,0,1,41,104,104,0,0,0.0696,0,46,0,0.0166626,168,,,,,,,,,,,,,,,,,,,,,,C:\c++\test2\results\article_code_comparison\raw_results.csv,article_runner_filename_mismatch_R1_expected_1.0
100,1.0,0.6,7,D:\test2\results\article_code_comparison\data\100\SDT_100_1_0.6_8.txt,D:\test2\results\article_code_comparison,generated_by_project_generator,D:\test2\x64\Release\bm_solver.exe,SOLVED,22181,0.3007,53.57,,,100,23184,1757184,ERROR,,53.439,,,1708032,1.002451,,1.028777,NOT_COMPARABLE_ERROR,,,[run] n=100 seed=7 input=D:\test2\results\article_code_comparison\data\100\SDT_100_1_0.6_8.txt decomp=adaptive memo_backend=custom use_ub=0 use_lb=0 terminal_rules=1 position_filtering_enabled=1 enable_lawler_basic_rules=1 enable_simple_lb=0 enable_lb_memo=0 enable_edd_ub=0 ub_depth_limit=-1 lb_depth_limit=-1 terminal_all_tardy_spt=1 terminal_edd_at_most_one_tardy=1 enable_memo=1 enable_exact_memo=1 memo_full_key_verification=1 memo_memory_limit_mb=12288 cost=22181 time_ms=0.3007 nodes=138 max_depth=99 memo_hits=30 memo_misses=275 memo_exact_hits=30 memo_lb_hits=0 rule4=1 valid_pos=1750 valid_pos_pruned_3a=0 valid_pos_pruned_3b=0 memo_rejected=0 memo_forced_evict=0 lufo_passes=0 terminal_spt=1 terminal_edd=47 memo_peak=138 memo_final=138 memo_evictions=0 memo_clean_time_ms=0 reconstruction_time_ms=0.0736 reconstruction_repairs=0 reconstruction_trace_hits=40 reconstruction_trace_fallbacks=0 memo_used_mb=0.02211 memo_bytes_per_entry=168,100,7,D:\test2\results\article_code_comparison\data\100\SDT_100_1_0.6_8.txt,adaptive,custom,0,0,1,1,1,0,0,0,-1,-1,1,1,1,1,1,12288,22181,,,0.3007,138,99,30,275,30,0,1,1750,0,0,0,0,0,1,47,138,138,0,0,0.0736,0,40,0,0.02211,168,,,,,,,,,,,,,,,,,,,,,,C:\c++\test2\results\article_code_comparison\raw_results.csv,article_runner_filename_mismatch_R1_expected_1.0
100,1.0,0.6,8,D:\test2\results\article_code_comparison\data\100\SDT_100_1_0.6_9.txt,D:\test2\results\article_code_comparison,generated_by_project_generator,D:\test2\x64\Release\bm_solver.exe,SOLVED,26148,0.6537,54.036,,,100,59976,1732608,ERROR,,53.181,,,1806336,1.016077,,0.959184,NOT_COMPARABLE_ERROR,,,[run] n=100 seed=8 input=D:\test2\results\article_code_comparison\data\100\SDT_100_1_0.6_9.txt decomp=adaptive memo_backend=custom use_ub=0 use_lb=0 terminal_rules=1 position_filtering_enabled=1 enable_lawler_basic_rules=1 enable_simple_lb=0 enable_lb_memo=0 enable_edd_ub=0 ub_depth_limit=-1 lb_depth_limit=-1 terminal_all_tardy_spt=1 terminal_edd_at_most_one_tardy=1 enable_memo=1 enable_exact_memo=1 memo_full_key_verification=1 memo_memory_limit_mb=12288 cost=26148 time_ms=0.6537 nodes=357 max_depth=99 memo_hits=60 memo_misses=713 memo_exact_hits=60 memo_lb_hits=0 rule4=1 valid_pos=3222 valid_pos_pruned_3a=0 valid_pos_pruned_3b=0 memo_rejected=0 memo_forced_evict=0 lufo_passes=0 terminal_spt=1 terminal_edd=99 memo_peak=357 memo_final=357 memo_evictions=0 memo_clean_time_ms=0 reconstruction_time_ms=0.0708 reconstruction_repairs=0 reconstruction_trace_hits=53 reconstruction_trace_fallbacks=0 memo_used_mb=0.0571976 memo_bytes_per_entry=168,100,8,D:\test2\results\article_code_comparison\data\100\SDT_100_1_0.6_9.txt,adaptive,custom,0,0,1,1,1,0,0,0,-1,-1,1,1,1,1,1,12288,26148,,,0.6537,357,99,60,713,60,0,1,3222,0,0,0,0,0,1,99,357,357,0,0,0.0708,0,53,0,0.0571976,168,,,,,,,,,,,,,,,,,,,,,,C:\c++\test2\results\article_code_comparison\raw_results.csv,article_runner_filename_mismatch_R1_expected_1.0
100,1.0,0.6,9,D:\test2\results\article_code_comparison\data\100\SDT_100_1_0.6_10.txt,D:\test2\results\article_code_comparison,generated_by_project_generator,D:\test2\x64\Release\bm_solver.exe,SOLVED,20525,0.4579,53.435,,,100,36288,1748992,ERROR,,54.187,,,1814528,0.986122,,0.963883,NOT_COMPARABLE_ERROR,,,[run] n=100 seed=9 input=D:\test2\results\article_code_comparison\data\100\SDT_100_1_0.6_10.txt decomp=adaptive memo_backend=custom use_ub=0 use_lb=0 terminal_rules=1 position_filtering_enabled=1 enable_lawler_basic_rules=1 enable_simple_lb=0 enable_lb_memo=0 enable_edd_ub=0 ub_depth_limit=-1 lb_depth_limit=-1 terminal_all_tardy_spt=1 terminal_edd_at_most_one_tardy=1 enable_memo=1 enable_exact_memo=1 memo_full_key_verification=1 memo_memory_limit_mb=12288 cost=20525 time_ms=0.4579 nodes=216 max_depth=99 memo_hits=25 memo_misses=431 memo_exact_hits=25 memo_lb_hits=0 rule4=1 valid_pos=1511 valid_pos_pruned_3a=0 valid_pos_pruned_3b=0 memo_rejected=0 memo_forced_evict=0 lufo_passes=0 terminal_spt=0 terminal_edd=51 memo_peak=216 memo_final=216 memo_evictions=0 memo_clean_time_ms=0 reconstruction_time_ms=0.0802 reconstruction_repairs=0 reconstruction_trace_hits=59 reconstruction_trace_fallbacks=0 memo_used_mb=0.0346069 memo_bytes_per_entry=168,100,9,D:\test2\results\article_code_comparison\data\100\SDT_100_1_0.6_10.txt,adaptive,custom,0,0,1,1,1,0,0,0,-1,-1,1,1,1,1,1,12288,20525,,,0.4579,216,99,25,431,25,0,1,1511,0,0,0,0,0,0,51,216,216,0,0,0.0802,0,59,0,0.0346069,168,,,,,,,,,,,,,,,,,,,,,,C:\c++\test2\results\article_code_comparison\raw_results.csv,article_runner_filename_mismatch_R1_expected_1.0
100,1.0,0.8,0,D:\test2\results\article_code_comparison\data\100\SDT_100_1_0.8_1.txt,D:\test2\results\article_code_comparison,generated_by_project_generator,D:\test2\x64\Release\bm_solver.exe,SOLVED,73786,0.3154,54.263,,,100,15120,1728512,ERROR,,53.19,,,1814528,1.020173,,0.952596,NOT_COMPARABLE_ERROR,,,[run] n=100 seed=0 input=D:\test2\results\article_code_comparison\data\100\SDT_100_1_0.8_1.txt decomp=adaptive memo_backend=custom use_ub=0 use_lb=0 terminal_rules=1 position_filtering_enabled=1 enable_lawler_basic_rules=1 enable_simple_lb=0 enable_lb_memo=0 enable_edd_ub=0 ub_depth_limit=-1 lb_depth_limit=-1 terminal_all_tardy_spt=1 terminal_edd_at_most_one_tardy=1 enable_memo=1 enable_exact_memo=1 memo_full_key_verification=1 memo_memory_limit_mb=12288 cost=73786 time_ms=0.3154 nodes=90 max_depth=99 memo_hits=2 memo_misses=179 memo_exact_hits=2 memo_lb_hits=0 rule4=1 valid_pos=1168 valid_pos_pruned_3a=0 valid_pos_pruned_3b=0 memo_rejected=0 memo_forced_evict=0 lufo_passes=0 terminal_spt=2 terminal_edd=23 memo_peak=90 memo_final=90 memo_evictions=0 memo_clean_time_ms=0 reconstruction_time_ms=0.1212 reconstruction_repairs=0 reconstruction_trace_hits=64 reconstruction_trace_fallbacks=0 memo_used_mb=0.0144196 memo_bytes_per_entry=168,100,0,D:\test2\results\article_code_comparison\data\100\SDT_100_1_0.8_1.txt,adaptive,custom,0,0,1,1,1,0,0,0,-1,-1,1,1,1,1,1,12288,73786,,,0.3154,90,99,2,179,2,0,1,1168,0,0,0,0,0,2,23,90,90,0,0,0.1212,0,64,0,0.0144196,168,,,,,,,,,,,,,,,,,,,,,,C:\c++\test2\results\article_code_comparison\raw_results.csv,article_runner_filename_mismatch_R1_expected_1.0
100,1.0,0.8,1,D:\test2\results\article_code_comparison\data\100\SDT_100_1_0.8_2.txt,D:\test2\results\article_code_comparison,generated_by_project_generator,D:\test2\x64\Release\bm_solver.exe,SOLVED,85099,0.3181,54.142,,,100,16632,1806336,ERROR,,53.438,,,1798144,1.013174,,1.004556,NOT_COMPARABLE_ERROR,,,[run] n=100 seed=1 input=D:\test2\results\article_code_comparison\data\100\SDT_100_1_0.8_2.txt decomp=adaptive memo_backend=custom use_ub=0 use_lb=0 terminal_rules=1 position_filtering_enabled=1 enable_lawler_basic_rules=1 enable_simple_lb=0 enable_lb_memo=0 enable_edd_ub=0 ub_depth_limit=-1 lb_depth_limit=-1 terminal_all_tardy_spt=1 terminal_edd_at_most_one_tardy=1 enable_memo=1 enable_exact_memo=1 memo_full_key_verification=1 memo_memory_limit_mb=12288 cost=85099 time_ms=0.3181 nodes=99 max_depth=99 memo_hits=3 memo_misses=197 memo_exact_hits=3 memo_lb_hits=0 rule4=1 valid_pos=1518 valid_pos_pruned_3a=0 valid_pos_pruned_3b=0 memo_rejected=0 memo_forced_evict=0 lufo_passes=0 terminal_spt=0 terminal_edd=26 memo_peak=99 memo_final=99 memo_evictions=0 memo_clean_time_ms=0 reconstruction_time_ms=0.1228 reconstruction_repairs=0 reconstruction_trace_hits=66 reconstruction_trace_fallbacks=0 memo_used_mb=0.0158615 memo_bytes_per_entry=168,100,1,D:\test2\results\article_code_comparison\data\100\SDT_100_1_0.8_2.txt,adaptive,custom,0,0,1,1,1,0,0,0,-1,-1,1,1,1,1,1,12288,85099,,,0.3181,99,99,3,197,3,0,1,1518,0,0,0,0,0,0,26,99,99,0,0,0.1228,0,66,0,0.0158615,168,,,,,,,,,,,,,,,,,,,,,,C:\c++\test2\results\article_code_comparison\raw_results.csv,article_runner_filename_mismatch_R1_expected_1.0
100,1.0,0.8,2,D:\test2\results\article_code_comparison\data\100\SDT_100_1_0.8_3.txt,D:\test2\results\article_code_comparison,generated_by_project_generator,D:\test2\x64\Release\bm_solver.exe,SOLVED,70810,0.2656,54.201,,,100,13272,1802240,ERROR,,54.242,,,1814528,0.999244,,0.993228,NOT_COMPARABLE_ERROR,,,[run] n=100 seed=2 input=D:\test2\results\article_code_comparison\data\100\SDT_100_1_0.8_3.txt decomp=adaptive memo_backend=custom use_ub=0 use_lb=0 terminal_rules=1 position_filtering_enabled=1 enable_lawler_basic_rules=1 enable_simple_lb=0 enable_lb_memo=0 enable_edd_ub=0 ub_depth_limit=-1 lb_depth_limit=-1 terminal_all_tardy_spt=1 terminal_edd_at_most_one_tardy=1 enable_memo=1 enable_exact_memo=1 memo_full_key_verification=1 memo_memory_limit_mb=12288 cost=70810 time_ms=0.2656 nodes=79 max_depth=99 memo_hits=0 memo_misses=157 memo_exact_hits=0 memo_lb_hits=0 rule4=1 valid_pos=1126 valid_pos_pruned_3a=0 valid_pos_pruned_3b=0 memo_rejected=0 memo_forced_evict=0 lufo_passes=0 terminal_spt=1 terminal_edd=20 memo_peak=79 memo_final=79 memo_evictions=0 memo_clean_time_ms=0 reconstruction_time_ms=0.1015 reconstruction_repairs=0 reconstruction_trace_hits=58 reconstruction_trace_fallbacks=0 memo_used_mb=0.0126572 memo_bytes_per_entry=168,100,2,D:\test2\results\article_code_comparison\data\100\SDT_100_1_0.8_3.txt,adaptive,custom,0,0,1,1,1,0,0,0,-1,-1,1,1,1,1,1,12288,70810,,,0.2656,79,99,0,157,0,0,1,1126,0,0,0,0,0,1,20,79,79,0,0,0.1015,0,58,0,0.0126572,168,,,,,,,,,,,,,,,,,,,,,,C:\c++\test2\results\article_code_comparison\raw_results.csv,article_runner_filename_mismatch_R1_expected_1.0
100,1.0,0.8,3,D:\test2\results\article_code_comparison\data\100\SDT_100_1_0.8_4.txt,D:\test2\results\article_code_comparison,generated_by_project_generator,D:\test2\x64\Release\bm_solver.exe,SOLVED,109604,0.3482,53.445,,,100,15960,1785856,ERROR,,53.223,,,1814528,1.004171,,0.984199,NOT_COMPARABLE_ERROR,,,[run] n=100 seed=3 input=D:\test2\results\article_code_comparison\data\100\SDT_100_1_0.8_4.txt decomp=adaptive memo_backend=custom use_ub=0 use_lb=0 terminal_rules=1 position_filtering_enabled=1 enable_lawler_basic_rules=1 enable_simple_lb=0 enable_lb_memo=0 enable_edd_ub=0 ub_depth_limit=-1 lb_depth_limit=-1 terminal_all_tardy_spt=1 terminal_edd_at_most_one_tardy=1 enable_memo=1 enable_exact_memo=1 memo_full_key_verification=1 memo_memory_limit_mb=12288 cost=109604 time_ms=0.3482 nodes=95 max_depth=99 memo_hits=0 memo_misses=189 memo_exact_hits=0 memo_lb_hits=0 rule4=1 valid_pos=1244 valid_pos_pruned_3a=0 valid_pos_pruned_3b=0 memo_rejected=0 memo_forced_evict=0 lufo_passes=0 terminal_spt=1 terminal_edd=26 memo_peak=95 memo_final=95 memo_evictions=0 memo_clean_time_ms=0 reconstruction_time_ms=0.1187 reconstruction_repairs=0 reconstruction_trace_hits=67 reconstruction_trace_fallbacks=0 memo_used_mb=0.0152206 memo_bytes_per_entry=168,100,3,D:\test2\results\article_code_comparison\data\100\SDT_100_1_0.8_4.txt,adaptive,custom,0,0,1,1,1,0,0,0,-1,-1,1,1,1,1,1,12288,109604,,,0.3482,95,99,0,189,0,0,1,1244,0,0,0,0,0,1,26,95,95,0,0,0.1187,0,67,0,0.0152206,168,,,,,,,,,,,,,,,,,,,,,,C:\c++\test2\results\article_code_comparison\raw_results.csv,article_runner_filename_mismatch_R1_expected_1.0
100,1.0,0.8,4,D:\test2\results\article_code_comparison\data\100\SDT_100_1_0.8_5.txt,D:\test2\results\article_code_comparison,generated_by_project_generator,D:\test2\x64\Release\bm_solver.exe,SOLVED,104042,0.3347,53.175,,,100,16128,1650688,ERROR,,53.199,,,1810432,0.999549,,0.911765,NOT_COMPARABLE_ERROR,,,[run] n=100 seed=4 input=D:\test2\results\article_code_comparison\data\100\SDT_100_1_0.8_5.txt decomp=adaptive memo_backend=custom use_ub=0 use_lb=0 terminal_rules=1 position_filtering_enabled=1 enable_lawler_basic_rules=1 enable_simple_lb=0 enable_lb_memo=0 enable_edd_ub=0 ub_depth_limit=-1 lb_depth_limit=-1 terminal_all_tardy_spt=1 terminal_edd_at_most_one_tardy=1 enable_memo=1 enable_exact_memo=1 memo_full_key_verification=1 memo_memory_limit_mb=12288 cost=104042 time_ms=0.3347 nodes=96 max_depth=99 memo_hits=4 memo_misses=191 memo_exact_hits=4 memo_lb_hits=0 rule4=1 valid_pos=2007 valid_pos_pruned_3a=0 valid_pos_pruned_3b=0 memo_rejected=0 memo_forced_evict=0 lufo_passes=0 terminal_spt=3 terminal_edd=28 memo_peak=96 memo_final=96 memo_evictions=0 memo_clean_time_ms=0 reconstruction_time_ms=0.1036 reconstruction_repairs=0 reconstruction_trace_hits=60 reconstruction_trace_fallbacks=0 memo_used_mb=0.0153809 memo_bytes_per_entry=168,100,4,D:\test2\results\article_code_comparison\data\100\SDT_100_1_0.8_5.txt,adaptive,custom,0,0,1,1,1,0,0,0,-1,-1,1,1,1,1,1,12288,104042,,,0.3347,96,99,4,191,4,0,1,2007,0,0,0,0,0,3,28,96,96,0,0,0.1036,0,60,0,0.0153809,168,,,,,,,,,,,,,,,,,,,,,,C:\c++\test2\results\article_code_comparison\raw_results.csv,article_runner_filename_mismatch_R1_expected_1.0
100,1.0,0.8,5,D:\test2\results\article_code_comparison\data\100\SDT_100_1_0.8_6.txt,D:\test2\results\article_code_comparison,generated_by_project_generator,D:\test2\x64\Release\bm_solver.exe,SOLVED,80247,0.3342,53.334,,,100,15960,1794048,ERROR,,53.641,,,1847296,0.994277,,0.971175,NOT_COMPARABLE_ERROR,,,[run] n=100 seed=5 input=D:\test2\results\article_code_comparison\data\100\SDT_100_1_0.8_6.txt decomp=adaptive memo_backend=custom use_ub=0 use_lb=0 terminal_rules=1 position_filtering_enabled=1 enable_lawler_basic_rules=1 enable_simple_lb=0 enable_lb_memo=0 enable_edd_ub=0 ub_depth_limit=-1 lb_depth_limit=-1 terminal_all_tardy_spt=1 terminal_edd_at_most_one_tardy=1 enable_memo=1 enable_exact_memo=1 memo_full_key_verification=1 memo_memory_limit_mb=12288 cost=80247 time_ms=0.3342 nodes=95 max_depth=99 memo_hits=3 memo_misses=189 memo_exact_hits=3 memo_lb_hits=0 rule4=1 valid_pos=1735 valid_pos_pruned_3a=0 valid_pos_pruned_3b=0 memo_rejected=0 memo_forced_evict=0 lufo_passes=0 terminal_spt=1 terminal_edd=25 memo_peak=95 memo_final=95 memo_evictions=0 memo_clean_time_ms=0 reconstruction_time_ms=0.1128 reconstruction_repairs=0 reconstruction_trace_hits=65 reconstruction_trace_fallbacks=0 memo_used_mb=0.0152206 memo_bytes_per_entry=168,100,5,D:\test2\results\article_code_comparison\data\100\SDT_100_1_0.8_6.txt,adaptive,custom,0,0,1,1,1,0,0,0,-1,-1,1,1,1,1,1,12288,80247,,,0.3342,95,99,3,189,3,0,1,1735,0,0,0,0,0,1,25,95,95,0,0,0.1128,0,65,0,0.0152206,168,,,,,,,,,,,,,,,,,,,,,,C:\c++\test2\results\article_code_comparison\raw_results.csv,article_runner_filename_mismatch_R1_expected_1.0
100,1.0,0.8,6,D:\test2\results\article_code_comparison\data\100\SDT_100_1_0.8_7.txt,D:\test2\results\article_code_comparison,generated_by_project_generator,D:\test2\x64\Release\bm_solver.exe,SOLVED,73359,0.3522,53.545,,,100,19320,1773568,ERROR,,53.391,,,1794048,1.002884,,0.988584,NOT_COMPARABLE_ERROR,,,[run] n=100 seed=6 input=D:\test2\results\article_code_comparison\data\100\SDT_100_1_0.8_7.txt decomp=adaptive memo_backend=custom use_ub=0 use_lb=0 terminal_rules=1 position_filtering_enabled=1 enable_lawler_basic_rules=1 enable_simple_lb=0 enable_lb_memo=0 enable_edd_ub=0 ub_depth_limit=-1 lb_depth_limit=-1 terminal_all_tardy_spt=1 terminal_edd_at_most_one_tardy=1 enable_memo=1 enable_exact_memo=1 memo_full_key_verification=1 memo_memory_limit_mb=12288 cost=73359 time_ms=0.3522 nodes=115 max_depth=99 memo_hits=8 memo_misses=229 memo_exact_hits=8 memo_lb_hits=0 rule4=1 valid_pos=958 valid_pos_pruned_3a=0 valid_pos_pruned_3b=0 memo_rejected=0 memo_forced_evict=0 lufo_passes=0 terminal_spt=4 terminal_edd=33 memo_peak=115 memo_final=115 memo_evictions=0 memo_clean_time_ms=0 reconstruction_time_ms=0.1107 reconstruction_repairs=0 reconstruction_trace_hits=60 reconstruction_trace_fallbacks=0 memo_used_mb=0.018425 memo_bytes_per_entry=168,100,6,D:\test2\results\article_code_comparison\data\100\SDT_100_1_0.8_7.txt,adaptive,custom,0,0,1,1,1,0,0,0,-1,-1,1,1,1,1,1,12288,73359,,,0.3522,115,99,8,229,8,0,1,958,0,0,0,0,0,4,33,115,115,0,0,0.1107,0,60,0,0.018425,168,,,,,,,,,,,,,,,,,,,,,,C:\c++\test2\results\article_code_comparison\raw_results.csv,article_runner_filename_mismatch_R1_expected_1.0
100,1.0,0.8,7,D:\test2\results\article_code_comparison\data\100\SDT_100_1_0.8_8.txt,D:\test2\results\article_code_comparison,generated_by_project_generator,D:\test2\x64\Release\bm_solver.exe,SOLVED,60880,0.2688,53.506,,,100,14784,1708032,ERROR,,53.202,,,1777664,1.005714,,0.960829,NOT_COMPARABLE_ERROR,,,[run] n=100 seed=7 input=D:\test2\results\article_code_comparison\data\100\SDT_100_1_0.8_8.txt decomp=adaptive memo_backend=custom use_ub=0 use_lb=0 terminal_rules=1 position_filtering_enabled=1 enable_lawler_basic_rules=1 enable_simple_lb=0 enable_lb_memo=0 enable_edd_ub=0 ub_depth_limit=-1 lb_depth_limit=-1 terminal_all_tardy_spt=1 terminal_edd_at_most_one_tardy=1 enable_memo=1 enable_exact_memo=1 memo_full_key_verification=1 memo_memory_limit_mb=12288 cost=60880 time_ms=0.2688 nodes=88 max_depth=99 memo_hits=2 memo_misses=175 memo_exact_hits=2 memo_lb_hits=0 rule4=1 valid_pos=1420 valid_pos_pruned_3a=0 valid_pos_pruned_3b=0 memo_rejected=0 memo_forced_evict=0 lufo_passes=0 terminal_spt=0 terminal_edd=27 memo_peak=88 memo_final=88 memo_evictions=0 memo_clean_time_ms=0 reconstruction_time_ms=0.0991 reconstruction_repairs=0 reconstruction_trace_hits=57 reconstruction_trace_fallbacks=0 memo_used_mb=0.0140991 memo_bytes_per_entry=168,100,7,D:\test2\results\article_code_comparison\data\100\SDT_100_1_0.8_8.txt,adaptive,custom,0,0,1,1,1,0,0,0,-1,-1,1,1,1,1,1,12288,60880,,,0.2688,88,99,2,175,2,0,1,1420,0,0,0,0,0,0,27,88,88,0,0,0.0991,0,57,0,0.0140991,168,,,,,,,,,,,,,,,,,,,,,,C:\c++\test2\results\article_code_comparison\raw_results.csv,article_runner_filename_mismatch_R1_expected_1.0
100,1.0,0.8,8,D:\test2\results\article_code_comparison\data\100\SDT_100_1_0.8_9.txt,D:\test2\results\article_code_comparison,generated_by_project_generator,D:\test2\x64\Release\bm_solver.exe,SOLVED,77940,0.362,53.385,,,100,21000,1650688,ERROR,,53.596,,,1777664,0.996063,,0.928571,NOT_COMPARABLE_ERROR,,,[run] n=100 seed=8 input=D:\test2\results\article_code_comparison\data\100\SDT_100_1_0.8_9.txt decomp=adaptive memo_backend=custom use_ub=0 use_lb=0 terminal_rules=1 position_filtering_enabled=1 enable_lawler_basic_rules=1 enable_simple_lb=0 enable_lb_memo=0 enable_edd_ub=0 ub_depth_limit=-1 lb_depth_limit=-1 terminal_all_tardy_spt=1 terminal_edd_at_most_one_tardy=1 enable_memo=1 enable_exact_memo=1 memo_full_key_verification=1 memo_memory_limit_mb=12288 cost=77940 time_ms=0.362 nodes=125 max_depth=99 memo_hits=7 memo_misses=249 memo_exact_hits=7 memo_lb_hits=0 rule4=1 valid_pos=2314 valid_pos_pruned_3a=0 valid_pos_pruned_3b=0 memo_rejected=0 memo_forced_evict=0 lufo_passes=0 terminal_spt=2 terminal_edd=33 memo_peak=125 memo_final=125 memo_evictions=0 memo_clean_time_ms=0 reconstruction_time_ms=0.125 reconstruction_repairs=0 reconstruction_trace_hits=65 reconstruction_trace_fallbacks=0 memo_used_mb=0.0200272 memo_bytes_per_entry=168,100,8,D:\test2\results\article_code_comparison\data\100\SDT_100_1_0.8_9.txt,adaptive,custom,0,0,1,1,1,0,0,0,-1,-1,1,1,1,1,1,12288,77940,,,0.362,125,99,7,249,7,0,1,2314,0,0,0,0,0,2,33,125,125,0,0,0.125,0,65,0,0.0200272,168,,,,,,,,,,,,,,,,,,,,,,C:\c++\test2\results\article_code_comparison\raw_results.csv,article_runner_filename_mismatch_R1_expected_1.0
100,1.0,0.8,9,D:\test2\results\article_code_comparison\data\100\SDT_100_1_0.8_10.txt,D:\test2\results\article_code_comparison,generated_by_project_generator,D:\test2\x64\Release\bm_solver.exe,SOLVED,64837,0.3479,53.335,,,100,16800,1863680,ERROR,,53.262,,,1814528,1.001371,,1.027088,NOT_COMPARABLE_ERROR,,,[run] n=100 seed=9 input=D:\test2\results\article_code_comparison\data\100\SDT_100_1_0.8_10.txt decomp=adaptive memo_backend=custom use_ub=0 use_lb=0 terminal_rules=1 position_filtering_enabled=1 enable_lawler_basic_rules=1 enable_simple_lb=0 enable_lb_memo=0 enable_edd_ub=0 ub_depth_limit=-1 lb_depth_limit=-1 terminal_all_tardy_spt=1 terminal_edd_at_most_one_tardy=1 enable_memo=1 enable_exact_memo=1 memo_full_key_verification=1 memo_memory_limit_mb=12288 cost=64837 time_ms=0.3479 nodes=100 max_depth=99 memo_hits=3 memo_misses=199 memo_exact_hits=3 memo_lb_hits=0 rule4=1 valid_pos=1263 valid_pos_pruned_3a=0 valid_pos_pruned_3b=0 memo_rejected=0 memo_forced_evict=0 lufo_passes=0 terminal_spt=0 terminal_edd=27 memo_peak=100 memo_final=100 memo_evictions=0 memo_clean_time_ms=0 reconstruction_time_ms=0.1197 reconstruction_repairs=0 reconstruction_trace_hits=64 reconstruction_trace_fallbacks=0 memo_used_mb=0.0160217 memo_bytes_per_entry=168,100,9,D:\test2\results\article_code_comparison\data\100\SDT_100_1_0.8_10.txt,adaptive,custom,0,0,1,1,1,0,0,0,-1,-1,1,1,1,1,1,12288,64837,,,0.3479,100,99,3,199,3,0,1,1263,0,0,0,0,0,0,27,100,100,0,0,0.1197,0,64,0,0.0160217,168,,,,,,,,,,,,,,,,,,,,,,C:\c++\test2\results\article_code_comparison\raw_results.csv,article_runner_filename_mismatch_R1_expected_1.0
200,1.0,0.2,0,D:\test2\results\article_code_comparison\data\200\SDT_200_1_0.2_1.txt,D:\test2\results\article_code_comparison,generated_by_project_generator,D:\test2\x64\Release\bm_solver.exe,SOLVED,0,0.0115,53.625,,,200,104,1720320,ERROR,,53.185,,,1806336,1.008273,,0.952381,NOT_COMPARABLE_ERROR,,,[run] n=200 seed=0 input=D:\test2\results\article_code_comparison\data\200\SDT_200_1_0.2_1.txt decomp=adaptive memo_backend=custom use_ub=0 use_lb=0 terminal_rules=1 position_filtering_enabled=1 enable_lawler_basic_rules=1 enable_simple_lb=0 enable_lb_memo=0 enable_edd_ub=0 ub_depth_limit=-1 lb_depth_limit=-1 terminal_all_tardy_spt=1 terminal_edd_at_most_one_tardy=1 enable_memo=1 enable_exact_memo=1 memo_full_key_verification=1 memo_memory_limit_mb=12288 cost=0 time_ms=0.0115 nodes=1 max_depth=0 memo_hits=0 memo_misses=1 memo_exact_hits=0 memo_lb_hits=0 rule4=1 valid_pos=0 valid_pos_pruned_3a=0 valid_pos_pruned_3b=0 memo_rejected=0 memo_forced_evict=0 lufo_passes=0 terminal_spt=0 terminal_edd=1 memo_peak=1 memo_final=1 memo_evictions=0 memo_clean_time_ms=0 reconstruction_time_ms=0.0016 reconstruction_repairs=0 reconstruction_trace_hits=0 reconstruction_trace_fallbacks=0 memo_used_mb=9.91821e-05 memo_bytes_per_entry=104,200,0,D:\test2\results\article_code_comparison\data\200\SDT_200_1_0.2_1.txt,adaptive,custom,0,0,1,1,1,0,0,0,-1,-1,1,1,1,1,1,12288,0,,,0.0115,1,0,0,1,0,0,1,0,0,0,0,0,0,0,1,1,1,0,0,0.0016,0,0,0,9.91821e-05,104,,,,,,,,,,,,,,,,,,,,,,C:\c++\test2\results\article_code_comparison\raw_results.csv,article_runner_filename_mismatch_R1_expected_1.0
200,1.0,0.2,1,D:\test2\results\article_code_comparison\data\200\SDT_200_1_0.2_2.txt,D:\test2\results\article_code_comparison,generated_by_project_generator,D:\test2\x64\Release\bm_solver.exe,SOLVED,0,0.0121,53.399,,,200,104,1724416,ERROR,,53.211,,,1802240,1.003533,,0.956818,NOT_COMPARABLE_ERROR,,,[run] n=200 seed=1 input=D:\test2\results\article_code_comparison\data\200\SDT_200_1_0.2_2.txt decomp=adaptive memo_backend=custom use_ub=0 use_lb=0 terminal_rules=1 position_filtering_enabled=1 enable_lawler_basic_rules=1 enable_simple_lb=0 enable_lb_memo=0 enable_edd_ub=0 ub_depth_limit=-1 lb_depth_limit=-1 terminal_all_tardy_spt=1 terminal_edd_at_most_one_tardy=1 enable_memo=1 enable_exact_memo=1 memo_full_key_verification=1 memo_memory_limit_mb=12288 cost=0 time_ms=0.0121 nodes=1 max_depth=0 memo_hits=0 memo_misses=1 memo_exact_hits=0 memo_lb_hits=0 rule4=1 valid_pos=0 valid_pos_pruned_3a=0 valid_pos_pruned_3b=0 memo_rejected=0 memo_forced_evict=0 lufo_passes=0 terminal_spt=0 terminal_edd=1 memo_peak=1 memo_final=1 memo_evictions=0 memo_clean_time_ms=0 reconstruction_time_ms=0.0014 reconstruction_repairs=0 reconstruction_trace_hits=0 reconstruction_trace_fallbacks=0 memo_used_mb=9.91821e-05 memo_bytes_per_entry=104,200,1,D:\test2\results\article_code_comparison\data\200\SDT_200_1_0.2_2.txt,adaptive,custom,0,0,1,1,1,0,0,0,-1,-1,1,1,1,1,1,12288,0,,,0.0121,1,0,0,1,0,0,1,0,0,0,0,0,0,0,1,1,1,0,0,0.0014,0,0,0,9.91821e-05,104,,,,,,,,,,,,,,,,,,,,,,C:\c++\test2\results\article_code_comparison\raw_results.csv,article_runner_filename_mismatch_R1_expected_1.0
200,1.0,0.2,2,D:\test2\results\article_code_comparison\data\200\SDT_200_1_0.2_3.txt,D:\test2\results\article_code_comparison,generated_by_project_generator,D:\test2\x64\Release\bm_solver.exe,SOLVED,0,0.0149,54.011,,,200,104,1810432,ERROR,,54.007,,,1785856,1.000074,,1.013761,NOT_COMPARABLE_ERROR,,,[run] n=200 seed=2 input=D:\test2\results\article_code_comparison\data\200\SDT_200_1_0.2_3.txt decomp=adaptive memo_backend=custom use_ub=0 use_lb=0 terminal_rules=1 position_filtering_enabled=1 enable_lawler_basic_rules=1 enable_simple_lb=0 enable_lb_memo=0 enable_edd_ub=0 ub_depth_limit=-1 lb_depth_limit=-1 terminal_all_tardy_spt=1 terminal_edd_at_most_one_tardy=1 enable_memo=1 enable_exact_memo=1 memo_full_key_verification=1 memo_memory_limit_mb=12288 cost=0 time_ms=0.0149 nodes=1 max_depth=0 memo_hits=0 memo_misses=1 memo_exact_hits=0 memo_lb_hits=0 rule4=1 valid_pos=0 valid_pos_pruned_3a=0 valid_pos_pruned_3b=0 memo_rejected=0 memo_forced_evict=0 lufo_passes=0 terminal_spt=0 terminal_edd=1 memo_peak=1 memo_final=1 memo_evictions=0 memo_clean_time_ms=0 reconstruction_time_ms=0.0016 reconstruction_repairs=0 reconstruction_trace_hits=0 reconstruction_trace_fallbacks=0 memo_used_mb=9.91821e-05 memo_bytes_per_entry=104,200,2,D:\test2\results\article_code_comparison\data\200\SDT_200_1_0.2_3.txt,adaptive,custom,0,0,1,1,1,0,0,0,-1,-1,1,1,1,1,1,12288,0,,,0.0149,1,0,0,1,0,0,1,0,0,0,0,0,0,0,1,1,1,0,0,0.0016,0,0,0,9.91821e-05,104,,,,,,,,,,,,,,,,,,,,,,C:\c++\test2\results\article_code_comparison\raw_results.csv,article_runner_filename_mismatch_R1_expected_1.0
200,1.0,0.2,3,D:\test2\results\article_code_comparison\data\200\SDT_200_1_0.2_4.txt,D:\test2\results\article_code_comparison,generated_by_project_generator,D:\test2\x64\Release\bm_solver.exe,SOLVED,0,0.0148,54.436,,,200,104,1875968,ERROR,,53.176,,,1830912,1.023695,,1.024609,NOT_COMPARABLE_ERROR,,,[run] n=200 seed=3 input=D:\test2\results\article_code_comparison\data\200\SDT_200_1_0.2_4.txt decomp=adaptive memo_backend=custom use_ub=0 use_lb=0 terminal_rules=1 position_filtering_enabled=1 enable_lawler_basic_rules=1 enable_simple_lb=0 enable_lb_memo=0 enable_edd_ub=0 ub_depth_limit=-1 lb_depth_limit=-1 terminal_all_tardy_spt=1 terminal_edd_at_most_one_tardy=1 enable_memo=1 enable_exact_memo=1 memo_full_key_verification=1 memo_memory_limit_mb=12288 cost=0 time_ms=0.0148 nodes=1 max_depth=0 memo_hits=0 memo_misses=1 memo_exact_hits=0 memo_lb_hits=0 rule4=1 valid_pos=0 valid_pos_pruned_3a=0 valid_pos_pruned_3b=0 memo_rejected=0 memo_forced_evict=0 lufo_passes=0 terminal_spt=0 terminal_edd=1 memo_peak=1 memo_final=1 memo_evictions=0 memo_clean_time_ms=0 reconstruction_time_ms=0.0014 reconstruction_repairs=0 reconstruction_trace_hits=0 reconstruction_trace_fallbacks=0 memo_used_mb=9.91821e-05 memo_bytes_per_entry=104,200,3,D:\test2\results\article_code_comparison\data\200\SDT_200_1_0.2_4.txt,adaptive,custom,0,0,1,1,1,0,0,0,-1,-1,1,1,1,1,1,12288,0,,,0.0148,1,0,0,1,0,0,1,0,0,0,0,0,0,0,1,1,1,0,0,0.0014,0,0,0,9.91821e-05,104,,,,,,,,,,,,,,,,,,,,,,C:\c++\test2\results\article_code_comparison\raw_results.csv,article_runner_filename_mismatch_R1_expected_1.0
200,1.0,0.2,4,D:\test2\results\article_code_comparison\data\200\SDT_200_1_0.2_5.txt,D:\test2\results\article_code_comparison,generated_by_project_generator,D:\test2\x64\Release\bm_solver.exe,SOLVED,0,0.0109,53.452,,,200,104,1740800,ERROR,,53.784,,,1716224,0.993827,,1.01432,NOT_COMPARABLE_ERROR,,,[run] n=200 seed=4 input=D:\test2\results\article_code_comparison\data\200\SDT_200_1_0.2_5.txt decomp=adaptive memo_backend=custom use_ub=0 use_lb=0 terminal_rules=1 position_filtering_enabled=1 enable_lawler_basic_rules=1 enable_simple_lb=0 enable_lb_memo=0 enable_edd_ub=0 ub_depth_limit=-1 lb_depth_limit=-1 terminal_all_tardy_spt=1 terminal_edd_at_most_one_tardy=1 enable_memo=1 enable_exact_memo=1 memo_full_key_verification=1 memo_memory_limit_mb=12288 cost=0 time_ms=0.0109 nodes=1 max_depth=0 memo_hits=0 memo_misses=1 memo_exact_hits=0 memo_lb_hits=0 rule4=1 valid_pos=0 valid_pos_pruned_3a=0 valid_pos_pruned_3b=0 memo_rejected=0 memo_forced_evict=0 lufo_passes=0 terminal_spt=0 terminal_edd=1 memo_peak=1 memo_final=1 memo_evictions=0 memo_clean_time_ms=0 reconstruction_time_ms=0.0014 reconstruction_repairs=0 reconstruction_trace_hits=0 reconstruction_trace_fallbacks=0 memo_used_mb=9.91821e-05 memo_bytes_per_entry=104,200,4,D:\test2\results\article_code_comparison\data\200\SDT_200_1_0.2_5.txt,adaptive,custom,0,0,1,1,1,0,0,0,-1,-1,1,1,1,1,1,12288,0,,,0.0109,1,0,0,1,0,0,1,0,0,0,0,0,0,0,1,1,1,0,0,0.0014,0,0,0,9.91821e-05,104,,,,,,,,,,,,,,,,,,,,,,C:\c++\test2\results\article_code_comparison\raw_results.csv,article_runner_filename_mismatch_R1_expected_1.0
200,1.0,0.2,5,D:\test2\results\article_code_comparison\data\200\SDT_200_1_0.2_6.txt,D:\test2\results\article_code_comparison,generated_by_project_generator,D:\test2\x64\Release\bm_solver.exe,SOLVED,0,0.0116,53.493,,,200,104,1708032,ERROR,,53.324,,,1810432,1.003169,,0.943439,NOT_COMPARABLE_ERROR,,,[run] n=200 seed=5 input=D:\test2\results\article_code_comparison\data\200\SDT_200_1_0.2_6.txt decomp=adaptive memo_backend=custom use_ub=0 use_lb=0 terminal_rules=1 position_filtering_enabled=1 enable_lawler_basic_rules=1 enable_simple_lb=0 enable_lb_memo=0 enable_edd_ub=0 ub_depth_limit=-1 lb_depth_limit=-1 terminal_all_tardy_spt=1 terminal_edd_at_most_one_tardy=1 enable_memo=1 enable_exact_memo=1 memo_full_key_verification=1 memo_memory_limit_mb=12288 cost=0 time_ms=0.0116 nodes=1 max_depth=0 memo_hits=0 memo_misses=1 memo_exact_hits=0 memo_lb_hits=0 rule4=1 valid_pos=0 valid_pos_pruned_3a=0 valid_pos_pruned_3b=0 memo_rejected=0 memo_forced_evict=0 lufo_passes=0 terminal_spt=0 terminal_edd=1 memo_peak=1 memo_final=1 memo_evictions=0 memo_clean_time_ms=0 reconstruction_time_ms=0.0014 reconstruction_repairs=0 reconstruction_trace_hits=0 reconstruction_trace_fallbacks=0 memo_used_mb=9.91821e-05 memo_bytes_per_entry=104,200,5,D:\test2\results\article_code_comparison\data\200\SDT_200_1_0.2_6.txt,adaptive,custom,0,0,1,1,1,0,0,0,-1,-1,1,1,1,1,1,12288,0,,,0.0116,1,0,0,1,0,0,1,0,0,0,0,0,0,0,1,1,1,0,0,0.0014,0,0,0,9.91821e-05,104,,,,,,,,,,,,,,,,,,,,,,C:\c++\test2\results\article_code_comparison\raw_results.csv,article_runner_filename_mismatch_R1_expected_1.0
200,1.0,0.2,6,D:\test2\results\article_code_comparison\data\200\SDT_200_1_0.2_7.txt,D:\test2\results\article_code_comparison,generated_by_project_generator,D:\test2\x64\Release\bm_solver.exe,SOLVED,0,0.0118,53.693,,,200,104,1708032,ERROR,,53.198,,,1814528,1.009305,,0.941309,NOT_COMPARABLE_ERROR,,,[run] n=200 seed=6 input=D:\test2\results\article_code_comparison\data\200\SDT_200_1_0.2_7.txt decomp=adaptive memo_backend=custom use_ub=0 use_lb=0 terminal_rules=1 position_filtering_enabled=1 enable_lawler_basic_rules=1 enable_simple_lb=0 enable_lb_memo=0 enable_edd_ub=0 ub_depth_limit=-1 lb_depth_limit=-1 terminal_all_tardy_spt=1 terminal_edd_at_most_one_tardy=1 enable_memo=1 enable_exact_memo=1 memo_full_key_verification=1 memo_memory_limit_mb=12288 cost=0 time_ms=0.0118 nodes=1 max_depth=0 memo_hits=0 memo_misses=1 memo_exact_hits=0 memo_lb_hits=0 rule4=1 valid_pos=0 valid_pos_pruned_3a=0 valid_pos_pruned_3b=0 memo_rejected=0 memo_forced_evict=0 lufo_passes=0 terminal_spt=0 terminal_edd=1 memo_peak=1 memo_final=1 memo_evictions=0 memo_clean_time_ms=0 reconstruction_time_ms=0.0018 reconstruction_repairs=0 reconstruction_trace_hits=0 reconstruction_trace_fallbacks=0 memo_used_mb=9.91821e-05 memo_bytes_per_entry=104,200,6,D:\test2\results\article_code_comparison\data\200\SDT_200_1_0.2_7.txt,adaptive,custom,0,0,1,1,1,0,0,0,-1,-1,1,1,1,1,1,12288,0,,,0.0118,1,0,0,1,0,0,1,0,0,0,0,0,0,0,1,1,1,0,0,0.0018,0,0,0,9.91821e-05,104,,,,,,,,,,,,,,,,,,,,,,C:\c++\test2\results\article_code_comparison\raw_results.csv,article_runner_filename_mismatch_R1_expected_1.0
200,1.0,0.2,7,D:\test2\results\article_code_comparison\data\200\SDT_200_1_0.2_8.txt,D:\test2\results\article_code_comparison,generated_by_project_generator,D:\test2\x64\Release\bm_solver.exe,SOLVED,0,0.0116,54.171,,,200,104,1904640,ERROR,,53.603,,,1736704,1.010596,,1.096698,NOT_COMPARABLE_ERROR,,,[run] n=200 seed=7 input=D:\test2\results\article_code_comparison\data\200\SDT_200_1_0.2_8.txt decomp=adaptive memo_backend=custom use_ub=0 use_lb=0 terminal_rules=1 position_filtering_enabled=1 enable_lawler_basic_rules=1 enable_simple_lb=0 enable_lb_memo=0 enable_edd_ub=0 ub_depth_limit=-1 lb_depth_limit=-1 terminal_all_tardy_spt=1 terminal_edd_at_most_one_tardy=1 enable_memo=1 enable_exact_memo=1 memo_full_key_verification=1 memo_memory_limit_mb=12288 cost=0 time_ms=0.0116 nodes=1 max_depth=0 memo_hits=0 memo_misses=1 memo_exact_hits=0 memo_lb_hits=0 rule4=1 valid_pos=0 valid_pos_pruned_3a=0 valid_pos_pruned_3b=0 memo_rejected=0 memo_forced_evict=0 lufo_passes=0 terminal_spt=0 terminal_edd=1 memo_peak=1 memo_final=1 memo_evictions=0 memo_clean_time_ms=0 reconstruction_time_ms=0.0015 reconstruction_repairs=0 reconstruction_trace_hits=0 reconstruction_trace_fallbacks=0 memo_used_mb=9.91821e-05 memo_bytes_per_entry=104,200,7,D:\test2\results\article_code_comparison\data\200\SDT_200_1_0.2_8.txt,adaptive,custom,0,0,1,1,1,0,0,0,-1,-1,1,1,1,1,1,12288,0,,,0.0116,1,0,0,1,0,0,1,0,0,0,0,0,0,0,1,1,1,0,0,0.0015,0,0,0,9.91821e-05,104,,,,,,,,,,,,,,,,,,,,,,C:\c++\test2\results\article_code_comparison\raw_results.csv,article_runner_filename_mismatch_R1_expected_1.0
200,1.0,0.2,8,D:\test2\results\article_code_comparison\data\200\SDT_200_1_0.2_9.txt,D:\test2\results\article_code_comparison,generated_by_project_generator,D:\test2\x64\Release\bm_solver.exe,SOLVED,0,0.0124,53.759,,,200,104,1875968,ERROR,,54.131,,,1810432,0.993128,,1.036199,NOT_COMPARABLE_ERROR,,,[run] n=200 seed=8 input=D:\test2\results\article_code_comparison\data\200\SDT_200_1_0.2_9.txt decomp=adaptive memo_backend=custom use_ub=0 use_lb=0 terminal_rules=1 position_filtering_enabled=1 enable_lawler_basic_rules=1 enable_simple_lb=0 enable_lb_memo=0 enable_edd_ub=0 ub_depth_limit=-1 lb_depth_limit=-1 terminal_all_tardy_spt=1 terminal_edd_at_most_one_tardy=1 enable_memo=1 enable_exact_memo=1 memo_full_key_verification=1 memo_memory_limit_mb=12288 cost=0 time_ms=0.0124 nodes=1 max_depth=0 memo_hits=0 memo_misses=1 memo_exact_hits=0 memo_lb_hits=0 rule4=1 valid_pos=0 valid_pos_pruned_3a=0 valid_pos_pruned_3b=0 memo_rejected=0 memo_forced_evict=0 lufo_passes=0 terminal_spt=0 terminal_edd=1 memo_peak=1 memo_final=1 memo_evictions=0 memo_clean_time_ms=0 reconstruction_time_ms=0.0015 reconstruction_repairs=0 reconstruction_trace_hits=0 reconstruction_trace_fallbacks=0 memo_used_mb=9.91821e-05 memo_bytes_per_entry=104,200,8,D:\test2\results\article_code_comparison\data\200\SDT_200_1_0.2_9.txt,adaptive,custom,0,0,1,1,1,0,0,0,-1,-1,1,1,1,1,1,12288,0,,,0.0124,1,0,0,1,0,0,1,0,0,0,0,0,0,0,1,1,1,0,0,0.0015,0,0,0,9.91821e-05,104,,,,,,,,,,,,,,,,,,,,,,C:\c++\test2\results\article_code_comparison\raw_results.csv,article_runner_filename_mismatch_R1_expected_1.0
200,1.0,0.2,9,D:\test2\results\article_code_comparison\data\200\SDT_200_1_0.2_10.txt,D:\test2\results\article_code_comparison,generated_by_project_generator,D:\test2\x64\Release\bm_solver.exe,SOLVED,0,0.0143,53.532,,,200,104,1769472,ERROR,,54.266,,,1802240,0.986474,,0.981818,NOT_COMPARABLE_ERROR,,,[run] n=200 seed=9 input=D:\test2\results\article_code_comparison\data\200\SDT_200_1_0.2_10.txt decomp=adaptive memo_backend=custom use_ub=0 use_lb=0 terminal_rules=1 position_filtering_enabled=1 enable_lawler_basic_rules=1 enable_simple_lb=0 enable_lb_memo=0 enable_edd_ub=0 ub_depth_limit=-1 lb_depth_limit=-1 terminal_all_tardy_spt=1 terminal_edd_at_most_one_tardy=1 enable_memo=1 enable_exact_memo=1 memo_full_key_verification=1 memo_memory_limit_mb=12288 cost=0 time_ms=0.0143 nodes=1 max_depth=0 memo_hits=0 memo_misses=1 memo_exact_hits=0 memo_lb_hits=0 rule4=1 valid_pos=0 valid_pos_pruned_3a=0 valid_pos_pruned_3b=0 memo_rejected=0 memo_forced_evict=0 lufo_passes=0 terminal_spt=0 terminal_edd=1 memo_peak=1 memo_final=1 memo_evictions=0 memo_clean_time_ms=0 reconstruction_time_ms=0.0022 reconstruction_repairs=0 reconstruction_trace_hits=0 reconstruction_trace_fallbacks=0 memo_used_mb=9.91821e-05 memo_bytes_per_entry=104,200,9,D:\test2\results\article_code_comparison\data\200\SDT_200_1_0.2_10.txt,adaptive,custom,0,0,1,1,1,0,0,0,-1,-1,1,1,1,1,1,12288,0,,,0.0143,1,0,0,1,0,0,1,0,0,0,0,0,0,0,1,1,1,0,0,0.0022,0,0,0,9.91821e-05,104,,,,,,,,,,,,,,,,,,,,,,C:\c++\test2\results\article_code_comparison\raw_results.csv,article_runner_filename_mismatch_R1_expected_1.0
200,1.0,0.4,0,D:\test2\results\article_code_comparison\data\200\SDT_200_1_0.4_1.txt,D:\test2\results\article_code_comparison,generated_by_project_generator,D:\test2\x64\Release\bm_solver.exe,SOLVED,0,0.0115,53.883,,,200,104,1748992,ERROR,,53.175,,,1814528,1.013315,,0.963883,NOT_COMPARABLE_ERROR,,,[run] n=200 seed=0 input=D:\test2\results\article_code_comparison\data\200\SDT_200_1_0.4_1.txt decomp=adaptive memo_backend=custom use_ub=0 use_lb=0 terminal_rules=1 position_filtering_enabled=1 enable_lawler_basic_rules=1 enable_simple_lb=0 enable_lb_memo=0 enable_edd_ub=0 ub_depth_limit=-1 lb_depth_limit=-1 terminal_all_tardy_spt=1 terminal_edd_at_most_one_tardy=1 enable_memo=1 enable_exact_memo=1 memo_full_key_verification=1 memo_memory_limit_mb=12288 cost=0 time_ms=0.0115 nodes=1 max_depth=0 memo_hits=0 memo_misses=1 memo_exact_hits=0 memo_lb_hits=0 rule4=1 valid_pos=0 valid_pos_pruned_3a=0 valid_pos_pruned_3b=0 memo_rejected=0 memo_forced_evict=0 lufo_passes=0 terminal_spt=0 terminal_edd=1 memo_peak=1 memo_final=1 memo_evictions=0 memo_clean_time_ms=0 reconstruction_time_ms=0.0017 reconstruction_repairs=0 reconstruction_trace_hits=0 reconstruction_trace_fallbacks=0 memo_used_mb=9.91821e-05 memo_bytes_per_entry=104,200,0,D:\test2\results\article_code_comparison\data\200\SDT_200_1_0.4_1.txt,adaptive,custom,0,0,1,1,1,0,0,0,-1,-1,1,1,1,1,1,12288,0,,,0.0115,1,0,0,1,0,0,1,0,0,0,0,0,0,0,1,1,1,0,0,0.0017,0,0,0,9.91821e-05,104,,,,,,,,,,,,,,,,,,,,,,C:\c++\test2\results\article_code_comparison\raw_results.csv,article_runner_filename_mismatch_R1_expected_1.0
200,1.0,0.4,1,D:\test2\results\article_code_comparison\data\200\SDT_200_1_0.4_2.txt,D:\test2\results\article_code_comparison,generated_by_project_generator,D:\test2\x64\Release\bm_solver.exe,SOLVED,0,0.0107,53.841,,,200,104,1757184,ERROR,,53.29,,,1814528,1.01034,,0.968397,NOT_COMPARABLE_ERROR,,,[run] n=200 seed=1 input=D:\test2\results\article_code_comparison\data\200\SDT_200_1_0.4_2.txt decomp=adaptive memo_backend=custom use_ub=0 use_lb=0 terminal_rules=1 position_filtering_enabled=1 enable_lawler_basic_rules=1 enable_simple_lb=0 enable_lb_memo=0 enable_edd_ub=0 ub_depth_limit=-1 lb_depth_limit=-1 terminal_all_tardy_spt=1 terminal_edd_at_most_one_tardy=1 enable_memo=1 enable_exact_memo=1 memo_full_key_verification=1 memo_memory_limit_mb=12288 cost=0 time_ms=0.0107 nodes=1 max_depth=0 memo_hits=0 memo_misses=1 memo_exact_hits=0 memo_lb_hits=0 rule4=1 valid_pos=0 valid_pos_pruned_3a=0 valid_pos_pruned_3b=0 memo_rejected=0 memo_forced_evict=0 lufo_passes=0 terminal_spt=0 terminal_edd=1 memo_peak=1 memo_final=1 memo_evictions=0 memo_clean_time_ms=0 reconstruction_time_ms=0.0016 reconstruction_repairs=0 reconstruction_trace_hits=0 reconstruction_trace_fallbacks=0 memo_used_mb=9.91821e-05 memo_bytes_per_entry=104,200,1,D:\test2\results\article_code_comparison\data\200\SDT_200_1_0.4_2.txt,adaptive,custom,0,0,1,1,1,0,0,0,-1,-1,1,1,1,1,1,12288,0,,,0.0107,1,0,0,1,0,0,1,0,0,0,0,0,0,0,1,1,1,0,0,0.0016,0,0,0,9.91821e-05,104,,,,,,,,,,,,,,,,,,,,,,C:\c++\test2\results\article_code_comparison\raw_results.csv,article_runner_filename_mismatch_R1_expected_1.0
200,1.0,0.4,2,D:\test2\results\article_code_comparison\data\200\SDT_200_1_0.4_3.txt,D:\test2\results\article_code_comparison,generated_by_project_generator,D:\test2\x64\Release\bm_solver.exe,SOLVED,0,0.0111,53.901,,,200,104,1740800,ERROR,,53.14,,,1753088,1.014321,,0.992991,NOT_COMPARABLE_ERROR,,,[run] n=200 seed=2 input=D:\test2\results\article_code_comparison\data\200\SDT_200_1_0.4_3.txt decomp=adaptive memo_backend=custom use_ub=0 use_lb=0 terminal_rules=1 position_filtering_enabled=1 enable_lawler_basic_rules=1 enable_simple_lb=0 enable_lb_memo=0 enable_edd_ub=0 ub_depth_limit=-1 lb_depth_limit=-1 terminal_all_tardy_spt=1 terminal_edd_at_most_one_tardy=1 enable_memo=1 enable_exact_memo=1 memo_full_key_verification=1 memo_memory_limit_mb=12288 cost=0 time_ms=0.0111 nodes=1 max_depth=0 memo_hits=0 memo_misses=1 memo_exact_hits=0 memo_lb_hits=0 rule4=1 valid_pos=0 valid_pos_pruned_3a=0 valid_pos_pruned_3b=0 memo_rejected=0 memo_forced_evict=0 lufo_passes=0 terminal_spt=0 terminal_edd=1 memo_peak=1 memo_final=1 memo_evictions=0 memo_clean_time_ms=0 reconstruction_time_ms=0.0014 reconstruction_repairs=0 reconstruction_trace_hits=0 reconstruction_trace_fallbacks=0 memo_used_mb=9.91821e-05 memo_bytes_per_entry=104,200,2,D:\test2\results\article_code_comparison\data\200\SDT_200_1_0.4_3.txt,adaptive,custom,0,0,1,1,1,0,0,0,-1,-1,1,1,1,1,1,12288,0,,,0.0111,1,0,0,1,0,0,1,0,0,0,0,0,0,0,1,1,1,0,0,0.0014,0,0,0,9.91821e-05,104,,,,,,,,,,,,,,,,,,,,,,C:\c++\test2\results\article_code_comparison\raw_results.csv,article_runner_filename_mismatch_R1_expected_1.0
200,1.0,0.4,3,D:\test2\results\article_code_comparison\data\200\SDT_200_1_0.4_4.txt,D:\test2\results\article_code_comparison,generated_by_project_generator,D:\test2\x64\Release\bm_solver.exe,SOLVED,0,0.0117,53.654,,,200,104,1875968,ERROR,,53.244,,,1814528,1.0077,,1.03386,NOT_COMPARABLE_ERROR,,,[run] n=200 seed=3 input=D:\test2\results\article_code_comparison\data\200\SDT_200_1_0.4_4.txt decomp=adaptive memo_backend=custom use_ub=0 use_lb=0 terminal_rules=1 position_filtering_enabled=1 enable_lawler_basic_rules=1 enable_simple_lb=0 enable_lb_memo=0 enable_edd_ub=0 ub_depth_limit=-1 lb_depth_limit=-1 terminal_all_tardy_spt=1 terminal_edd_at_most_one_tardy=1 enable_memo=1 enable_exact_memo=1 memo_full_key_verification=1 memo_memory_limit_mb=12288 cost=0 time_ms=0.0117 nodes=1 max_depth=0 memo_hits=0 memo_misses=1 memo_exact_hits=0 memo_lb_hits=0 rule4=1 valid_pos=0 valid_pos_pruned_3a=0 valid_pos_pruned_3b=0 memo_rejected=0 memo_forced_evict=0 lufo_passes=0 terminal_spt=0 terminal_edd=1 memo_peak=1 memo_final=1 memo_evictions=0 memo_clean_time_ms=0 reconstruction_time_ms=0.0014 reconstruction_repairs=0 reconstruction_trace_hits=0 reconstruction_trace_fallbacks=0 memo_used_mb=9.91821e-05 memo_bytes_per_entry=104,200,3,D:\test2\results\article_code_comparison\data\200\SDT_200_1_0.4_4.txt,adaptive,custom,0,0,1,1,1,0,0,0,-1,-1,1,1,1,1,1,12288,0,,,0.0117,1,0,0,1,0,0,1,0,0,0,0,0,0,0,1,1,1,0,0,0.0014,0,0,0,9.91821e-05,104,,,,,,,,,,,,,,,,,,,,,,C:\c++\test2\results\article_code_comparison\raw_results.csv,article_runner_filename_mismatch_R1_expected_1.0
200,1.0,0.4,4,D:\test2\results\article_code_comparison\data\200\SDT_200_1_0.4_5.txt,D:\test2\results\article_code_comparison,generated_by_project_generator,D:\test2\x64\Release\bm_solver.exe,SOLVED,0,0.0115,53.468,,,200,104,1671168,ERROR,,53.473,,,1835008,0.999906,,0.910714,NOT_COMPARABLE_ERROR,,,[run] n=200 seed=4 input=D:\test2\results\article_code_comparison\data\200\SDT_200_1_0.4_5.txt decomp=adaptive memo_backend=custom use_ub=0 use_lb=0 terminal_rules=1 position_filtering_enabled=1 enable_lawler_basic_rules=1 enable_simple_lb=0 enable_lb_memo=0 enable_edd_ub=0 ub_depth_limit=-1 lb_depth_limit=-1 terminal_all_tardy_spt=1 terminal_edd_at_most_one_tardy=1 enable_memo=1 enable_exact_memo=1 memo_full_key_verification=1 memo_memory_limit_mb=12288 cost=0 time_ms=0.0115 nodes=1 max_depth=0 memo_hits=0 memo_misses=1 memo_exact_hits=0 memo_lb_hits=0 rule4=1 valid_pos=0 valid_pos_pruned_3a=0 valid_pos_pruned_3b=0 memo_rejected=0 memo_forced_evict=0 lufo_passes=0 terminal_spt=0 terminal_edd=1 memo_peak=1 memo_final=1 memo_evictions=0 memo_clean_time_ms=0 reconstruction_time_ms=0.0016 reconstruction_repairs=0 reconstruction_trace_hits=0 reconstruction_trace_fallbacks=0 memo_used_mb=9.91821e-05 memo_bytes_per_entry=104,200,4,D:\test2\results\article_code_comparison\data\200\SDT_200_1_0.4_5.txt,adaptive,custom,0,0,1,1,1,0,0,0,-1,-1,1,1,1,1,1,12288,0,,,0.0115,1,0,0,1,0,0,1,0,0,0,0,0,0,0,1,1,1,0,0,0.0016,0,0,0,9.91821e-05,104,,,,,,,,,,,,,,,,,,,,,,C:\c++\test2\results\article_code_comparison\raw_results.csv,article_runner_filename_mismatch_R1_expected_1.0
200,1.0,0.4,5,D:\test2\results\article_code_comparison\data\200\SDT_200_1_0.4_6.txt,D:\test2\results\article_code_comparison,generated_by_project_generator,D:\test2\x64\Release\bm_solver.exe,SOLVED,0,0.0114,53.415,,,200,104,1802240,ERROR,,53.807,,,1798144,0.992715,,1.002278,NOT_COMPARABLE_ERROR,,,[run] n=200 seed=5 input=D:\test2\results\article_code_comparison\data\200\SDT_200_1_0.4_6.txt decomp=adaptive memo_backend=custom use_ub=0 use_lb=0 terminal_rules=1 position_filtering_enabled=1 enable_lawler_basic_rules=1 enable_simple_lb=0 enable_lb_memo=0 enable_edd_ub=0 ub_depth_limit=-1 lb_depth_limit=-1 terminal_all_tardy_spt=1 terminal_edd_at_most_one_tardy=1 enable_memo=1 enable_exact_memo=1 memo_full_key_verification=1 memo_memory_limit_mb=12288 cost=0 time_ms=0.0114 nodes=1 max_depth=0 memo_hits=0 memo_misses=1 memo_exact_hits=0 memo_lb_hits=0 rule4=1 valid_pos=0 valid_pos_pruned_3a=0 valid_pos_pruned_3b=0 memo_rejected=0 memo_forced_evict=0 lufo_passes=0 terminal_spt=0 terminal_edd=1 memo_peak=1 memo_final=1 memo_evictions=0 memo_clean_time_ms=0 reconstruction_time_ms=0.0016 reconstruction_repairs=0 reconstruction_trace_hits=0 reconstruction_trace_fallbacks=0 memo_used_mb=9.91821e-05 memo_bytes_per_entry=104,200,5,D:\test2\results\article_code_comparison\data\200\SDT_200_1_0.4_6.txt,adaptive,custom,0,0,1,1,1,0,0,0,-1,-1,1,1,1,1,1,12288,0,,,0.0114,1,0,0,1,0,0,1,0,0,0,0,0,0,0,1,1,1,0,0,0.0016,0,0,0,9.91821e-05,104,,,,,,,,,,,,,,,,,,,,,,C:\c++\test2\results\article_code_comparison\raw_results.csv,article_runner_filename_mismatch_R1_expected_1.0
200,1.0,0.4,6,D:\test2\results\article_code_comparison\data\200\SDT_200_1_0.4_7.txt,D:\test2\results\article_code_comparison,generated_by_project_generator,D:\test2\x64\Release\bm_solver.exe,SOLVED,0,0.0114,53.995,,,200,104,1773568,ERROR,,53.343,,,1798144,1.012223,,0.986333,NOT_COMPARABLE_ERROR,,,[run] n=200 seed=6 input=D:\test2\results\article_code_comparison\data\200\SDT_200_1_0.4_7.txt decomp=adaptive memo_backend=custom use_ub=0 use_lb=0 terminal_rules=1 position_filtering_enabled=1 enable_lawler_basic_rules=1 enable_simple_lb=0 enable_lb_memo=0 enable_edd_ub=0 ub_depth_limit=-1 lb_depth_limit=-1 terminal_all_tardy_spt=1 terminal_edd_at_most_one_tardy=1 enable_memo=1 enable_exact_memo=1 memo_full_key_verification=1 memo_memory_limit_mb=12288 cost=0 time_ms=0.0114 nodes=1 max_depth=0 memo_hits=0 memo_misses=1 memo_exact_hits=0 memo_lb_hits=0 rule4=1 valid_pos=0 valid_pos_pruned_3a=0 valid_pos_pruned_3b=0 memo_rejected=0 memo_forced_evict=0 lufo_passes=0 terminal_spt=0 terminal_edd=1 memo_peak=1 memo_final=1 memo_evictions=0 memo_clean_time_ms=0 reconstruction_time_ms=0.0014 reconstruction_repairs=0 reconstruction_trace_hits=0 reconstruction_trace_fallbacks=0 memo_used_mb=9.91821e-05 memo_bytes_per_entry=104,200,6,D:\test2\results\article_code_comparison\data\200\SDT_200_1_0.4_7.txt,adaptive,custom,0,0,1,1,1,0,0,0,-1,-1,1,1,1,1,1,12288,0,,,0.0114,1,0,0,1,0,0,1,0,0,0,0,0,0,0,1,1,1,0,0,0.0014,0,0,0,9.91821e-05,104,,,,,,,,,,,,,,,,,,,,,,C:\c++\test2\results\article_code_comparison\raw_results.csv,article_runner_filename_mismatch_R1_expected_1.0
200,1.0,0.4,7,D:\test2\results\article_code_comparison\data\200\SDT_200_1_0.4_8.txt,D:\test2\results\article_code_comparison,generated_by_project_generator,D:\test2\x64\Release\bm_solver.exe,SOLVED,0,0.0112,54.258,,,200,104,1810432,ERROR,,53.293,,,1875968,1.018107,,0.965066,NOT_COMPARABLE_ERROR,,,[run] n=200 seed=7 input=D:\test2\results\article_code_comparison\data\200\SDT_200_1_0.4_8.txt decomp=adaptive memo_backend=custom use_ub=0 use_lb=0 terminal_rules=1 position_filtering_enabled=1 enable_lawler_basic_rules=1 enable_simple_lb=0 enable_lb_memo=0 enable_edd_ub=0 ub_depth_limit=-1 lb_depth_limit=-1 terminal_all_tardy_spt=1 terminal_edd_at_most_one_tardy=1 enable_memo=1 enable_exact_memo=1 memo_full_key_verification=1 memo_memory_limit_mb=12288 cost=0 time_ms=0.0112 nodes=1 max_depth=0 memo_hits=0 memo_misses=1 memo_exact_hits=0 memo_lb_hits=0 rule4=1 valid_pos=0 valid_pos_pruned_3a=0 valid_pos_pruned_3b=0 memo_rejected=0 memo_forced_evict=0 lufo_passes=0 terminal_spt=0 terminal_edd=1 memo_peak=1 memo_final=1 memo_evictions=0 memo_clean_time_ms=0 reconstruction_time_ms=0.0015 reconstruction_repairs=0 reconstruction_trace_hits=0 reconstruction_trace_fallbacks=0 memo_used_mb=9.91821e-05 memo_bytes_per_entry=104,200,7,D:\test2\results\article_code_comparison\data\200\SDT_200_1_0.4_8.txt,adaptive,custom,0,0,1,1,1,0,0,0,-1,-1,1,1,1,1,1,12288,0,,,0.0112,1,0,0,1,0,0,1,0,0,0,0,0,0,0,1,1,1,0,0,0.0015,0,0,0,9.91821e-05,104,,,,,,,,,,,,,,,,,,,,,,C:\c++\test2\results\article_code_comparison\raw_results.csv,article_runner_filename_mismatch_R1_expected_1.0
200,1.0,0.4,8,D:\test2\results\article_code_comparison\data\200\SDT_200_1_0.4_9.txt,D:\test2\results\article_code_comparison,generated_by_project_generator,D:\test2\x64\Release\bm_solver.exe,SOLVED,0,0.011,54.546,,,200,104,1966080,ERROR,,53.181,,,1794048,1.025667,,1.09589,NOT_COMPARABLE_ERROR,,,[run] n=200 seed=8 input=D:\test2\results\article_code_comparison\data\200\SDT_200_1_0.4_9.txt decomp=adaptive memo_backend=custom use_ub=0 use_lb=0 terminal_rules=1 position_filtering_enabled=1 enable_lawler_basic_rules=1 enable_simple_lb=0 enable_lb_memo=0 enable_edd_ub=0 ub_depth_limit=-1 lb_depth_limit=-1 terminal_all_tardy_spt=1 terminal_edd_at_most_one_tardy=1 enable_memo=1 enable_exact_memo=1 memo_full_key_verification=1 memo_memory_limit_mb=12288 cost=0 time_ms=0.011 nodes=1 max_depth=0 memo_hits=0 memo_misses=1 memo_exact_hits=0 memo_lb_hits=0 rule4=1 valid_pos=0 valid_pos_pruned_3a=0 valid_pos_pruned_3b=0 memo_rejected=0 memo_forced_evict=0 lufo_passes=0 terminal_spt=0 terminal_edd=1 memo_peak=1 memo_final=1 memo_evictions=0 memo_clean_time_ms=0 reconstruction_time_ms=0.0014 reconstruction_repairs=0 reconstruction_trace_hits=0 reconstruction_trace_fallbacks=0 memo_used_mb=9.91821e-05 memo_bytes_per_entry=104,200,8,D:\test2\results\article_code_comparison\data\200\SDT_200_1_0.4_9.txt,adaptive,custom,0,0,1,1,1,0,0,0,-1,-1,1,1,1,1,1,12288,0,,,0.011,1,0,0,1,0,0,1,0,0,0,0,0,0,0,1,1,1,0,0,0.0014,0,0,0,9.91821e-05,104,,,,,,,,,,,,,,,,,,,,,,C:\c++\test2\results\article_code_comparison\raw_results.csv,article_runner_filename_mismatch_R1_expected_1.0
200,1.0,0.4,9,D:\test2\results\article_code_comparison\data\200\SDT_200_1_0.4_10.txt,D:\test2\results\article_code_comparison,generated_by_project_generator,D:\test2\x64\Release\bm_solver.exe,SOLVED,18,0.0112,53.295,,,200,104,1798144,ERROR,,53.139,,,1789952,1.002936,,1.004577,NOT_COMPARABLE_ERROR,,,[run] n=200 seed=9 input=D:\test2\results\article_code_comparison\data\200\SDT_200_1_0.4_10.txt decomp=adaptive memo_backend=custom use_ub=0 use_lb=0 terminal_rules=1 position_filtering_enabled=1 enable_lawler_basic_rules=1 enable_simple_lb=0 enable_lb_memo=0 enable_edd_ub=0 ub_depth_limit=-1 lb_depth_limit=-1 terminal_all_tardy_spt=1 terminal_edd_at_most_one_tardy=1 enable_memo=1 enable_exact_memo=1 memo_full_key_verification=1 memo_memory_limit_mb=12288 cost=18 time_ms=0.0112 nodes=1 max_depth=0 memo_hits=0 memo_misses=1 memo_exact_hits=0 memo_lb_hits=0 rule4=1 valid_pos=0 valid_pos_pruned_3a=0 valid_pos_pruned_3b=0 memo_rejected=0 memo_forced_evict=0 lufo_passes=0 terminal_spt=0 terminal_edd=1 memo_peak=1 memo_final=1 memo_evictions=0 memo_clean_time_ms=0 reconstruction_time_ms=0.0015 reconstruction_repairs=0 reconstruction_trace_hits=0 reconstruction_trace_fallbacks=0 memo_used_mb=9.91821e-05 memo_bytes_per_entry=104,200,9,D:\test2\results\article_code_comparison\data\200\SDT_200_1_0.4_10.txt,adaptive,custom,0,0,1,1,1,0,0,0,-1,-1,1,1,1,1,1,12288,18,,,0.0112,1,0,0,1,0,0,1,0,0,0,0,0,0,0,1,1,1,0,0,0.0015,0,0,0,9.91821e-05,104,,,,,,,,,,,,,,,,,,,,,,C:\c++\test2\results\article_code_comparison\raw_results.csv,article_runner_filename_mismatch_R1_expected_1.0
200,1.0,0.6,0,D:\test2\results\article_code_comparison\data\200\SDT_200_1_0.6_1.txt,D:\test2\results\article_code_comparison,generated_by_project_generator,D:\test2\x64\Release\bm_solver.exe,SOLVED,48637,8.0827,53.618,,,200,719440,1761280,ERROR,,53.869,,,1781760,0.995341,,0.988506,NOT_COMPARABLE_ERROR,,,[run] n=200 seed=0 input=D:\test2\results\article_code_comparison\data\200\SDT_200_1_0.6_1.txt decomp=adaptive memo_backend=custom use_ub=0 use_lb=0 terminal_rules=1 position_filtering_enabled=1 enable_lawler_basic_rules=1 enable_simple_lb=0 enable_lb_memo=0 enable_edd_ub=0 ub_depth_limit=-1 lb_depth_limit=-1 terminal_all_tardy_spt=1 terminal_edd_at_most_one_tardy=1 enable_memo=1 enable_exact_memo=1 memo_full_key_verification=1 memo_memory_limit_mb=12288 cost=48637 time_ms=8.0827 nodes=3910 max_depth=199 memo_hits=1137 memo_misses=7819 memo_exact_hits=1137 memo_lb_hits=0 rule4=1 valid_pos=44974 valid_pos_pruned_3a=0 valid_pos_pruned_3b=0 memo_rejected=0 memo_forced_evict=0 lufo_passes=0 terminal_spt=11 terminal_edd=891 memo_peak=3910 memo_final=3910 memo_evictions=0 memo_clean_time_ms=0 reconstruction_time_ms=0.3219 reconstruction_repairs=0 reconstruction_trace_hits=118 reconstruction_trace_fallbacks=0 memo_used_mb=0.686111 memo_bytes_per_entry=184,200,0,D:\test2\results\article_code_comparison\data\200\SDT_200_1_0.6_1.txt,adaptive,custom,0,0,1,1,1,0,0,0,-1,-1,1,1,1,1,1,12288,48637,,,8.0827,3910,199,1137,7819,1137,0,1,44974,0,0,0,0,0,11,891,3910,3910,0,0,0.3219,0,118,0,0.686111,184,,,,,,,,,,,,,,,,,,,,,,C:\c++\test2\results\article_code_comparison\raw_results.csv,article_runner_filename_mismatch_R1_expected_1.0
200,1.0,0.6,1,D:\test2\results\article_code_comparison\data\200\SDT_200_1_0.6_2.txt,D:\test2\results\article_code_comparison,generated_by_project_generator,D:\test2\x64\Release\bm_solver.exe,SOLVED,73562,4.3583,53.352,,,200,374072,1708032,ERROR,,53.377,,,1880064,0.999532,,0.908497,NOT_COMPARABLE_ERROR,,,[run] n=200 seed=1 input=D:\test2\results\article_code_comparison\data\200\SDT_200_1_0.6_2.txt decomp=adaptive memo_backend=custom use_ub=0 use_lb=0 terminal_rules=1 position_filtering_enabled=1 enable_lawler_basic_rules=1 enable_simple_lb=0 enable_lb_memo=0 enable_edd_ub=0 ub_depth_limit=-1 lb_depth_limit=-1 terminal_all_tardy_spt=1 terminal_edd_at_most_one_tardy=1 enable_memo=1 enable_exact_memo=1 memo_full_key_verification=1 memo_memory_limit_mb=12288 cost=73562 time_ms=4.3583 nodes=2033 max_depth=199 memo_hits=545 memo_misses=4065 memo_exact_hits=545 memo_lb_hits=0 rule4=1 valid_pos=29312 valid_pos_pruned_3a=0 valid_pos_pruned_3b=0 memo_rejected=0 memo_forced_evict=0 lufo_passes=0 terminal_spt=14 terminal_edd=498 memo_peak=2033 memo_final=2033 memo_evictions=0 memo_clean_time_ms=0 reconstruction_time_ms=0.2384 reconstruction_repairs=0 reconstruction_trace_hits=118 reconstruction_trace_fallbacks=0 memo_used_mb=0.356743 memo_bytes_per_entry=184,200,1,D:\test2\results\article_code_comparison\data\200\SDT_200_1_0.6_2.txt,adaptive,custom,0,0,1,1,1,0,0,0,-1,-1,1,1,1,1,1,12288,73562,,,4.3583,2033,199,545,4065,545,0,1,29312,0,0,0,0,0,14,498,2033,2033,0,0,0.2384,0,118,0,0.356743,184,,,,,,,,,,,,,,,,,,,,,,C:\c++\test2\results\article_code_comparison\raw_results.csv,article_runner_filename_mismatch_R1_expected_1.0
200,1.0,0.6,2,D:\test2\results\article_code_comparison\data\200\SDT_200_1_0.6_3.txt,D:\test2\results\article_code_comparison,generated_by_project_generator,D:\test2\x64\Release\bm_solver.exe,SOLVED,104383,1.4707,53.476,,,200,102304,1642496,ERROR,,53.363,,,1814528,1.002118,,0.905192,NOT_COMPARABLE_ERROR,,,[run] n=200 seed=2 input=D:\test2\results\article_code_comparison\data\200\SDT_200_1_0.6_3.txt decomp=adaptive memo_backend=custom use_ub=0 use_lb=0 terminal_rules=1 position_filtering_enabled=1 enable_lawler_basic_rules=1 enable_simple_lb=0 enable_lb_memo=0 enable_edd_ub=0 ub_depth_limit=-1 lb_depth_limit=-1 terminal_all_tardy_spt=1 terminal_edd_at_most_one_tardy=1 enable_memo=1 enable_exact_memo=1 memo_full_key_verification=1 memo_memory_limit_mb=12288 cost=104383 time_ms=1.4707 nodes=556 max_depth=199 memo_hits=130 memo_misses=1111 memo_exact_hits=130 memo_lb_hits=0 rule4=1 valid_pos=12042 valid_pos_pruned_3a=0 valid_pos_pruned_3b=0 memo_rejected=0 memo_forced_evict=0 lufo_passes=0 terminal_spt=5 terminal_edd=159 memo_peak=556 memo_final=556 memo_evictions=0 memo_clean_time_ms=0 reconstruction_time_ms=0.2149 reconstruction_repairs=0 reconstruction_trace_hits=101 reconstruction_trace_fallbacks=0 memo_used_mb=0.0975647 memo_bytes_per_entry=184,200,2,D:\test2\results\article_code_comparison\data\200\SDT_200_1_0.6_3.txt,adaptive,custom,0,0,1,1,1,0,0,0,-1,-1,1,1,1,1,1,12288,104383,,,1.4707,556,199,130,1111,130,0,1,12042,0,0,0,0,0,5,159,556,556,0,0,0.2149,0,101,0,0.0975647,184,,,,,,,,,,,,,,,,,,,,,,C:\c++\test2\results\article_code_comparison\raw_results.csv,article_runner_filename_mismatch_R1_expected_1.0
200,1.0,0.6,3,D:\test2\results\article_code_comparison\data\200\SDT_200_1_0.6_4.txt,D:\test2\results\article_code_comparison,generated_by_project_generator,D:\test2\x64\Release\bm_solver.exe,SOLVED,111248,0.6371,54.498,,,200,46000,1937408,ERROR,,55.208,,,1814528,0.98714,,1.06772,NOT_COMPARABLE_ERROR,,,[run] n=200 seed=3 input=D:\test2\results\article_code_comparison\data\200\SDT_200_1_0.6_4.txt decomp=adaptive memo_backend=custom use_ub=0 use_lb=0 terminal_rules=1 position_filtering_enabled=1 enable_lawler_basic_rules=1 enable_simple_lb=0 enable_lb_memo=0 enable_edd_ub=0 ub_depth_limit=-1 lb_depth_limit=-1 terminal_all_tardy_spt=1 terminal_edd_at_most_one_tardy=1 enable_memo=1 enable_exact_memo=1 memo_full_key_verification=1 memo_memory_limit_mb=12288 cost=111248 time_ms=0.6371 nodes=250 max_depth=199 memo_hits=37 memo_misses=499 memo_exact_hits=37 memo_lb_hits=0 rule4=1 valid_pos=4016 valid_pos_pruned_3a=0 valid_pos_pruned_3b=0 memo_rejected=0 memo_forced_evict=0 lufo_passes=0 terminal_spt=1 terminal_edd=93 memo_peak=250 memo_final=250 memo_evictions=0 memo_clean_time_ms=0 reconstruction_time_ms=0.2718 reconstruction_repairs=0 reconstruction_trace_hits=98 reconstruction_trace_fallbacks=0 memo_used_mb=0.043869 memo_bytes_per_entry=184,200,3,D:\test2\results\article_code_comparison\data\200\SDT_200_1_0.6_4.txt,adaptive,custom,0,0,1,1,1,0,0,0,-1,-1,1,1,1,1,1,12288,111248,,,0.6371,250,199,37,499,37,0,1,4016,0,0,0,0,0,1,93,250,250,0,0,0.2718,0,98,0,0.043869,184,,,,,,,,,,,,,,,,,,,,,,C:\c++\test2\results\article_code_comparison\raw_results.csv,article_runner_filename_mismatch_R1_expected_1.0
200,1.0,0.6,4,D:\test2\results\article_code_comparison\data\200\SDT_200_1_0.6_5.txt,D:\test2\results\article_code_comparison,generated_by_project_generator,D:\test2\x64\Release\bm_solver.exe,SOLVED,68479,2.4727,53.847,,,200,247112,1810432,ERROR,,53.43,,,1814528,1.007805,,0.997743,NOT_COMPARABLE_ERROR,,,[run] n=200 seed=4 input=D:\test2\results\article_code_comparison\data\200\SDT_200_1_0.6_5.txt decomp=adaptive memo_backend=custom use_ub=0 use_lb=0 terminal_rules=1 position_filtering_enabled=1 enable_lawler_basic_rules=1 enable_simple_lb=0 enable_lb_memo=0 enable_edd_ub=0 ub_depth_limit=-1 lb_depth_limit=-1 terminal_all_tardy_spt=1 terminal_edd_at_most_one_tardy=1 enable_memo=1 enable_exact_memo=1 memo_full_key_verification=1 memo_memory_limit_mb=12288 cost=68479 time_ms=2.4727 nodes=1343 max_depth=199 memo_hits=191 memo_misses=2685 memo_exact_hits=191 memo_lb_hits=0 rule4=1 valid_pos=14351 valid_pos_pruned_3a=0 valid_pos_pruned_3b=0 memo_rejected=0 memo_forced_evict=0 lufo_passes=0 terminal_spt=14 terminal_edd=347 memo_peak=1343 memo_final=1343 memo_evictions=0 memo_clean_time_ms=0 reconstruction_time_ms=0.1974 reconstruction_repairs=0 reconstruction_trace_hits=112 reconstruction_trace_fallbacks=0 memo_used_mb=0.235664 memo_bytes_per_entry=184,200,4,D:\test2\results\article_code_comparison\data\200\SDT_200_1_0.6_5.txt,adaptive,custom,0,0,1,1,1,0,0,0,-1,-1,1,1,1,1,1,12288,68479,,,2.4727,1343,199,191,2685,191,0,1,14351,0,0,0,0,0,14,347,1343,1343,0,0,0.1974,0,112,0,0.235664,184,,,,,,,,,,,,,,,,,,,,,,C:\c++\test2\results\article_code_comparison\raw_results.csv,article_runner_filename_mismatch_R1_expected_1.0
200,1.0,0.6,5,D:\test2\results\article_code_comparison\data\200\SDT_200_1_0.6_6.txt,D:\test2\results\article_code_comparison,generated_by_project_generator,D:\test2\x64\Release\bm_solver.exe,SOLVED,65546,1.7456,54.884,,,200,153088,1708032,ERROR,,54.147,,,1781760,1.013611,,0.958621,NOT_COMPARABLE_ERROR,,,[run] n=200 seed=5 input=D:\test2\results\article_code_comparison\data\200\SDT_200_1_0.6_6.txt decomp=adaptive memo_backend=custom use_ub=0 use_lb=0 terminal_rules=1 position_filtering_enabled=1 enable_lawler_basic_rules=1 enable_simple_lb=0 enable_lb_memo=0 enable_edd_ub=0 ub_depth_limit=-1 lb_depth_limit=-1 terminal_all_tardy_spt=1 terminal_edd_at_most_one_tardy=1 enable_memo=1 enable_exact_memo=1 memo_full_key_verification=1 memo_memory_limit_mb=12288 cost=65546 time_ms=1.7456 nodes=832 max_depth=199 memo_hits=160 memo_misses=1663 memo_exact_hits=160 memo_lb_hits=0 rule4=1 valid_pos=11025 valid_pos_pruned_3a=0 valid_pos_pruned_3b=0 memo_rejected=0 memo_forced_evict=0 lufo_passes=0 terminal_spt=7 terminal_edd=216 memo_peak=832 memo_final=832 memo_evictions=0 memo_clean_time_ms=0 reconstruction_time_ms=0.199 reconstruction_repairs=0 reconstruction_trace_hits=116 reconstruction_trace_fallbacks=0 memo_used_mb=0.145996 memo_bytes_per_entry=184,200,5,D:\test2\results\article_code_comparison\data\200\SDT_200_1_0.6_6.txt,adaptive,custom,0,0,1,1,1,0,0,0,-1,-1,1,1,1,1,1,12288,65546,,,1.7456,832,199,160,1663,160,0,1,11025,0,0,0,0,0,7,216,832,832,0,0,0.199,0,116,0,0.145996,184,,,,,,,,,,,,,,,,,,,,,,C:\c++\test2\results\article_code_comparison\raw_results.csv,article_runner_filename_mismatch_R1_expected_1.0
200,1.0,0.6,6,D:\test2\results\article_code_comparison\data\200\SDT_200_1_0.6_7.txt,D:\test2\results\article_code_comparison,generated_by_project_generator,D:\test2\x64\Release\bm_solver.exe,SOLVED,149837,0.8068,53.393,,,200,58880,1781760,ERROR,,53.595,,,1703936,0.996231,,1.045673,NOT_COMPARABLE_ERROR,,,[run] n=200 seed=6 input=D:\test2\results\article_code_comparison\data\200\SDT_200_1_0.6_7.txt decomp=adaptive memo_backend=custom use_ub=0 use_lb=0 terminal_rules=1 position_filtering_enabled=1 enable_lawler_basic_rules=1 enable_simple_lb=0 enable_lb_memo=0 enable_edd_ub=0 ub_depth_limit=-1 lb_depth_limit=-1 terminal_all_tardy_spt=1 terminal_edd_at_most_one_tardy=1 enable_memo=1 enable_exact_memo=1 memo_full_key_verification=1 memo_memory_limit_mb=12288 cost=149837 time_ms=0.8068 nodes=320 max_depth=199 memo_hits=29 memo_misses=639 memo_exact_hits=29 memo_lb_hits=0 rule4=1 valid_pos=5178 valid_pos_pruned_3a=0 valid_pos_pruned_3b=0 memo_rejected=0 memo_forced_evict=0 lufo_passes=0 terminal_spt=2 terminal_edd=98 memo_peak=320 memo_final=320 memo_evictions=0 memo_clean_time_ms=0 reconstruction_time_ms=0.2672 reconstruction_repairs=0 reconstruction_trace_hits=112 reconstruction_trace_fallbacks=0 memo_used_mb=0.0561523 memo_bytes_per_entry=184,200,6,D:\test2\results\article_code_comparison\data\200\SDT_200_1_0.6_7.txt,adaptive,custom,0,0,1,1,1,0,0,0,-1,-1,1,1,1,1,1,12288,149837,,,0.8068,320,199,29,639,29,0,1,5178,0,0,0,0,0,2,98,320,320,0,0,0.2672,0,112,0,0.0561523,184,,,,,,,,,,,,,,,,,,,,,,C:\c++\test2\results\article_code_comparison\raw_results.csv,article_runner_filename_mismatch_R1_expected_1.0
200,1.0,0.6,7,D:\test2\results\article_code_comparison\data\200\SDT_200_1_0.6_8.txt,D:\test2\results\article_code_comparison,generated_by_project_generator,D:\test2\x64\Release\bm_solver.exe,SOLVED,78648,1.2454,54.704,,,200,102856,2289664,ERROR,,53.299,,,1875968,1.026361,,1.220524,NOT_COMPARABLE_ERROR,,,[run] n=200 seed=7 input=D:\test2\results\article_code_comparison\data\200\SDT_200_1_0.6_8.txt decomp=adaptive memo_backend=custom use_ub=0 use_lb=0 terminal_rules=1 position_filtering_enabled=1 enable_lawler_basic_rules=1 enable_simple_lb=0 enable_lb_memo=0 enable_edd_ub=0 ub_depth_limit=-1 lb_depth_limit=-1 terminal_all_tardy_spt=1 terminal_edd_at_most_one_tardy=1 enable_memo=1 enable_exact_memo=1 memo_full_key_verification=1 memo_memory_limit_mb=12288 cost=78648 time_ms=1.2454 nodes=559 max_depth=199 memo_hits=93 memo_misses=1117 memo_exact_hits=93 memo_lb_hits=0 rule4=1 valid_pos=7797 valid_pos_pruned_3a=0 valid_pos_pruned_3b=0 memo_rejected=0 memo_forced_evict=0 lufo_passes=0 terminal_spt=5 terminal_edd=156 memo_peak=559 memo_final=559 memo_evictions=0 memo_clean_time_ms=0 reconstruction_time_ms=0.2482 reconstruction_repairs=0 reconstruction_trace_hits=110 reconstruction_trace_fallbacks=0 memo_used_mb=0.0980911 memo_bytes_per_entry=184,200,7,D:\test2\results\article_code_comparison\data\200\SDT_200_1_0.6_8.txt,adaptive,custom,0,0,1,1,1,0,0,0,-1,-1,1,1,1,1,1,12288,78648,,,1.2454,559,199,93,1117,93,0,1,7797,0,0,0,0,0,5,156,559,559,0,0,0.2482,0,110,0,0.0980911,184,,,,,,,,,,,,,,,,,,,,,,C:\c++\test2\results\article_code_comparison\raw_results.csv,article_runner_filename_mismatch_R1_expected_1.0
200,1.0,0.6,8,D:\test2\results\article_code_comparison\data\200\SDT_200_1_0.6_9.txt,D:\test2\results\article_code_comparison,generated_by_project_generator,D:\test2\x64\Release\bm_solver.exe,SOLVED,122600,0.7903,54.035,,,200,73968,1712128,ERROR,,54.622,,,1814528,0.989253,,0.943567,NOT_COMPARABLE_ERROR,,,[run] n=200 seed=8 input=D:\test2\results\article_code_comparison\data\200\SDT_200_1_0.6_9.txt decomp=adaptive memo_backend=custom use_ub=0 use_lb=0 terminal_rules=1 position_filtering_enabled=1 enable_lawler_basic_rules=1 enable_simple_lb=0 enable_lb_memo=0 enable_edd_ub=0 ub_depth_limit=-1 lb_depth_limit=-1 terminal_all_tardy_spt=1 terminal_edd_at_most_one_tardy=1 enable_memo=1 enable_exact_memo=1 memo_full_key_verification=1 memo_memory_limit_mb=12288 cost=122600 time_ms=0.7903 nodes=402 max_depth=199 memo_hits=96 memo_misses=803 memo_exact_hits=96 memo_lb_hits=0 rule4=1 valid_pos=4999 valid_pos_pruned_3a=0 valid_pos_pruned_3b=0 memo_rejected=0 memo_forced_evict=0 lufo_passes=0 terminal_spt=3 terminal_edd=123 memo_peak=402 memo_final=402 memo_evictions=0 memo_clean_time_ms=0 reconstruction_time_ms=0.2543 reconstruction_repairs=0 reconstruction_trace_hits=109 reconstruction_trace_fallbacks=0 memo_used_mb=0.0705414 memo_bytes_per_entry=184,200,8,D:\test2\results\article_code_comparison\data\200\SDT_200_1_0.6_9.txt,adaptive,custom,0,0,1,1,1,0,0,0,-1,-1,1,1,1,1,1,12288,122600,,,0.7903,402,199,96,803,96,0,1,4999,0,0,0,0,0,3,123,402,402,0,0,0.2543,0,109,0,0.0705414,184,,,,,,,,,,,,,,,,,,,,,,C:\c++\test2\results\article_code_comparison\raw_results.csv,article_runner_filename_mismatch_R1_expected_1.0
200,1.0,0.6,9,D:\test2\results\article_code_comparison\data\200\SDT_200_1_0.6_10.txt,D:\test2\results\article_code_comparison,generated_by_project_generator,D:\test2\x64\Release\bm_solver.exe,SOLVED,138768,0.6945,53.4,,,200,55200,1810432,ERROR,,54.063,,,1814528,0.987737,,0.997743,NOT_COMPARABLE_ERROR,,,[run] n=200 seed=9 input=D:\test2\results\article_code_comparison\data\200\SDT_200_1_0.6_10.txt decomp=adaptive memo_backend=custom use_ub=0 use_lb=0 terminal_rules=1 position_filtering_enabled=1 enable_lawler_basic_rules=1 enable_simple_lb=0 enable_lb_memo=0 enable_edd_ub=0 ub_depth_limit=-1 lb_depth_limit=-1 terminal_all_tardy_spt=1 terminal_edd_at_most_one_tardy=1 enable_memo=1 enable_exact_memo=1 memo_full_key_verification=1 memo_memory_limit_mb=12288 cost=138768 time_ms=0.6945 nodes=300 max_depth=199 memo_hits=54 memo_misses=599 memo_exact_hits=54 memo_lb_hits=0 rule4=1 valid_pos=5475 valid_pos_pruned_3a=0 valid_pos_pruned_3b=0 memo_rejected=0 memo_forced_evict=0 lufo_passes=0 terminal_spt=1 terminal_edd=102 memo_peak=300 memo_final=300 memo_evictions=0 memo_clean_time_ms=0 reconstruction_time_ms=0.241 reconstruction_repairs=0 reconstruction_trace_hits=101 reconstruction_trace_fallbacks=0 memo_used_mb=0.0526428 memo_bytes_per_entry=184,200,9,D:\test2\results\article_code_comparison\data\200\SDT_200_1_0.6_10.txt,adaptive,custom,0,0,1,1,1,0,0,0,-1,-1,1,1,1,1,1,12288,138768,,,0.6945,300,199,54,599,54,0,1,5475,0,0,0,0,0,1,102,300,300,0,0,0.241,0,101,0,0.0526428,184,,,,,,,,,,,,,,,,,,,,,,C:\c++\test2\results\article_code_comparison\raw_results.csv,article_runner_filename_mismatch_R1_expected_1.0
200,1.0,0.8,0,D:\test2\results\article_code_comparison\data\200\SDT_200_1_0.8_1.txt,D:\test2\results\article_code_comparison,generated_by_project_generator,D:\test2\x64\Release\bm_solver.exe,SOLVED,264372,0.9211,53.696,,,200,57592,1769472,ERROR,,53.238,,,1814528,1.008603,,0.975169,NOT_COMPARABLE_ERROR,,,[run] n=200 seed=0 input=D:\test2\results\article_code_comparison\data\200\SDT_200_1_0.8_1.txt decomp=adaptive memo_backend=custom use_ub=0 use_lb=0 terminal_rules=1 position_filtering_enabled=1 enable_lawler_basic_rules=1 enable_simple_lb=0 enable_lb_memo=0 enable_edd_ub=0 ub_depth_limit=-1 lb_depth_limit=-1 terminal_all_tardy_spt=1 terminal_edd_at_most_one_tardy=1 enable_memo=1 enable_exact_memo=1 memo_full_key_verification=1 memo_memory_limit_mb=12288 cost=264372 time_ms=0.9211 nodes=313 max_depth=199 memo_hits=27 memo_misses=625 memo_exact_hits=27 memo_lb_hits=0 rule4=1 valid_pos=7423 valid_pos_pruned_3a=0 valid_pos_pruned_3b=0 memo_rejected=0 memo_forced_evict=0 lufo_passes=0 terminal_spt=1 terminal_edd=95 memo_peak=313 memo_final=313 memo_evictions=0 memo_clean_time_ms=0 reconstruction_time_ms=0.4027 reconstruction_repairs=0 reconstruction_trace_hits=132 reconstruction_trace_fallbacks=0 memo_used_mb=0.054924 memo_bytes_per_entry=184,200,0,D:\test2\results\article_code_comparison\data\200\SDT_200_1_0.8_1.txt,adaptive,custom,0,0,1,1,1,0,0,0,-1,-1,1,1,1,1,1,12288,264372,,,0.9211,313,199,27,625,27,0,1,7423,0,0,0,0,0,1,95,313,313,0,0,0.4027,0,132,0,0.054924,184,,,,,,,,,,,,,,,,,,,,,,C:\c++\test2\results\article_code_comparison\raw_results.csv,article_runner_filename_mismatch_R1_expected_1.0
200,1.0,0.8,1,D:\test2\results\article_code_comparison\data\200\SDT_200_1_0.8_2.txt,D:\test2\results\article_code_comparison,generated_by_project_generator,D:\test2\x64\Release\bm_solver.exe,SOLVED,263623,0.8016,53.282,,,200,40296,1667072,ERROR,,53.244,,,1875968,1.000714,,0.888646,NOT_COMPARABLE_ERROR,,,[run] n=200 seed=1 input=D:\test2\results\article_code_comparison\data\200\SDT_200_1_0.8_2.txt decomp=adaptive memo_backend=custom use_ub=0 use_lb=0 terminal_rules=1 position_filtering_enabled=1 enable_lawler_basic_rules=1 enable_simple_lb=0 enable_lb_memo=0 enable_edd_ub=0 ub_depth_limit=-1 lb_depth_limit=-1 terminal_all_tardy_spt=1 terminal_edd_at_most_one_tardy=1 enable_memo=1 enable_exact_memo=1 memo_full_key_verification=1 memo_memory_limit_mb=12288 cost=263623 time_ms=0.8016 nodes=219 max_depth=199 memo_hits=17 memo_misses=437 memo_exact_hits=17 memo_lb_hits=0 rule4=1 valid_pos=6343 valid_pos_pruned_3a=0 valid_pos_pruned_3b=0 memo_rejected=0 memo_forced_evict=0 lufo_passes=0 terminal_spt=2 terminal_edd=64 memo_peak=219 memo_final=219 memo_evictions=0 memo_clean_time_ms=0 reconstruction_time_ms=0.3704 reconstruction_repairs=0 reconstruction_trace_hits=121 reconstruction_trace_fallbacks=0 memo_used_mb=0.0384293 memo_bytes_per_entry=184,200,1,D:\test2\results\article_code_comparison\data\200\SDT_200_1_0.8_2.txt,adaptive,custom,0,0,1,1,1,0,0,0,-1,-1,1,1,1,1,1,12288,263623,,,0.8016,219,199,17,437,17,0,1,6343,0,0,0,0,0,2,64,219,219,0,0,0.3704,0,121,0,0.0384293,184,,,,,,,,,,,,,,,,,,,,,,C:\c++\test2\results\article_code_comparison\raw_results.csv,article_runner_filename_mismatch_R1_expected_1.0
200,1.0,0.8,2,D:\test2\results\article_code_comparison\data\200\SDT_200_1_0.8_3.txt,D:\test2\results\article_code_comparison,generated_by_project_generator,D:\test2\x64\Release\bm_solver.exe,SOLVED,297500,0.8123,54.28,,,200,37904,1630208,ERROR,,53.575,,,1785856,1.013159,,0.912844,NOT_COMPARABLE_ERROR,,,[run] n=200 seed=2 input=D:\test2\results\article_code_comparison\data\200\SDT_200_1_0.8_3.txt decomp=adaptive memo_backend=custom use_ub=0 use_lb=0 terminal_rules=1 position_filtering_enabled=1 enable_lawler_basic_rules=1 enable_simple_lb=0 enable_lb_memo=0 enable_edd_ub=0 ub_depth_limit=-1 lb_depth_limit=-1 terminal_all_tardy_spt=1 terminal_edd_at_most_one_tardy=1 enable_memo=1 enable_exact_memo=1 memo_full_key_verification=1 memo_memory_limit_mb=12288 cost=297500 time_ms=0.8123 nodes=206 max_depth=199 memo_hits=22 memo_misses=411 memo_exact_hits=22 memo_lb_hits=0 rule4=1 valid_pos=7996 valid_pos_pruned_3a=0 valid_pos_pruned_3b=0 memo_rejected=0 memo_forced_evict=0 lufo_passes=0 terminal_spt=6 terminal_edd=57 memo_peak=206 memo_final=206 memo_evictions=0 memo_clean_time_ms=0 reconstruction_time_ms=0.4411 reconstruction_repairs=0 reconstruction_trace_hits=120 reconstruction_trace_fallbacks=0 memo_used_mb=0.0361481 memo_bytes_per_entry=184,200,2,D:\test2\results\article_code_comparison\data\200\SDT_200_1_0.8_3.txt,adaptive,custom,0,0,1,1,1,0,0,0,-1,-1,1,1,1,1,1,12288,297500,,,0.8123,206,199,22,411,22,0,1,7996,0,0,0,0,0,6,57,206,206,0,0,0.4411,0,120,0,0.0361481,184,,,,,,,,,,,,,,,,,,,,,,C:\c++\test2\results\article_code_comparison\raw_results.csv,article_runner_filename_mismatch_R1_expected_1.0
200,1.0,0.8,3,D:\test2\results\article_code_comparison\data\200\SDT_200_1_0.8_4.txt,D:\test2\results\article_code_comparison,generated_by_project_generator,D:\test2\x64\Release\bm_solver.exe,SOLVED,290338,0.8328,53.617,,,200,36800,1765376,ERROR,,53.143,,,1814528,1.008919,,0.972912,NOT_COMPARABLE_ERROR,,,[run] n=200 seed=3 input=D:\test2\results\article_code_comparison\data\200\SDT_200_1_0.8_4.txt decomp=adaptive memo_backend=custom use_ub=0 use_lb=0 terminal_rules=1 position_filtering_enabled=1 enable_lawler_basic_rules=1 enable_simple_lb=0 enable_lb_memo=0 enable_edd_ub=0 ub_depth_limit=-1 lb_depth_limit=-1 terminal_all_tardy_spt=1 terminal_edd_at_most_one_tardy=1 enable_memo=1 enable_exact_memo=1 memo_full_key_verification=1 memo_memory_limit_mb=12288 cost=290338 time_ms=0.8328 nodes=200 max_depth=199 memo_hits=11 memo_misses=399 memo_exact_hits=11 memo_lb_hits=0 rule4=1 valid_pos=6503 valid_pos_pruned_3a=0 valid_pos_pruned_3b=0 memo_rejected=0 memo_forced_evict=0 lufo_passes=0 terminal_spt=2 terminal_edd=56 memo_peak=200 memo_final=200 memo_evictions=0 memo_clean_time_ms=0 reconstruction_time_ms=0.3991 reconstruction_repairs=0 reconstruction_trace_hits=125 reconstruction_trace_fallbacks=0 memo_used_mb=0.0350952 memo_bytes_per_entry=184,200,3,D:\test2\results\article_code_comparison\data\200\SDT_200_1_0.8_4.txt,adaptive,custom,0,0,1,1,1,0,0,0,-1,-1,1,1,1,1,1,12288,290338,,,0.8328,200,199,11,399,11,0,1,6503,0,0,0,0,0,2,56,200,200,0,0,0.3991,0,125,0,0.0350952,184,,,,,,,,,,,,,,,,,,,,,,C:\c++\test2\results\article_code_comparison\raw_results.csv,article_runner_filename_mismatch_R1_expected_1.0
200,1.0,0.8,4,D:\test2\results\article_code_comparison\data\200\SDT_200_1_0.8_5.txt,D:\test2\results\article_code_comparison,generated_by_project_generator,D:\test2\x64\Release\bm_solver.exe,SOLVED,260699,1.0383,53.34,,,200,59984,1781760,ERROR,,53.28,,,1814528,1.001126,,0.981941,NOT_COMPARABLE_ERROR,,,[run] n=200 seed=4 input=D:\test2\results\article_code_comparison\data\200\SDT_200_1_0.8_5.txt decomp=adaptive memo_backend=custom use_ub=0 use_lb=0 terminal_rules=1 position_filtering_enabled=1 enable_lawler_basic_rules=1 enable_simple_lb=0 enable_lb_memo=0 enable_edd_ub=0 ub_depth_limit=-1 lb_depth_limit=-1 terminal_all_tardy_spt=1 terminal_edd_at_most_one_tardy=1 enable_memo=1 enable_exact_memo=1 memo_full_key_verification=1 memo_memory_limit_mb=12288 cost=260699 time_ms=1.0383 nodes=326 max_depth=199 memo_hits=23 memo_misses=651 memo_exact_hits=23 memo_lb_hits=0 rule4=1 valid_pos=9058 valid_pos_pruned_3a=0 valid_pos_pruned_3b=0 memo_rejected=0 memo_forced_evict=0 lufo_passes=0 terminal_spt=5 terminal_edd=95 memo_peak=326 memo_final=326 memo_evictions=0 memo_clean_time_ms=0 reconstruction_time_ms=0.3727 reconstruction_repairs=0 reconstruction_trace_hits=121 reconstruction_trace_fallbacks=0 memo_used_mb=0.0572052 memo_bytes_per_entry=184,200,4,D:\test2\results\article_code_comparison\data\200\SDT_200_1_0.8_5.txt,adaptive,custom,0,0,1,1,1,0,0,0,-1,-1,1,1,1,1,1,12288,260699,,,1.0383,326,199,23,651,23,0,1,9058,0,0,0,0,0,5,95,326,326,0,0,0.3727,0,121,0,0.0572052,184,,,,,,,,,,,,,,,,,,,,,,C:\c++\test2\results\article_code_comparison\raw_results.csv,article_runner_filename_mismatch_R1_expected_1.0
200,1.0,0.8,5,D:\test2\results\article_code_comparison\data\200\SDT_200_1_0.8_6.txt,D:\test2\results\article_code_comparison,generated_by_project_generator,D:\test2\x64\Release\bm_solver.exe,SOLVED,239477,0.8549,53.362,,,200,46552,1740800,ERROR,,54.315,,,1814528,0.982454,,0.959368,NOT_COMPARABLE_ERROR,,,[run] n=200 seed=5 input=D:\test2\results\article_code_comparison\data\200\SDT_200_1_0.8_6.txt decomp=adaptive memo_backend=custom use_ub=0 use_lb=0 terminal_rules=1 position_filtering_enabled=1 enable_lawler_basic_rules=1 enable_simple_lb=0 enable_lb_memo=0 enable_edd_ub=0 ub_depth_limit=-1 lb_depth_limit=-1 terminal_all_tardy_spt=1 terminal_edd_at_most_one_tardy=1 enable_memo=1 enable_exact_memo=1 memo_full_key_verification=1 memo_memory_limit_mb=12288 cost=239477 time_ms=0.8549 nodes=253 max_depth=199 memo_hits=13 memo_misses=505 memo_exact_hits=13 memo_lb_hits=0 rule4=1 valid_pos=7880 valid_pos_pruned_3a=0 valid_pos_pruned_3b=0 memo_rejected=0 memo_forced_evict=0 lufo_passes=0 terminal_spt=2 terminal_edd=67 memo_peak=253 memo_final=253 memo_evictions=0 memo_clean_time_ms=0 reconstruction_time_ms=0.3823 reconstruction_repairs=0 reconstruction_trace_hits=127 reconstruction_trace_fallbacks=0 memo_used_mb=0.0443954 memo_bytes_per_entry=184,200,5,D:\test2\results\article_code_comparison\data\200\SDT_200_1_0.8_6.txt,adaptive,custom,0,0,1,1,1,0,0,0,-1,-1,1,1,1,1,1,12288,239477,,,0.8549,253,199,13,505,13,0,1,7880,0,0,0,0,0,2,67,253,253,0,0,0.3823,0,127,0,0.0443954,184,,,,,,,,,,,,,,,,,,,,,,C:\c++\test2\results\article_code_comparison\raw_results.csv,article_runner_filename_mismatch_R1_expected_1.0
200,1.0,0.8,6,D:\test2\results\article_code_comparison\data\200\SDT_200_1_0.8_7.txt,D:\test2\results\article_code_comparison,generated_by_project_generator,D:\test2\x64\Release\bm_solver.exe,SOLVED,359460,0.7799,54.008,,,200,37720,1794048,ERROR,,53.157,,,1798144,1.016009,,0.997722,NOT_COMPARABLE_ERROR,,,[run] n=200 seed=6 input=D:\test2\results\article_code_comparison\data\200\SDT_200_1_0.8_7.txt decomp=adaptive memo_backend=custom use_ub=0 use_lb=0 terminal_rules=1 position_filtering_enabled=1 enable_lawler_basic_rules=1 enable_simple_lb=0 enable_lb_memo=0 enable_edd_ub=0 ub_depth_limit=-1 lb_depth_limit=-1 terminal_all_tardy_spt=1 terminal_edd_at_most_one_tardy=1 enable_memo=1 enable_exact_memo=1 memo_full_key_verification=1 memo_memory_limit_mb=12288 cost=359460 time_ms=0.7799 nodes=205 max_depth=199 memo_hits=7 memo_misses=409 memo_exact_hits=7 memo_lb_hits=0 rule4=1 valid_pos=6878 valid_pos_pruned_3a=0 valid_pos_pruned_3b=0 memo_rejected=0 memo_forced_evict=0 lufo_passes=0 terminal_spt=2 terminal_edd=55 memo_peak=205 memo_final=205 memo_evictions=0 memo_clean_time_ms=0 reconstruction_time_ms=0.3891 reconstruction_repairs=0 reconstruction_trace_hits=131 reconstruction_trace_fallbacks=0 memo_used_mb=0.0359726 memo_bytes_per_entry=184,200,6,D:\test2\results\article_code_comparison\data\200\SDT_200_1_0.8_7.txt,adaptive,custom,0,0,1,1,1,0,0,0,-1,-1,1,1,1,1,1,12288,359460,,,0.7799,205,199,7,409,7,0,1,6878,0,0,0,0,0,2,55,205,205,0,0,0.3891,0,131,0,0.0359726,184,,,,,,,,,,,,,,,,,,,,,,C:\c++\test2\results\article_code_comparison\raw_results.csv,article_runner_filename_mismatch_R1_expected_1.0
200,1.0,0.8,7,D:\test2\results\article_code_comparison\data\200\SDT_200_1_0.8_8.txt,D:\test2\results\article_code_comparison,generated_by_project_generator,D:\test2\x64\Release\bm_solver.exe,SOLVED,272164,0.7569,54.183,,,200,36248,1789952,ERROR,,53.561,,,1789952,1.011613,,1.0,NOT_COMPARABLE_ERROR,,,[run] n=200 seed=7 input=D:\test2\results\article_code_comparison\data\200\SDT_200_1_0.8_8.txt decomp=adaptive memo_backend=custom use_ub=0 use_lb=0 terminal_rules=1 position_filtering_enabled=1 enable_lawler_basic_rules=1 enable_simple_lb=0 enable_lb_memo=0 enable_edd_ub=0 ub_depth_limit=-1 lb_depth_limit=-1 terminal_all_tardy_spt=1 terminal_edd_at_most_one_tardy=1 enable_memo=1 enable_exact_memo=1 memo_full_key_verification=1 memo_memory_limit_mb=12288 cost=272164 time_ms=0.7569 nodes=197 max_depth=199 memo_hits=8 memo_misses=393 memo_exact_hits=8 memo_lb_hits=0 rule4=1 valid_pos=4309 valid_pos_pruned_3a=0 valid_pos_pruned_3b=0 memo_rejected=0 memo_forced_evict=0 lufo_passes=0 terminal_spt=3 terminal_edd=57 memo_peak=197 memo_final=197 memo_evictions=0 memo_clean_time_ms=0 reconstruction_time_ms=0.3709 reconstruction_repairs=0 reconstruction_trace_hits=121 reconstruction_trace_fallbacks=0 memo_used_mb=0.0345688 memo_bytes_per_entry=184,200,7,D:\test2\results\article_code_comparison\data\200\SDT_200_1_0.8_8.txt,adaptive,custom,0,0,1,1,1,0,0,0,-1,-1,1,1,1,1,1,12288,272164,,,0.7569,197,199,8,393,8,0,1,4309,0,0,0,0,0,3,57,197,197,0,0,0.3709,0,121,0,0.0345688,184,,,,,,,,,,,,,,,,,,,,,,C:\c++\test2\results\article_code_comparison\raw_results.csv,article_runner_filename_mismatch_R1_expected_1.0
200,1.0,0.8,8,D:\test2\results\article_code_comparison\data\200\SDT_200_1_0.8_9.txt,D:\test2\results\article_code_comparison,generated_by_project_generator,D:\test2\x64\Release\bm_solver.exe,SOLVED,337101,0.7442,54.301,,,200,37904,1810432,ERROR,,53.176,,,1798144,1.021156,,1.006834,NOT_COMPARABLE_ERROR,,,[run] n=200 seed=8 input=D:\test2\results\article_code_comparison\data\200\SDT_200_1_0.8_9.txt decomp=adaptive memo_backend=custom use_ub=0 use_lb=0 terminal_rules=1 position_filtering_enabled=1 enable_lawler_basic_rules=1 enable_simple_lb=0 enable_lb_memo=0 enable_edd_ub=0 ub_depth_limit=-1 lb_depth_limit=-1 terminal_all_tardy_spt=1 terminal_edd_at_most_one_tardy=1 enable_memo=1 enable_exact_memo=1 memo_full_key_verification=1 memo_memory_limit_mb=12288 cost=337101 time_ms=0.7442 nodes=206 max_depth=199 memo_hits=4 memo_misses=411 memo_exact_hits=4 memo_lb_hits=0 rule4=1 valid_pos=6093 valid_pos_pruned_3a=0 valid_pos_pruned_3b=0 memo_rejected=0 memo_forced_evict=0 lufo_passes=0 terminal_spt=2 terminal_edd=50 memo_peak=206 memo_final=206 memo_evictions=0 memo_clean_time_ms=0 reconstruction_time_ms=0.3566 reconstruction_repairs=0 reconstruction_trace_hits=141 reconstruction_trace_fallbacks=0 memo_used_mb=0.0361481 memo_bytes_per_entry=184,200,8,D:\test2\results\article_code_comparison\data\200\SDT_200_1_0.8_9.txt,adaptive,custom,0,0,1,1,1,0,0,0,-1,-1,1,1,1,1,1,12288,337101,,,0.7442,206,199,4,411,4,0,1,6093,0,0,0,0,0,2,50,206,206,0,0,0.3566,0,141,0,0.0361481,184,,,,,,,,,,,,,,,,,,,,,,C:\c++\test2\results\article_code_comparison\raw_results.csv,article_runner_filename_mismatch_R1_expected_1.0
200,1.0,0.8,9,D:\test2\results\article_code_comparison\data\200\SDT_200_1_0.8_10.txt,D:\test2\results\article_code_comparison,generated_by_project_generator,D:\test2\x64\Release\bm_solver.exe,SOLVED,318490,0.8647,53.593,,,200,40480,1761280,ERROR,,53.874,,,1814528,0.994784,,0.970655,NOT_COMPARABLE_ERROR,,,[run] n=200 seed=9 input=D:\test2\results\article_code_comparison\data\200\SDT_200_1_0.8_10.txt decomp=adaptive memo_backend=custom use_ub=0 use_lb=0 terminal_rules=1 position_filtering_enabled=1 enable_lawler_basic_rules=1 enable_simple_lb=0 enable_lb_memo=0 enable_edd_ub=0 ub_depth_limit=-1 lb_depth_limit=-1 terminal_all_tardy_spt=1 terminal_edd_at_most_one_tardy=1 enable_memo=1 enable_exact_memo=1 memo_full_key_verification=1 memo_memory_limit_mb=12288 cost=318490 time_ms=0.8647 nodes=220 max_depth=199 memo_hits=20 memo_misses=439 memo_exact_hits=20 memo_lb_hits=0 rule4=1 valid_pos=6703 valid_pos_pruned_3a=0 valid_pos_pruned_3b=0 memo_rejected=0 memo_forced_evict=0 lufo_passes=0 terminal_spt=4 terminal_edd=66 memo_peak=220 memo_final=220 memo_evictions=0 memo_clean_time_ms=0 reconstruction_time_ms=0.3837 reconstruction_repairs=0 reconstruction_trace_hits=116 reconstruction_trace_fallbacks=0 memo_used_mb=0.0386047 memo_bytes_per_entry=184,200,9,D:\test2\results\article_code_comparison\data\200\SDT_200_1_0.8_10.txt,adaptive,custom,0,0,1,1,1,0,0,0,-1,-1,1,1,1,1,1,12288,318490,,,0.8647,220,199,20,439,20,0,1,6703,0,0,0,0,0,4,66,220,220,0,0,0.3837,0,116,0,0.0386047,184,,,,,,,,,,,,,,,,,,,,,,C:\c++\test2\results\article_code_comparison\raw_results.csv,article_runner_filename_mismatch_R1_expected_1.0
300,1.0,0.2,0,D:\test2\results\article_code_comparison\data\300\SDT_300_1_0.2_1.txt,D:\test2\results\article_code_comparison,generated_by_project_generator,D:\test2\x64\Release\bm_solver.exe,SOLVED,0,0.0126,53.722,,,300,112,1728512,ERROR,,53.236,,,1802240,1.009129,,0.959091,NOT_COMPARABLE_ERROR,,,[run] n=300 seed=0 input=D:\test2\results\article_code_comparison\data\300\SDT_300_1_0.2_1.txt decomp=adaptive memo_backend=custom use_ub=0 use_lb=0 terminal_rules=1 position_filtering_enabled=1 enable_lawler_basic_rules=1 enable_simple_lb=0 enable_lb_memo=0 enable_edd_ub=0 ub_depth_limit=-1 lb_depth_limit=-1 terminal_all_tardy_spt=1 terminal_edd_at_most_one_tardy=1 enable_memo=1 enable_exact_memo=1 memo_full_key_verification=1 memo_memory_limit_mb=12288 cost=0 time_ms=0.0126 nodes=1 max_depth=0 memo_hits=0 memo_misses=1 memo_exact_hits=0 memo_lb_hits=0 rule4=1 valid_pos=0 valid_pos_pruned_3a=0 valid_pos_pruned_3b=0 memo_rejected=0 memo_forced_evict=0 lufo_passes=0 terminal_spt=0 terminal_edd=1 memo_peak=1 memo_final=1 memo_evictions=0 memo_clean_time_ms=0 reconstruction_time_ms=0.002 reconstruction_repairs=0 reconstruction_trace_hits=0 reconstruction_trace_fallbacks=0 memo_used_mb=0.000106812 memo_bytes_per_entry=112,300,0,D:\test2\results\article_code_comparison\data\300\SDT_300_1_0.2_1.txt,adaptive,custom,0,0,1,1,1,0,0,0,-1,-1,1,1,1,1,1,12288,0,,,0.0126,1,0,0,1,0,0,1,0,0,0,0,0,0,0,1,1,1,0,0,0.002,0,0,0,0.000106812,112,,,,,,,,,,,,,,,,,,,,,,C:\c++\test2\results\article_code_comparison\raw_results.csv,article_runner_filename_mismatch_R1_expected_1.0
300,1.0,0.2,1,D:\test2\results\article_code_comparison\data\300\SDT_300_1_0.2_2.txt,D:\test2\results\article_code_comparison,generated_by_project_generator,D:\test2\x64\Release\bm_solver.exe,SOLVED,0,0.0121,53.464,,,300,112,1847296,ERROR,,53.179,,,1794048,1.005359,,1.02968,NOT_COMPARABLE_ERROR,,,[run] n=300 seed=1 input=D:\test2\results\article_code_comparison\data\300\SDT_300_1_0.2_2.txt decomp=adaptive memo_backend=custom use_ub=0 use_lb=0 terminal_rules=1 position_filtering_enabled=1 enable_lawler_basic_rules=1 enable_simple_lb=0 enable_lb_memo=0 enable_edd_ub=0 ub_depth_limit=-1 lb_depth_limit=-1 terminal_all_tardy_spt=1 terminal_edd_at_most_one_tardy=1 enable_memo=1 enable_exact_memo=1 memo_full_key_verification=1 memo_memory_limit_mb=12288 cost=0 time_ms=0.0121 nodes=1 max_depth=0 memo_hits=0 memo_misses=1 memo_exact_hits=0 memo_lb_hits=0 rule4=1 valid_pos=0 valid_pos_pruned_3a=0 valid_pos_pruned_3b=0 memo_rejected=0 memo_forced_evict=0 lufo_passes=0 terminal_spt=0 terminal_edd=1 memo_peak=1 memo_final=1 memo_evictions=0 memo_clean_time_ms=0 reconstruction_time_ms=0.0021 reconstruction_repairs=0 reconstruction_trace_hits=0 reconstruction_trace_fallbacks=0 memo_used_mb=0.000106812 memo_bytes_per_entry=112,300,1,D:\test2\results\article_code_comparison\data\300\SDT_300_1_0.2_2.txt,adaptive,custom,0,0,1,1,1,0,0,0,-1,-1,1,1,1,1,1,12288,0,,,0.0121,1,0,0,1,0,0,1,0,0,0,0,0,0,0,1,1,1,0,0,0.0021,0,0,0,0.000106812,112,,,,,,,,,,,,,,,,,,,,,,C:\c++\test2\results\article_code_comparison\raw_results.csv,article_runner_filename_mismatch_R1_expected_1.0
300,1.0,0.2,2,D:\test2\results\article_code_comparison\data\300\SDT_300_1_0.2_3.txt,D:\test2\results\article_code_comparison,generated_by_project_generator,D:\test2\x64\Release\bm_solver.exe,SOLVED,0,0.0123,54.3,,,300,112,1634304,ERROR,,53.29,,,1871872,1.018953,,0.873085,NOT_COMPARABLE_ERROR,,,[run] n=300 seed=2 input=D:\test2\results\article_code_comparison\data\300\SDT_300_1_0.2_3.txt decomp=adaptive memo_backend=custom use_ub=0 use_lb=0 terminal_rules=1 position_filtering_enabled=1 enable_lawler_basic_rules=1 enable_simple_lb=0 enable_lb_memo=0 enable_edd_ub=0 ub_depth_limit=-1 lb_depth_limit=-1 terminal_all_tardy_spt=1 terminal_edd_at_most_one_tardy=1 enable_memo=1 enable_exact_memo=1 memo_full_key_verification=1 memo_memory_limit_mb=12288 cost=0 time_ms=0.0123 nodes=1 max_depth=0 memo_hits=0 memo_misses=1 memo_exact_hits=0 memo_lb_hits=0 rule4=1 valid_pos=0 valid_pos_pruned_3a=0 valid_pos_pruned_3b=0 memo_rejected=0 memo_forced_evict=0 lufo_passes=0 terminal_spt=0 terminal_edd=1 memo_peak=1 memo_final=1 memo_evictions=0 memo_clean_time_ms=0 reconstruction_time_ms=0.0019 reconstruction_repairs=0 reconstruction_trace_hits=0 reconstruction_trace_fallbacks=0 memo_used_mb=0.000106812 memo_bytes_per_entry=112,300,2,D:\test2\results\article_code_comparison\data\300\SDT_300_1_0.2_3.txt,adaptive,custom,0,0,1,1,1,0,0,0,-1,-1,1,1,1,1,1,12288,0,,,0.0123,1,0,0,1,0,0,1,0,0,0,0,0,0,0,1,1,1,0,0,0.0019,0,0,0,0.000106812,112,,,,,,,,,,,,,,,,,,,,,,C:\c++\test2\results\article_code_comparison\raw_results.csv,article_runner_filename_mismatch_R1_expected_1.0
300,1.0,0.2,3,D:\test2\results\article_code_comparison\data\300\SDT_300_1_0.2_4.txt,D:\test2\results\article_code_comparison,generated_by_project_generator,D:\test2\x64\Release\bm_solver.exe,SOLVED,0,0.0132,53.295,,,300,112,1728512,ERROR,,53.221,,,1839104,1.00139,,0.939866,NOT_COMPARABLE_ERROR,,,[run] n=300 seed=3 input=D:\test2\results\article_code_comparison\data\300\SDT_300_1_0.2_4.txt decomp=adaptive memo_backend=custom use_ub=0 use_lb=0 terminal_rules=1 position_filtering_enabled=1 enable_lawler_basic_rules=1 enable_simple_lb=0 enable_lb_memo=0 enable_edd_ub=0 ub_depth_limit=-1 lb_depth_limit=-1 terminal_all_tardy_spt=1 terminal_edd_at_most_one_tardy=1 enable_memo=1 enable_exact_memo=1 memo_full_key_verification=1 memo_memory_limit_mb=12288 cost=0 time_ms=0.0132 nodes=1 max_depth=0 memo_hits=0 memo_misses=1 memo_exact_hits=0 memo_lb_hits=0 rule4=1 valid_pos=0 valid_pos_pruned_3a=0 valid_pos_pruned_3b=0 memo_rejected=0 memo_forced_evict=0 lufo_passes=0 terminal_spt=0 terminal_edd=1 memo_peak=1 memo_final=1 memo_evictions=0 memo_clean_time_ms=0 reconstruction_time_ms=0.002 reconstruction_repairs=0 reconstruction_trace_hits=0 reconstruction_trace_fallbacks=0 memo_used_mb=0.000106812 memo_bytes_per_entry=112,300,3,D:\test2\results\article_code_comparison\data\300\SDT_300_1_0.2_4.txt,adaptive,custom,0,0,1,1,1,0,0,0,-1,-1,1,1,1,1,1,12288,0,,,0.0132,1,0,0,1,0,0,1,0,0,0,0,0,0,0,1,1,1,0,0,0.002,0,0,0,0.000106812,112,,,,,,,,,,,,,,,,,,,,,,C:\c++\test2\results\article_code_comparison\raw_results.csv,article_runner_filename_mismatch_R1_expected_1.0
300,1.0,0.2,4,D:\test2\results\article_code_comparison\data\300\SDT_300_1_0.2_5.txt,D:\test2\results\article_code_comparison,generated_by_project_generator,D:\test2\x64\Release\bm_solver.exe,SOLVED,0,0.0136,53.836,,,300,112,1728512,ERROR,,53.177,,,1736704,1.012393,,0.995283,NOT_COMPARABLE_ERROR,,,[run] n=300 seed=4 input=D:\test2\results\article_code_comparison\data\300\SDT_300_1_0.2_5.txt decomp=adaptive memo_backend=custom use_ub=0 use_lb=0 terminal_rules=1 position_filtering_enabled=1 enable_lawler_basic_rules=1 enable_simple_lb=0 enable_lb_memo=0 enable_edd_ub=0 ub_depth_limit=-1 lb_depth_limit=-1 terminal_all_tardy_spt=1 terminal_edd_at_most_one_tardy=1 enable_memo=1 enable_exact_memo=1 memo_full_key_verification=1 memo_memory_limit_mb=12288 cost=0 time_ms=0.0136 nodes=1 max_depth=0 memo_hits=0 memo_misses=1 memo_exact_hits=0 memo_lb_hits=0 rule4=1 valid_pos=0 valid_pos_pruned_3a=0 valid_pos_pruned_3b=0 memo_rejected=0 memo_forced_evict=0 lufo_passes=0 terminal_spt=0 terminal_edd=1 memo_peak=1 memo_final=1 memo_evictions=0 memo_clean_time_ms=0 reconstruction_time_ms=0.002 reconstruction_repairs=0 reconstruction_trace_hits=0 reconstruction_trace_fallbacks=0 memo_used_mb=0.000106812 memo_bytes_per_entry=112,300,4,D:\test2\results\article_code_comparison\data\300\SDT_300_1_0.2_5.txt,adaptive,custom,0,0,1,1,1,0,0,0,-1,-1,1,1,1,1,1,12288,0,,,0.0136,1,0,0,1,0,0,1,0,0,0,0,0,0,0,1,1,1,0,0,0.002,0,0,0,0.000106812,112,,,,,,,,,,,,,,,,,,,,,,C:\c++\test2\results\article_code_comparison\raw_results.csv,article_runner_filename_mismatch_R1_expected_1.0
300,1.0,0.2,5,D:\test2\results\article_code_comparison\data\300\SDT_300_1_0.2_6.txt,D:\test2\results\article_code_comparison,generated_by_project_generator,D:\test2\x64\Release\bm_solver.exe,SOLVED,0,0.0125,54.37,,,300,112,1654784,ERROR,,53.147,,,1810432,1.023012,,0.914027,NOT_COMPARABLE_ERROR,,,[run] n=300 seed=5 input=D:\test2\results\article_code_comparison\data\300\SDT_300_1_0.2_6.txt decomp=adaptive memo_backend=custom use_ub=0 use_lb=0 terminal_rules=1 position_filtering_enabled=1 enable_lawler_basic_rules=1 enable_simple_lb=0 enable_lb_memo=0 enable_edd_ub=0 ub_depth_limit=-1 lb_depth_limit=-1 terminal_all_tardy_spt=1 terminal_edd_at_most_one_tardy=1 enable_memo=1 enable_exact_memo=1 memo_full_key_verification=1 memo_memory_limit_mb=12288 cost=0 time_ms=0.0125 nodes=1 max_depth=0 memo_hits=0 memo_misses=1 memo_exact_hits=0 memo_lb_hits=0 rule4=1 valid_pos=0 valid_pos_pruned_3a=0 valid_pos_pruned_3b=0 memo_rejected=0 memo_forced_evict=0 lufo_passes=0 terminal_spt=0 terminal_edd=1 memo_peak=1 memo_final=1 memo_evictions=0 memo_clean_time_ms=0 reconstruction_time_ms=0.0019 reconstruction_repairs=0 reconstruction_trace_hits=0 reconstruction_trace_fallbacks=0 memo_used_mb=0.000106812 memo_bytes_per_entry=112,300,5,D:\test2\results\article_code_comparison\data\300\SDT_300_1_0.2_6.txt,adaptive,custom,0,0,1,1,1,0,0,0,-1,-1,1,1,1,1,1,12288,0,,,0.0125,1,0,0,1,0,0,1,0,0,0,0,0,0,0,1,1,1,0,0,0.0019,0,0,0,0.000106812,112,,,,,,,,,,,,,,,,,,,,,,C:\c++\test2\results\article_code_comparison\raw_results.csv,article_runner_filename_mismatch_R1_expected_1.0
300,1.0,0.2,6,D:\test2\results\article_code_comparison\data\300\SDT_300_1_0.2_7.txt,D:\test2\results\article_code_comparison,generated_by_project_generator,D:\test2\x64\Release\bm_solver.exe,SOLVED,0,0.0124,53.712,,,300,112,1630208,ERROR,,53.277,,,1810432,1.008165,,0.900452,NOT_COMPARABLE_ERROR,,,[run] n=300 seed=6 input=D:\test2\results\article_code_comparison\data\300\SDT_300_1_0.2_7.txt decomp=adaptive memo_backend=custom use_ub=0 use_lb=0 terminal_rules=1 position_filtering_enabled=1 enable_lawler_basic_rules=1 enable_simple_lb=0 enable_lb_memo=0 enable_edd_ub=0 ub_depth_limit=-1 lb_depth_limit=-1 terminal_all_tardy_spt=1 terminal_edd_at_most_one_tardy=1 enable_memo=1 enable_exact_memo=1 memo_full_key_verification=1 memo_memory_limit_mb=12288 cost=0 time_ms=0.0124 nodes=1 max_depth=0 memo_hits=0 memo_misses=1 memo_exact_hits=0 memo_lb_hits=0 rule4=1 valid_pos=0 valid_pos_pruned_3a=0 valid_pos_pruned_3b=0 memo_rejected=0 memo_forced_evict=0 lufo_passes=0 terminal_spt=0 terminal_edd=1 memo_peak=1 memo_final=1 memo_evictions=0 memo_clean_time_ms=0 reconstruction_time_ms=0.0019 reconstruction_repairs=0 reconstruction_trace_hits=0 reconstruction_trace_fallbacks=0 memo_used_mb=0.000106812 memo_bytes_per_entry=112,300,6,D:\test2\results\article_code_comparison\data\300\SDT_300_1_0.2_7.txt,adaptive,custom,0,0,1,1,1,0,0,0,-1,-1,1,1,1,1,1,12288,0,,,0.0124,1,0,0,1,0,0,1,0,0,0,0,0,0,0,1,1,1,0,0,0.0019,0,0,0,0.000106812,112,,,,,,,,,,,,,,,,,,,,,,C:\c++\test2\results\article_code_comparison\raw_results.csv,article_runner_filename_mismatch_R1_expected_1.0
300,1.0,0.2,7,D:\test2\results\article_code_comparison\data\300\SDT_300_1_0.2_8.txt,D:\test2\results\article_code_comparison,generated_by_project_generator,D:\test2\x64\Release\bm_solver.exe,SOLVED,0,0.0116,53.71,,,300,112,1810432,ERROR,,53.177,,,1814528,1.010023,,0.997743,NOT_COMPARABLE_ERROR,,,[run] n=300 seed=7 input=D:\test2\results\article_code_comparison\data\300\SDT_300_1_0.2_8.txt decomp=adaptive memo_backend=custom use_ub=0 use_lb=0 terminal_rules=1 position_filtering_enabled=1 enable_lawler_basic_rules=1 enable_simple_lb=0 enable_lb_memo=0 enable_edd_ub=0 ub_depth_limit=-1 lb_depth_limit=-1 terminal_all_tardy_spt=1 terminal_edd_at_most_one_tardy=1 enable_memo=1 enable_exact_memo=1 memo_full_key_verification=1 memo_memory_limit_mb=12288 cost=0 time_ms=0.0116 nodes=1 max_depth=0 memo_hits=0 memo_misses=1 memo_exact_hits=0 memo_lb_hits=0 rule4=1 valid_pos=0 valid_pos_pruned_3a=0 valid_pos_pruned_3b=0 memo_rejected=0 memo_forced_evict=0 lufo_passes=0 terminal_spt=0 terminal_edd=1 memo_peak=1 memo_final=1 memo_evictions=0 memo_clean_time_ms=0 reconstruction_time_ms=0.0019 reconstruction_repairs=0 reconstruction_trace_hits=0 reconstruction_trace_fallbacks=0 memo_used_mb=0.000106812 memo_bytes_per_entry=112,300,7,D:\test2\results\article_code_comparison\data\300\SDT_300_1_0.2_8.txt,adaptive,custom,0,0,1,1,1,0,0,0,-1,-1,1,1,1,1,1,12288,0,,,0.0116,1,0,0,1,0,0,1,0,0,0,0,0,0,0,1,1,1,0,0,0.0019,0,0,0,0.000106812,112,,,,,,,,,,,,,,,,,,,,,,C:\c++\test2\results\article_code_comparison\raw_results.csv,article_runner_filename_mismatch_R1_expected_1.0
300,1.0,0.2,8,D:\test2\results\article_code_comparison\data\300\SDT_300_1_0.2_9.txt,D:\test2\results\article_code_comparison,generated_by_project_generator,D:\test2\x64\Release\bm_solver.exe,SOLVED,0,0.0133,53.518,,,300,112,1708032,ERROR,,54.022,,,1814528,0.99067,,0.941309,NOT_COMPARABLE_ERROR,,,[run] n=300 seed=8 input=D:\test2\results\article_code_comparison\data\300\SDT_300_1_0.2_9.txt decomp=adaptive memo_backend=custom use_ub=0 use_lb=0 terminal_rules=1 position_filtering_enabled=1 enable_lawler_basic_rules=1 enable_simple_lb=0 enable_lb_memo=0 enable_edd_ub=0 ub_depth_limit=-1 lb_depth_limit=-1 terminal_all_tardy_spt=1 terminal_edd_at_most_one_tardy=1 enable_memo=1 enable_exact_memo=1 memo_full_key_verification=1 memo_memory_limit_mb=12288 cost=0 time_ms=0.0133 nodes=1 max_depth=0 memo_hits=0 memo_misses=1 memo_exact_hits=0 memo_lb_hits=0 rule4=1 valid_pos=0 valid_pos_pruned_3a=0 valid_pos_pruned_3b=0 memo_rejected=0 memo_forced_evict=0 lufo_passes=0 terminal_spt=0 terminal_edd=1 memo_peak=1 memo_final=1 memo_evictions=0 memo_clean_time_ms=0 reconstruction_time_ms=0.002 reconstruction_repairs=0 reconstruction_trace_hits=0 reconstruction_trace_fallbacks=0 memo_used_mb=0.000106812 memo_bytes_per_entry=112,300,8,D:\test2\results\article_code_comparison\data\300\SDT_300_1_0.2_9.txt,adaptive,custom,0,0,1,1,1,0,0,0,-1,-1,1,1,1,1,1,12288,0,,,0.0133,1,0,0,1,0,0,1,0,0,0,0,0,0,0,1,1,1,0,0,0.002,0,0,0,0.000106812,112,,,,,,,,,,,,,,,,,,,,,,C:\c++\test2\results\article_code_comparison\raw_results.csv,article_runner_filename_mismatch_R1_expected_1.0
300,1.0,0.2,9,D:\test2\results\article_code_comparison\data\300\SDT_300_1_0.2_10.txt,D:\test2\results\article_code_comparison,generated_by_project_generator,D:\test2\x64\Release\bm_solver.exe,SOLVED,0,0.0119,54.086,,,300,112,1736704,ERROR,,53.194,,,1859584,1.016769,,0.933921,NOT_COMPARABLE_ERROR,,,[run] n=300 seed=9 input=D:\test2\results\article_code_comparison\data\300\SDT_300_1_0.2_10.txt decomp=adaptive memo_backend=custom use_ub=0 use_lb=0 terminal_rules=1 position_filtering_enabled=1 enable_lawler_basic_rules=1 enable_simple_lb=0 enable_lb_memo=0 enable_edd_ub=0 ub_depth_limit=-1 lb_depth_limit=-1 terminal_all_tardy_spt=1 terminal_edd_at_most_one_tardy=1 enable_memo=1 enable_exact_memo=1 memo_full_key_verification=1 memo_memory_limit_mb=12288 cost=0 time_ms=0.0119 nodes=1 max_depth=0 memo_hits=0 memo_misses=1 memo_exact_hits=0 memo_lb_hits=0 rule4=1 valid_pos=0 valid_pos_pruned_3a=0 valid_pos_pruned_3b=0 memo_rejected=0 memo_forced_evict=0 lufo_passes=0 terminal_spt=0 terminal_edd=1 memo_peak=1 memo_final=1 memo_evictions=0 memo_clean_time_ms=0 reconstruction_time_ms=0.0021 reconstruction_repairs=0 reconstruction_trace_hits=0 reconstruction_trace_fallbacks=0 memo_used_mb=0.000106812 memo_bytes_per_entry=112,300,9,D:\test2\results\article_code_comparison\data\300\SDT_300_1_0.2_10.txt,adaptive,custom,0,0,1,1,1,0,0,0,-1,-1,1,1,1,1,1,12288,0,,,0.0119,1,0,0,1,0,0,1,0,0,0,0,0,0,0,1,1,1,0,0,0.0021,0,0,0,0.000106812,112,,,,,,,,,,,,,,,,,,,,,,C:\c++\test2\results\article_code_comparison\raw_results.csv,article_runner_filename_mismatch_R1_expected_1.0
300,1.0,0.4,0,D:\test2\results\article_code_comparison\data\300\SDT_300_1_0.4_1.txt,D:\test2\results\article_code_comparison,generated_by_project_generator,D:\test2\x64\Release\bm_solver.exe,SOLVED,0,0.0114,53.304,,,300,112,1708032,ERROR,,53.76,,,1814528,0.991518,,0.941309,NOT_COMPARABLE_ERROR,,,[run] n=300 seed=0 input=D:\test2\results\article_code_comparison\data\300\SDT_300_1_0.4_1.txt decomp=adaptive memo_backend=custom use_ub=0 use_lb=0 terminal_rules=1 position_filtering_enabled=1 enable_lawler_basic_rules=1 enable_simple_lb=0 enable_lb_memo=0 enable_edd_ub=0 ub_depth_limit=-1 lb_depth_limit=-1 terminal_all_tardy_spt=1 terminal_edd_at_most_one_tardy=1 enable_memo=1 enable_exact_memo=1 memo_full_key_verification=1 memo_memory_limit_mb=12288 cost=0 time_ms=0.0114 nodes=1 max_depth=0 memo_hits=0 memo_misses=1 memo_exact_hits=0 memo_lb_hits=0 rule4=1 valid_pos=0 valid_pos_pruned_3a=0 valid_pos_pruned_3b=0 memo_rejected=0 memo_forced_evict=0 lufo_passes=0 terminal_spt=0 terminal_edd=1 memo_peak=1 memo_final=1 memo_evictions=0 memo_clean_time_ms=0 reconstruction_time_ms=0.002 reconstruction_repairs=0 reconstruction_trace_hits=0 reconstruction_trace_fallbacks=0 memo_used_mb=0.000106812 memo_bytes_per_entry=112,300,0,D:\test2\results\article_code_comparison\data\300\SDT_300_1_0.4_1.txt,adaptive,custom,0,0,1,1,1,0,0,0,-1,-1,1,1,1,1,1,12288,0,,,0.0114,1,0,0,1,0,0,1,0,0,0,0,0,0,0,1,1,1,0,0,0.002,0,0,0,0.000106812,112,,,,,,,,,,,,,,,,,,,,,,C:\c++\test2\results\article_code_comparison\raw_results.csv,article_runner_filename_mismatch_R1_expected_1.0
300,1.0,0.4,1,D:\test2\results\article_code_comparison\data\300\SDT_300_1_0.4_2.txt,D:\test2\results\article_code_comparison,generated_by_project_generator,D:\test2\x64\Release\bm_solver.exe,SOLVED,0,0.0123,54.063,,,300,112,1740800,ERROR,,53.763,,,1789952,1.00558,,0.97254,NOT_COMPARABLE_ERROR,,,[run] n=300 seed=1 input=D:\test2\results\article_code_comparison\data\300\SDT_300_1_0.4_2.txt decomp=adaptive memo_backend=custom use_ub=0 use_lb=0 terminal_rules=1 position_filtering_enabled=1 enable_lawler_basic_rules=1 enable_simple_lb=0 enable_lb_memo=0 enable_edd_ub=0 ub_depth_limit=-1 lb_depth_limit=-1 terminal_all_tardy_spt=1 terminal_edd_at_most_one_tardy=1 enable_memo=1 enable_exact_memo=1 memo_full_key_verification=1 memo_memory_limit_mb=12288 cost=0 time_ms=0.0123 nodes=1 max_depth=0 memo_hits=0 memo_misses=1 memo_exact_hits=0 memo_lb_hits=0 rule4=1 valid_pos=0 valid_pos_pruned_3a=0 valid_pos_pruned_3b=0 memo_rejected=0 memo_forced_evict=0 lufo_passes=0 terminal_spt=0 terminal_edd=1 memo_peak=1 memo_final=1 memo_evictions=0 memo_clean_time_ms=0 reconstruction_time_ms=0.0021 reconstruction_repairs=0 reconstruction_trace_hits=0 reconstruction_trace_fallbacks=0 memo_used_mb=0.000106812 memo_bytes_per_entry=112,300,1,D:\test2\results\article_code_comparison\data\300\SDT_300_1_0.4_2.txt,adaptive,custom,0,0,1,1,1,0,0,0,-1,-1,1,1,1,1,1,12288,0,,,0.0123,1,0,0,1,0,0,1,0,0,0,0,0,0,0,1,1,1,0,0,0.0021,0,0,0,0.000106812,112,,,,,,,,,,,,,,,,,,,,,,C:\c++\test2\results\article_code_comparison\raw_results.csv,article_runner_filename_mismatch_R1_expected_1.0
300,1.0,0.4,2,D:\test2\results\article_code_comparison\data\300\SDT_300_1_0.4_3.txt,D:\test2\results\article_code_comparison,generated_by_project_generator,D:\test2\x64\Release\bm_solver.exe,SOLVED,0,0.0134,53.474,,,300,112,1622016,ERROR,,53.148,,,1814528,1.006134,,0.893905,NOT_COMPARABLE_ERROR,,,[run] n=300 seed=2 input=D:\test2\results\article_code_comparison\data\300\SDT_300_1_0.4_3.txt decomp=adaptive memo_backend=custom use_ub=0 use_lb=0 terminal_rules=1 position_filtering_enabled=1 enable_lawler_basic_rules=1 enable_simple_lb=0 enable_lb_memo=0 enable_edd_ub=0 ub_depth_limit=-1 lb_depth_limit=-1 terminal_all_tardy_spt=1 terminal_edd_at_most_one_tardy=1 enable_memo=1 enable_exact_memo=1 memo_full_key_verification=1 memo_memory_limit_mb=12288 cost=0 time_ms=0.0134 nodes=1 max_depth=0 memo_hits=0 memo_misses=1 memo_exact_hits=0 memo_lb_hits=0 rule4=1 valid_pos=0 valid_pos_pruned_3a=0 valid_pos_pruned_3b=0 memo_rejected=0 memo_forced_evict=0 lufo_passes=0 terminal_spt=0 terminal_edd=1 memo_peak=1 memo_final=1 memo_evictions=0 memo_clean_time_ms=0 reconstruction_time_ms=0.002 reconstruction_repairs=0 reconstruction_trace_hits=0 reconstruction_trace_fallbacks=0 memo_used_mb=0.000106812 memo_bytes_per_entry=112,300,2,D:\test2\results\article_code_comparison\data\300\SDT_300_1_0.4_3.txt,adaptive,custom,0,0,1,1,1,0,0,0,-1,-1,1,1,1,1,1,12288,0,,,0.0134,1,0,0,1,0,0,1,0,0,0,0,0,0,0,1,1,1,0,0,0.002,0,0,0,0.000106812,112,,,,,,,,,,,,,,,,,,,,,,C:\c++\test2\results\article_code_comparison\raw_results.csv,article_runner_filename_mismatch_R1_expected_1.0
300,1.0,0.4,3,D:\test2\results\article_code_comparison\data\300\SDT_300_1_0.4_4.txt,D:\test2\results\article_code_comparison,generated_by_project_generator,D:\test2\x64\Release\bm_solver.exe,SOLVED,0,0.0121,54.027,,,300,112,1855488,ERROR,,53.93,,,1822720,1.001799,,1.017978,NOT_COMPARABLE_ERROR,,,[run] n=300 seed=3 input=D:\test2\results\article_code_comparison\data\300\SDT_300_1_0.4_4.txt decomp=adaptive memo_backend=custom use_ub=0 use_lb=0 terminal_rules=1 position_filtering_enabled=1 enable_lawler_basic_rules=1 enable_simple_lb=0 enable_lb_memo=0 enable_edd_ub=0 ub_depth_limit=-1 lb_depth_limit=-1 terminal_all_tardy_spt=1 terminal_edd_at_most_one_tardy=1 enable_memo=1 enable_exact_memo=1 memo_full_key_verification=1 memo_memory_limit_mb=12288 cost=0 time_ms=0.0121 nodes=1 max_depth=0 memo_hits=0 memo_misses=1 memo_exact_hits=0 memo_lb_hits=0 rule4=1 valid_pos=0 valid_pos_pruned_3a=0 valid_pos_pruned_3b=0 memo_rejected=0 memo_forced_evict=0 lufo_passes=0 terminal_spt=0 terminal_edd=1 memo_peak=1 memo_final=1 memo_evictions=0 memo_clean_time_ms=0 reconstruction_time_ms=0.0019 reconstruction_repairs=0 reconstruction_trace_hits=0 reconstruction_trace_fallbacks=0 memo_used_mb=0.000106812 memo_bytes_per_entry=112,300,3,D:\test2\results\article_code_comparison\data\300\SDT_300_1_0.4_4.txt,adaptive,custom,0,0,1,1,1,0,0,0,-1,-1,1,1,1,1,1,12288,0,,,0.0121,1,0,0,1,0,0,1,0,0,0,0,0,0,0,1,1,1,0,0,0.0019,0,0,0,0.000106812,112,,,,,,,,,,,,,,,,,,,,,,C:\c++\test2\results\article_code_comparison\raw_results.csv,article_runner_filename_mismatch_R1_expected_1.0
300,1.0,0.4,4,D:\test2\results\article_code_comparison\data\300\SDT_300_1_0.4_5.txt,D:\test2\results\article_code_comparison,generated_by_project_generator,D:\test2\x64\Release\bm_solver.exe,SOLVED,0,0.0136,53.292,,,300,112,1728512,ERROR,,54.168,,,1814528,0.983828,,0.952596,NOT_COMPARABLE_ERROR,,,[run] n=300 seed=4 input=D:\test2\results\article_code_comparison\data\300\SDT_300_1_0.4_5.txt decomp=adaptive memo_backend=custom use_ub=0 use_lb=0 terminal_rules=1 position_filtering_enabled=1 enable_lawler_basic_rules=1 enable_simple_lb=0 enable_lb_memo=0 enable_edd_ub=0 ub_depth_limit=-1 lb_depth_limit=-1 terminal_all_tardy_spt=1 terminal_edd_at_most_one_tardy=1 enable_memo=1 enable_exact_memo=1 memo_full_key_verification=1 memo_memory_limit_mb=12288 cost=0 time_ms=0.0136 nodes=1 max_depth=0 memo_hits=0 memo_misses=1 memo_exact_hits=0 memo_lb_hits=0 rule4=1 valid_pos=0 valid_pos_pruned_3a=0 valid_pos_pruned_3b=0 memo_rejected=0 memo_forced_evict=0 lufo_passes=0 terminal_spt=0 terminal_edd=1 memo_peak=1 memo_final=1 memo_evictions=0 memo_clean_time_ms=0 reconstruction_time_ms=0.0024 reconstruction_repairs=0 reconstruction_trace_hits=0 reconstruction_trace_fallbacks=0 memo_used_mb=0.000106812 memo_bytes_per_entry=112,300,4,D:\test2\results\article_code_comparison\data\300\SDT_300_1_0.4_5.txt,adaptive,custom,0,0,1,1,1,0,0,0,-1,-1,1,1,1,1,1,12288,0,,,0.0136,1,0,0,1,0,0,1,0,0,0,0,0,0,0,1,1,1,0,0,0.0024,0,0,0,0.000106812,112,,,,,,,,,,,,,,,,,,,,,,C:\c++\test2\results\article_code_comparison\raw_results.csv,article_runner_filename_mismatch_R1_expected_1.0
300,1.0,0.4,5,D:\test2\results\article_code_comparison\data\300\SDT_300_1_0.4_6.txt,D:\test2\results\article_code_comparison,generated_by_project_generator,D:\test2\x64\Release\bm_solver.exe,SOLVED,0,0.0139,53.339,,,300,112,1777664,ERROR,,54.02,,,1773568,0.987394,,1.002309,NOT_COMPARABLE_ERROR,,,[run] n=300 seed=5 input=D:\test2\results\article_code_comparison\data\300\SDT_300_1_0.4_6.txt decomp=adaptive memo_backend=custom use_ub=0 use_lb=0 terminal_rules=1 position_filtering_enabled=1 enable_lawler_basic_rules=1 enable_simple_lb=0 enable_lb_memo=0 enable_edd_ub=0 ub_depth_limit=-1 lb_depth_limit=-1 terminal_all_tardy_spt=1 terminal_edd_at_most_one_tardy=1 enable_memo=1 enable_exact_memo=1 memo_full_key_verification=1 memo_memory_limit_mb=12288 cost=0 time_ms=0.0139 nodes=1 max_depth=0 memo_hits=0 memo_misses=1 memo_exact_hits=0 memo_lb_hits=0 rule4=1 valid_pos=0 valid_pos_pruned_3a=0 valid_pos_pruned_3b=0 memo_rejected=0 memo_forced_evict=0 lufo_passes=0 terminal_spt=0 terminal_edd=1 memo_peak=1 memo_final=1 memo_evictions=0 memo_clean_time_ms=0 reconstruction_time_ms=0.0022 reconstruction_repairs=0 reconstruction_trace_hits=0 reconstruction_trace_fallbacks=0 memo_used_mb=0.000106812 memo_bytes_per_entry=112,300,5,D:\test2\results\article_code_comparison\data\300\SDT_300_1_0.4_6.txt,adaptive,custom,0,0,1,1,1,0,0,0,-1,-1,1,1,1,1,1,12288,0,,,0.0139,1,0,0,1,0,0,1,0,0,0,0,0,0,0,1,1,1,0,0,0.0022,0,0,0,0.000106812,112,,,,,,,,,,,,,,,,,,,,,,C:\c++\test2\results\article_code_comparison\raw_results.csv,article_runner_filename_mismatch_R1_expected_1.0
300,1.0,0.4,6,D:\test2\results\article_code_comparison\data\300\SDT_300_1_0.4_7.txt,D:\test2\results\article_code_comparison,generated_by_project_generator,D:\test2\x64\Release\bm_solver.exe,SOLVED,0,0.0133,53.266,,,300,112,1699840,ERROR,,53.204,,,1806336,1.001165,,0.941043,NOT_COMPARABLE_ERROR,,,[run] n=300 seed=6 input=D:\test2\results\article_code_comparison\data\300\SDT_300_1_0.4_7.txt decomp=adaptive memo_backend=custom use_ub=0 use_lb=0 terminal_rules=1 position_filtering_enabled=1 enable_lawler_basic_rules=1 enable_simple_lb=0 enable_lb_memo=0 enable_edd_ub=0 ub_depth_limit=-1 lb_depth_limit=-1 terminal_all_tardy_spt=1 terminal_edd_at_most_one_tardy=1 enable_memo=1 enable_exact_memo=1 memo_full_key_verification=1 memo_memory_limit_mb=12288 cost=0 time_ms=0.0133 nodes=1 max_depth=0 memo_hits=0 memo_misses=1 memo_exact_hits=0 memo_lb_hits=0 rule4=1 valid_pos=0 valid_pos_pruned_3a=0 valid_pos_pruned_3b=0 memo_rejected=0 memo_forced_evict=0 lufo_passes=0 terminal_spt=0 terminal_edd=1 memo_peak=1 memo_final=1 memo_evictions=0 memo_clean_time_ms=0 reconstruction_time_ms=0.0019 reconstruction_repairs=0 reconstruction_trace_hits=0 reconstruction_trace_fallbacks=0 memo_used_mb=0.000106812 memo_bytes_per_entry=112,300,6,D:\test2\results\article_code_comparison\data\300\SDT_300_1_0.4_7.txt,adaptive,custom,0,0,1,1,1,0,0,0,-1,-1,1,1,1,1,1,12288,0,,,0.0133,1,0,0,1,0,0,1,0,0,0,0,0,0,0,1,1,1,0,0,0.0019,0,0,0,0.000106812,112,,,,,,,,,,,,,,,,,,,,,,C:\c++\test2\results\article_code_comparison\raw_results.csv,article_runner_filename_mismatch_R1_expected_1.0
300,1.0,0.4,7,D:\test2\results\article_code_comparison\data\300\SDT_300_1_0.4_8.txt,D:\test2\results\article_code_comparison,generated_by_project_generator,D:\test2\x64\Release\bm_solver.exe,SOLVED,0,0.0124,53.857,,,300,112,1769472,ERROR,,54.294,,,1798144,0.991951,,0.984055,NOT_COMPARABLE_ERROR,,,[run] n=300 seed=7 input=D:\test2\results\article_code_comparison\data\300\SDT_300_1_0.4_8.txt decomp=adaptive memo_backend=custom use_ub=0 use_lb=0 terminal_rules=1 position_filtering_enabled=1 enable_lawler_basic_rules=1 enable_simple_lb=0 enable_lb_memo=0 enable_edd_ub=0 ub_depth_limit=-1 lb_depth_limit=-1 terminal_all_tardy_spt=1 terminal_edd_at_most_one_tardy=1 enable_memo=1 enable_exact_memo=1 memo_full_key_verification=1 memo_memory_limit_mb=12288 cost=0 time_ms=0.0124 nodes=1 max_depth=0 memo_hits=0 memo_misses=1 memo_exact_hits=0 memo_lb_hits=0 rule4=1 valid_pos=0 valid_pos_pruned_3a=0 valid_pos_pruned_3b=0 memo_rejected=0 memo_forced_evict=0 lufo_passes=0 terminal_spt=0 terminal_edd=1 memo_peak=1 memo_final=1 memo_evictions=0 memo_clean_time_ms=0 reconstruction_time_ms=0.0022 reconstruction_repairs=0 reconstruction_trace_hits=0 reconstruction_trace_fallbacks=0 memo_used_mb=0.000106812 memo_bytes_per_entry=112,300,7,D:\test2\results\article_code_comparison\data\300\SDT_300_1_0.4_8.txt,adaptive,custom,0,0,1,1,1,0,0,0,-1,-1,1,1,1,1,1,12288,0,,,0.0124,1,0,0,1,0,0,1,0,0,0,0,0,0,0,1,1,1,0,0,0.0022,0,0,0,0.000106812,112,,,,,,,,,,,,,,,,,,,,,,C:\c++\test2\results\article_code_comparison\raw_results.csv,article_runner_filename_mismatch_R1_expected_1.0
300,1.0,0.4,8,D:\test2\results\article_code_comparison\data\300\SDT_300_1_0.4_9.txt,D:\test2\results\article_code_comparison,generated_by_project_generator,D:\test2\x64\Release\bm_solver.exe,SOLVED,0,0.0126,53.268,,,300,112,1667072,ERROR,,53.572,,,1814528,0.994325,,0.918736,NOT_COMPARABLE_ERROR,,,[run] n=300 seed=8 input=D:\test2\results\article_code_comparison\data\300\SDT_300_1_0.4_9.txt decomp=adaptive memo_backend=custom use_ub=0 use_lb=0 terminal_rules=1 position_filtering_enabled=1 enable_lawler_basic_rules=1 enable_simple_lb=0 enable_lb_memo=0 enable_edd_ub=0 ub_depth_limit=-1 lb_depth_limit=-1 terminal_all_tardy_spt=1 terminal_edd_at_most_one_tardy=1 enable_memo=1 enable_exact_memo=1 memo_full_key_verification=1 memo_memory_limit_mb=12288 cost=0 time_ms=0.0126 nodes=1 max_depth=0 memo_hits=0 memo_misses=1 memo_exact_hits=0 memo_lb_hits=0 rule4=1 valid_pos=0 valid_pos_pruned_3a=0 valid_pos_pruned_3b=0 memo_rejected=0 memo_forced_evict=0 lufo_passes=0 terminal_spt=0 terminal_edd=1 memo_peak=1 memo_final=1 memo_evictions=0 memo_clean_time_ms=0 reconstruction_time_ms=0.002 reconstruction_repairs=0 reconstruction_trace_hits=0 reconstruction_trace_fallbacks=0 memo_used_mb=0.000106812 memo_bytes_per_entry=112,300,8,D:\test2\results\article_code_comparison\data\300\SDT_300_1_0.4_9.txt,adaptive,custom,0,0,1,1,1,0,0,0,-1,-1,1,1,1,1,1,12288,0,,,0.0126,1,0,0,1,0,0,1,0,0,0,0,0,0,0,1,1,1,0,0,0.002,0,0,0,0.000106812,112,,,,,,,,,,,,,,,,,,,,,,C:\c++\test2\results\article_code_comparison\raw_results.csv,article_runner_filename_mismatch_R1_expected_1.0
300,1.0,0.4,9,D:\test2\results\article_code_comparison\data\300\SDT_300_1_0.4_10.txt,D:\test2\results\article_code_comparison,generated_by_project_generator,D:\test2\x64\Release\bm_solver.exe,SOLVED,0,0.0132,54.212,,,300,112,1626112,ERROR,,53.275,,,1814528,1.017588,,0.896163,NOT_COMPARABLE_ERROR,,,[run] n=300 seed=9 input=D:\test2\results\article_code_comparison\data\300\SDT_300_1_0.4_10.txt decomp=adaptive memo_backend=custom use_ub=0 use_lb=0 terminal_rules=1 position_filtering_enabled=1 enable_lawler_basic_rules=1 enable_simple_lb=0 enable_lb_memo=0 enable_edd_ub=0 ub_depth_limit=-1 lb_depth_limit=-1 terminal_all_tardy_spt=1 terminal_edd_at_most_one_tardy=1 enable_memo=1 enable_exact_memo=1 memo_full_key_verification=1 memo_memory_limit_mb=12288 cost=0 time_ms=0.0132 nodes=1 max_depth=0 memo_hits=0 memo_misses=1 memo_exact_hits=0 memo_lb_hits=0 rule4=1 valid_pos=0 valid_pos_pruned_3a=0 valid_pos_pruned_3b=0 memo_rejected=0 memo_forced_evict=0 lufo_passes=0 terminal_spt=0 terminal_edd=1 memo_peak=1 memo_final=1 memo_evictions=0 memo_clean_time_ms=0 reconstruction_time_ms=0.0022 reconstruction_repairs=0 reconstruction_trace_hits=0 reconstruction_trace_fallbacks=0 memo_used_mb=0.000106812 memo_bytes_per_entry=112,300,9,D:\test2\results\article_code_comparison\data\300\SDT_300_1_0.4_10.txt,adaptive,custom,0,0,1,1,1,0,0,0,-1,-1,1,1,1,1,1,12288,0,,,0.0132,1,0,0,1,0,0,1,0,0,0,0,0,0,0,1,1,1,0,0,0.0022,0,0,0,0.000106812,112,,,,,,,,,,,,,,,,,,,,,,C:\c++\test2\results\article_code_comparison\raw_results.csv,article_runner_filename_mismatch_R1_expected_1.0
300,1.0,0.6,0,D:\test2\results\article_code_comparison\data\300\SDT_300_1_0.6_1.txt,D:\test2\results\article_code_comparison,generated_by_project_generator,D:\test2\x64\Release\bm_solver.exe,SOLVED,294366,1.5536,53.36,,,300,111552,1646592,ERROR,,53.569,,,1859584,0.996098,,0.885463,NOT_COMPARABLE_ERROR,,,[run] n=300 seed=0 input=D:\test2\results\article_code_comparison\data\300\SDT_300_1_0.6_1.txt decomp=adaptive memo_backend=custom use_ub=0 use_lb=0 terminal_rules=1 position_filtering_enabled=1 enable_lawler_basic_rules=1 enable_simple_lb=0 enable_lb_memo=0 enable_edd_ub=0 ub_depth_limit=-1 lb_depth_limit=-1 terminal_all_tardy_spt=1 terminal_edd_at_most_one_tardy=1 enable_memo=1 enable_exact_memo=1 memo_full_key_verification=1 memo_memory_limit_mb=12288 cost=294366 time_ms=1.5536 nodes=581 max_depth=299 memo_hits=101 memo_misses=1161 memo_exact_hits=101 memo_lb_hits=0 rule4=1 valid_pos=10925 valid_pos_pruned_3a=0 valid_pos_pruned_3b=0 memo_rejected=0 memo_forced_evict=0 lufo_passes=0 terminal_spt=7 terminal_edd=178 memo_peak=581 memo_final=581 memo_evictions=0 memo_clean_time_ms=0 reconstruction_time_ms=0.4119 reconstruction_repairs=0 reconstruction_trace_hits=158 reconstruction_trace_fallbacks=0 memo_used_mb=0.106384 memo_bytes_per_entry=192,300,0,D:\test2\results\article_code_comparison\data\300\SDT_300_1_0.6_1.txt,adaptive,custom,0,0,1,1,1,0,0,0,-1,-1,1,1,1,1,1,12288,294366,,,1.5536,581,299,101,1161,101,0,1,10925,0,0,0,0,0,7,178,581,581,0,0,0.4119,0,158,0,0.106384,192,,,,,,,,,,,,,,,,,,,,,,C:\c++\test2\results\article_code_comparison\raw_results.csv,article_runner_filename_mismatch_R1_expected_1.0
300,1.0,0.6,1,D:\test2\results\article_code_comparison\data\300\SDT_300_1_0.6_2.txt,D:\test2\results\article_code_comparison,generated_by_project_generator,D:\test2\x64\Release\bm_solver.exe,SOLVED,198907,26.2902,53.559,,,300,1941501,1662976,ERROR,,53.588,,,1802240,0.999459,,0.922727,NOT_COMPARABLE_ERROR,,,[run] n=300 seed=1 input=D:\test2\results\article_code_comparison\data\300\SDT_300_1_0.6_2.txt decomp=adaptive memo_backend=custom use_ub=0 use_lb=0 terminal_rules=1 position_filtering_enabled=1 enable_lawler_basic_rules=1 enable_simple_lb=0 enable_lb_memo=0 enable_edd_ub=0 ub_depth_limit=-1 lb_depth_limit=-1 terminal_all_tardy_spt=1 terminal_edd_at_most_one_tardy=1 enable_memo=1 enable_exact_memo=1 memo_full_key_verification=1 memo_memory_limit_mb=12288 cost=198907 time_ms=26.2902 nodes=10112 max_depth=299 memo_hits=4422 memo_misses=20223 memo_exact_hits=4422 memo_lb_hits=0 rule4=1 valid_pos=230071 valid_pos_pruned_3a=0 valid_pos_pruned_3b=0 memo_rejected=0 memo_forced_evict=0 lufo_passes=0 terminal_spt=81 terminal_edd=1963 memo_peak=10112 memo_final=10112 memo_evictions=0 memo_clean_time_ms=0 reconstruction_time_ms=0.4392 reconstruction_repairs=0 reconstruction_trace_hits=165 reconstruction_trace_fallbacks=0 memo_used_mb=1.85156 memo_bytes_per_entry=192,300,1,D:\test2\results\article_code_comparison\data\300\SDT_300_1_0.6_2.txt,adaptive,custom,0,0,1,1,1,0,0,0,-1,-1,1,1,1,1,1,12288,198907,,,26.2902,10112,299,4422,20223,4422,0,1,230071,0,0,0,0,0,81,1963,10112,10112,0,0,0.4392,0,165,0,1.85156,192,,,,,,,,,,,,,,,,,,,,,,C:\c++\test2\results\article_code_comparison\raw_results.csv,article_runner_filename_mismatch_R1_expected_1.0
300,1.0,0.6,2,D:\test2\results\article_code_comparison\data\300\SDT_300_1_0.6_3.txt,D:\test2\results\article_code_comparison,generated_by_project_generator,D:\test2\x64\Release\bm_solver.exe,SOLVED,201773,2.9207,53.596,,,300,220992,1765376,ERROR,,53.487,,,1814528,1.002038,,0.972912,NOT_COMPARABLE_ERROR,,,[run] n=300 seed=2 input=D:\test2\results\article_code_comparison\data\300\SDT_300_1_0.6_3.txt decomp=adaptive memo_backend=custom use_ub=0 use_lb=0 terminal_rules=1 position_filtering_enabled=1 enable_lawler_basic_rules=1 enable_simple_lb=0 enable_lb_memo=0 enable_edd_ub=0 ub_depth_limit=-1 lb_depth_limit=-1 terminal_all_tardy_spt=1 terminal_edd_at_most_one_tardy=1 enable_memo=1 enable_exact_memo=1 memo_full_key_verification=1 memo_memory_limit_mb=12288 cost=201773 time_ms=2.9207 nodes=1151 max_depth=299 memo_hits=413 memo_misses=2301 memo_exact_hits=413 memo_lb_hits=0 rule4=1 valid_pos=21103 valid_pos_pruned_3a=0 valid_pos_pruned_3b=0 memo_rejected=0 memo_forced_evict=0 lufo_passes=0 terminal_spt=10 terminal_edd=270 memo_peak=1151 memo_final=1151 memo_evictions=0 memo_clean_time_ms=0 reconstruction_time_ms=0.3756 reconstruction_repairs=0 reconstruction_trace_hits=179 reconstruction_trace_fallbacks=0 memo_used_mb=0.210754 memo_bytes_per_entry=192,300,2,D:\test2\results\article_code_comparison\data\300\SDT_300_1_0.6_3.txt,adaptive,custom,0,0,1,1,1,0,0,0,-1,-1,1,1,1,1,1,12288,201773,,,2.9207,1151,299,413,2301,413,0,1,21103,0,0,0,0,0,10,270,1151,1151,0,0,0.3756,0,179,0,0.210754,192,,,,,,,,,,,,,,,,,,,,,,C:\c++\test2\results\article_code_comparison\raw_results.csv,article_runner_filename_mismatch_R1_expected_1.0
300,1.0,0.6,3,D:\test2\results\article_code_comparison\data\300\SDT_300_1_0.6_4.txt,D:\test2\results\article_code_comparison,generated_by_project_generator,D:\test2\x64\Release\bm_solver.exe,SOLVED,237452,1.9243,53.328,,,300,150912,1740800,ERROR,,53.151,,,1798144,1.00333,,0.968109,NOT_COMPARABLE_ERROR,,,[run] n=300 seed=3 input=D:\test2\results\article_code_comparison\data\300\SDT_300_1_0.6_4.txt decomp=adaptive memo_backend=custom use_ub=0 use_lb=0 terminal_rules=1 position_filtering_enabled=1 enable_lawler_basic_rules=1 enable_simple_lb=0 enable_lb_memo=0 enable_edd_ub=0 ub_depth_limit=-1 lb_depth_limit=-1 terminal_all_tardy_spt=1 terminal_edd_at_most_one_tardy=1 enable_memo=1 enable_exact_memo=1 memo_full_key_verification=1 memo_memory_limit_mb=12288 cost=237452 time_ms=1.9243 nodes=786 max_depth=299 memo_hits=310 memo_misses=1571 memo_exact_hits=310 memo_lb_hits=0 rule4=1 valid_pos=15364 valid_pos_pruned_3a=0 valid_pos_pruned_3b=0 memo_rejected=0 memo_forced_evict=0 lufo_passes=0 terminal_spt=3 terminal_edd=222 memo_peak=786 memo_final=786 memo_evictions=0 memo_clean_time_ms=0 reconstruction_time_ms=0.3588 reconstruction_repairs=0 reconstruction_trace_hits=151 reconstruction_trace_fallbacks=0 memo_used_mb=0.143921 memo_bytes_per_entry=192,300,3,D:\test2\results\article_code_comparison\data\300\SDT_300_1_0.6_4.txt,adaptive,custom,0,0,1,1,1,0,0,0,-1,-1,1,1,1,1,1,12288,237452,,,1.9243,786,299,310,1571,310,0,1,15364,0,0,0,0,0,3,222,786,786,0,0,0.3588,0,151,0,0.143921,192,,,,,,,,,,,,,,,,,,,,,,C:\c++\test2\results\article_code_comparison\raw_results.csv,article_runner_filename_mismatch_R1_expected_1.0
300,1.0,0.6,4,D:\test2\results\article_code_comparison\data\300\SDT_300_1_0.6_5.txt,D:\test2\results\article_code_comparison,generated_by_project_generator,D:\test2\x64\Release\bm_solver.exe,SOLVED,191743,3.6591,54.261,,,300,329280,1720320,ERROR,,53.504,,,1814528,1.014148,,0.948081,NOT_COMPARABLE_ERROR,,,[run] n=300 seed=4 input=D:\test2\results\article_code_comparison\data\300\SDT_300_1_0.6_5.txt decomp=adaptive memo_backend=custom use_ub=0 use_lb=0 terminal_rules=1 position_filtering_enabled=1 enable_lawler_basic_rules=1 enable_simple_lb=0 enable_lb_memo=0 enable_edd_ub=0 ub_depth_limit=-1 lb_depth_limit=-1 terminal_all_tardy_spt=1 terminal_edd_at_most_one_tardy=1 enable_memo=1 enable_exact_memo=1 memo_full_key_verification=1 memo_memory_limit_mb=12288 cost=191743 time_ms=3.6591 nodes=1715 max_depth=299 memo_hits=488 memo_misses=3429 memo_exact_hits=488 memo_lb_hits=0 rule4=1 valid_pos=23231 valid_pos_pruned_3a=0 valid_pos_pruned_3b=0 memo_rejected=0 memo_forced_evict=0 lufo_passes=0 terminal_spt=13 terminal_edd=457 memo_peak=1715 memo_final=1715 memo_evictions=0 memo_clean_time_ms=0 reconstruction_time_ms=0.3716 reconstruction_repairs=0 reconstruction_trace_hits=174 reconstruction_trace_fallbacks=0 memo_used_mb=0.314026 memo_bytes_per_entry=192,300,4,D:\test2\results\article_code_comparison\data\300\SDT_300_1_0.6_5.txt,adaptive,custom,0,0,1,1,1,0,0,0,-1,-1,1,1,1,1,1,12288,191743,,,3.6591,1715,299,488,3429,488,0,1,23231,0,0,0,0,0,13,457,1715,1715,0,0,0.3716,0,174,0,0.314026,192,,,,,,,,,,,,,,,,,,,,,,C:\c++\test2\results\article_code_comparison\raw_results.csv,article_runner_filename_mismatch_R1_expected_1.0
300,1.0,0.6,5,D:\test2\results\article_code_comparison\data\300\SDT_300_1_0.6_6.txt,D:\test2\results\article_code_comparison,generated_by_project_generator,D:\test2\x64\Release\bm_solver.exe,SOLVED,175072,2.2069,53.873,,,300,143424,1728512,ERROR,,53.55,,,1855488,1.006032,,0.931567,NOT_COMPARABLE_ERROR,,,[run] n=300 seed=5 input=D:\test2\results\article_code_comparison\data\300\SDT_300_1_0.6_6.txt decomp=adaptive memo_backend=custom use_ub=0 use_lb=0 terminal_rules=1 position_filtering_enabled=1 enable_lawler_basic_rules=1 enable_simple_lb=0 enable_lb_memo=0 enable_edd_ub=0 ub_depth_limit=-1 lb_depth_limit=-1 terminal_all_tardy_spt=1 terminal_edd_at_most_one_tardy=1 enable_memo=1 enable_exact_memo=1 memo_full_key_verification=1 memo_memory_limit_mb=12288 cost=175072 time_ms=2.2069 nodes=747 max_depth=299 memo_hits=378 memo_misses=1493 memo_exact_hits=378 memo_lb_hits=0 rule4=1 valid_pos=19832 valid_pos_pruned_3a=0 valid_pos_pruned_3b=0 memo_rejected=0 memo_forced_evict=0 lufo_passes=0 terminal_spt=6 terminal_edd=207 memo_peak=747 memo_final=747 memo_evictions=0 memo_clean_time_ms=0 reconstruction_time_ms=0.3955 reconstruction_repairs=0 reconstruction_trace_hits=154 reconstruction_trace_fallbacks=0 memo_used_mb=0.13678 memo_bytes_per_entry=192,300,5,D:\test2\results\article_code_comparison\data\300\SDT_300_1_0.6_6.txt,adaptive,custom,0,0,1,1,1,0,0,0,-1,-1,1,1,1,1,1,12288,175072,,,2.2069,747,299,378,1493,378,0,1,19832,0,0,0,0,0,6,207,747,747,0,0,0.3955,0,154,0,0.13678,192,,,,,,,,,,,,,,,,,,,,,,C:\c++\test2\results\article_code_comparison\raw_results.csv,article_runner_filename_mismatch_R1_expected_1.0
300,1.0,0.6,6,D:\test2\results\article_code_comparison\data\300\SDT_300_1_0.6_7.txt,D:\test2\results\article_code_comparison,generated_by_project_generator,D:\test2\x64\Release\bm_solver.exe,SOLVED,336835,1.493,53.943,,,300,103872,1654784,ERROR,,53.209,,,1798144,1.013795,,0.920273,NOT_COMPARABLE_ERROR,,,[run] n=300 seed=6 input=D:\test2\results\article_code_comparison\data\300\SDT_300_1_0.6_7.txt decomp=adaptive memo_backend=custom use_ub=0 use_lb=0 terminal_rules=1 position_filtering_enabled=1 enable_lawler_basic_rules=1 enable_simple_lb=0 enable_lb_memo=0 enable_edd_ub=0 ub_depth_limit=-1 lb_depth_limit=-1 terminal_all_tardy_spt=1 terminal_edd_at_most_one_tardy=1 enable_memo=1 enable_exact_memo=1 memo_full_key_verification=1 memo_memory_limit_mb=12288 cost=336835 time_ms=1.493 nodes=541 max_depth=299 memo_hits=110 memo_misses=1081 memo_exact_hits=110 memo_lb_hits=0 rule4=1 valid_pos=7356 valid_pos_pruned_3a=0 valid_pos_pruned_3b=0 memo_rejected=0 memo_forced_evict=0 lufo_passes=0 terminal_spt=10 terminal_edd=166 memo_peak=541 memo_final=541 memo_evictions=0 memo_clean_time_ms=0 reconstruction_time_ms=0.4294 reconstruction_repairs=0 reconstruction_trace_hits=162 reconstruction_trace_fallbacks=0 memo_used_mb=0.0990601 memo_bytes_per_entry=192,300,6,D:\test2\results\article_code_comparison\data\300\SDT_300_1_0.6_7.txt,adaptive,custom,0,0,1,1,1,0,0,0,-1,-1,1,1,1,1,1,12288,336835,,,1.493,541,299,110,1081,110,0,1,7356,0,0,0,0,0,10,166,541,541,0,0,0.4294,0,162,0,0.0990601,192,,,,,,,,,,,,,,,,,,,,,,C:\c++\test2\results\article_code_comparison\raw_results.csv,article_runner_filename_mismatch_R1_expected_1.0
300,1.0,0.6,7,D:\test2\results\article_code_comparison\data\300\SDT_300_1_0.6_8.txt,D:\test2\results\article_code_comparison,generated_by_project_generator,D:\test2\x64\Release\bm_solver.exe,SOLVED,305704,1.6395,54.477,,,300,141696,1748992,ERROR,,53.38,,,1802240,1.020551,,0.970455,NOT_COMPARABLE_ERROR,,,[run] n=300 seed=7 input=D:\test2\results\article_code_comparison\data\300\SDT_300_1_0.6_8.txt decomp=adaptive memo_backend=custom use_ub=0 use_lb=0 terminal_rules=1 position_filtering_enabled=1 enable_lawler_basic_rules=1 enable_simple_lb=0 enable_lb_memo=0 enable_edd_ub=0 ub_depth_limit=-1 lb_depth_limit=-1 terminal_all_tardy_spt=1 terminal_edd_at_most_one_tardy=1 enable_memo=1 enable_exact_memo=1 memo_full_key_verification=1 memo_memory_limit_mb=12288 cost=305704 time_ms=1.6395 nodes=738 max_depth=299 memo_hits=119 memo_misses=1475 memo_exact_hits=119 memo_lb_hits=0 rule4=1 valid_pos=11503 valid_pos_pruned_3a=0 valid_pos_pruned_3b=0 memo_rejected=0 memo_forced_evict=0 lufo_passes=0 terminal_spt=6 terminal_edd=221 memo_peak=738 memo_final=738 memo_evictions=0 memo_clean_time_ms=0 reconstruction_time_ms=0.44 reconstruction_repairs=0 reconstruction_trace_hits=170 reconstruction_trace_fallbacks=0 memo_used_mb=0.135132 memo_bytes_per_entry=192,300,7,D:\test2\results\article_code_comparison\data\300\SDT_300_1_0.6_8.txt,adaptive,custom,0,0,1,1,1,0,0,0,-1,-1,1,1,1,1,1,12288,305704,,,1.6395,738,299,119,1475,119,0,1,11503,0,0,0,0,0,6,221,738,738,0,0,0.44,0,170,0,0.135132,192,,,,,,,,,,,,,,,,,,,,,,C:\c++\test2\results\article_code_comparison\raw_results.csv,article_runner_filename_mismatch_R1_expected_1.0
300,1.0,0.6,8,D:\test2\results\article_code_comparison\data\300\SDT_300_1_0.6_9.txt,D:\test2\results\article_code_comparison,generated_by_project_generator,D:\test2\x64\Release\bm_solver.exe,SOLVED,327699,0.9361,53.511,,,300,59520,1708032,ERROR,,53.912,,,1794048,0.992562,,0.952055,NOT_COMPARABLE_ERROR,,,[run] n=300 seed=8 input=D:\test2\results\article_code_comparison\data\300\SDT_300_1_0.6_9.txt decomp=adaptive memo_backend=custom use_ub=0 use_lb=0 terminal_rules=1 position_filtering_enabled=1 enable_lawler_basic_rules=1 enable_simple_lb=0 enable_lb_memo=0 enable_edd_ub=0 ub_depth_limit=-1 lb_depth_limit=-1 terminal_all_tardy_spt=1 terminal_edd_at_most_one_tardy=1 enable_memo=1 enable_exact_memo=1 memo_full_key_verification=1 memo_memory_limit_mb=12288 cost=327699 time_ms=0.9361 nodes=310 max_depth=299 memo_hits=29 memo_misses=619 memo_exact_hits=29 memo_lb_hits=0 rule4=1 valid_pos=7010 valid_pos_pruned_3a=0 valid_pos_pruned_3b=0 memo_rejected=0 memo_forced_evict=0 lufo_passes=0 terminal_spt=5 terminal_edd=112 memo_peak=310 memo_final=310 memo_evictions=0 memo_clean_time_ms=0 reconstruction_time_ms=0.4136 reconstruction_repairs=0 reconstruction_trace_hits=145 reconstruction_trace_fallbacks=0 memo_used_mb=0.0567627 memo_bytes_per_entry=192,300,8,D:\test2\results\article_code_comparison\data\300\SDT_300_1_0.6_9.txt,adaptive,custom,0,0,1,1,1,0,0,0,-1,-1,1,1,1,1,1,12288,327699,,,0.9361,310,299,29,619,29,0,1,7010,0,0,0,0,0,5,112,310,310,0,0,0.4136,0,145,0,0.0567627,192,,,,,,,,,,,,,,,,,,,,,,C:\c++\test2\results\article_code_comparison\raw_results.csv,article_runner_filename_mismatch_R1_expected_1.0
300,1.0,0.6,9,D:\test2\results\article_code_comparison\data\300\SDT_300_1_0.6_10.txt,D:\test2\results\article_code_comparison,generated_by_project_generator,D:\test2\x64\Release\bm_solver.exe,SOLVED,236890,1.5485,53.769,,,300,109056,1884160,ERROR,,53.22,,,1814528,1.010316,,1.038375,NOT_COMPARABLE_ERROR,,,[run] n=300 seed=9 input=D:\test2\results\article_code_comparison\data\300\SDT_300_1_0.6_10.txt decomp=adaptive memo_backend=custom use_ub=0 use_lb=0 terminal_rules=1 position_filtering_enabled=1 enable_lawler_basic_rules=1 enable_simple_lb=0 enable_lb_memo=0 enable_edd_ub=0 ub_depth_limit=-1 lb_depth_limit=-1 terminal_all_tardy_spt=1 terminal_edd_at_most_one_tardy=1 enable_memo=1 enable_exact_memo=1 memo_full_key_verification=1 memo_memory_limit_mb=12288 cost=236890 time_ms=1.5485 nodes=568 max_depth=299 memo_hits=77 memo_misses=1135 memo_exact_hits=77 memo_lb_hits=0 rule4=1 valid_pos=11953 valid_pos_pruned_3a=0 valid_pos_pruned_3b=0 memo_rejected=0 memo_forced_evict=0 lufo_passes=0 terminal_spt=10 terminal_edd=153 memo_peak=568 memo_final=568 memo_evictions=0 memo_clean_time_ms=0 reconstruction_time_ms=0.4174 reconstruction_repairs=0 reconstruction_trace_hits=164 reconstruction_trace_fallbacks=0 memo_used_mb=0.104004 memo_bytes_per_entry=192,300,9,D:\test2\results\article_code_comparison\data\300\SDT_300_1_0.6_10.txt,adaptive,custom,0,0,1,1,1,0,0,0,-1,-1,1,1,1,1,1,12288,236890,,,1.5485,568,299,77,1135,77,0,1,11953,0,0,0,0,0,10,153,568,568,0,0,0.4174,0,164,0,0.104004,192,,,,,,,,,,,,,,,,,,,,,,C:\c++\test2\results\article_code_comparison\raw_results.csv,article_runner_filename_mismatch_R1_expected_1.0
300,1.0,0.8,0,D:\test2\results\article_code_comparison\data\300\SDT_300_1_0.8_1.txt,D:\test2\results\article_code_comparison,generated_by_project_generator,D:\test2\x64\Release\bm_solver.exe,SOLVED,793497,1.4499,53.485,,,300,59520,1781760,ERROR,,53.659,,,1785856,0.996757,,0.997706,NOT_COMPARABLE_ERROR,,,[run] n=300 seed=0 input=D:\test2\results\article_code_comparison\data\300\SDT_300_1_0.8_1.txt decomp=adaptive memo_backend=custom use_ub=0 use_lb=0 terminal_rules=1 position_filtering_enabled=1 enable_lawler_basic_rules=1 enable_simple_lb=0 enable_lb_memo=0 enable_edd_ub=0 ub_depth_limit=-1 lb_depth_limit=-1 terminal_all_tardy_spt=1 terminal_edd_at_most_one_tardy=1 enable_memo=1 enable_exact_memo=1 memo_full_key_verification=1 memo_memory_limit_mb=12288 cost=793497 time_ms=1.4499 nodes=310 max_depth=299 memo_hits=12 memo_misses=619 memo_exact_hits=12 memo_lb_hits=0 rule4=1 valid_pos=16868 valid_pos_pruned_3a=0 valid_pos_pruned_3b=0 memo_rejected=0 memo_forced_evict=0 lufo_passes=0 terminal_spt=4 terminal_edd=76 memo_peak=310 memo_final=310 memo_evictions=0 memo_clean_time_ms=0 reconstruction_time_ms=0.6799 reconstruction_repairs=0 reconstruction_trace_hits=205 reconstruction_trace_fallbacks=0 memo_used_mb=0.0567627 memo_bytes_per_entry=192,300,0,D:\test2\results\article_code_comparison\data\300\SDT_300_1_0.8_1.txt,adaptive,custom,0,0,1,1,1,0,0,0,-1,-1,1,1,1,1,1,12288,793497,,,1.4499,310,299,12,619,12,0,1,16868,0,0,0,0,0,4,76,310,310,0,0,0.6799,0,205,0,0.0567627,192,,,,,,,,,,,,,,,,,,,,,,C:\c++\test2\results\article_code_comparison\raw_results.csv,article_runner_filename_mismatch_R1_expected_1.0
300,1.0,0.8,1,D:\test2\results\article_code_comparison\data\300\SDT_300_1_0.8_2.txt,D:\test2\results\article_code_comparison,generated_by_project_generator,D:\test2\x64\Release\bm_solver.exe,SOLVED,671087,1.4319,53.955,,,300,63936,1761280,ERROR,,53.562,,,1867776,1.007337,,0.942982,NOT_COMPARABLE_ERROR,,,[run] n=300 seed=1 input=D:\test2\results\article_code_comparison\data\300\SDT_300_1_0.8_2.txt decomp=adaptive memo_backend=custom use_ub=0 use_lb=0 terminal_rules=1 position_filtering_enabled=1 enable_lawler_basic_rules=1 enable_simple_lb=0 enable_lb_memo=0 enable_edd_ub=0 ub_depth_limit=-1 lb_depth_limit=-1 terminal_all_tardy_spt=1 terminal_edd_at_most_one_tardy=1 enable_memo=1 enable_exact_memo=1 memo_full_key_verification=1 memo_memory_limit_mb=12288 cost=671087 time_ms=1.4319 nodes=333 max_depth=299 memo_hits=29 memo_misses=665 memo_exact_hits=29 memo_lb_hits=0 rule4=1 valid_pos=13434 valid_pos_pruned_3a=0 valid_pos_pruned_3b=0 memo_rejected=0 memo_forced_evict=0 lufo_passes=0 terminal_spt=4 terminal_edd=94 memo_peak=333 memo_final=333 memo_evictions=0 memo_clean_time_ms=0 reconstruction_time_ms=0.6761 reconstruction_repairs=0 reconstruction_trace_hits=186 reconstruction_trace_fallbacks=0 memo_used_mb=0.0609741 memo_bytes_per_entry=192,300,1,D:\test2\results\article_code_comparison\data\300\SDT_300_1_0.8_2.txt,adaptive,custom,0,0,1,1,1,0,0,0,-1,-1,1,1,1,1,1,12288,671087,,,1.4319,333,299,29,665,29,0,1,13434,0,0,0,0,0,4,94,333,333,0,0,0.6761,0,186,0,0.0609741,192,,,,,,,,,,,,,,,,,,,,,,C:\c++\test2\results\article_code_comparison\raw_results.csv,article_runner_filename_mismatch_R1_expected_1.0
300,1.0,0.8,2,D:\test2\results\article_code_comparison\data\300\SDT_300_1_0.8_3.txt,D:\test2\results\article_code_comparison,generated_by_project_generator,D:\test2\x64\Release\bm_solver.exe,SOLVED,647961,1.5105,54.185,,,300,57024,1712128,ERROR,,54.497,,,1814528,0.994275,,0.943567,NOT_COMPARABLE_ERROR,,,[run] n=300 seed=2 input=D:\test2\results\article_code_comparison\data\300\SDT_300_1_0.8_3.txt decomp=adaptive memo_backend=custom use_ub=0 use_lb=0 terminal_rules=1 position_filtering_enabled=1 enable_lawler_basic_rules=1 enable_simple_lb=0 enable_lb_memo=0 enable_edd_ub=0 ub_depth_limit=-1 lb_depth_limit=-1 terminal_all_tardy_spt=1 terminal_edd_at_most_one_tardy=1 enable_memo=1 enable_exact_memo=1 memo_full_key_verification=1 memo_memory_limit_mb=12288 cost=647961 time_ms=1.5105 nodes=297 max_depth=299 memo_hits=18 memo_misses=593 memo_exact_hits=18 memo_lb_hits=0 rule4=1 valid_pos=12783 valid_pos_pruned_3a=0 valid_pos_pruned_3b=0 memo_rejected=0 memo_forced_evict=0 lufo_passes=0 terminal_spt=3 terminal_edd=74 memo_peak=297 memo_final=297 memo_evictions=0 memo_clean_time_ms=0 reconstruction_time_ms=0.6993 reconstruction_repairs=0 reconstruction_trace_hits=189 reconstruction_trace_fallbacks=0 memo_used_mb=0.0543823 memo_bytes_per_entry=192,300,2,D:\test2\results\article_code_comparison\data\300\SDT_300_1_0.8_3.txt,adaptive,custom,0,0,1,1,1,0,0,0,-1,-1,1,1,1,1,1,12288,647961,,,1.5105,297,299,18,593,18,0,1,12783,0,0,0,0,0,3,74,297,297,0,0,0.6993,0,189,0,0.0543823,192,,,,,,,,,,,,,,,,,,,,,,C:\c++\test2\results\article_code_comparison\raw_results.csv,article_runner_filename_mismatch_R1_expected_1.0
300,1.0,0.8,3,D:\test2\results\article_code_comparison\data\300\SDT_300_1_0.8_4.txt,D:\test2\results\article_code_comparison,generated_by_project_generator,D:\test2\x64\Release\bm_solver.exe,SOLVED,662880,1.3336,54.247,,,300,55488,2019328,ERROR,,53.249,,,1863680,1.018742,,1.083516,NOT_COMPARABLE_ERROR,,,[run] n=300 seed=3 input=D:\test2\results\article_code_comparison\data\300\SDT_300_1_0.8_4.txt decomp=adaptive memo_backend=custom use_ub=0 use_lb=0 terminal_rules=1 position_filtering_enabled=1 enable_lawler_basic_rules=1 enable_simple_lb=0 enable_lb_memo=0 enable_edd_ub=0 ub_depth_limit=-1 lb_depth_limit=-1 terminal_all_tardy_spt=1 terminal_edd_at_most_one_tardy=1 enable_memo=1 enable_exact_memo=1 memo_full_key_verification=1 memo_memory_limit_mb=12288 cost=662880 time_ms=1.3336 nodes=289 max_depth=299 memo_hits=12 memo_misses=577 memo_exact_hits=12 memo_lb_hits=0 rule4=1 valid_pos=12188 valid_pos_pruned_3a=0 valid_pos_pruned_3b=0 memo_rejected=0 memo_forced_evict=0 lufo_passes=0 terminal_spt=2 terminal_edd=86 memo_peak=289 memo_final=289 memo_evictions=0 memo_clean_time_ms=0 reconstruction_time_ms=0.6144 reconstruction_repairs=0 reconstruction_trace_hits=185 reconstruction_trace_fallbacks=0 memo_used_mb=0.0529175 memo_bytes_per_entry=192,300,3,D:\test2\results\article_code_comparison\data\300\SDT_300_1_0.8_4.txt,adaptive,custom,0,0,1,1,1,0,0,0,-1,-1,1,1,1,1,1,12288,662880,,,1.3336,289,299,12,577,12,0,1,12188,0,0,0,0,0,2,86,289,289,0,0,0.6144,0,185,0,0.0529175,192,,,,,,,,,,,,,,,,,,,,,,C:\c++\test2\results\article_code_comparison\raw_results.csv,article_runner_filename_mismatch_R1_expected_1.0
300,1.0,0.8,4,D:\test2\results\article_code_comparison\data\300\SDT_300_1_0.8_5.txt,D:\test2\results\article_code_comparison,generated_by_project_generator,D:\test2\x64\Release\bm_solver.exe,SOLVED,663713,1.6928,54.181,,,300,71616,1716224,ERROR,,53.342,,,1671168,1.015729,,1.026961,NOT_COMPARABLE_ERROR,,,[run] n=300 seed=4 input=D:\test2\results\article_code_comparison\data\300\SDT_300_1_0.8_5.txt decomp=adaptive memo_backend=custom use_ub=0 use_lb=0 terminal_rules=1 position_filtering_enabled=1 enable_lawler_basic_rules=1 enable_simple_lb=0 enable_lb_memo=0 enable_edd_ub=0 ub_depth_limit=-1 lb_depth_limit=-1 terminal_all_tardy_spt=1 terminal_edd_at_most_one_tardy=1 enable_memo=1 enable_exact_memo=1 memo_full_key_verification=1 memo_memory_limit_mb=12288 cost=663713 time_ms=1.6928 nodes=373 max_depth=299 memo_hits=52 memo_misses=745 memo_exact_hits=52 memo_lb_hits=0 rule4=1 valid_pos=19354 valid_pos_pruned_3a=0 valid_pos_pruned_3b=0 memo_rejected=0 memo_forced_evict=0 lufo_passes=0 terminal_spt=2 terminal_edd=87 memo_peak=373 memo_final=373 memo_evictions=0 memo_clean_time_ms=0 reconstruction_time_ms=0.7076 reconstruction_repairs=0 reconstruction_trace_hits=204 reconstruction_trace_fallbacks=0 memo_used_mb=0.0682983 memo_bytes_per_entry=192,300,4,D:\test2\results\article_code_comparison\data\300\SDT_300_1_0.8_5.txt,adaptive,custom,0,0,1,1,1,0,0,0,-1,-1,1,1,1,1,1,12288,663713,,,1.6928,373,299,52,745,52,0,1,19354,0,0,0,0,0,2,87,373,373,0,0,0.7076,0,204,0,0.0682983,192,,,,,,,,,,,,,,,,,,,,,,C:\c++\test2\results\article_code_comparison\raw_results.csv,article_runner_filename_mismatch_R1_expected_1.0
300,1.0,0.8,5,D:\test2\results\article_code_comparison\data\300\SDT_300_1_0.8_6.txt,D:\test2\results\article_code_comparison,generated_by_project_generator,D:\test2\x64\Release\bm_solver.exe,SOLVED,592408,1.3815,53.761,,,300,57216,1634304,ERROR,,53.316,,,1814528,1.008346,,0.900677,NOT_COMPARABLE_ERROR,,,[run] n=300 seed=5 input=D:\test2\results\article_code_comparison\data\300\SDT_300_1_0.8_6.txt decomp=adaptive memo_backend=custom use_ub=0 use_lb=0 terminal_rules=1 position_filtering_enabled=1 enable_lawler_basic_rules=1 enable_simple_lb=0 enable_lb_memo=0 enable_edd_ub=0 ub_depth_limit=-1 lb_depth_limit=-1 terminal_all_tardy_spt=1 terminal_edd_at_most_one_tardy=1 enable_memo=1 enable_exact_memo=1 memo_full_key_verification=1 memo_memory_limit_mb=12288 cost=592408 time_ms=1.3815 nodes=298 max_depth=299 memo_hits=19 memo_misses=595 memo_exact_hits=19 memo_lb_hits=0 rule4=1 valid_pos=11611 valid_pos_pruned_3a=0 valid_pos_pruned_3b=0 memo_rejected=0 memo_forced_evict=0 lufo_passes=0 terminal_spt=7 terminal_edd=77 memo_peak=298 memo_final=298 memo_evictions=0 memo_clean_time_ms=0 reconstruction_time_ms=0.6382 reconstruction_repairs=0 reconstruction_trace_hits=184 reconstruction_trace_fallbacks=0 memo_used_mb=0.0545654 memo_bytes_per_entry=192,300,5,D:\test2\results\article_code_comparison\data\300\SDT_300_1_0.8_6.txt,adaptive,custom,0,0,1,1,1,0,0,0,-1,-1,1,1,1,1,1,12288,592408,,,1.3815,298,299,19,595,19,0,1,11611,0,0,0,0,0,7,77,298,298,0,0,0.6382,0,184,0,0.0545654,192,,,,,,,,,,,,,,,,,,,,,,C:\c++\test2\results\article_code_comparison\raw_results.csv,article_runner_filename_mismatch_R1_expected_1.0
300,1.0,0.8,6,D:\test2\results\article_code_comparison\data\300\SDT_300_1_0.8_7.txt,D:\test2\results\article_code_comparison,generated_by_project_generator,D:\test2\x64\Release\bm_solver.exe,SOLVED,803343,1.3844,54.304,,,300,52032,1781760,ERROR,,53.477,,,1794048,1.015465,,0.993151,NOT_COMPARABLE_ERROR,,,[run] n=300 seed=6 input=D:\test2\results\article_code_comparison\data\300\SDT_300_1_0.8_7.txt decomp=adaptive memo_backend=custom use_ub=0 use_lb=0 terminal_rules=1 position_filtering_enabled=1 enable_lawler_basic_rules=1 enable_simple_lb=0 enable_lb_memo=0 enable_edd_ub=0 ub_depth_limit=-1 lb_depth_limit=-1 terminal_all_tardy_spt=1 terminal_edd_at_most_one_tardy=1 enable_memo=1 enable_exact_memo=1 memo_full_key_verification=1 memo_memory_limit_mb=12288 cost=803343 time_ms=1.3844 nodes=271 max_depth=299 memo_hits=1 memo_misses=541 memo_exact_hits=1 memo_lb_hits=0 rule4=1 valid_pos=12694 valid_pos_pruned_3a=0 valid_pos_pruned_3b=0 memo_rejected=0 memo_forced_evict=0 lufo_passes=0 terminal_spt=4 terminal_edd=65 memo_peak=271 memo_final=271 memo_evictions=0 memo_clean_time_ms=0 reconstruction_time_ms=0.8186 reconstruction_repairs=0 reconstruction_trace_hits=202 reconstruction_trace_fallbacks=0 memo_used_mb=0.0496216 memo_bytes_per_entry=192,300,6,D:\test2\results\article_code_comparison\data\300\SDT_300_1_0.8_7.txt,adaptive,custom,0,0,1,1,1,0,0,0,-1,-1,1,1,1,1,1,12288,803343,,,1.3844,271,299,1,541,1,0,1,12694,0,0,0,0,0,4,65,271,271,0,0,0.8186,0,202,0,0.0496216,192,,,,,,,,,,,,,,,,,,,,,,C:\c++\test2\results\article_code_comparison\raw_results.csv,article_runner_filename_mismatch_R1_expected_1.0
300,1.0,0.8,7,D:\test2\results\article_code_comparison\data\300\SDT_300_1_0.8_8.txt,D:\test2\results\article_code_comparison,generated_by_project_generator,D:\test2\x64\Release\bm_solver.exe,SOLVED,759438,1.5882,54.581,,,300,67200,1667072,ERROR,,53.434,,,1814528,1.021466,,0.918736,NOT_COMPARABLE_ERROR,,,[run] n=300 seed=7 input=D:\test2\results\article_code_comparison\data\300\SDT_300_1_0.8_8.txt decomp=adaptive memo_backend=custom use_ub=0 use_lb=0 terminal_rules=1 position_filtering_enabled=1 enable_lawler_basic_rules=1 enable_simple_lb=0 enable_lb_memo=0 enable_edd_ub=0 ub_depth_limit=-1 lb_depth_limit=-1 terminal_all_tardy_spt=1 terminal_edd_at_most_one_tardy=1 enable_memo=1 enable_exact_memo=1 memo_full_key_verification=1 memo_memory_limit_mb=12288 cost=759438 time_ms=1.5882 nodes=350 max_depth=299 memo_hits=15 memo_misses=699 memo_exact_hits=15 memo_lb_hits=0 rule4=1 valid_pos=19175 valid_pos_pruned_3a=0 valid_pos_pruned_3b=0 memo_rejected=0 memo_forced_evict=0 lufo_passes=0 terminal_spt=2 terminal_edd=87 memo_peak=350 memo_final=350 memo_evictions=0 memo_clean_time_ms=0 reconstruction_time_ms=0.6892 reconstruction_repairs=0 reconstruction_trace_hits=202 reconstruction_trace_fallbacks=0 memo_used_mb=0.0640869 memo_bytes_per_entry=192,300,7,D:\test2\results\article_code_comparison\data\300\SDT_300_1_0.8_8.txt,adaptive,custom,0,0,1,1,1,0,0,0,-1,-1,1,1,1,1,1,12288,759438,,,1.5882,350,299,15,699,15,0,1,19175,0,0,0,0,0,2,87,350,350,0,0,0.6892,0,202,0,0.0640869,192,,,,,,,,,,,,,,,,,,,,,,C:\c++\test2\results\article_code_comparison\raw_results.csv,article_runner_filename_mismatch_R1_expected_1.0
300,1.0,0.8,8,D:\test2\results\article_code_comparison\data\300\SDT_300_1_0.8_9.txt,D:\test2\results\article_code_comparison,generated_by_project_generator,D:\test2\x64\Release\bm_solver.exe,SOLVED,785406,1.4882,54.158,,,300,56832,1785856,ERROR,,53.673,,,1724416,1.009036,,1.035629,NOT_COMPARABLE_ERROR,,,[run] n=300 seed=8 input=D:\test2\results\article_code_comparison\data\300\SDT_300_1_0.8_9.txt decomp=adaptive memo_backend=custom use_ub=0 use_lb=0 terminal_rules=1 position_filtering_enabled=1 enable_lawler_basic_rules=1 enable_simple_lb=0 enable_lb_memo=0 enable_edd_ub=0 ub_depth_limit=-1 lb_depth_limit=-1 terminal_all_tardy_spt=1 terminal_edd_at_most_one_tardy=1 enable_memo=1 enable_exact_memo=1 memo_full_key_verification=1 memo_memory_limit_mb=12288 cost=785406 time_ms=1.4882 nodes=296 max_depth=299 memo_hits=9 memo_misses=591 memo_exact_hits=9 memo_lb_hits=0 rule4=1 valid_pos=13881 valid_pos_pruned_3a=0 valid_pos_pruned_3b=0 memo_rejected=0 memo_forced_evict=0 lufo_passes=0 terminal_spt=4 terminal_edd=73 memo_peak=296 memo_final=296 memo_evictions=0 memo_clean_time_ms=0 reconstruction_time_ms=0.7514 reconstruction_repairs=0 reconstruction_trace_hits=200 reconstruction_trace_fallbacks=0 memo_used_mb=0.0541992 memo_bytes_per_entry=192,300,8,D:\test2\results\article_code_comparison\data\300\SDT_300_1_0.8_9.txt,adaptive,custom,0,0,1,1,1,0,0,0,-1,-1,1,1,1,1,1,12288,785406,,,1.4882,296,299,9,591,9,0,1,13881,0,0,0,0,0,4,73,296,296,0,0,0.7514,0,200,0,0.0541992,192,,,,,,,,,,,,,,,,,,,,,,C:\c++\test2\results\article_code_comparison\raw_results.csv,article_runner_filename_mismatch_R1_expected_1.0
300,1.0,0.8,9,D:\test2\results\article_code_comparison\data\300\SDT_300_1_0.8_10.txt,D:\test2\results\article_code_comparison,generated_by_project_generator,D:\test2\x64\Release\bm_solver.exe,SOLVED,679669,1.5047,53.397,,,300,61824,1765376,ERROR,,53.77,,,1814528,0.993063,,0.972912,NOT_COMPARABLE_ERROR,,,[run] n=300 seed=9 input=D:\test2\results\article_code_comparison\data\300\SDT_300_1_0.8_10.txt decomp=adaptive memo_backend=custom use_ub=0 use_lb=0 terminal_rules=1 position_filtering_enabled=1 enable_lawler_basic_rules=1 enable_simple_lb=0 enable_lb_memo=0 enable_edd_ub=0 ub_depth_limit=-1 lb_depth_limit=-1 terminal_all_tardy_spt=1 terminal_edd_at_most_one_tardy=1 enable_memo=1 enable_exact_memo=1 memo_full_key_verification=1 memo_memory_limit_mb=12288 cost=679669 time_ms=1.5047 nodes=322 max_depth=299 memo_hits=17 memo_misses=643 memo_exact_hits=17 memo_lb_hits=0 rule4=1 valid_pos=18485 valid_pos_pruned_3a=0 valid_pos_pruned_3b=0 memo_rejected=0 memo_forced_evict=0 lufo_passes=0 terminal_spt=6 terminal_edd=80 memo_peak=322 memo_final=322 memo_evictions=0 memo_clean_time_ms=0 reconstruction_time_ms=0.6742 reconstruction_repairs=0 reconstruction_trace_hits=202 reconstruction_trace_fallbacks=0 memo_used_mb=0.05896 memo_bytes_per_entry=192,300,9,D:\test2\results\article_code_comparison\data\300\SDT_300_1_0.8_10.txt,adaptive,custom,0,0,1,1,1,0,0,0,-1,-1,1,1,1,1,1,12288,679669,,,1.5047,322,299,17,643,17,0,1,18485,0,0,0,0,0,6,80,322,322,0,0,0.6742,0,202,0,0.05896,192,,,,,,,,,,,,,,,,,,,,,,C:\c++\test2\results\article_code_comparison\raw_results.csv,article_runner_filename_mismatch_R1_expected_1.0
400,1.0,0.2,0,D:\test2\results\article_code_comparison\data\400\SDT_400_1_0.2_1.txt,D:\test2\results\article_code_comparison,generated_by_project_generator,D:\test2\x64\Release\bm_solver.exe,SOLVED,0,0.0125,63.339,,,400,128,2150400,ERROR,,60.232,,,1945600,1.051584,,1.105263,NOT_COMPARABLE_ERROR,,,[run] n=400 seed=0 input=D:\test2\results\article_code_comparison\data\400\SDT_400_1_0.2_1.txt decomp=adaptive memo_backend=custom use_ub=0 use_lb=0 terminal_rules=1 position_filtering_enabled=1 enable_lawler_basic_rules=1 enable_simple_lb=0 enable_lb_memo=0 enable_edd_ub=0 ub_depth_limit=-1 lb_depth_limit=-1 terminal_all_tardy_spt=1 terminal_edd_at_most_one_tardy=1 enable_memo=1 enable_exact_memo=1 memo_full_key_verification=1 memo_memory_limit_mb=12288 cost=0 time_ms=0.0125 nodes=1 max_depth=0 memo_hits=0 memo_misses=1 memo_exact_hits=0 memo_lb_hits=0 rule4=1 valid_pos=0 valid_pos_pruned_3a=0 valid_pos_pruned_3b=0 memo_rejected=0 memo_forced_evict=0 lufo_passes=0 terminal_spt=0 terminal_edd=1 memo_peak=1 memo_final=1 memo_evictions=0 memo_clean_time_ms=0 reconstruction_time_ms=0.0024 reconstruction_repairs=0 reconstruction_trace_hits=0 reconstruction_trace_fallbacks=0 memo_used_mb=0.00012207 memo_bytes_per_entry=128,400,0,D:\test2\results\article_code_comparison\data\400\SDT_400_1_0.2_1.txt,adaptive,custom,0,0,1,1,1,0,0,0,-1,-1,1,1,1,1,1,12288,0,,,0.0125,1,0,0,1,0,0,1,0,0,0,0,0,0,0,1,1,1,0,0,0.0024,0,0,0,0.00012207,128,,,,,,,,,,,,,,,,,,,,,,C:\c++\test2\results\article_code_comparison\raw_results.csv,article_runner_filename_mismatch_R1_expected_1.0
400,1.0,0.2,1,D:\test2\results\article_code_comparison\data\400\SDT_400_1_0.2_2.txt,D:\test2\results\article_code_comparison,generated_by_project_generator,D:\test2\x64\Release\bm_solver.exe,SOLVED,0,0.0138,62.974,,,400,128,2236416,ERROR,,59.893,,,1785856,1.051442,,1.252294,NOT_COMPARABLE_ERROR,,,[run] n=400 seed=1 input=D:\test2\results\article_code_comparison\data\400\SDT_400_1_0.2_2.txt decomp=adaptive memo_backend=custom use_ub=0 use_lb=0 terminal_rules=1 position_filtering_enabled=1 enable_lawler_basic_rules=1 enable_simple_lb=0 enable_lb_memo=0 enable_edd_ub=0 ub_depth_limit=-1 lb_depth_limit=-1 terminal_all_tardy_spt=1 terminal_edd_at_most_one_tardy=1 enable_memo=1 enable_exact_memo=1 memo_full_key_verification=1 memo_memory_limit_mb=12288 cost=0 time_ms=0.0138 nodes=1 max_depth=0 memo_hits=0 memo_misses=1 memo_exact_hits=0 memo_lb_hits=0 rule4=1 valid_pos=0 valid_pos_pruned_3a=0 valid_pos_pruned_3b=0 memo_rejected=0 memo_forced_evict=0 lufo_passes=0 terminal_spt=0 terminal_edd=1 memo_peak=1 memo_final=1 memo_evictions=0 memo_clean_time_ms=0 reconstruction_time_ms=0.0024 reconstruction_repairs=0 reconstruction_trace_hits=0 reconstruction_trace_fallbacks=0 memo_used_mb=0.00012207 memo_bytes_per_entry=128,400,1,D:\test2\results\article_code_comparison\data\400\SDT_400_1_0.2_2.txt,adaptive,custom,0,0,1,1,1,0,0,0,-1,-1,1,1,1,1,1,12288,0,,,0.0138,1,0,0,1,0,0,1,0,0,0,0,0,0,0,1,1,1,0,0,0.0024,0,0,0,0.00012207,128,,,,,,,,,,,,,,,,,,,,,,C:\c++\test2\results\article_code_comparison\raw_results.csv,article_runner_filename_mismatch_R1_expected_1.0
400,1.0,0.2,2,D:\test2\results\article_code_comparison\data\400\SDT_400_1_0.2_3.txt,D:\test2\results\article_code_comparison,generated_by_project_generator,D:\test2\x64\Release\bm_solver.exe,SOLVED,0,0.0131,63.295,,,400,128,2154496,ERROR,,60.237,,,1871872,1.050766,,1.150985,NOT_COMPARABLE_ERROR,,,[run] n=400 seed=2 input=D:\test2\results\article_code_comparison\data\400\SDT_400_1_0.2_3.txt decomp=adaptive memo_backend=custom use_ub=0 use_lb=0 terminal_rules=1 position_filtering_enabled=1 enable_lawler_basic_rules=1 enable_simple_lb=0 enable_lb_memo=0 enable_edd_ub=0 ub_depth_limit=-1 lb_depth_limit=-1 terminal_all_tardy_spt=1 terminal_edd_at_most_one_tardy=1 enable_memo=1 enable_exact_memo=1 memo_full_key_verification=1 memo_memory_limit_mb=12288 cost=0 time_ms=0.0131 nodes=1 max_depth=0 memo_hits=0 memo_misses=1 memo_exact_hits=0 memo_lb_hits=0 rule4=1 valid_pos=0 valid_pos_pruned_3a=0 valid_pos_pruned_3b=0 memo_rejected=0 memo_forced_evict=0 lufo_passes=0 terminal_spt=0 terminal_edd=1 memo_peak=1 memo_final=1 memo_evictions=0 memo_clean_time_ms=0 reconstruction_time_ms=0.0027 reconstruction_repairs=0 reconstruction_trace_hits=0 reconstruction_trace_fallbacks=0 memo_used_mb=0.00012207 memo_bytes_per_entry=128,400,2,D:\test2\results\article_code_comparison\data\400\SDT_400_1_0.2_3.txt,adaptive,custom,0,0,1,1,1,0,0,0,-1,-1,1,1,1,1,1,12288,0,,,0.0131,1,0,0,1,0,0,1,0,0,0,0,0,0,0,1,1,1,0,0,0.0027,0,0,0,0.00012207,128,,,,,,,,,,,,,,,,,,,,,,C:\c++\test2\results\article_code_comparison\raw_results.csv,article_runner_filename_mismatch_R1_expected_1.0
400,1.0,0.2,3,D:\test2\results\article_code_comparison\data\400\SDT_400_1_0.2_4.txt,D:\test2\results\article_code_comparison,generated_by_project_generator,D:\test2\x64\Release\bm_solver.exe,SOLVED,0,0.0129,63.087,,,400,128,2375680,ERROR,,60.288,,,1810432,1.046427,,1.312217,NOT_COMPARABLE_ERROR,,,[run] n=400 seed=3 input=D:\test2\results\article_code_comparison\data\400\SDT_400_1_0.2_4.txt decomp=adaptive memo_backend=custom use_ub=0 use_lb=0 terminal_rules=1 position_filtering_enabled=1 enable_lawler_basic_rules=1 enable_simple_lb=0 enable_lb_memo=0 enable_edd_ub=0 ub_depth_limit=-1 lb_depth_limit=-1 terminal_all_tardy_spt=1 terminal_edd_at_most_one_tardy=1 enable_memo=1 enable_exact_memo=1 memo_full_key_verification=1 memo_memory_limit_mb=12288 cost=0 time_ms=0.0129 nodes=1 max_depth=0 memo_hits=0 memo_misses=1 memo_exact_hits=0 memo_lb_hits=0 rule4=1 valid_pos=0 valid_pos_pruned_3a=0 valid_pos_pruned_3b=0 memo_rejected=0 memo_forced_evict=0 lufo_passes=0 terminal_spt=0 terminal_edd=1 memo_peak=1 memo_final=1 memo_evictions=0 memo_clean_time_ms=0 reconstruction_time_ms=0.0024 reconstruction_repairs=0 reconstruction_trace_hits=0 reconstruction_trace_fallbacks=0 memo_used_mb=0.00012207 memo_bytes_per_entry=128,400,3,D:\test2\results\article_code_comparison\data\400\SDT_400_1_0.2_4.txt,adaptive,custom,0,0,1,1,1,0,0,0,-1,-1,1,1,1,1,1,12288,0,,,0.0129,1,0,0,1,0,0,1,0,0,0,0,0,0,0,1,1,1,0,0,0.0024,0,0,0,0.00012207,128,,,,,,,,,,,,,,,,,,,,,,C:\c++\test2\results\article_code_comparison\raw_results.csv,article_runner_filename_mismatch_R1_expected_1.0
400,1.0,0.2,4,D:\test2\results\article_code_comparison\data\400\SDT_400_1_0.2_5.txt,D:\test2\results\article_code_comparison,generated_by_project_generator,D:\test2\x64\Release\bm_solver.exe,SOLVED,0,0.0123,53.172,,,400,128,1708032,ERROR,,60.297,,,1814528,0.881835,,0.941309,NOT_COMPARABLE_ERROR,,,[run] n=400 seed=4 input=D:\test2\results\article_code_comparison\data\400\SDT_400_1_0.2_5.txt decomp=adaptive memo_backend=custom use_ub=0 use_lb=0 terminal_rules=1 position_filtering_enabled=1 enable_lawler_basic_rules=1 enable_simple_lb=0 enable_lb_memo=0 enable_edd_ub=0 ub_depth_limit=-1 lb_depth_limit=-1 terminal_all_tardy_spt=1 terminal_edd_at_most_one_tardy=1 enable_memo=1 enable_exact_memo=1 memo_full_key_verification=1 memo_memory_limit_mb=12288 cost=0 time_ms=0.0123 nodes=1 max_depth=0 memo_hits=0 memo_misses=1 memo_exact_hits=0 memo_lb_hits=0 rule4=1 valid_pos=0 valid_pos_pruned_3a=0 valid_pos_pruned_3b=0 memo_rejected=0 memo_forced_evict=0 lufo_passes=0 terminal_spt=0 terminal_edd=1 memo_peak=1 memo_final=1 memo_evictions=0 memo_clean_time_ms=0 reconstruction_time_ms=0.0025 reconstruction_repairs=0 reconstruction_trace_hits=0 reconstruction_trace_fallbacks=0 memo_used_mb=0.00012207 memo_bytes_per_entry=128,400,4,D:\test2\results\article_code_comparison\data\400\SDT_400_1_0.2_5.txt,adaptive,custom,0,0,1,1,1,0,0,0,-1,-1,1,1,1,1,1,12288,0,,,0.0123,1,0,0,1,0,0,1,0,0,0,0,0,0,0,1,1,1,0,0,0.0025,0,0,0,0.00012207,128,,,,,,,,,,,,,,,,,,,,,,C:\c++\test2\results\article_code_comparison\raw_results.csv,article_runner_filename_mismatch_R1_expected_1.0
400,1.0,0.2,5,D:\test2\results\article_code_comparison\data\400\SDT_400_1_0.2_6.txt,D:\test2\results\article_code_comparison,generated_by_project_generator,D:\test2\x64\Release\bm_solver.exe,SOLVED,0,0.0136,61.638,,,400,128,1798144,ERROR,,60.301,,,1892352,1.022172,,0.950216,NOT_COMPARABLE_ERROR,,,[run] n=400 seed=5 input=D:\test2\results\article_code_comparison\data\400\SDT_400_1_0.2_6.txt decomp=adaptive memo_backend=custom use_ub=0 use_lb=0 terminal_rules=1 position_filtering_enabled=1 enable_lawler_basic_rules=1 enable_simple_lb=0 enable_lb_memo=0 enable_edd_ub=0 ub_depth_limit=-1 lb_depth_limit=-1 terminal_all_tardy_spt=1 terminal_edd_at_most_one_tardy=1 enable_memo=1 enable_exact_memo=1 memo_full_key_verification=1 memo_memory_limit_mb=12288 cost=0 time_ms=0.0136 nodes=1 max_depth=0 memo_hits=0 memo_misses=1 memo_exact_hits=0 memo_lb_hits=0 rule4=1 valid_pos=0 valid_pos_pruned_3a=0 valid_pos_pruned_3b=0 memo_rejected=0 memo_forced_evict=0 lufo_passes=0 terminal_spt=0 terminal_edd=1 memo_peak=1 memo_final=1 memo_evictions=0 memo_clean_time_ms=0 reconstruction_time_ms=0.0026 reconstruction_repairs=0 reconstruction_trace_hits=0 reconstruction_trace_fallbacks=0 memo_used_mb=0.00012207 memo_bytes_per_entry=128,400,5,D:\test2\results\article_code_comparison\data\400\SDT_400_1_0.2_6.txt,adaptive,custom,0,0,1,1,1,0,0,0,-1,-1,1,1,1,1,1,12288,0,,,0.0136,1,0,0,1,0,0,1,0,0,0,0,0,0,0,1,1,1,0,0,0.0026,0,0,0,0.00012207,128,,,,,,,,,,,,,,,,,,,,,,C:\c++\test2\results\article_code_comparison\raw_results.csv,article_runner_filename_mismatch_R1_expected_1.0
400,1.0,0.2,6,D:\test2\results\article_code_comparison\data\400\SDT_400_1_0.2_7.txt,D:\test2\results\article_code_comparison,generated_by_project_generator,D:\test2\x64\Release\bm_solver.exe,SOLVED,0,0.0127,53.461,,,400,128,1732608,ERROR,,60.038,,,1814528,0.890453,,0.954853,NOT_COMPARABLE_ERROR,,,[run] n=400 seed=6 input=D:\test2\results\article_code_comparison\data\400\SDT_400_1_0.2_7.txt decomp=adaptive memo_backend=custom use_ub=0 use_lb=0 terminal_rules=1 position_filtering_enabled=1 enable_lawler_basic_rules=1 enable_simple_lb=0 enable_lb_memo=0 enable_edd_ub=0 ub_depth_limit=-1 lb_depth_limit=-1 terminal_all_tardy_spt=1 terminal_edd_at_most_one_tardy=1 enable_memo=1 enable_exact_memo=1 memo_full_key_verification=1 memo_memory_limit_mb=12288 cost=0 time_ms=0.0127 nodes=1 max_depth=0 memo_hits=0 memo_misses=1 memo_exact_hits=0 memo_lb_hits=0 rule4=1 valid_pos=0 valid_pos_pruned_3a=0 valid_pos_pruned_3b=0 memo_rejected=0 memo_forced_evict=0 lufo_passes=0 terminal_spt=0 terminal_edd=1 memo_peak=1 memo_final=1 memo_evictions=0 memo_clean_time_ms=0 reconstruction_time_ms=0.0023 reconstruction_repairs=0 reconstruction_trace_hits=0 reconstruction_trace_fallbacks=0 memo_used_mb=0.00012207 memo_bytes_per_entry=128,400,6,D:\test2\results\article_code_comparison\data\400\SDT_400_1_0.2_7.txt,adaptive,custom,0,0,1,1,1,0,0,0,-1,-1,1,1,1,1,1,12288,0,,,0.0127,1,0,0,1,0,0,1,0,0,0,0,0,0,0,1,1,1,0,0,0.0023,0,0,0,0.00012207,128,,,,,,,,,,,,,,,,,,,,,,C:\c++\test2\results\article_code_comparison\raw_results.csv,article_runner_filename_mismatch_R1_expected_1.0
400,1.0,0.2,7,D:\test2\results\article_code_comparison\data\400\SDT_400_1_0.2_8.txt,D:\test2\results\article_code_comparison,generated_by_project_generator,D:\test2\x64\Release\bm_solver.exe,SOLVED,0,0.0135,63.031,,,400,128,2170880,ERROR,,60.078,,,1794048,1.049153,,1.210046,NOT_COMPARABLE_ERROR,,,[run] n=400 seed=7 input=D:\test2\results\article_code_comparison\data\400\SDT_400_1_0.2_8.txt decomp=adaptive memo_backend=custom use_ub=0 use_lb=0 terminal_rules=1 position_filtering_enabled=1 enable_lawler_basic_rules=1 enable_simple_lb=0 enable_lb_memo=0 enable_edd_ub=0 ub_depth_limit=-1 lb_depth_limit=-1 terminal_all_tardy_spt=1 terminal_edd_at_most_one_tardy=1 enable_memo=1 enable_exact_memo=1 memo_full_key_verification=1 memo_memory_limit_mb=12288 cost=0 time_ms=0.0135 nodes=1 max_depth=0 memo_hits=0 memo_misses=1 memo_exact_hits=0 memo_lb_hits=0 rule4=1 valid_pos=0 valid_pos_pruned_3a=0 valid_pos_pruned_3b=0 memo_rejected=0 memo_forced_evict=0 lufo_passes=0 terminal_spt=0 terminal_edd=1 memo_peak=1 memo_final=1 memo_evictions=0 memo_clean_time_ms=0 reconstruction_time_ms=0.0025 reconstruction_repairs=0 reconstruction_trace_hits=0 reconstruction_trace_fallbacks=0 memo_used_mb=0.00012207 memo_bytes_per_entry=128,400,7,D:\test2\results\article_code_comparison\data\400\SDT_400_1_0.2_8.txt,adaptive,custom,0,0,1,1,1,0,0,0,-1,-1,1,1,1,1,1,12288,0,,,0.0135,1,0,0,1,0,0,1,0,0,0,0,0,0,0,1,1,1,0,0,0.0025,0,0,0,0.00012207,128,,,,,,,,,,,,,,,,,,,,,,C:\c++\test2\results\article_code_comparison\raw_results.csv,article_runner_filename_mismatch_R1_expected_1.0
400,1.0,0.2,8,D:\test2\results\article_code_comparison\data\400\SDT_400_1_0.2_9.txt,D:\test2\results\article_code_comparison,generated_by_project_generator,D:\test2\x64\Release\bm_solver.exe,SOLVED,0,0.0161,60.791,,,400,128,1810432,ERROR,,60.356,,,1814528,1.007207,,0.997743,NOT_COMPARABLE_ERROR,,,[run] n=400 seed=8 input=D:\test2\results\article_code_comparison\data\400\SDT_400_1_0.2_9.txt decomp=adaptive memo_backend=custom use_ub=0 use_lb=0 terminal_rules=1 position_filtering_enabled=1 enable_lawler_basic_rules=1 enable_simple_lb=0 enable_lb_memo=0 enable_edd_ub=0 ub_depth_limit=-1 lb_depth_limit=-1 terminal_all_tardy_spt=1 terminal_edd_at_most_one_tardy=1 enable_memo=1 enable_exact_memo=1 memo_full_key_verification=1 memo_memory_limit_mb=12288 cost=0 time_ms=0.0161 nodes=1 max_depth=0 memo_hits=0 memo_misses=1 memo_exact_hits=0 memo_lb_hits=0 rule4=1 valid_pos=0 valid_pos_pruned_3a=0 valid_pos_pruned_3b=0 memo_rejected=0 memo_forced_evict=0 lufo_passes=0 terminal_spt=0 terminal_edd=1 memo_peak=1 memo_final=1 memo_evictions=0 memo_clean_time_ms=0 reconstruction_time_ms=0.0028 reconstruction_repairs=0 reconstruction_trace_hits=0 reconstruction_trace_fallbacks=0 memo_used_mb=0.00012207 memo_bytes_per_entry=128,400,8,D:\test2\results\article_code_comparison\data\400\SDT_400_1_0.2_9.txt,adaptive,custom,0,0,1,1,1,0,0,0,-1,-1,1,1,1,1,1,12288,0,,,0.0161,1,0,0,1,0,0,1,0,0,0,0,0,0,0,1,1,1,0,0,0.0028,0,0,0,0.00012207,128,,,,,,,,,,,,,,,,,,,,,,C:\c++\test2\results\article_code_comparison\raw_results.csv,article_runner_filename_mismatch_R1_expected_1.0
400,1.0,0.2,9,D:\test2\results\article_code_comparison\data\400\SDT_400_1_0.2_10.txt,D:\test2\results\article_code_comparison,generated_by_project_generator,D:\test2\x64\Release\bm_solver.exe,SOLVED,0,0.012,62.66,,,400,128,2187264,ERROR,,60.207,,,1798144,1.040743,,1.216401,NOT_COMPARABLE_ERROR,,,[run] n=400 seed=9 input=D:\test2\results\article_code_comparison\data\400\SDT_400_1_0.2_10.txt decomp=adaptive memo_backend=custom use_ub=0 use_lb=0 terminal_rules=1 position_filtering_enabled=1 enable_lawler_basic_rules=1 enable_simple_lb=0 enable_lb_memo=0 enable_edd_ub=0 ub_depth_limit=-1 lb_depth_limit=-1 terminal_all_tardy_spt=1 terminal_edd_at_most_one_tardy=1 enable_memo=1 enable_exact_memo=1 memo_full_key_verification=1 memo_memory_limit_mb=12288 cost=0 time_ms=0.012 nodes=1 max_depth=0 memo_hits=0 memo_misses=1 memo_exact_hits=0 memo_lb_hits=0 rule4=1 valid_pos=0 valid_pos_pruned_3a=0 valid_pos_pruned_3b=0 memo_rejected=0 memo_forced_evict=0 lufo_passes=0 terminal_spt=0 terminal_edd=1 memo_peak=1 memo_final=1 memo_evictions=0 memo_clean_time_ms=0 reconstruction_time_ms=0.0025 reconstruction_repairs=0 reconstruction_trace_hits=0 reconstruction_trace_fallbacks=0 memo_used_mb=0.00012207 memo_bytes_per_entry=128,400,9,D:\test2\results\article_code_comparison\data\400\SDT_400_1_0.2_10.txt,adaptive,custom,0,0,1,1,1,0,0,0,-1,-1,1,1,1,1,1,12288,0,,,0.012,1,0,0,1,0,0,1,0,0,0,0,0,0,0,1,1,1,0,0,0.0025,0,0,0,0.00012207,128,,,,,,,,,,,,,,,,,,,,,,C:\c++\test2\results\article_code_comparison\raw_results.csv,article_runner_filename_mismatch_R1_expected_1.0
400,1.0,0.4,0,D:\test2\results\article_code_comparison\data\400\SDT_400_1_0.4_1.txt,D:\test2\results\article_code_comparison,generated_by_project_generator,D:\test2\x64\Release\bm_solver.exe,SOLVED,0,0.0128,53.186,,,400,128,1740800,ERROR,,60.431,,,1806336,0.880111,,0.963719,NOT_COMPARABLE_ERROR,,,[run] n=400 seed=0 input=D:\test2\results\article_code_comparison\data\400\SDT_400_1_0.4_1.txt decomp=adaptive memo_backend=custom use_ub=0 use_lb=0 terminal_rules=1 position_filtering_enabled=1 enable_lawler_basic_rules=1 enable_simple_lb=0 enable_lb_memo=0 enable_edd_ub=0 ub_depth_limit=-1 lb_depth_limit=-1 terminal_all_tardy_spt=1 terminal_edd_at_most_one_tardy=1 enable_memo=1 enable_exact_memo=1 memo_full_key_verification=1 memo_memory_limit_mb=12288 cost=0 time_ms=0.0128 nodes=1 max_depth=0 memo_hits=0 memo_misses=1 memo_exact_hits=0 memo_lb_hits=0 rule4=1 valid_pos=0 valid_pos_pruned_3a=0 valid_pos_pruned_3b=0 memo_rejected=0 memo_forced_evict=0 lufo_passes=0 terminal_spt=0 terminal_edd=1 memo_peak=1 memo_final=1 memo_evictions=0 memo_clean_time_ms=0 reconstruction_time_ms=0.0024 reconstruction_repairs=0 reconstruction_trace_hits=0 reconstruction_trace_fallbacks=0 memo_used_mb=0.00012207 memo_bytes_per_entry=128,400,0,D:\test2\results\article_code_comparison\data\400\SDT_400_1_0.4_1.txt,adaptive,custom,0,0,1,1,1,0,0,0,-1,-1,1,1,1,1,1,12288,0,,,0.0128,1,0,0,1,0,0,1,0,0,0,0,0,0,0,1,1,1,0,0,0.0024,0,0,0,0.00012207,128,,,,,,,,,,,,,,,,,,,,,,C:\c++\test2\results\article_code_comparison\raw_results.csv,article_runner_filename_mismatch_R1_expected_1.0
400,1.0,0.4,1,D:\test2\results\article_code_comparison\data\400\SDT_400_1_0.4_2.txt,D:\test2\results\article_code_comparison,generated_by_project_generator,D:\test2\x64\Release\bm_solver.exe,SOLVED,0,0.012,63.177,,,400,128,2019328,ERROR,,60.233,,,1814528,1.048877,,1.112867,NOT_COMPARABLE_ERROR,,,[run] n=400 seed=1 input=D:\test2\results\article_code_comparison\data\400\SDT_400_1_0.4_2.txt decomp=adaptive memo_backend=custom use_ub=0 use_lb=0 terminal_rules=1 position_filtering_enabled=1 enable_lawler_basic_rules=1 enable_simple_lb=0 enable_lb_memo=0 enable_edd_ub=0 ub_depth_limit=-1 lb_depth_limit=-1 terminal_all_tardy_spt=1 terminal_edd_at_most_one_tardy=1 enable_memo=1 enable_exact_memo=1 memo_full_key_verification=1 memo_memory_limit_mb=12288 cost=0 time_ms=0.012 nodes=1 max_depth=0 memo_hits=0 memo_misses=1 memo_exact_hits=0 memo_lb_hits=0 rule4=1 valid_pos=0 valid_pos_pruned_3a=0 valid_pos_pruned_3b=0 memo_rejected=0 memo_forced_evict=0 lufo_passes=0 terminal_spt=0 terminal_edd=1 memo_peak=1 memo_final=1 memo_evictions=0 memo_clean_time_ms=0 reconstruction_time_ms=0.0024 reconstruction_repairs=0 reconstruction_trace_hits=0 reconstruction_trace_fallbacks=0 memo_used_mb=0.00012207 memo_bytes_per_entry=128,400,1,D:\test2\results\article_code_comparison\data\400\SDT_400_1_0.4_2.txt,adaptive,custom,0,0,1,1,1,0,0,0,-1,-1,1,1,1,1,1,12288,0,,,0.012,1,0,0,1,0,0,1,0,0,0,0,0,0,0,1,1,1,0,0,0.0024,0,0,0,0.00012207,128,,,,,,,,,,,,,,,,,,,,,,C:\c++\test2\results\article_code_comparison\raw_results.csv,article_runner_filename_mismatch_R1_expected_1.0
400,1.0,0.4,2,D:\test2\results\article_code_comparison\data\400\SDT_400_1_0.4_3.txt,D:\test2\results\article_code_comparison,generated_by_project_generator,D:\test2\x64\Release\bm_solver.exe,SOLVED,0,0.0126,63.019,,,400,128,2236416,ERROR,,60.397,,,1785856,1.043413,,1.252294,NOT_COMPARABLE_ERROR,,,[run] n=400 seed=2 input=D:\test2\results\article_code_comparison\data\400\SDT_400_1_0.4_3.txt decomp=adaptive memo_backend=custom use_ub=0 use_lb=0 terminal_rules=1 position_filtering_enabled=1 enable_lawler_basic_rules=1 enable_simple_lb=0 enable_lb_memo=0 enable_edd_ub=0 ub_depth_limit=-1 lb_depth_limit=-1 terminal_all_tardy_spt=1 terminal_edd_at_most_one_tardy=1 enable_memo=1 enable_exact_memo=1 memo_full_key_verification=1 memo_memory_limit_mb=12288 cost=0 time_ms=0.0126 nodes=1 max_depth=0 memo_hits=0 memo_misses=1 memo_exact_hits=0 memo_lb_hits=0 rule4=1 valid_pos=0 valid_pos_pruned_3a=0 valid_pos_pruned_3b=0 memo_rejected=0 memo_forced_evict=0 lufo_passes=0 terminal_spt=0 terminal_edd=1 memo_peak=1 memo_final=1 memo_evictions=0 memo_clean_time_ms=0 reconstruction_time_ms=0.0023 reconstruction_repairs=0 reconstruction_trace_hits=0 reconstruction_trace_fallbacks=0 memo_used_mb=0.00012207 memo_bytes_per_entry=128,400,2,D:\test2\results\article_code_comparison\data\400\SDT_400_1_0.4_3.txt,adaptive,custom,0,0,1,1,1,0,0,0,-1,-1,1,1,1,1,1,12288,0,,,0.0126,1,0,0,1,0,0,1,0,0,0,0,0,0,0,1,1,1,0,0,0.0023,0,0,0,0.00012207,128,,,,,,,,,,,,,,,,,,,,,,C:\c++\test2\results\article_code_comparison\raw_results.csv,article_runner_filename_mismatch_R1_expected_1.0
400,1.0,0.4,3,D:\test2\results\article_code_comparison\data\400\SDT_400_1_0.4_4.txt,D:\test2\results\article_code_comparison,generated_by_project_generator,D:\test2\x64\Release\bm_solver.exe,SOLVED,0,0.0125,63.13,,,400,128,2170880,ERROR,,60.085,,,1871872,1.050678,,1.159737,NOT_COMPARABLE_ERROR,,,[run] n=400 seed=3 input=D:\test2\results\article_code_comparison\data\400\SDT_400_1_0.4_4.txt decomp=adaptive memo_backend=custom use_ub=0 use_lb=0 terminal_rules=1 position_filtering_enabled=1 enable_lawler_basic_rules=1 enable_simple_lb=0 enable_lb_memo=0 enable_edd_ub=0 ub_depth_limit=-1 lb_depth_limit=-1 terminal_all_tardy_spt=1 terminal_edd_at_most_one_tardy=1 enable_memo=1 enable_exact_memo=1 memo_full_key_verification=1 memo_memory_limit_mb=12288 cost=0 time_ms=0.0125 nodes=1 max_depth=0 memo_hits=0 memo_misses=1 memo_exact_hits=0 memo_lb_hits=0 rule4=1 valid_pos=0 valid_pos_pruned_3a=0 valid_pos_pruned_3b=0 memo_rejected=0 memo_forced_evict=0 lufo_passes=0 terminal_spt=0 terminal_edd=1 memo_peak=1 memo_final=1 memo_evictions=0 memo_clean_time_ms=0 reconstruction_time_ms=0.0025 reconstruction_repairs=0 reconstruction_trace_hits=0 reconstruction_trace_fallbacks=0 memo_used_mb=0.00012207 memo_bytes_per_entry=128,400,3,D:\test2\results\article_code_comparison\data\400\SDT_400_1_0.4_4.txt,adaptive,custom,0,0,1,1,1,0,0,0,-1,-1,1,1,1,1,1,12288,0,,,0.0125,1,0,0,1,0,0,1,0,0,0,0,0,0,0,1,1,1,0,0,0.0025,0,0,0,0.00012207,128,,,,,,,,,,,,,,,,,,,,,,C:\c++\test2\results\article_code_comparison\raw_results.csv,article_runner_filename_mismatch_R1_expected_1.0
400,1.0,0.4,4,D:\test2\results\article_code_comparison\data\400\SDT_400_1_0.4_5.txt,D:\test2\results\article_code_comparison,generated_by_project_generator,D:\test2\x64\Release\bm_solver.exe,SOLVED,0,0.0124,53.221,,,400,128,1765376,ERROR,,60.188,,,1814528,0.884246,,0.972912,NOT_COMPARABLE_ERROR,,,[run] n=400 seed=4 input=D:\test2\results\article_code_comparison\data\400\SDT_400_1_0.4_5.txt decomp=adaptive memo_backend=custom use_ub=0 use_lb=0 terminal_rules=1 position_filtering_enabled=1 enable_lawler_basic_rules=1 enable_simple_lb=0 enable_lb_memo=0 enable_edd_ub=0 ub_depth_limit=-1 lb_depth_limit=-1 terminal_all_tardy_spt=1 terminal_edd_at_most_one_tardy=1 enable_memo=1 enable_exact_memo=1 memo_full_key_verification=1 memo_memory_limit_mb=12288 cost=0 time_ms=0.0124 nodes=1 max_depth=0 memo_hits=0 memo_misses=1 memo_exact_hits=0 memo_lb_hits=0 rule4=1 valid_pos=0 valid_pos_pruned_3a=0 valid_pos_pruned_3b=0 memo_rejected=0 memo_forced_evict=0 lufo_passes=0 terminal_spt=0 terminal_edd=1 memo_peak=1 memo_final=1 memo_evictions=0 memo_clean_time_ms=0 reconstruction_time_ms=0.0025 reconstruction_repairs=0 reconstruction_trace_hits=0 reconstruction_trace_fallbacks=0 memo_used_mb=0.00012207 memo_bytes_per_entry=128,400,4,D:\test2\results\article_code_comparison\data\400\SDT_400_1_0.4_5.txt,adaptive,custom,0,0,1,1,1,0,0,0,-1,-1,1,1,1,1,1,12288,0,,,0.0124,1,0,0,1,0,0,1,0,0,0,0,0,0,0,1,1,1,0,0,0.0025,0,0,0,0.00012207,128,,,,,,,,,,,,,,,,,,,,,,C:\c++\test2\results\article_code_comparison\raw_results.csv,article_runner_filename_mismatch_R1_expected_1.0
400,1.0,0.4,5,D:\test2\results\article_code_comparison\data\400\SDT_400_1_0.4_6.txt,D:\test2\results\article_code_comparison,generated_by_project_generator,D:\test2\x64\Release\bm_solver.exe,SOLVED,0,0.0135,63.215,,,400,128,1708032,ERROR,,60.262,,,1814528,1.049003,,0.941309,NOT_COMPARABLE_ERROR,,,[run] n=400 seed=5 input=D:\test2\results\article_code_comparison\data\400\SDT_400_1_0.4_6.txt decomp=adaptive memo_backend=custom use_ub=0 use_lb=0 terminal_rules=1 position_filtering_enabled=1 enable_lawler_basic_rules=1 enable_simple_lb=0 enable_lb_memo=0 enable_edd_ub=0 ub_depth_limit=-1 lb_depth_limit=-1 terminal_all_tardy_spt=1 terminal_edd_at_most_one_tardy=1 enable_memo=1 enable_exact_memo=1 memo_full_key_verification=1 memo_memory_limit_mb=12288 cost=0 time_ms=0.0135 nodes=1 max_depth=0 memo_hits=0 memo_misses=1 memo_exact_hits=0 memo_lb_hits=0 rule4=1 valid_pos=0 valid_pos_pruned_3a=0 valid_pos_pruned_3b=0 memo_rejected=0 memo_forced_evict=0 lufo_passes=0 terminal_spt=0 terminal_edd=1 memo_peak=1 memo_final=1 memo_evictions=0 memo_clean_time_ms=0 reconstruction_time_ms=0.0023 reconstruction_repairs=0 reconstruction_trace_hits=0 reconstruction_trace_fallbacks=0 memo_used_mb=0.00012207 memo_bytes_per_entry=128,400,5,D:\test2\results\article_code_comparison\data\400\SDT_400_1_0.4_6.txt,adaptive,custom,0,0,1,1,1,0,0,0,-1,-1,1,1,1,1,1,12288,0,,,0.0135,1,0,0,1,0,0,1,0,0,0,0,0,0,0,1,1,1,0,0,0.0023,0,0,0,0.00012207,128,,,,,,,,,,,,,,,,,,,,,,C:\c++\test2\results\article_code_comparison\raw_results.csv,article_runner_filename_mismatch_R1_expected_1.0
400,1.0,0.4,6,D:\test2\results\article_code_comparison\data\400\SDT_400_1_0.4_7.txt,D:\test2\results\article_code_comparison,generated_by_project_generator,D:\test2\x64\Release\bm_solver.exe,SOLVED,0,0.0124,62.718,,,400,128,2338816,ERROR,,60.088,,,1814528,1.043769,,1.288939,NOT_COMPARABLE_ERROR,,,[run] n=400 seed=6 input=D:\test2\results\article_code_comparison\data\400\SDT_400_1_0.4_7.txt decomp=adaptive memo_backend=custom use_ub=0 use_lb=0 terminal_rules=1 position_filtering_enabled=1 enable_lawler_basic_rules=1 enable_simple_lb=0 enable_lb_memo=0 enable_edd_ub=0 ub_depth_limit=-1 lb_depth_limit=-1 terminal_all_tardy_spt=1 terminal_edd_at_most_one_tardy=1 enable_memo=1 enable_exact_memo=1 memo_full_key_verification=1 memo_memory_limit_mb=12288 cost=0 time_ms=0.0124 nodes=1 max_depth=0 memo_hits=0 memo_misses=1 memo_exact_hits=0 memo_lb_hits=0 rule4=1 valid_pos=0 valid_pos_pruned_3a=0 valid_pos_pruned_3b=0 memo_rejected=0 memo_forced_evict=0 lufo_passes=0 terminal_spt=0 terminal_edd=1 memo_peak=1 memo_final=1 memo_evictions=0 memo_clean_time_ms=0 reconstruction_time_ms=0.0024 reconstruction_repairs=0 reconstruction_trace_hits=0 reconstruction_trace_fallbacks=0 memo_used_mb=0.00012207 memo_bytes_per_entry=128,400,6,D:\test2\results\article_code_comparison\data\400\SDT_400_1_0.4_7.txt,adaptive,custom,0,0,1,1,1,0,0,0,-1,-1,1,1,1,1,1,12288,0,,,0.0124,1,0,0,1,0,0,1,0,0,0,0,0,0,0,1,1,1,0,0,0.0024,0,0,0,0.00012207,128,,,,,,,,,,,,,,,,,,,,,,C:\c++\test2\results\article_code_comparison\raw_results.csv,article_runner_filename_mismatch_R1_expected_1.0
400,1.0,0.4,7,D:\test2\results\article_code_comparison\data\400\SDT_400_1_0.4_8.txt,D:\test2\results\article_code_comparison,generated_by_project_generator,D:\test2\x64\Release\bm_solver.exe,SOLVED,0,0.0131,53.271,,,400,128,1748992,ERROR,,60.259,,,1781760,0.884034,,0.981609,NOT_COMPARABLE_ERROR,,,[run] n=400 seed=7 input=D:\test2\results\article_code_comparison\data\400\SDT_400_1_0.4_8.txt decomp=adaptive memo_backend=custom use_ub=0 use_lb=0 terminal_rules=1 position_filtering_enabled=1 enable_lawler_basic_rules=1 enable_simple_lb=0 enable_lb_memo=0 enable_edd_ub=0 ub_depth_limit=-1 lb_depth_limit=-1 terminal_all_tardy_spt=1 terminal_edd_at_most_one_tardy=1 enable_memo=1 enable_exact_memo=1 memo_full_key_verification=1 memo_memory_limit_mb=12288 cost=0 time_ms=0.0131 nodes=1 max_depth=0 memo_hits=0 memo_misses=1 memo_exact_hits=0 memo_lb_hits=0 rule4=1 valid_pos=0 valid_pos_pruned_3a=0 valid_pos_pruned_3b=0 memo_rejected=0 memo_forced_evict=0 lufo_passes=0 terminal_spt=0 terminal_edd=1 memo_peak=1 memo_final=1 memo_evictions=0 memo_clean_time_ms=0 reconstruction_time_ms=0.0026 reconstruction_repairs=0 reconstruction_trace_hits=0 reconstruction_trace_fallbacks=0 memo_used_mb=0.00012207 memo_bytes_per_entry=128,400,7,D:\test2\results\article_code_comparison\data\400\SDT_400_1_0.4_8.txt,adaptive,custom,0,0,1,1,1,0,0,0,-1,-1,1,1,1,1,1,12288,0,,,0.0131,1,0,0,1,0,0,1,0,0,0,0,0,0,0,1,1,1,0,0,0.0026,0,0,0,0.00012207,128,,,,,,,,,,,,,,,,,,,,,,C:\c++\test2\results\article_code_comparison\raw_results.csv,article_runner_filename_mismatch_R1_expected_1.0
400,1.0,0.4,8,D:\test2\results\article_code_comparison\data\400\SDT_400_1_0.4_9.txt,D:\test2\results\article_code_comparison,generated_by_project_generator,D:\test2\x64\Release\bm_solver.exe,SOLVED,0,0.0121,53.496,,,400,128,1794048,ERROR,,60.333,,,1875968,0.886679,,0.956332,NOT_COMPARABLE_ERROR,,,[run] n=400 seed=8 input=D:\test2\results\article_code_comparison\data\400\SDT_400_1_0.4_9.txt decomp=adaptive memo_backend=custom use_ub=0 use_lb=0 terminal_rules=1 position_filtering_enabled=1 enable_lawler_basic_rules=1 enable_simple_lb=0 enable_lb_memo=0 enable_edd_ub=0 ub_depth_limit=-1 lb_depth_limit=-1 terminal_all_tardy_spt=1 terminal_edd_at_most_one_tardy=1 enable_memo=1 enable_exact_memo=1 memo_full_key_verification=1 memo_memory_limit_mb=12288 cost=0 time_ms=0.0121 nodes=1 max_depth=0 memo_hits=0 memo_misses=1 memo_exact_hits=0 memo_lb_hits=0 rule4=1 valid_pos=0 valid_pos_pruned_3a=0 valid_pos_pruned_3b=0 memo_rejected=0 memo_forced_evict=0 lufo_passes=0 terminal_spt=0 terminal_edd=1 memo_peak=1 memo_final=1 memo_evictions=0 memo_clean_time_ms=0 reconstruction_time_ms=0.0023 reconstruction_repairs=0 reconstruction_trace_hits=0 reconstruction_trace_fallbacks=0 memo_used_mb=0.00012207 memo_bytes_per_entry=128,400,8,D:\test2\results\article_code_comparison\data\400\SDT_400_1_0.4_9.txt,adaptive,custom,0,0,1,1,1,0,0,0,-1,-1,1,1,1,1,1,12288,0,,,0.0121,1,0,0,1,0,0,1,0,0,0,0,0,0,0,1,1,1,0,0,0.0023,0,0,0,0.00012207,128,,,,,,,,,,,,,,,,,,,,,,C:\c++\test2\results\article_code_comparison\raw_results.csv,article_runner_filename_mismatch_R1_expected_1.0
400,1.0,0.4,9,D:\test2\results\article_code_comparison\data\400\SDT_400_1_0.4_10.txt,D:\test2\results\article_code_comparison,generated_by_project_generator,D:\test2\x64\Release\bm_solver.exe,SOLVED,0,0.0132,63.173,,,400,128,1806336,ERROR,,60.105,,,1814528,1.051044,,0.995485,NOT_COMPARABLE_ERROR,,,[run] n=400 seed=9 input=D:\test2\results\article_code_comparison\data\400\SDT_400_1_0.4_10.txt decomp=adaptive memo_backend=custom use_ub=0 use_lb=0 terminal_rules=1 position_filtering_enabled=1 enable_lawler_basic_rules=1 enable_simple_lb=0 enable_lb_memo=0 enable_edd_ub=0 ub_depth_limit=-1 lb_depth_limit=-1 terminal_all_tardy_spt=1 terminal_edd_at_most_one_tardy=1 enable_memo=1 enable_exact_memo=1 memo_full_key_verification=1 memo_memory_limit_mb=12288 cost=0 time_ms=0.0132 nodes=1 max_depth=0 memo_hits=0 memo_misses=1 memo_exact_hits=0 memo_lb_hits=0 rule4=1 valid_pos=0 valid_pos_pruned_3a=0 valid_pos_pruned_3b=0 memo_rejected=0 memo_forced_evict=0 lufo_passes=0 terminal_spt=0 terminal_edd=1 memo_peak=1 memo_final=1 memo_evictions=0 memo_clean_time_ms=0 reconstruction_time_ms=0.0027 reconstruction_repairs=0 reconstruction_trace_hits=0 reconstruction_trace_fallbacks=0 memo_used_mb=0.00012207 memo_bytes_per_entry=128,400,9,D:\test2\results\article_code_comparison\data\400\SDT_400_1_0.4_10.txt,adaptive,custom,0,0,1,1,1,0,0,0,-1,-1,1,1,1,1,1,12288,0,,,0.0132,1,0,0,1,0,0,1,0,0,0,0,0,0,0,1,1,1,0,0,0.0027,0,0,0,0.00012207,128,,,,,,,,,,,,,,,,,,,,,,C:\c++\test2\results\article_code_comparison\raw_results.csv,article_runner_filename_mismatch_R1_expected_1.0
400,1.0,0.6,0,D:\test2\results\article_code_comparison\data\400\SDT_400_1_0.6_1.txt,D:\test2\results\article_code_comparison,generated_by_project_generator,D:\test2\x64\Release\bm_solver.exe,SOLVED,359010,8.8288,62.988,,,400,859456,2203648,ERROR,,60.439,,,1781760,1.042175,,1.236782,NOT_COMPARABLE_ERROR,,,[run] n=400 seed=0 input=D:\test2\results\article_code_comparison\data\400\SDT_400_1_0.6_1.txt decomp=adaptive memo_backend=custom use_ub=0 use_lb=0 terminal_rules=1 position_filtering_enabled=1 enable_lawler_basic_rules=1 enable_simple_lb=0 enable_lb_memo=0 enable_edd_ub=0 ub_depth_limit=-1 lb_depth_limit=-1 terminal_all_tardy_spt=1 terminal_edd_at_most_one_tardy=1 enable_memo=1 enable_exact_memo=1 memo_full_key_verification=1 memo_memory_limit_mb=12288 cost=359010 time_ms=8.8288 nodes=4132 max_depth=399 memo_hits=1224 memo_misses=8263 memo_exact_hits=1224 memo_lb_hits=0 rule4=1 valid_pos=67938 valid_pos_pruned_3a=0 valid_pos_pruned_3b=0 memo_rejected=0 memo_forced_evict=0 lufo_passes=0 terminal_spt=64 terminal_edd=1015 memo_peak=4132 memo_final=4132 memo_evictions=0 memo_clean_time_ms=0 reconstruction_time_ms=0.5992 reconstruction_repairs=0 reconstruction_trace_hits=227 reconstruction_trace_fallbacks=0 memo_used_mb=0.819641 memo_bytes_per_entry=208,400,0,D:\test2\results\article_code_comparison\data\400\SDT_400_1_0.6_1.txt,adaptive,custom,0,0,1,1,1,0,0,0,-1,-1,1,1,1,1,1,12288,359010,,,8.8288,4132,399,1224,8263,1224,0,1,67938,0,0,0,0,0,64,1015,4132,4132,0,0,0.5992,0,227,0,0.819641,208,,,,,,,,,,,,,,,,,,,,,,C:\c++\test2\results\article_code_comparison\raw_results.csv,article_runner_filename_mismatch_R1_expected_1.0
400,1.0,0.6,1,D:\test2\results\article_code_comparison\data\400\SDT_400_1_0.6_2.txt,D:\test2\results\article_code_comparison,generated_by_project_generator,D:\test2\x64\Release\bm_solver.exe,SOLVED,350137,18.2641,62.654,,,400,1711213,2019328,ERROR,,60.121,,,1806336,1.042132,,1.117914,NOT_COMPARABLE_ERROR,,,[run] n=400 seed=1 input=D:\test2\results\article_code_comparison\data\400\SDT_400_1_0.6_2.txt decomp=adaptive memo_backend=custom use_ub=0 use_lb=0 terminal_rules=1 position_filtering_enabled=1 enable_lawler_basic_rules=1 enable_simple_lb=0 enable_lb_memo=0 enable_edd_ub=0 ub_depth_limit=-1 lb_depth_limit=-1 terminal_all_tardy_spt=1 terminal_edd_at_most_one_tardy=1 enable_memo=1 enable_exact_memo=1 memo_full_key_verification=1 memo_memory_limit_mb=12288 cost=350137 time_ms=18.2641 nodes=8227 max_depth=399 memo_hits=2126 memo_misses=16453 memo_exact_hits=2126 memo_lb_hits=0 rule4=1 valid_pos=138962 valid_pos_pruned_3a=0 valid_pos_pruned_3b=0 memo_rejected=0 memo_forced_evict=0 lufo_passes=0 terminal_spt=80 terminal_edd=1983 memo_peak=8227 memo_final=8227 memo_evictions=0 memo_clean_time_ms=0 reconstruction_time_ms=0.666 reconstruction_repairs=0 reconstruction_trace_hits=230 reconstruction_trace_fallbacks=0 memo_used_mb=1.63194 memo_bytes_per_entry=208,400,1,D:\test2\results\article_code_comparison\data\400\SDT_400_1_0.6_2.txt,adaptive,custom,0,0,1,1,1,0,0,0,-1,-1,1,1,1,1,1,12288,350137,,,18.2641,8227,399,2126,16453,2126,0,1,138962,0,0,0,0,0,80,1983,8227,8227,0,0,0.666,0,230,0,1.63194,208,,,,,,,,,,,,,,,,,,,,,,C:\c++\test2\results\article_code_comparison\raw_results.csv,article_runner_filename_mismatch_R1_expected_1.0
400,1.0,0.6,2,D:\test2\results\article_code_comparison\data\400\SDT_400_1_0.6_3.txt,D:\test2\results\article_code_comparison,generated_by_project_generator,D:\test2\x64\Release\bm_solver.exe,SOLVED,382426,2.7319,53.206,,,400,220896,1728512,ERROR,,60.28,,,1814528,0.882648,,0.952596,NOT_COMPARABLE_ERROR,,,[run] n=400 seed=2 input=D:\test2\results\article_code_comparison\data\400\SDT_400_1_0.6_3.txt decomp=adaptive memo_backend=custom use_ub=0 use_lb=0 terminal_rules=1 position_filtering_enabled=1 enable_lawler_basic_rules=1 enable_simple_lb=0 enable_lb_memo=0 enable_edd_ub=0 ub_depth_limit=-1 lb_depth_limit=-1 terminal_all_tardy_spt=1 terminal_edd_at_most_one_tardy=1 enable_memo=1 enable_exact_memo=1 memo_full_key_verification=1 memo_memory_limit_mb=12288 cost=382426 time_ms=2.7319 nodes=1062 max_depth=399 memo_hits=195 memo_misses=2123 memo_exact_hits=195 memo_lb_hits=0 rule4=1 valid_pos=19554 valid_pos_pruned_3a=0 valid_pos_pruned_3b=0 memo_rejected=0 memo_forced_evict=0 lufo_passes=0 terminal_spt=9 terminal_edd=314 memo_peak=1062 memo_final=1062 memo_evictions=0 memo_clean_time_ms=0 reconstruction_time_ms=0.5502 reconstruction_repairs=0 reconstruction_trace_hits=200 reconstruction_trace_fallbacks=0 memo_used_mb=0.210663 memo_bytes_per_entry=208,400,2,D:\test2\results\article_code_comparison\data\400\SDT_400_1_0.6_3.txt,adaptive,custom,0,0,1,1,1,0,0,0,-1,-1,1,1,1,1,1,12288,382426,,,2.7319,1062,399,195,2123,195,0,1,19554,0,0,0,0,0,9,314,1062,1062,0,0,0.5502,0,200,0,0.210663,208,,,,,,,,,,,,,,,,,,,,,,C:\c++\test2\results\article_code_comparison\raw_results.csv,article_runner_filename_mismatch_R1_expected_1.0
400,1.0,0.6,3,D:\test2\results\article_code_comparison\data\400\SDT_400_1_0.6_4.txt,D:\test2\results\article_code_comparison,generated_by_project_generator,D:\test2\x64\Release\bm_solver.exe,SOLVED,375403,2.8345,63.478,,,400,290784,2170880,ERROR,,60.18,,,1802240,1.054802,,1.204545,NOT_COMPARABLE_ERROR,,,[run] n=400 seed=3 input=D:\test2\results\article_code_comparison\data\400\SDT_400_1_0.6_4.txt decomp=adaptive memo_backend=custom use_ub=0 use_lb=0 terminal_rules=1 position_filtering_enabled=1 enable_lawler_basic_rules=1 enable_simple_lb=0 enable_lb_memo=0 enable_edd_ub=0 ub_depth_limit=-1 lb_depth_limit=-1 terminal_all_tardy_spt=1 terminal_edd_at_most_one_tardy=1 enable_memo=1 enable_exact_memo=1 memo_full_key_verification=1 memo_memory_limit_mb=12288 cost=375403 time_ms=2.8345 nodes=1398 max_depth=399 memo_hits=182 memo_misses=2795 memo_exact_hits=182 memo_lb_hits=0 rule4=1 valid_pos=23219 valid_pos_pruned_3a=0 valid_pos_pruned_3b=0 memo_rejected=0 memo_forced_evict=0 lufo_passes=0 terminal_spt=13 terminal_edd=399 memo_peak=1398 memo_final=1398 memo_evictions=0 memo_clean_time_ms=0 reconstruction_time_ms=0.5603 reconstruction_repairs=0 reconstruction_trace_hits=216 reconstruction_trace_fallbacks=0 memo_used_mb=0.277313 memo_bytes_per_entry=208,400,3,D:\test2\results\article_code_comparison\data\400\SDT_400_1_0.6_4.txt,adaptive,custom,0,0,1,1,1,0,0,0,-1,-1,1,1,1,1,1,12288,375403,,,2.8345,1398,399,182,2795,182,0,1,23219,0,0,0,0,0,13,399,1398,1398,0,0,0.5603,0,216,0,0.277313,208,,,,,,,,,,,,,,,,,,,,,,C:\c++\test2\results\article_code_comparison\raw_results.csv,article_runner_filename_mismatch_R1_expected_1.0
400,1.0,0.6,4,D:\test2\results\article_code_comparison\data\400\SDT_400_1_0.6_5.txt,D:\test2\results\article_code_comparison,generated_by_project_generator,D:\test2\x64\Release\bm_solver.exe,SOLVED,345961,8.4373,53.29,,,400,599040,1761280,ERROR,,60.352,,,1859584,0.882986,,0.947137,NOT_COMPARABLE_ERROR,,,[run] n=400 seed=4 input=D:\test2\results\article_code_comparison\data\400\SDT_400_1_0.6_5.txt decomp=adaptive memo_backend=custom use_ub=0 use_lb=0 terminal_rules=1 position_filtering_enabled=1 enable_lawler_basic_rules=1 enable_simple_lb=0 enable_lb_memo=0 enable_edd_ub=0 ub_depth_limit=-1 lb_depth_limit=-1 terminal_all_tardy_spt=1 terminal_edd_at_most_one_tardy=1 enable_memo=1 enable_exact_memo=1 memo_full_key_verification=1 memo_memory_limit_mb=12288 cost=345961 time_ms=8.4373 nodes=2880 max_depth=399 memo_hits=668 memo_misses=5759 memo_exact_hits=668 memo_lb_hits=0 rule4=1 valid_pos=70041 valid_pos_pruned_3a=0 valid_pos_pruned_3b=0 memo_rejected=0 memo_forced_evict=0 lufo_passes=0 terminal_spt=30 terminal_edd=587 memo_peak=2880 memo_final=2880 memo_evictions=0 memo_clean_time_ms=0 reconstruction_time_ms=0.627 reconstruction_repairs=0 reconstruction_trace_hits=240 reconstruction_trace_fallbacks=0 memo_used_mb=0.571289 memo_bytes_per_entry=208,400,4,D:\test2\results\article_code_comparison\data\400\SDT_400_1_0.6_5.txt,adaptive,custom,0,0,1,1,1,0,0,0,-1,-1,1,1,1,1,1,12288,345961,,,8.4373,2880,399,668,5759,668,0,1,70041,0,0,0,0,0,30,587,2880,2880,0,0,0.627,0,240,0,0.571289,208,,,,,,,,,,,,,,,,,,,,,,C:\c++\test2\results\article_code_comparison\raw_results.csv,article_runner_filename_mismatch_R1_expected_1.0
400,1.0,0.6,5,D:\test2\results\article_code_comparison\data\400\SDT_400_1_0.6_6.txt,D:\test2\results\article_code_comparison,generated_by_project_generator,D:\test2\x64\Release\bm_solver.exe,SOLVED,334852,2.9553,63.297,,,400,217152,1789952,ERROR,,60.353,,,1814528,1.04878,,0.986456,NOT_COMPARABLE_ERROR,,,[run] n=400 seed=5 input=D:\test2\results\article_code_comparison\data\400\SDT_400_1_0.6_6.txt decomp=adaptive memo_backend=custom use_ub=0 use_lb=0 terminal_rules=1 position_filtering_enabled=1 enable_lawler_basic_rules=1 enable_simple_lb=0 enable_lb_memo=0 enable_edd_ub=0 ub_depth_limit=-1 lb_depth_limit=-1 terminal_all_tardy_spt=1 terminal_edd_at_most_one_tardy=1 enable_memo=1 enable_exact_memo=1 memo_full_key_verification=1 memo_memory_limit_mb=12288 cost=334852 time_ms=2.9553 nodes=1044 max_depth=399 memo_hits=381 memo_misses=2087 memo_exact_hits=381 memo_lb_hits=0 rule4=1 valid_pos=20822 valid_pos_pruned_3a=0 valid_pos_pruned_3b=0 memo_rejected=0 memo_forced_evict=0 lufo_passes=0 terminal_spt=9 terminal_edd=271 memo_peak=1044 memo_final=1044 memo_evictions=0 memo_clean_time_ms=0 reconstruction_time_ms=0.6156 reconstruction_repairs=0 reconstruction_trace_hits=210 reconstruction_trace_fallbacks=0 memo_used_mb=0.207092 memo_bytes_per_entry=208,400,5,D:\test2\results\article_code_comparison\data\400\SDT_400_1_0.6_6.txt,adaptive,custom,0,0,1,1,1,0,0,0,-1,-1,1,1,1,1,1,12288,334852,,,2.9553,1044,399,381,2087,381,0,1,20822,0,0,0,0,0,9,271,1044,1044,0,0,0.6156,0,210,0,0.207092,208,,,,,,,,,,,,,,,,,,,,,,C:\c++\test2\results\article_code_comparison\raw_results.csv,article_runner_filename_mismatch_R1_expected_1.0
400,1.0,0.6,6,D:\test2\results\article_code_comparison\data\400\SDT_400_1_0.6_7.txt,D:\test2\results\article_code_comparison,generated_by_project_generator,D:\test2\x64\Release\bm_solver.exe,SOLVED,518762,5.315,63.289,,,400,512512,2224128,ERROR,,60.127,,,1875968,1.052589,,1.18559,NOT_COMPARABLE_ERROR,,,[run] n=400 seed=6 input=D:\test2\results\article_code_comparison\data\400\SDT_400_1_0.6_7.txt decomp=adaptive memo_backend=custom use_ub=0 use_lb=0 terminal_rules=1 position_filtering_enabled=1 enable_lawler_basic_rules=1 enable_simple_lb=0 enable_lb_memo=0 enable_edd_ub=0 ub_depth_limit=-1 lb_depth_limit=-1 terminal_all_tardy_spt=1 terminal_edd_at_most_one_tardy=1 enable_memo=1 enable_exact_memo=1 memo_full_key_verification=1 memo_memory_limit_mb=12288 cost=518762 time_ms=5.315 nodes=2464 max_depth=399 memo_hits=344 memo_misses=4927 memo_exact_hits=344 memo_lb_hits=0 rule4=1 valid_pos=44383 valid_pos_pruned_3a=0 valid_pos_pruned_3b=0 memo_rejected=0 memo_forced_evict=0 lufo_passes=0 terminal_spt=16 terminal_edd=695 memo_peak=2464 memo_final=2464 memo_evictions=0 memo_clean_time_ms=0 reconstruction_time_ms=0.6072 reconstruction_repairs=0 reconstruction_trace_hits=222 reconstruction_trace_fallbacks=0 memo_used_mb=0.48877 memo_bytes_per_entry=208,400,6,D:\test2\results\article_code_comparison\data\400\SDT_400_1_0.6_7.txt,adaptive,custom,0,0,1,1,1,0,0,0,-1,-1,1,1,1,1,1,12288,518762,,,5.315,2464,399,344,4927,344,0,1,44383,0,0,0,0,0,16,695,2464,2464,0,0,0.6072,0,222,0,0.48877,208,,,,,,,,,,,,,,,,,,,,,,C:\c++\test2\results\article_code_comparison\raw_results.csv,article_runner_filename_mismatch_R1_expected_1.0
400,1.0,0.6,7,D:\test2\results\article_code_comparison\data\400\SDT_400_1_0.6_8.txt,D:\test2\results\article_code_comparison,generated_by_project_generator,D:\test2\x64\Release\bm_solver.exe,SOLVED,473932,2.2182,62.954,,,400,183248,2326528,ERROR,,60.163,,,1773568,1.046391,,1.311778,NOT_COMPARABLE_ERROR,,,[run] n=400 seed=7 input=D:\test2\results\article_code_comparison\data\400\SDT_400_1_0.6_8.txt decomp=adaptive memo_backend=custom use_ub=0 use_lb=0 terminal_rules=1 position_filtering_enabled=1 enable_lawler_basic_rules=1 enable_simple_lb=0 enable_lb_memo=0 enable_edd_ub=0 ub_depth_limit=-1 lb_depth_limit=-1 terminal_all_tardy_spt=1 terminal_edd_at_most_one_tardy=1 enable_memo=1 enable_exact_memo=1 memo_full_key_verification=1 memo_memory_limit_mb=12288 cost=473932 time_ms=2.2182 nodes=881 max_depth=399 memo_hits=87 memo_misses=1761 memo_exact_hits=87 memo_lb_hits=0 rule4=1 valid_pos=14267 valid_pos_pruned_3a=0 valid_pos_pruned_3b=0 memo_rejected=0 memo_forced_evict=0 lufo_passes=0 terminal_spt=7 terminal_edd=268 memo_peak=881 memo_final=881 memo_evictions=0 memo_clean_time_ms=0 reconstruction_time_ms=0.61 reconstruction_repairs=0 reconstruction_trace_hits=216 reconstruction_trace_fallbacks=0 memo_used_mb=0.174759 memo_bytes_per_entry=208,400,7,D:\test2\results\article_code_comparison\data\400\SDT_400_1_0.6_8.txt,adaptive,custom,0,0,1,1,1,0,0,0,-1,-1,1,1,1,1,1,12288,473932,,,2.2182,881,399,87,1761,87,0,1,14267,0,0,0,0,0,7,268,881,881,0,0,0.61,0,216,0,0.174759,208,,,,,,,,,,,,,,,,,,,,,,C:\c++\test2\results\article_code_comparison\raw_results.csv,article_runner_filename_mismatch_R1_expected_1.0
400,1.0,0.6,8,D:\test2\results\article_code_comparison\data\400\SDT_400_1_0.6_9.txt,D:\test2\results\article_code_comparison,generated_by_project_generator,D:\test2\x64\Release\bm_solver.exe,SOLVED,618671,1.798,53.331,,,400,114400,1773568,ERROR,,60.312,,,1802240,0.884252,,0.984091,NOT_COMPARABLE_ERROR,,,[run] n=400 seed=8 input=D:\test2\results\article_code_comparison\data\400\SDT_400_1_0.6_9.txt decomp=adaptive memo_backend=custom use_ub=0 use_lb=0 terminal_rules=1 position_filtering_enabled=1 enable_lawler_basic_rules=1 enable_simple_lb=0 enable_lb_memo=0 enable_edd_ub=0 ub_depth_limit=-1 lb_depth_limit=-1 terminal_all_tardy_spt=1 terminal_edd_at_most_one_tardy=1 enable_memo=1 enable_exact_memo=1 memo_full_key_verification=1 memo_memory_limit_mb=12288 cost=618671 time_ms=1.798 nodes=550 max_depth=399 memo_hits=113 memo_misses=1099 memo_exact_hits=113 memo_lb_hits=0 rule4=1 valid_pos=16625 valid_pos_pruned_3a=0 valid_pos_pruned_3b=0 memo_rejected=0 memo_forced_evict=0 lufo_passes=0 terminal_spt=8 terminal_edd=178 memo_peak=550 memo_final=550 memo_evictions=0 memo_clean_time_ms=0 reconstruction_time_ms=0.5845 reconstruction_repairs=0 reconstruction_trace_hits=200 reconstruction_trace_fallbacks=0 memo_used_mb=0.1091 memo_bytes_per_entry=208,400,8,D:\test2\results\article_code_comparison\data\400\SDT_400_1_0.6_9.txt,adaptive,custom,0,0,1,1,1,0,0,0,-1,-1,1,1,1,1,1,12288,618671,,,1.798,550,399,113,1099,113,0,1,16625,0,0,0,0,0,8,178,550,550,0,0,0.5845,0,200,0,0.1091,208,,,,,,,,,,,,,,,,,,,,,,C:\c++\test2\results\article_code_comparison\raw_results.csv,article_runner_filename_mismatch_R1_expected_1.0
400,1.0,0.6,9,D:\test2\results\article_code_comparison\data\400\SDT_400_1_0.6_10.txt,D:\test2\results\article_code_comparison,generated_by_project_generator,D:\test2\x64\Release\bm_solver.exe,SOLVED,467715,3.2296,63.113,,,400,202800,2273280,ERROR,,60.154,,,1814528,1.04919,,1.252822,NOT_COMPARABLE_ERROR,,,[run] n=400 seed=9 input=D:\test2\results\article_code_comparison\data\400\SDT_400_1_0.6_10.txt decomp=adaptive memo_backend=custom use_ub=0 use_lb=0 terminal_rules=1 position_filtering_enabled=1 enable_lawler_basic_rules=1 enable_simple_lb=0 enable_lb_memo=0 enable_edd_ub=0 ub_depth_limit=-1 lb_depth_limit=-1 terminal_all_tardy_spt=1 terminal_edd_at_most_one_tardy=1 enable_memo=1 enable_exact_memo=1 memo_full_key_verification=1 memo_memory_limit_mb=12288 cost=467715 time_ms=3.2296 nodes=975 max_depth=399 memo_hits=191 memo_misses=1949 memo_exact_hits=191 memo_lb_hits=0 rule4=1 valid_pos=37958 valid_pos_pruned_3a=0 valid_pos_pruned_3b=0 memo_rejected=0 memo_forced_evict=0 lufo_passes=0 terminal_spt=13 terminal_edd=281 memo_peak=975 memo_final=975 memo_evictions=0 memo_clean_time_ms=0 reconstruction_time_ms=0.6561 reconstruction_repairs=0 reconstruction_trace_hits=215 reconstruction_trace_fallbacks=0 memo_used_mb=0.193405 memo_bytes_per_entry=208,400,9,D:\test2\results\article_code_comparison\data\400\SDT_400_1_0.6_10.txt,adaptive,custom,0,0,1,1,1,0,0,0,-1,-1,1,1,1,1,1,12288,467715,,,3.2296,975,399,191,1949,191,0,1,37958,0,0,0,0,0,13,281,975,975,0,0,0.6561,0,215,0,0.193405,208,,,,,,,,,,,,,,,,,,,,,,C:\c++\test2\results\article_code_comparison\raw_results.csv,article_runner_filename_mismatch_R1_expected_1.0
400,1.0,0.8,0,D:\test2\results\article_code_comparison\data\400\SDT_400_1_0.8_1.txt,D:\test2\results\article_code_comparison,generated_by_project_generator,D:\test2\x64\Release\bm_solver.exe,SOLVED,1253355,2.9805,53.266,,,400,145600,1769472,ERROR,,60.349,,,1789952,0.882633,,0.988558,NOT_COMPARABLE_ERROR,,,[run] n=400 seed=0 input=D:\test2\results\article_code_comparison\data\400\SDT_400_1_0.8_1.txt decomp=adaptive memo_backend=custom use_ub=0 use_lb=0 terminal_rules=1 position_filtering_enabled=1 enable_lawler_basic_rules=1 enable_simple_lb=0 enable_lb_memo=0 enable_edd_ub=0 ub_depth_limit=-1 lb_depth_limit=-1 terminal_all_tardy_spt=1 terminal_edd_at_most_one_tardy=1 enable_memo=1 enable_exact_memo=1 memo_full_key_verification=1 memo_memory_limit_mb=12288 cost=1253355 time_ms=2.9805 nodes=700 max_depth=399 memo_hits=130 memo_misses=1399 memo_exact_hits=130 memo_lb_hits=0 rule4=1 valid_pos=32628 valid_pos_pruned_3a=0 valid_pos_pruned_3b=0 memo_rejected=0 memo_forced_evict=0 lufo_passes=0 terminal_spt=11 terminal_edd=184 memo_peak=700 memo_final=700 memo_evictions=0 memo_clean_time_ms=0 reconstruction_time_ms=0.9861 reconstruction_repairs=0 reconstruction_trace_hits=261 reconstruction_trace_fallbacks=0 memo_used_mb=0.138855 memo_bytes_per_entry=208,400,0,D:\test2\results\article_code_comparison\data\400\SDT_400_1_0.8_1.txt,adaptive,custom,0,0,1,1,1,0,0,0,-1,-1,1,1,1,1,1,12288,1253355,,,2.9805,700,399,130,1399,130,0,1,32628,0,0,0,0,0,11,184,700,700,0,0,0.9861,0,261,0,0.138855,208,,,,,,,,,,,,,,,,,,,,,,C:\c++\test2\results\article_code_comparison\raw_results.csv,article_runner_filename_mismatch_R1_expected_1.0
400,1.0,0.8,1,D:\test2\results\article_code_comparison\data\400\SDT_400_1_0.8_2.txt,D:\test2\results\article_code_comparison,generated_by_project_generator,D:\test2\x64\Release\bm_solver.exe,SOLVED,1190968,2.1475,63.107,,,400,88816,2273280,ERROR,,60.356,,,1810432,1.04558,,1.255656,NOT_COMPARABLE_ERROR,,,[run] n=400 seed=1 input=D:\test2\results\article_code_comparison\data\400\SDT_400_1_0.8_2.txt decomp=adaptive memo_backend=custom use_ub=0 use_lb=0 terminal_rules=1 position_filtering_enabled=1 enable_lawler_basic_rules=1 enable_simple_lb=0 enable_lb_memo=0 enable_edd_ub=0 ub_depth_limit=-1 lb_depth_limit=-1 terminal_all_tardy_spt=1 terminal_edd_at_most_one_tardy=1 enable_memo=1 enable_exact_memo=1 memo_full_key_verification=1 memo_memory_limit_mb=12288 cost=1190968 time_ms=2.1475 nodes=427 max_depth=399 memo_hits=40 memo_misses=853 memo_exact_hits=40 memo_lb_hits=0 rule4=1 valid_pos=17949 valid_pos_pruned_3a=0 valid_pos_pruned_3b=0 memo_rejected=0 memo_forced_evict=0 lufo_passes=0 terminal_spt=8 terminal_edd=105 memo_peak=427 memo_final=427 memo_evictions=0 memo_clean_time_ms=0 reconstruction_time_ms=1.0121 reconstruction_repairs=0 reconstruction_trace_hits=257 reconstruction_trace_fallbacks=0 memo_used_mb=0.0847015 memo_bytes_per_entry=208,400,1,D:\test2\results\article_code_comparison\data\400\SDT_400_1_0.8_2.txt,adaptive,custom,0,0,1,1,1,0,0,0,-1,-1,1,1,1,1,1,12288,1190968,,,2.1475,427,399,40,853,40,0,1,17949,0,0,0,0,0,8,105,427,427,0,0,1.0121,0,257,0,0.0847015,208,,,,,,,,,,,,,,,,,,,,,,C:\c++\test2\results\article_code_comparison\raw_results.csv,article_runner_filename_mismatch_R1_expected_1.0
400,1.0,0.8,2,D:\test2\results\article_code_comparison\data\400\SDT_400_1_0.8_3.txt,D:\test2\results\article_code_comparison,generated_by_project_generator,D:\test2\x64\Release\bm_solver.exe,SOLVED,1180452,2.2306,53.377,,,400,89856,1732608,ERROR,,60.226,,,1814528,0.886278,,0.954853,NOT_COMPARABLE_ERROR,,,[run] n=400 seed=2 input=D:\test2\results\article_code_comparison\data\400\SDT_400_1_0.8_3.txt decomp=adaptive memo_backend=custom use_ub=0 use_lb=0 terminal_rules=1 position_filtering_enabled=1 enable_lawler_basic_rules=1 enable_simple_lb=0 enable_lb_memo=0 enable_edd_ub=0 ub_depth_limit=-1 lb_depth_limit=-1 terminal_all_tardy_spt=1 terminal_edd_at_most_one_tardy=1 enable_memo=1 enable_exact_memo=1 memo_full_key_verification=1 memo_memory_limit_mb=12288 cost=1180452 time_ms=2.2306 nodes=432 max_depth=399 memo_hits=30 memo_misses=863 memo_exact_hits=30 memo_lb_hits=0 rule4=1 valid_pos=19961 valid_pos_pruned_3a=0 valid_pos_pruned_3b=0 memo_rejected=0 memo_forced_evict=0 lufo_passes=0 terminal_spt=6 terminal_edd=119 memo_peak=432 memo_final=432 memo_evictions=0 memo_clean_time_ms=0 reconstruction_time_ms=0.9887 reconstruction_repairs=0 reconstruction_trace_hits=254 reconstruction_trace_fallbacks=0 memo_used_mb=0.0856934 memo_bytes_per_entry=208,400,2,D:\test2\results\article_code_comparison\data\400\SDT_400_1_0.8_3.txt,adaptive,custom,0,0,1,1,1,0,0,0,-1,-1,1,1,1,1,1,12288,1180452,,,2.2306,432,399,30,863,30,0,1,19961,0,0,0,0,0,6,119,432,432,0,0,0.9887,0,254,0,0.0856934,208,,,,,,,,,,,,,,,,,,,,,,C:\c++\test2\results\article_code_comparison\raw_results.csv,article_runner_filename_mismatch_R1_expected_1.0
400,1.0,0.8,3,D:\test2\results\article_code_comparison\data\400\SDT_400_1_0.8_4.txt,D:\test2\results\article_code_comparison,generated_by_project_generator,D:\test2\x64\Release\bm_solver.exe,SOLVED,1178133,2.2794,63.1,,,400,91312,2179072,ERROR,,60.314,,,1802240,1.046192,,1.209091,NOT_COMPARABLE_ERROR,,,[run] n=400 seed=3 input=D:\test2\results\article_code_comparison\data\400\SDT_400_1_0.8_4.txt decomp=adaptive memo_backend=custom use_ub=0 use_lb=0 terminal_rules=1 position_filtering_enabled=1 enable_lawler_basic_rules=1 enable_simple_lb=0 enable_lb_memo=0 enable_edd_ub=0 ub_depth_limit=-1 lb_depth_limit=-1 terminal_all_tardy_spt=1 terminal_edd_at_most_one_tardy=1 enable_memo=1 enable_exact_memo=1 memo_full_key_verification=1 memo_memory_limit_mb=12288 cost=1178133 time_ms=2.2794 nodes=439 max_depth=399 memo_hits=32 memo_misses=877 memo_exact_hits=32 memo_lb_hits=0 rule4=1 valid_pos=17310 valid_pos_pruned_3a=0 valid_pos_pruned_3b=0 memo_rejected=0 memo_forced_evict=0 lufo_passes=0 terminal_spt=4 terminal_edd=122 memo_peak=439 memo_final=439 memo_evictions=0 memo_clean_time_ms=0 reconstruction_time_ms=0.9666 reconstruction_repairs=0 reconstruction_trace_hits=259 reconstruction_trace_fallbacks=0 memo_used_mb=0.0870819 memo_bytes_per_entry=208,400,3,D:\test2\results\article_code_comparison\data\400\SDT_400_1_0.8_4.txt,adaptive,custom,0,0,1,1,1,0,0,0,-1,-1,1,1,1,1,1,12288,1178133,,,2.2794,439,399,32,877,32,0,1,17310,0,0,0,0,0,4,122,439,439,0,0,0.9666,0,259,0,0.0870819,208,,,,,,,,,,,,,,,,,,,,,,C:\c++\test2\results\article_code_comparison\raw_results.csv,article_runner_filename_mismatch_R1_expected_1.0
400,1.0,0.8,4,D:\test2\results\article_code_comparison\data\400\SDT_400_1_0.8_5.txt,D:\test2\results\article_code_comparison,generated_by_project_generator,D:\test2\x64\Release\bm_solver.exe,SOLVED,1159765,2.1946,63.348,,,400,84448,2154496,ERROR,,60.316,,,1798144,1.050269,,1.198178,NOT_COMPARABLE_ERROR,,,[run] n=400 seed=4 input=D:\test2\results\article_code_comparison\data\400\SDT_400_1_0.8_5.txt decomp=adaptive memo_backend=custom use_ub=0 use_lb=0 terminal_rules=1 position_filtering_enabled=1 enable_lawler_basic_rules=1 enable_simple_lb=0 enable_lb_memo=0 enable_edd_ub=0 ub_depth_limit=-1 lb_depth_limit=-1 terminal_all_tardy_spt=1 terminal_edd_at_most_one_tardy=1 enable_memo=1 enable_exact_memo=1 memo_full_key_verification=1 memo_memory_limit_mb=12288 cost=1159765 time_ms=2.1946 nodes=406 max_depth=399 memo_hits=11 memo_misses=811 memo_exact_hits=11 memo_lb_hits=0 rule4=1 valid_pos=17890 valid_pos_pruned_3a=0 valid_pos_pruned_3b=0 memo_rejected=0 memo_forced_evict=0 lufo_passes=0 terminal_spt=5 terminal_edd=111 memo_peak=406 memo_final=406 memo_evictions=0 memo_clean_time_ms=0 reconstruction_time_ms=0.9439 reconstruction_repairs=0 reconstruction_trace_hits=244 reconstruction_trace_fallbacks=0 memo_used_mb=0.0805359 memo_bytes_per_entry=208,400,4,D:\test2\results\article_code_comparison\data\400\SDT_400_1_0.8_5.txt,adaptive,custom,0,0,1,1,1,0,0,0,-1,-1,1,1,1,1,1,12288,1159765,,,2.1946,406,399,11,811,11,0,1,17890,0,0,0,0,0,5,111,406,406,0,0,0.9439,0,244,0,0.0805359,208,,,,,,,,,,,,,,,,,,,,,,C:\c++\test2\results\article_code_comparison\raw_results.csv,article_runner_filename_mismatch_R1_expected_1.0
400,1.0,0.8,5,D:\test2\results\article_code_comparison\data\400\SDT_400_1_0.8_6.txt,D:\test2\results\article_code_comparison,generated_by_project_generator,D:\test2\x64\Release\bm_solver.exe,SOLVED,1099214,2.6108,53.407,,,400,121056,1773568,ERROR,,60.416,,,1814528,0.883988,,0.977427,NOT_COMPARABLE_ERROR,,,[run] n=400 seed=5 input=D:\test2\results\article_code_comparison\data\400\SDT_400_1_0.8_6.txt decomp=adaptive memo_backend=custom use_ub=0 use_lb=0 terminal_rules=1 position_filtering_enabled=1 enable_lawler_basic_rules=1 enable_simple_lb=0 enable_lb_memo=0 enable_edd_ub=0 ub_depth_limit=-1 lb_depth_limit=-1 terminal_all_tardy_spt=1 terminal_edd_at_most_one_tardy=1 enable_memo=1 enable_exact_memo=1 memo_full_key_verification=1 memo_memory_limit_mb=12288 cost=1099214 time_ms=2.6108 nodes=582 max_depth=399 memo_hits=63 memo_misses=1163 memo_exact_hits=63 memo_lb_hits=0 rule4=1 valid_pos=34468 valid_pos_pruned_3a=0 valid_pos_pruned_3b=0 memo_rejected=0 memo_forced_evict=0 lufo_passes=0 terminal_spt=7 terminal_edd=155 memo_peak=582 memo_final=582 memo_evictions=0 memo_clean_time_ms=0 reconstruction_time_ms=0.9069 reconstruction_repairs=0 reconstruction_trace_hits=251 reconstruction_trace_fallbacks=0 memo_used_mb=0.115448 memo_bytes_per_entry=208,400,5,D:\test2\results\article_code_comparison\data\400\SDT_400_1_0.8_6.txt,adaptive,custom,0,0,1,1,1,0,0,0,-1,-1,1,1,1,1,1,12288,1099214,,,2.6108,582,399,63,1163,63,0,1,34468,0,0,0,0,0,7,155,582,582,0,0,0.9069,0,251,0,0.115448,208,,,,,,,,,,,,,,,,,,,,,,C:\c++\test2\results\article_code_comparison\raw_results.csv,article_runner_filename_mismatch_R1_expected_1.0
400,1.0,0.8,6,D:\test2\results\article_code_comparison\data\400\SDT_400_1_0.8_7.txt,D:\test2\results\article_code_comparison,generated_by_project_generator,D:\test2\x64\Release\bm_solver.exe,SOLVED,1293658,2.2079,63.319,,,400,98800,2203648,ERROR,,60.181,,,1802240,1.052143,,1.222727,NOT_COMPARABLE_ERROR,,,[run] n=400 seed=6 input=D:\test2\results\article_code_comparison\data\400\SDT_400_1_0.8_7.txt decomp=adaptive memo_backend=custom use_ub=0 use_lb=0 terminal_rules=1 position_filtering_enabled=1 enable_lawler_basic_rules=1 enable_simple_lb=0 enable_lb_memo=0 enable_edd_ub=0 ub_depth_limit=-1 lb_depth_limit=-1 terminal_all_tardy_spt=1 terminal_edd_at_most_one_tardy=1 enable_memo=1 enable_exact_memo=1 memo_full_key_verification=1 memo_memory_limit_mb=12288 cost=1293658 time_ms=2.2079 nodes=475 max_depth=399 memo_hits=25 memo_misses=949 memo_exact_hits=25 memo_lb_hits=0 rule4=1 valid_pos=20171 valid_pos_pruned_3a=0 valid_pos_pruned_3b=0 memo_rejected=0 memo_forced_evict=0 lufo_passes=0 terminal_spt=5 terminal_edd=142 memo_peak=475 memo_final=475 memo_evictions=0 memo_clean_time_ms=0 reconstruction_time_ms=1.0141 reconstruction_repairs=0 reconstruction_trace_hits=252 reconstruction_trace_fallbacks=0 memo_used_mb=0.094223 memo_bytes_per_entry=208,400,6,D:\test2\results\article_code_comparison\data\400\SDT_400_1_0.8_7.txt,adaptive,custom,0,0,1,1,1,0,0,0,-1,-1,1,1,1,1,1,12288,1293658,,,2.2079,475,399,25,949,25,0,1,20171,0,0,0,0,0,5,142,475,475,0,0,1.0141,0,252,0,0.094223,208,,,,,,,,,,,,,,,,,,,,,,C:\c++\test2\results\article_code_comparison\raw_results.csv,article_runner_filename_mismatch_R1_expected_1.0
400,1.0,0.8,7,D:\test2\results\article_code_comparison\data\400\SDT_400_1_0.8_8.txt,D:\test2\results\article_code_comparison,generated_by_project_generator,D:\test2\x64\Release\bm_solver.exe,SOLVED,1272872,2.3779,63.053,,,400,115440,2203648,ERROR,,60.091,,,1806336,1.049292,,1.219955,NOT_COMPARABLE_ERROR,,,[run] n=400 seed=7 input=D:\test2\results\article_code_comparison\data\400\SDT_400_1_0.8_8.txt decomp=adaptive memo_backend=custom use_ub=0 use_lb=0 terminal_rules=1 position_filtering_enabled=1 enable_lawler_basic_rules=1 enable_simple_lb=0 enable_lb_memo=0 enable_edd_ub=0 ub_depth_limit=-1 lb_depth_limit=-1 terminal_all_tardy_spt=1 terminal_edd_at_most_one_tardy=1 enable_memo=1 enable_exact_memo=1 memo_full_key_verification=1 memo_memory_limit_mb=12288 cost=1272872 time_ms=2.3779 nodes=555 max_depth=399 memo_hits=21 memo_misses=1109 memo_exact_hits=21 memo_lb_hits=0 rule4=1 valid_pos=18006 valid_pos_pruned_3a=0 valid_pos_pruned_3b=0 memo_rejected=0 memo_forced_evict=0 lufo_passes=0 terminal_spt=13 terminal_edd=130 memo_peak=555 memo_final=555 memo_evictions=0 memo_clean_time_ms=0 reconstruction_time_ms=1.0476 reconstruction_repairs=0 reconstruction_trace_hits=265 reconstruction_trace_fallbacks=0 memo_used_mb=0.110092 memo_bytes_per_entry=208,400,7,D:\test2\results\article_code_comparison\data\400\SDT_400_1_0.8_8.txt,adaptive,custom,0,0,1,1,1,0,0,0,-1,-1,1,1,1,1,1,12288,1272872,,,2.3779,555,399,21,1109,21,0,1,18006,0,0,0,0,0,13,130,555,555,0,0,1.0476,0,265,0,0.110092,208,,,,,,,,,,,,,,,,,,,,,,C:\c++\test2\results\article_code_comparison\raw_results.csv,article_runner_filename_mismatch_R1_expected_1.0
400,1.0,0.8,8,D:\test2\results\article_code_comparison\data\400\SDT_400_1_0.8_9.txt,D:\test2\results\article_code_comparison,generated_by_project_generator,D:\test2\x64\Release\bm_solver.exe,SOLVED,1418242,2.2135,63.228,,,400,83824,2293760,ERROR,,60.167,,,1740800,1.050875,,1.317647,NOT_COMPARABLE_ERROR,,,[run] n=400 seed=8 input=D:\test2\results\article_code_comparison\data\400\SDT_400_1_0.8_9.txt decomp=adaptive memo_backend=custom use_ub=0 use_lb=0 terminal_rules=1 position_filtering_enabled=1 enable_lawler_basic_rules=1 enable_simple_lb=0 enable_lb_memo=0 enable_edd_ub=0 ub_depth_limit=-1 lb_depth_limit=-1 terminal_all_tardy_spt=1 terminal_edd_at_most_one_tardy=1 enable_memo=1 enable_exact_memo=1 memo_full_key_verification=1 memo_memory_limit_mb=12288 cost=1418242 time_ms=2.2135 nodes=403 max_depth=399 memo_hits=16 memo_misses=805 memo_exact_hits=16 memo_lb_hits=0 rule4=1 valid_pos=29201 valid_pos_pruned_3a=0 valid_pos_pruned_3b=0 memo_rejected=0 memo_forced_evict=0 lufo_passes=0 terminal_spt=5 terminal_edd=102 memo_peak=403 memo_final=403 memo_evictions=0 memo_clean_time_ms=0 reconstruction_time_ms=1.006 reconstruction_repairs=0 reconstruction_trace_hits=264 reconstruction_trace_fallbacks=0 memo_used_mb=0.0799408 memo_bytes_per_entry=208,400,8,D:\test2\results\article_code_comparison\data\400\SDT_400_1_0.8_9.txt,adaptive,custom,0,0,1,1,1,0,0,0,-1,-1,1,1,1,1,1,12288,1418242,,,2.2135,403,399,16,805,16,0,1,29201,0,0,0,0,0,5,102,403,403,0,0,1.006,0,264,0,0.0799408,208,,,,,,,,,,,,,,,,,,,,,,C:\c++\test2\results\article_code_comparison\raw_results.csv,article_runner_filename_mismatch_R1_expected_1.0
400,1.0,0.8,9,D:\test2\results\article_code_comparison\data\400\SDT_400_1_0.8_10.txt,D:\test2\results\article_code_comparison,generated_by_project_generator,D:\test2\x64\Release\bm_solver.exe,SOLVED,1199114,2.3579,53.298,,,400,83616,1798144,ERROR,,60.231,,,1814528,0.884893,,0.990971,NOT_COMPARABLE_ERROR,,,[run] n=400 seed=9 input=D:\test2\results\article_code_comparison\data\400\SDT_400_1_0.8_10.txt decomp=adaptive memo_backend=custom use_ub=0 use_lb=0 terminal_rules=1 position_filtering_enabled=1 enable_lawler_basic_rules=1 enable_simple_lb=0 enable_lb_memo=0 enable_edd_ub=0 ub_depth_limit=-1 lb_depth_limit=-1 terminal_all_tardy_spt=1 terminal_edd_at_most_one_tardy=1 enable_memo=1 enable_exact_memo=1 memo_full_key_verification=1 memo_memory_limit_mb=12288 cost=1199114 time_ms=2.3579 nodes=402 max_depth=399 memo_hits=18 memo_misses=803 memo_exact_hits=18 memo_lb_hits=0 rule4=1 valid_pos=22834 valid_pos_pruned_3a=0 valid_pos_pruned_3b=0 memo_rejected=0 memo_forced_evict=0 lufo_passes=0 terminal_spt=5 terminal_edd=107 memo_peak=402 memo_final=402 memo_evictions=0 memo_clean_time_ms=0 reconstruction_time_ms=0.9996 reconstruction_repairs=0 reconstruction_trace_hits=256 reconstruction_trace_fallbacks=0 memo_used_mb=0.0797424 memo_bytes_per_entry=208,400,9,D:\test2\results\article_code_comparison\data\400\SDT_400_1_0.8_10.txt,adaptive,custom,0,0,1,1,1,0,0,0,-1,-1,1,1,1,1,1,12288,1199114,,,2.3579,402,399,18,803,18,0,1,22834,0,0,0,0,0,5,107,402,402,0,0,0.9996,0,256,0,0.0797424,208,,,,,,,,,,,,,,,,,,,,,,C:\c++\test2\results\article_code_comparison\raw_results.csv,article_runner_filename_mismatch_R1_expected_1.0
500,1.0,0.2,0,D:\test2\results\article_code_comparison\data\500\SDT_500_1_0.2_1.txt,D:\test2\results\article_code_comparison,generated_by_project_generator,D:\test2\x64\Release\bm_solver.exe,SOLVED,0,0.0138,63.281,,,500,136,2117632,ERROR,,60.135,,,1871872,1.052316,,1.131291,NOT_COMPARABLE_ERROR,,,[run] n=500 seed=0 input=D:\test2\results\article_code_comparison\data\500\SDT_500_1_0.2_1.txt decomp=adaptive memo_backend=custom use_ub=0 use_lb=0 terminal_rules=1 position_filtering_enabled=1 enable_lawler_basic_rules=1 enable_simple_lb=0 enable_lb_memo=0 enable_edd_ub=0 ub_depth_limit=-1 lb_depth_limit=-1 terminal_all_tardy_spt=1 terminal_edd_at_most_one_tardy=1 enable_memo=1 enable_exact_memo=1 memo_full_key_verification=1 memo_memory_limit_mb=12288 cost=0 time_ms=0.0138 nodes=1 max_depth=0 memo_hits=0 memo_misses=1 memo_exact_hits=0 memo_lb_hits=0 rule4=1 valid_pos=0 valid_pos_pruned_3a=0 valid_pos_pruned_3b=0 memo_rejected=0 memo_forced_evict=0 lufo_passes=0 terminal_spt=0 terminal_edd=1 memo_peak=1 memo_final=1 memo_evictions=0 memo_clean_time_ms=0 reconstruction_time_ms=0.0029 reconstruction_repairs=0 reconstruction_trace_hits=0 reconstruction_trace_fallbacks=0 memo_used_mb=0.0001297 memo_bytes_per_entry=136,500,0,D:\test2\results\article_code_comparison\data\500\SDT_500_1_0.2_1.txt,adaptive,custom,0,0,1,1,1,0,0,0,-1,-1,1,1,1,1,1,12288,0,,,0.0138,1,0,0,1,0,0,1,0,0,0,0,0,0,0,1,1,1,0,0,0.0029,0,0,0,0.0001297,136,,,,,,,,,,,,,,,,,,,,,,C:\c++\test2\results\article_code_comparison\raw_results.csv,article_runner_filename_mismatch_R1_expected_1.0
500,1.0,0.2,1,D:\test2\results\article_code_comparison\data\500\SDT_500_1_0.2_2.txt,D:\test2\results\article_code_comparison,generated_by_project_generator,D:\test2\x64\Release\bm_solver.exe,SOLVED,0,0.0143,63.139,,,500,136,2334720,ERROR,,60.53,,,1794048,1.043103,,1.30137,NOT_COMPARABLE_ERROR,,,[run] n=500 seed=1 input=D:\test2\results\article_code_comparison\data\500\SDT_500_1_0.2_2.txt decomp=adaptive memo_backend=custom use_ub=0 use_lb=0 terminal_rules=1 position_filtering_enabled=1 enable_lawler_basic_rules=1 enable_simple_lb=0 enable_lb_memo=0 enable_edd_ub=0 ub_depth_limit=-1 lb_depth_limit=-1 terminal_all_tardy_spt=1 terminal_edd_at_most_one_tardy=1 enable_memo=1 enable_exact_memo=1 memo_full_key_verification=1 memo_memory_limit_mb=12288 cost=0 time_ms=0.0143 nodes=1 max_depth=0 memo_hits=0 memo_misses=1 memo_exact_hits=0 memo_lb_hits=0 rule4=1 valid_pos=0 valid_pos_pruned_3a=0 valid_pos_pruned_3b=0 memo_rejected=0 memo_forced_evict=0 lufo_passes=0 terminal_spt=0 terminal_edd=1 memo_peak=1 memo_final=1 memo_evictions=0 memo_clean_time_ms=0 reconstruction_time_ms=0.0029 reconstruction_repairs=0 reconstruction_trace_hits=0 reconstruction_trace_fallbacks=0 memo_used_mb=0.0001297 memo_bytes_per_entry=136,500,1,D:\test2\results\article_code_comparison\data\500\SDT_500_1_0.2_2.txt,adaptive,custom,0,0,1,1,1,0,0,0,-1,-1,1,1,1,1,1,12288,0,,,0.0143,1,0,0,1,0,0,1,0,0,0,0,0,0,0,1,1,1,0,0,0.0029,0,0,0,0.0001297,136,,,,,,,,,,,,,,,,,,,,,,C:\c++\test2\results\article_code_comparison\raw_results.csv,article_runner_filename_mismatch_R1_expected_1.0
500,1.0,0.2,2,D:\test2\results\article_code_comparison\data\500\SDT_500_1_0.2_3.txt,D:\test2\results\article_code_comparison,generated_by_project_generator,D:\test2\x64\Release\bm_solver.exe,SOLVED,0,0.0139,63.164,,,500,136,2383872,ERROR,,60.294,,,1814528,1.0476,,1.31377,NOT_COMPARABLE_ERROR,,,[run] n=500 seed=2 input=D:\test2\results\article_code_comparison\data\500\SDT_500_1_0.2_3.txt decomp=adaptive memo_backend=custom use_ub=0 use_lb=0 terminal_rules=1 position_filtering_enabled=1 enable_lawler_basic_rules=1 enable_simple_lb=0 enable_lb_memo=0 enable_edd_ub=0 ub_depth_limit=-1 lb_depth_limit=-1 terminal_all_tardy_spt=1 terminal_edd_at_most_one_tardy=1 enable_memo=1 enable_exact_memo=1 memo_full_key_verification=1 memo_memory_limit_mb=12288 cost=0 time_ms=0.0139 nodes=1 max_depth=0 memo_hits=0 memo_misses=1 memo_exact_hits=0 memo_lb_hits=0 rule4=1 valid_pos=0 valid_pos_pruned_3a=0 valid_pos_pruned_3b=0 memo_rejected=0 memo_forced_evict=0 lufo_passes=0 terminal_spt=0 terminal_edd=1 memo_peak=1 memo_final=1 memo_evictions=0 memo_clean_time_ms=0 reconstruction_time_ms=0.0029 reconstruction_repairs=0 reconstruction_trace_hits=0 reconstruction_trace_fallbacks=0 memo_used_mb=0.0001297 memo_bytes_per_entry=136,500,2,D:\test2\results\article_code_comparison\data\500\SDT_500_1_0.2_3.txt,adaptive,custom,0,0,1,1,1,0,0,0,-1,-1,1,1,1,1,1,12288,0,,,0.0139,1,0,0,1,0,0,1,0,0,0,0,0,0,0,1,1,1,0,0,0.0029,0,0,0,0.0001297,136,,,,,,,,,,,,,,,,,,,,,,C:\c++\test2\results\article_code_comparison\raw_results.csv,article_runner_filename_mismatch_R1_expected_1.0
500,1.0,0.2,3,D:\test2\results\article_code_comparison\data\500\SDT_500_1_0.2_4.txt,D:\test2\results\article_code_comparison,generated_by_project_generator,D:\test2\x64\Release\bm_solver.exe,SOLVED,0,0.0144,63.46,,,500,136,2174976,ERROR,,60.201,,,1814528,1.054135,,1.198646,NOT_COMPARABLE_ERROR,,,[run] n=500 seed=3 input=D:\test2\results\article_code_comparison\data\500\SDT_500_1_0.2_4.txt decomp=adaptive memo_backend=custom use_ub=0 use_lb=0 terminal_rules=1 position_filtering_enabled=1 enable_lawler_basic_rules=1 enable_simple_lb=0 enable_lb_memo=0 enable_edd_ub=0 ub_depth_limit=-1 lb_depth_limit=-1 terminal_all_tardy_spt=1 terminal_edd_at_most_one_tardy=1 enable_memo=1 enable_exact_memo=1 memo_full_key_verification=1 memo_memory_limit_mb=12288 cost=0 time_ms=0.0144 nodes=1 max_depth=0 memo_hits=0 memo_misses=1 memo_exact_hits=0 memo_lb_hits=0 rule4=1 valid_pos=0 valid_pos_pruned_3a=0 valid_pos_pruned_3b=0 memo_rejected=0 memo_forced_evict=0 lufo_passes=0 terminal_spt=0 terminal_edd=1 memo_peak=1 memo_final=1 memo_evictions=0 memo_clean_time_ms=0 reconstruction_time_ms=0.0029 reconstruction_repairs=0 reconstruction_trace_hits=0 reconstruction_trace_fallbacks=0 memo_used_mb=0.0001297 memo_bytes_per_entry=136,500,3,D:\test2\results\article_code_comparison\data\500\SDT_500_1_0.2_4.txt,adaptive,custom,0,0,1,1,1,0,0,0,-1,-1,1,1,1,1,1,12288,0,,,0.0144,1,0,0,1,0,0,1,0,0,0,0,0,0,0,1,1,1,0,0,0.0029,0,0,0,0.0001297,136,,,,,,,,,,,,,,,,,,,,,,C:\c++\test2\results\article_code_comparison\raw_results.csv,article_runner_filename_mismatch_R1_expected_1.0
500,1.0,0.2,4,D:\test2\results\article_code_comparison\data\500\SDT_500_1_0.2_5.txt,D:\test2\results\article_code_comparison,generated_by_project_generator,D:\test2\x64\Release\bm_solver.exe,SOLVED,0,0.0135,63.431,,,500,136,2154496,ERROR,,60.308,,,1814528,1.051784,,1.187359,NOT_COMPARABLE_ERROR,,,[run] n=500 seed=4 input=D:\test2\results\article_code_comparison\data\500\SDT_500_1_0.2_5.txt decomp=adaptive memo_backend=custom use_ub=0 use_lb=0 terminal_rules=1 position_filtering_enabled=1 enable_lawler_basic_rules=1 enable_simple_lb=0 enable_lb_memo=0 enable_edd_ub=0 ub_depth_limit=-1 lb_depth_limit=-1 terminal_all_tardy_spt=1 terminal_edd_at_most_one_tardy=1 enable_memo=1 enable_exact_memo=1 memo_full_key_verification=1 memo_memory_limit_mb=12288 cost=0 time_ms=0.0135 nodes=1 max_depth=0 memo_hits=0 memo_misses=1 memo_exact_hits=0 memo_lb_hits=0 rule4=1 valid_pos=0 valid_pos_pruned_3a=0 valid_pos_pruned_3b=0 memo_rejected=0 memo_forced_evict=0 lufo_passes=0 terminal_spt=0 terminal_edd=1 memo_peak=1 memo_final=1 memo_evictions=0 memo_clean_time_ms=0 reconstruction_time_ms=0.0027 reconstruction_repairs=0 reconstruction_trace_hits=0 reconstruction_trace_fallbacks=0 memo_used_mb=0.0001297 memo_bytes_per_entry=136,500,4,D:\test2\results\article_code_comparison\data\500\SDT_500_1_0.2_5.txt,adaptive,custom,0,0,1,1,1,0,0,0,-1,-1,1,1,1,1,1,12288,0,,,0.0135,1,0,0,1,0,0,1,0,0,0,0,0,0,0,1,1,1,0,0,0.0027,0,0,0,0.0001297,136,,,,,,,,,,,,,,,,,,,,,,C:\c++\test2\results\article_code_comparison\raw_results.csv,article_runner_filename_mismatch_R1_expected_1.0
500,1.0,0.2,5,D:\test2\results\article_code_comparison\data\500\SDT_500_1_0.2_6.txt,D:\test2\results\article_code_comparison,generated_by_project_generator,D:\test2\x64\Release\bm_solver.exe,SOLVED,0,0.0135,61.724,,,500,136,1777664,ERROR,,60.249,,,1814528,1.024482,,0.979684,NOT_COMPARABLE_ERROR,,,[run] n=500 seed=5 input=D:\test2\results\article_code_comparison\data\500\SDT_500_1_0.2_6.txt decomp=adaptive memo_backend=custom use_ub=0 use_lb=0 terminal_rules=1 position_filtering_enabled=1 enable_lawler_basic_rules=1 enable_simple_lb=0 enable_lb_memo=0 enable_edd_ub=0 ub_depth_limit=-1 lb_depth_limit=-1 terminal_all_tardy_spt=1 terminal_edd_at_most_one_tardy=1 enable_memo=1 enable_exact_memo=1 memo_full_key_verification=1 memo_memory_limit_mb=12288 cost=0 time_ms=0.0135 nodes=1 max_depth=0 memo_hits=0 memo_misses=1 memo_exact_hits=0 memo_lb_hits=0 rule4=1 valid_pos=0 valid_pos_pruned_3a=0 valid_pos_pruned_3b=0 memo_rejected=0 memo_forced_evict=0 lufo_passes=0 terminal_spt=0 terminal_edd=1 memo_peak=1 memo_final=1 memo_evictions=0 memo_clean_time_ms=0 reconstruction_time_ms=0.003 reconstruction_repairs=0 reconstruction_trace_hits=0 reconstruction_trace_fallbacks=0 memo_used_mb=0.0001297 memo_bytes_per_entry=136,500,5,D:\test2\results\article_code_comparison\data\500\SDT_500_1_0.2_6.txt,adaptive,custom,0,0,1,1,1,0,0,0,-1,-1,1,1,1,1,1,12288,0,,,0.0135,1,0,0,1,0,0,1,0,0,0,0,0,0,0,1,1,1,0,0,0.003,0,0,0,0.0001297,136,,,,,,,,,,,,,,,,,,,,,,C:\c++\test2\results\article_code_comparison\raw_results.csv,article_runner_filename_mismatch_R1_expected_1.0
500,1.0,0.2,6,D:\test2\results\article_code_comparison\data\500\SDT_500_1_0.2_7.txt,D:\test2\results\article_code_comparison,generated_by_project_generator,D:\test2\x64\Release\bm_solver.exe,SOLVED,0,0.0138,63.29,,,500,136,2330624,ERROR,,60.548,,,1798144,1.045286,,1.296128,NOT_COMPARABLE_ERROR,,,[run] n=500 seed=6 input=D:\test2\results\article_code_comparison\data\500\SDT_500_1_0.2_7.txt decomp=adaptive memo_backend=custom use_ub=0 use_lb=0 terminal_rules=1 position_filtering_enabled=1 enable_lawler_basic_rules=1 enable_simple_lb=0 enable_lb_memo=0 enable_edd_ub=0 ub_depth_limit=-1 lb_depth_limit=-1 terminal_all_tardy_spt=1 terminal_edd_at_most_one_tardy=1 enable_memo=1 enable_exact_memo=1 memo_full_key_verification=1 memo_memory_limit_mb=12288 cost=0 time_ms=0.0138 nodes=1 max_depth=0 memo_hits=0 memo_misses=1 memo_exact_hits=0 memo_lb_hits=0 rule4=1 valid_pos=0 valid_pos_pruned_3a=0 valid_pos_pruned_3b=0 memo_rejected=0 memo_forced_evict=0 lufo_passes=0 terminal_spt=0 terminal_edd=1 memo_peak=1 memo_final=1 memo_evictions=0 memo_clean_time_ms=0 reconstruction_time_ms=0.003 reconstruction_repairs=0 reconstruction_trace_hits=0 reconstruction_trace_fallbacks=0 memo_used_mb=0.0001297 memo_bytes_per_entry=136,500,6,D:\test2\results\article_code_comparison\data\500\SDT_500_1_0.2_7.txt,adaptive,custom,0,0,1,1,1,0,0,0,-1,-1,1,1,1,1,1,12288,0,,,0.0138,1,0,0,1,0,0,1,0,0,0,0,0,0,0,1,1,1,0,0,0.003,0,0,0,0.0001297,136,,,,,,,,,,,,,,,,,,,,,,C:\c++\test2\results\article_code_comparison\raw_results.csv,article_runner_filename_mismatch_R1_expected_1.0
500,1.0,0.2,7,D:\test2\results\article_code_comparison\data\500\SDT_500_1_0.2_8.txt,D:\test2\results\article_code_comparison,generated_by_project_generator,D:\test2\x64\Release\bm_solver.exe,SOLVED,0,0.0148,62.711,,,500,136,2039808,ERROR,,60.023,,,1798144,1.044783,,1.134396,NOT_COMPARABLE_ERROR,,,[run] n=500 seed=7 input=D:\test2\results\article_code_comparison\data\500\SDT_500_1_0.2_8.txt decomp=adaptive memo_backend=custom use_ub=0 use_lb=0 terminal_rules=1 position_filtering_enabled=1 enable_lawler_basic_rules=1 enable_simple_lb=0 enable_lb_memo=0 enable_edd_ub=0 ub_depth_limit=-1 lb_depth_limit=-1 terminal_all_tardy_spt=1 terminal_edd_at_most_one_tardy=1 enable_memo=1 enable_exact_memo=1 memo_full_key_verification=1 memo_memory_limit_mb=12288 cost=0 time_ms=0.0148 nodes=1 max_depth=0 memo_hits=0 memo_misses=1 memo_exact_hits=0 memo_lb_hits=0 rule4=1 valid_pos=0 valid_pos_pruned_3a=0 valid_pos_pruned_3b=0 memo_rejected=0 memo_forced_evict=0 lufo_passes=0 terminal_spt=0 terminal_edd=1 memo_peak=1 memo_final=1 memo_evictions=0 memo_clean_time_ms=0 reconstruction_time_ms=0.003 reconstruction_repairs=0 reconstruction_trace_hits=0 reconstruction_trace_fallbacks=0 memo_used_mb=0.0001297 memo_bytes_per_entry=136,500,7,D:\test2\results\article_code_comparison\data\500\SDT_500_1_0.2_8.txt,adaptive,custom,0,0,1,1,1,0,0,0,-1,-1,1,1,1,1,1,12288,0,,,0.0148,1,0,0,1,0,0,1,0,0,0,0,0,0,0,1,1,1,0,0,0.003,0,0,0,0.0001297,136,,,,,,,,,,,,,,,,,,,,,,C:\c++\test2\results\article_code_comparison\raw_results.csv,article_runner_filename_mismatch_R1_expected_1.0
500,1.0,0.2,8,D:\test2\results\article_code_comparison\data\500\SDT_500_1_0.2_9.txt,D:\test2\results\article_code_comparison,generated_by_project_generator,D:\test2\x64\Release\bm_solver.exe,SOLVED,0,0.0134,53.246,,,500,136,1728512,ERROR,,60.199,,,1810432,0.8845,,0.954751,NOT_COMPARABLE_ERROR,,,[run] n=500 seed=8 input=D:\test2\results\article_code_comparison\data\500\SDT_500_1_0.2_9.txt decomp=adaptive memo_backend=custom use_ub=0 use_lb=0 terminal_rules=1 position_filtering_enabled=1 enable_lawler_basic_rules=1 enable_simple_lb=0 enable_lb_memo=0 enable_edd_ub=0 ub_depth_limit=-1 lb_depth_limit=-1 terminal_all_tardy_spt=1 terminal_edd_at_most_one_tardy=1 enable_memo=1 enable_exact_memo=1 memo_full_key_verification=1 memo_memory_limit_mb=12288 cost=0 time_ms=0.0134 nodes=1 max_depth=0 memo_hits=0 memo_misses=1 memo_exact_hits=0 memo_lb_hits=0 rule4=1 valid_pos=0 valid_pos_pruned_3a=0 valid_pos_pruned_3b=0 memo_rejected=0 memo_forced_evict=0 lufo_passes=0 terminal_spt=0 terminal_edd=1 memo_peak=1 memo_final=1 memo_evictions=0 memo_clean_time_ms=0 reconstruction_time_ms=0.0029 reconstruction_repairs=0 reconstruction_trace_hits=0 reconstruction_trace_fallbacks=0 memo_used_mb=0.0001297 memo_bytes_per_entry=136,500,8,D:\test2\results\article_code_comparison\data\500\SDT_500_1_0.2_9.txt,adaptive,custom,0,0,1,1,1,0,0,0,-1,-1,1,1,1,1,1,12288,0,,,0.0134,1,0,0,1,0,0,1,0,0,0,0,0,0,0,1,1,1,0,0,0.0029,0,0,0,0.0001297,136,,,,,,,,,,,,,,,,,,,,,,C:\c++\test2\results\article_code_comparison\raw_results.csv,article_runner_filename_mismatch_R1_expected_1.0
500,1.0,0.2,9,D:\test2\results\article_code_comparison\data\500\SDT_500_1_0.2_10.txt,D:\test2\results\article_code_comparison,generated_by_project_generator,D:\test2\x64\Release\bm_solver.exe,SOLVED,0,0.0147,53.354,,,500,136,1748992,ERROR,,60.335,,,1875968,0.884296,,0.932314,NOT_COMPARABLE_ERROR,,,[run] n=500 seed=9 input=D:\test2\results\article_code_comparison\data\500\SDT_500_1_0.2_10.txt decomp=adaptive memo_backend=custom use_ub=0 use_lb=0 terminal_rules=1 position_filtering_enabled=1 enable_lawler_basic_rules=1 enable_simple_lb=0 enable_lb_memo=0 enable_edd_ub=0 ub_depth_limit=-1 lb_depth_limit=-1 terminal_all_tardy_spt=1 terminal_edd_at_most_one_tardy=1 enable_memo=1 enable_exact_memo=1 memo_full_key_verification=1 memo_memory_limit_mb=12288 cost=0 time_ms=0.0147 nodes=1 max_depth=0 memo_hits=0 memo_misses=1 memo_exact_hits=0 memo_lb_hits=0 rule4=1 valid_pos=0 valid_pos_pruned_3a=0 valid_pos_pruned_3b=0 memo_rejected=0 memo_forced_evict=0 lufo_passes=0 terminal_spt=0 terminal_edd=1 memo_peak=1 memo_final=1 memo_evictions=0 memo_clean_time_ms=0 reconstruction_time_ms=0.0032 reconstruction_repairs=0 reconstruction_trace_hits=0 reconstruction_trace_fallbacks=0 memo_used_mb=0.0001297 memo_bytes_per_entry=136,500,9,D:\test2\results\article_code_comparison\data\500\SDT_500_1_0.2_10.txt,adaptive,custom,0,0,1,1,1,0,0,0,-1,-1,1,1,1,1,1,12288,0,,,0.0147,1,0,0,1,0,0,1,0,0,0,0,0,0,0,1,1,1,0,0,0.0032,0,0,0,0.0001297,136,,,,,,,,,,,,,,,,,,,,,,C:\c++\test2\results\article_code_comparison\raw_results.csv,article_runner_filename_mismatch_R1_expected_1.0
500,1.0,0.4,0,D:\test2\results\article_code_comparison\data\500\SDT_500_1_0.4_1.txt,D:\test2\results\article_code_comparison,generated_by_project_generator,D:\test2\x64\Release\bm_solver.exe,SOLVED,0,0.0139,63.02,,,500,136,1699840,ERROR,,59.958,,,1814528,1.051069,,0.936795,NOT_COMPARABLE_ERROR,,,[run] n=500 seed=0 input=D:\test2\results\article_code_comparison\data\500\SDT_500_1_0.4_1.txt decomp=adaptive memo_backend=custom use_ub=0 use_lb=0 terminal_rules=1 position_filtering_enabled=1 enable_lawler_basic_rules=1 enable_simple_lb=0 enable_lb_memo=0 enable_edd_ub=0 ub_depth_limit=-1 lb_depth_limit=-1 terminal_all_tardy_spt=1 terminal_edd_at_most_one_tardy=1 enable_memo=1 enable_exact_memo=1 memo_full_key_verification=1 memo_memory_limit_mb=12288 cost=0 time_ms=0.0139 nodes=1 max_depth=0 memo_hits=0 memo_misses=1 memo_exact_hits=0 memo_lb_hits=0 rule4=1 valid_pos=0 valid_pos_pruned_3a=0 valid_pos_pruned_3b=0 memo_rejected=0 memo_forced_evict=0 lufo_passes=0 terminal_spt=0 terminal_edd=1 memo_peak=1 memo_final=1 memo_evictions=0 memo_clean_time_ms=0 reconstruction_time_ms=0.0031 reconstruction_repairs=0 reconstruction_trace_hits=0 reconstruction_trace_fallbacks=0 memo_used_mb=0.0001297 memo_bytes_per_entry=136,500,0,D:\test2\results\article_code_comparison\data\500\SDT_500_1_0.4_1.txt,adaptive,custom,0,0,1,1,1,0,0,0,-1,-1,1,1,1,1,1,12288,0,,,0.0139,1,0,0,1,0,0,1,0,0,0,0,0,0,0,1,1,1,0,0,0.0031,0,0,0,0.0001297,136,,,,,,,,,,,,,,,,,,,,,,C:\c++\test2\results\article_code_comparison\raw_results.csv,article_runner_filename_mismatch_R1_expected_1.0
500,1.0,0.4,1,D:\test2\results\article_code_comparison\data\500\SDT_500_1_0.4_2.txt,D:\test2\results\article_code_comparison,generated_by_project_generator,D:\test2\x64\Release\bm_solver.exe,SOLVED,0,0.0157,63.093,,,500,136,2383872,ERROR,,60.331,,,1814528,1.045781,,1.31377,NOT_COMPARABLE_ERROR,,,[run] n=500 seed=1 input=D:\test2\results\article_code_comparison\data\500\SDT_500_1_0.4_2.txt decomp=adaptive memo_backend=custom use_ub=0 use_lb=0 terminal_rules=1 position_filtering_enabled=1 enable_lawler_basic_rules=1 enable_simple_lb=0 enable_lb_memo=0 enable_edd_ub=0 ub_depth_limit=-1 lb_depth_limit=-1 terminal_all_tardy_spt=1 terminal_edd_at_most_one_tardy=1 enable_memo=1 enable_exact_memo=1 memo_full_key_verification=1 memo_memory_limit_mb=12288 cost=0 time_ms=0.0157 nodes=1 max_depth=0 memo_hits=0 memo_misses=1 memo_exact_hits=0 memo_lb_hits=0 rule4=1 valid_pos=0 valid_pos_pruned_3a=0 valid_pos_pruned_3b=0 memo_rejected=0 memo_forced_evict=0 lufo_passes=0 terminal_spt=0 terminal_edd=1 memo_peak=1 memo_final=1 memo_evictions=0 memo_clean_time_ms=0 reconstruction_time_ms=0.003 reconstruction_repairs=0 reconstruction_trace_hits=0 reconstruction_trace_fallbacks=0 memo_used_mb=0.0001297 memo_bytes_per_entry=136,500,1,D:\test2\results\article_code_comparison\data\500\SDT_500_1_0.4_2.txt,adaptive,custom,0,0,1,1,1,0,0,0,-1,-1,1,1,1,1,1,12288,0,,,0.0157,1,0,0,1,0,0,1,0,0,0,0,0,0,0,1,1,1,0,0,0.003,0,0,0,0.0001297,136,,,,,,,,,,,,,,,,,,,,,,C:\c++\test2\results\article_code_comparison\raw_results.csv,article_runner_filename_mismatch_R1_expected_1.0
500,1.0,0.4,2,D:\test2\results\article_code_comparison\data\500\SDT_500_1_0.4_3.txt,D:\test2\results\article_code_comparison,generated_by_project_generator,D:\test2\x64\Release\bm_solver.exe,SOLVED,0,0.014,62.86,,,500,136,2330624,ERROR,,60.385,,,1798144,1.040987,,1.296128,NOT_COMPARABLE_ERROR,,,[run] n=500 seed=2 input=D:\test2\results\article_code_comparison\data\500\SDT_500_1_0.4_3.txt decomp=adaptive memo_backend=custom use_ub=0 use_lb=0 terminal_rules=1 position_filtering_enabled=1 enable_lawler_basic_rules=1 enable_simple_lb=0 enable_lb_memo=0 enable_edd_ub=0 ub_depth_limit=-1 lb_depth_limit=-1 terminal_all_tardy_spt=1 terminal_edd_at_most_one_tardy=1 enable_memo=1 enable_exact_memo=1 memo_full_key_verification=1 memo_memory_limit_mb=12288 cost=0 time_ms=0.014 nodes=1 max_depth=0 memo_hits=0 memo_misses=1 memo_exact_hits=0 memo_lb_hits=0 rule4=1 valid_pos=0 valid_pos_pruned_3a=0 valid_pos_pruned_3b=0 memo_rejected=0 memo_forced_evict=0 lufo_passes=0 terminal_spt=0 terminal_edd=1 memo_peak=1 memo_final=1 memo_evictions=0 memo_clean_time_ms=0 reconstruction_time_ms=0.0031 reconstruction_repairs=0 reconstruction_trace_hits=0 reconstruction_trace_fallbacks=0 memo_used_mb=0.0001297 memo_bytes_per_entry=136,500,2,D:\test2\results\article_code_comparison\data\500\SDT_500_1_0.4_3.txt,adaptive,custom,0,0,1,1,1,0,0,0,-1,-1,1,1,1,1,1,12288,0,,,0.014,1,0,0,1,0,0,1,0,0,0,0,0,0,0,1,1,1,0,0,0.0031,0,0,0,0.0001297,136,,,,,,,,,,,,,,,,,,,,,,C:\c++\test2\results\article_code_comparison\raw_results.csv,article_runner_filename_mismatch_R1_expected_1.0
500,1.0,0.4,3,D:\test2\results\article_code_comparison\data\500\SDT_500_1_0.4_4.txt,D:\test2\results\article_code_comparison,generated_by_project_generator,D:\test2\x64\Release\bm_solver.exe,SOLVED,0,0.0128,53.304,,,500,136,1773568,ERROR,,60.213,,,1814528,0.885257,,0.977427,NOT_COMPARABLE_ERROR,,,[run] n=500 seed=3 input=D:\test2\results\article_code_comparison\data\500\SDT_500_1_0.4_4.txt decomp=adaptive memo_backend=custom use_ub=0 use_lb=0 terminal_rules=1 position_filtering_enabled=1 enable_lawler_basic_rules=1 enable_simple_lb=0 enable_lb_memo=0 enable_edd_ub=0 ub_depth_limit=-1 lb_depth_limit=-1 terminal_all_tardy_spt=1 terminal_edd_at_most_one_tardy=1 enable_memo=1 enable_exact_memo=1 memo_full_key_verification=1 memo_memory_limit_mb=12288 cost=0 time_ms=0.0128 nodes=1 max_depth=0 memo_hits=0 memo_misses=1 memo_exact_hits=0 memo_lb_hits=0 rule4=1 valid_pos=0 valid_pos_pruned_3a=0 valid_pos_pruned_3b=0 memo_rejected=0 memo_forced_evict=0 lufo_passes=0 terminal_spt=0 terminal_edd=1 memo_peak=1 memo_final=1 memo_evictions=0 memo_clean_time_ms=0 reconstruction_time_ms=0.003 reconstruction_repairs=0 reconstruction_trace_hits=0 reconstruction_trace_fallbacks=0 memo_used_mb=0.0001297 memo_bytes_per_entry=136,500,3,D:\test2\results\article_code_comparison\data\500\SDT_500_1_0.4_4.txt,adaptive,custom,0,0,1,1,1,0,0,0,-1,-1,1,1,1,1,1,12288,0,,,0.0128,1,0,0,1,0,0,1,0,0,0,0,0,0,0,1,1,1,0,0,0.003,0,0,0,0.0001297,136,,,,,,,,,,,,,,,,,,,,,,C:\c++\test2\results\article_code_comparison\raw_results.csv,article_runner_filename_mismatch_R1_expected_1.0
500,1.0,0.4,4,D:\test2\results\article_code_comparison\data\500\SDT_500_1_0.4_5.txt,D:\test2\results\article_code_comparison,generated_by_project_generator,D:\test2\x64\Release\bm_solver.exe,SOLVED,0,0.0147,63.076,,,500,136,2273280,ERROR,,60.38,,,1875968,1.044651,,1.21179,NOT_COMPARABLE_ERROR,,,[run] n=500 seed=4 input=D:\test2\results\article_code_comparison\data\500\SDT_500_1_0.4_5.txt decomp=adaptive memo_backend=custom use_ub=0 use_lb=0 terminal_rules=1 position_filtering_enabled=1 enable_lawler_basic_rules=1 enable_simple_lb=0 enable_lb_memo=0 enable_edd_ub=0 ub_depth_limit=-1 lb_depth_limit=-1 terminal_all_tardy_spt=1 terminal_edd_at_most_one_tardy=1 enable_memo=1 enable_exact_memo=1 memo_full_key_verification=1 memo_memory_limit_mb=12288 cost=0 time_ms=0.0147 nodes=1 max_depth=0 memo_hits=0 memo_misses=1 memo_exact_hits=0 memo_lb_hits=0 rule4=1 valid_pos=0 valid_pos_pruned_3a=0 valid_pos_pruned_3b=0 memo_rejected=0 memo_forced_evict=0 lufo_passes=0 terminal_spt=0 terminal_edd=1 memo_peak=1 memo_final=1 memo_evictions=0 memo_clean_time_ms=0 reconstruction_time_ms=0.0031 reconstruction_repairs=0 reconstruction_trace_hits=0 reconstruction_trace_fallbacks=0 memo_used_mb=0.0001297 memo_bytes_per_entry=136,500,4,D:\test2\results\article_code_comparison\data\500\SDT_500_1_0.4_5.txt,adaptive,custom,0,0,1,1,1,0,0,0,-1,-1,1,1,1,1,1,12288,0,,,0.0147,1,0,0,1,0,0,1,0,0,0,0,0,0,0,1,1,1,0,0,0.0031,0,0,0,0.0001297,136,,,,,,,,,,,,,,,,,,,,,,C:\c++\test2\results\article_code_comparison\raw_results.csv,article_runner_filename_mismatch_R1_expected_1.0
500,1.0,0.4,5,D:\test2\results\article_code_comparison\data\500\SDT_500_1_0.4_6.txt,D:\test2\results\article_code_comparison,generated_by_project_generator,D:\test2\x64\Release\bm_solver.exe,SOLVED,0,0.0136,62.874,,,500,136,2199552,ERROR,,60.201,,,1798144,1.044401,,1.223235,NOT_COMPARABLE_ERROR,,,[run] n=500 seed=5 input=D:\test2\results\article_code_comparison\data\500\SDT_500_1_0.4_6.txt decomp=adaptive memo_backend=custom use_ub=0 use_lb=0 terminal_rules=1 position_filtering_enabled=1 enable_lawler_basic_rules=1 enable_simple_lb=0 enable_lb_memo=0 enable_edd_ub=0 ub_depth_limit=-1 lb_depth_limit=-1 terminal_all_tardy_spt=1 terminal_edd_at_most_one_tardy=1 enable_memo=1 enable_exact_memo=1 memo_full_key_verification=1 memo_memory_limit_mb=12288 cost=0 time_ms=0.0136 nodes=1 max_depth=0 memo_hits=0 memo_misses=1 memo_exact_hits=0 memo_lb_hits=0 rule4=1 valid_pos=0 valid_pos_pruned_3a=0 valid_pos_pruned_3b=0 memo_rejected=0 memo_forced_evict=0 lufo_passes=0 terminal_spt=0 terminal_edd=1 memo_peak=1 memo_final=1 memo_evictions=0 memo_clean_time_ms=0 reconstruction_time_ms=0.0028 reconstruction_repairs=0 reconstruction_trace_hits=0 reconstruction_trace_fallbacks=0 memo_used_mb=0.0001297 memo_bytes_per_entry=136,500,5,D:\test2\results\article_code_comparison\data\500\SDT_500_1_0.4_6.txt,adaptive,custom,0,0,1,1,1,0,0,0,-1,-1,1,1,1,1,1,12288,0,,,0.0136,1,0,0,1,0,0,1,0,0,0,0,0,0,0,1,1,1,0,0,0.0028,0,0,0,0.0001297,136,,,,,,,,,,,,,,,,,,,,,,C:\c++\test2\results\article_code_comparison\raw_results.csv,article_runner_filename_mismatch_R1_expected_1.0
500,1.0,0.4,6,D:\test2\results\article_code_comparison\data\500\SDT_500_1_0.4_7.txt,D:\test2\results\article_code_comparison,generated_by_project_generator,D:\test2\x64\Release\bm_solver.exe,SOLVED,0,0.0125,63.022,,,500,136,2367488,ERROR,,60.333,,,1753088,1.044569,,1.350467,NOT_COMPARABLE_ERROR,,,[run] n=500 seed=6 input=D:\test2\results\article_code_comparison\data\500\SDT_500_1_0.4_7.txt decomp=adaptive memo_backend=custom use_ub=0 use_lb=0 terminal_rules=1 position_filtering_enabled=1 enable_lawler_basic_rules=1 enable_simple_lb=0 enable_lb_memo=0 enable_edd_ub=0 ub_depth_limit=-1 lb_depth_limit=-1 terminal_all_tardy_spt=1 terminal_edd_at_most_one_tardy=1 enable_memo=1 enable_exact_memo=1 memo_full_key_verification=1 memo_memory_limit_mb=12288 cost=0 time_ms=0.0125 nodes=1 max_depth=0 memo_hits=0 memo_misses=1 memo_exact_hits=0 memo_lb_hits=0 rule4=1 valid_pos=0 valid_pos_pruned_3a=0 valid_pos_pruned_3b=0 memo_rejected=0 memo_forced_evict=0 lufo_passes=0 terminal_spt=0 terminal_edd=1 memo_peak=1 memo_final=1 memo_evictions=0 memo_clean_time_ms=0 reconstruction_time_ms=0.003 reconstruction_repairs=0 reconstruction_trace_hits=0 reconstruction_trace_fallbacks=0 memo_used_mb=0.0001297 memo_bytes_per_entry=136,500,6,D:\test2\results\article_code_comparison\data\500\SDT_500_1_0.4_7.txt,adaptive,custom,0,0,1,1,1,0,0,0,-1,-1,1,1,1,1,1,12288,0,,,0.0125,1,0,0,1,0,0,1,0,0,0,0,0,0,0,1,1,1,0,0,0.003,0,0,0,0.0001297,136,,,,,,,,,,,,,,,,,,,,,,C:\c++\test2\results\article_code_comparison\raw_results.csv,article_runner_filename_mismatch_R1_expected_1.0
500,1.0,0.4,7,D:\test2\results\article_code_comparison\data\500\SDT_500_1_0.4_8.txt,D:\test2\results\article_code_comparison,generated_by_project_generator,D:\test2\x64\Release\bm_solver.exe,SOLVED,0,0.0136,62.848,,,500,136,2351104,ERROR,,60.227,,,1802240,1.043519,,1.304545,NOT_COMPARABLE_ERROR,,,[run] n=500 seed=7 input=D:\test2\results\article_code_comparison\data\500\SDT_500_1_0.4_8.txt decomp=adaptive memo_backend=custom use_ub=0 use_lb=0 terminal_rules=1 position_filtering_enabled=1 enable_lawler_basic_rules=1 enable_simple_lb=0 enable_lb_memo=0 enable_edd_ub=0 ub_depth_limit=-1 lb_depth_limit=-1 terminal_all_tardy_spt=1 terminal_edd_at_most_one_tardy=1 enable_memo=1 enable_exact_memo=1 memo_full_key_verification=1 memo_memory_limit_mb=12288 cost=0 time_ms=0.0136 nodes=1 max_depth=0 memo_hits=0 memo_misses=1 memo_exact_hits=0 memo_lb_hits=0 rule4=1 valid_pos=0 valid_pos_pruned_3a=0 valid_pos_pruned_3b=0 memo_rejected=0 memo_forced_evict=0 lufo_passes=0 terminal_spt=0 terminal_edd=1 memo_peak=1 memo_final=1 memo_evictions=0 memo_clean_time_ms=0 reconstruction_time_ms=0.003 reconstruction_repairs=0 reconstruction_trace_hits=0 reconstruction_trace_fallbacks=0 memo_used_mb=0.0001297 memo_bytes_per_entry=136,500,7,D:\test2\results\article_code_comparison\data\500\SDT_500_1_0.4_8.txt,adaptive,custom,0,0,1,1,1,0,0,0,-1,-1,1,1,1,1,1,12288,0,,,0.0136,1,0,0,1,0,0,1,0,0,0,0,0,0,0,1,1,1,0,0,0.003,0,0,0,0.0001297,136,,,,,,,,,,,,,,,,,,,,,,C:\c++\test2\results\article_code_comparison\raw_results.csv,article_runner_filename_mismatch_R1_expected_1.0
500,1.0,0.4,8,D:\test2\results\article_code_comparison\data\500\SDT_500_1_0.4_9.txt,D:\test2\results\article_code_comparison,generated_by_project_generator,D:\test2\x64\Release\bm_solver.exe,SOLVED,0,0.0128,63.142,,,500,136,2396160,ERROR,,60.249,,,1802240,1.048017,,1.329545,NOT_COMPARABLE_ERROR,,,[run] n=500 seed=8 input=D:\test2\results\article_code_comparison\data\500\SDT_500_1_0.4_9.txt decomp=adaptive memo_backend=custom use_ub=0 use_lb=0 terminal_rules=1 position_filtering_enabled=1 enable_lawler_basic_rules=1 enable_simple_lb=0 enable_lb_memo=0 enable_edd_ub=0 ub_depth_limit=-1 lb_depth_limit=-1 terminal_all_tardy_spt=1 terminal_edd_at_most_one_tardy=1 enable_memo=1 enable_exact_memo=1 memo_full_key_verification=1 memo_memory_limit_mb=12288 cost=0 time_ms=0.0128 nodes=1 max_depth=0 memo_hits=0 memo_misses=1 memo_exact_hits=0 memo_lb_hits=0 rule4=1 valid_pos=0 valid_pos_pruned_3a=0 valid_pos_pruned_3b=0 memo_rejected=0 memo_forced_evict=0 lufo_passes=0 terminal_spt=0 terminal_edd=1 memo_peak=1 memo_final=1 memo_evictions=0 memo_clean_time_ms=0 reconstruction_time_ms=0.0029 reconstruction_repairs=0 reconstruction_trace_hits=0 reconstruction_trace_fallbacks=0 memo_used_mb=0.0001297 memo_bytes_per_entry=136,500,8,D:\test2\results\article_code_comparison\data\500\SDT_500_1_0.4_9.txt,adaptive,custom,0,0,1,1,1,0,0,0,-1,-1,1,1,1,1,1,12288,0,,,0.0128,1,0,0,1,0,0,1,0,0,0,0,0,0,0,1,1,1,0,0,0.0029,0,0,0,0.0001297,136,,,,,,,,,,,,,,,,,,,,,,C:\c++\test2\results\article_code_comparison\raw_results.csv,article_runner_filename_mismatch_R1_expected_1.0
500,1.0,0.4,9,D:\test2\results\article_code_comparison\data\500\SDT_500_1_0.4_10.txt,D:\test2\results\article_code_comparison,generated_by_project_generator,D:\test2\x64\Release\bm_solver.exe,SOLVED,0,0.0139,63.282,,,500,136,1748992,ERROR,,60.278,,,1875968,1.049836,,0.932314,NOT_COMPARABLE_ERROR,,,[run] n=500 seed=9 input=D:\test2\results\article_code_comparison\data\500\SDT_500_1_0.4_10.txt decomp=adaptive memo_backend=custom use_ub=0 use_lb=0 terminal_rules=1 position_filtering_enabled=1 enable_lawler_basic_rules=1 enable_simple_lb=0 enable_lb_memo=0 enable_edd_ub=0 ub_depth_limit=-1 lb_depth_limit=-1 terminal_all_tardy_spt=1 terminal_edd_at_most_one_tardy=1 enable_memo=1 enable_exact_memo=1 memo_full_key_verification=1 memo_memory_limit_mb=12288 cost=0 time_ms=0.0139 nodes=1 max_depth=0 memo_hits=0 memo_misses=1 memo_exact_hits=0 memo_lb_hits=0 rule4=1 valid_pos=0 valid_pos_pruned_3a=0 valid_pos_pruned_3b=0 memo_rejected=0 memo_forced_evict=0 lufo_passes=0 terminal_spt=0 terminal_edd=1 memo_peak=1 memo_final=1 memo_evictions=0 memo_clean_time_ms=0 reconstruction_time_ms=0.0028 reconstruction_repairs=0 reconstruction_trace_hits=0 reconstruction_trace_fallbacks=0 memo_used_mb=0.0001297 memo_bytes_per_entry=136,500,9,D:\test2\results\article_code_comparison\data\500\SDT_500_1_0.4_10.txt,adaptive,custom,0,0,1,1,1,0,0,0,-1,-1,1,1,1,1,1,12288,0,,,0.0139,1,0,0,1,0,0,1,0,0,0,0,0,0,0,1,1,1,0,0,0.0028,0,0,0,0.0001297,136,,,,,,,,,,,,,,,,,,,,,,C:\c++\test2\results\article_code_comparison\raw_results.csv,article_runner_filename_mismatch_R1_expected_1.0
500,1.0,0.6,0,D:\test2\results\article_code_comparison\data\500\SDT_500_1_0.6_1.txt,D:\test2\results\article_code_comparison,generated_by_project_generator,D:\test2\x64\Release\bm_solver.exe,SOLVED,765173,3.4517,53.352,,,500,272808,1740800,ERROR,,60.218,,,1875968,0.885981,,0.927948,NOT_COMPARABLE_ERROR,,,[run] n=500 seed=0 input=D:\test2\results\article_code_comparison\data\500\SDT_500_1_0.6_1.txt decomp=adaptive memo_backend=custom use_ub=0 use_lb=0 terminal_rules=1 position_filtering_enabled=1 enable_lawler_basic_rules=1 enable_simple_lb=0 enable_lb_memo=0 enable_edd_ub=0 ub_depth_limit=-1 lb_depth_limit=-1 terminal_all_tardy_spt=1 terminal_edd_at_most_one_tardy=1 enable_memo=1 enable_exact_memo=1 memo_full_key_verification=1 memo_memory_limit_mb=12288 cost=765173 time_ms=3.4517 nodes=1263 max_depth=499 memo_hits=276 memo_misses=2525 memo_exact_hits=276 memo_lb_hits=0 rule4=1 valid_pos=24185 valid_pos_pruned_3a=0 valid_pos_pruned_3b=0 memo_rejected=0 memo_forced_evict=0 lufo_passes=0 terminal_spt=30 terminal_edd=349 memo_peak=1263 memo_final=1263 memo_evictions=0 memo_clean_time_ms=0 reconstruction_time_ms=0.883 reconstruction_repairs=0 reconstruction_trace_hits=287 reconstruction_trace_fallbacks=0 memo_used_mb=0.26017 memo_bytes_per_entry=216,500,0,D:\test2\results\article_code_comparison\data\500\SDT_500_1_0.6_1.txt,adaptive,custom,0,0,1,1,1,0,0,0,-1,-1,1,1,1,1,1,12288,765173,,,3.4517,1263,499,276,2525,276,0,1,24185,0,0,0,0,0,30,349,1263,1263,0,0,0.883,0,287,0,0.26017,216,,,,,,,,,,,,,,,,,,,,,,C:\c++\test2\results\article_code_comparison\raw_results.csv,article_runner_filename_mismatch_R1_expected_1.0
500,1.0,0.6,1,D:\test2\results\article_code_comparison\data\500\SDT_500_1_0.6_2.txt,D:\test2\results\article_code_comparison,generated_by_project_generator,D:\test2\x64\Release\bm_solver.exe,SOLVED,556809,17.0751,62.974,,,500,1516964,2170880,ERROR,,60.023,,,1941504,1.049164,,1.118143,NOT_COMPARABLE_ERROR,,,[run] n=500 seed=1 input=D:\test2\results\article_code_comparison\data\500\SDT_500_1_0.6_2.txt decomp=adaptive memo_backend=custom use_ub=0 use_lb=0 terminal_rules=1 position_filtering_enabled=1 enable_lawler_basic_rules=1 enable_simple_lb=0 enable_lb_memo=0 enable_edd_ub=0 ub_depth_limit=-1 lb_depth_limit=-1 terminal_all_tardy_spt=1 terminal_edd_at_most_one_tardy=1 enable_memo=1 enable_exact_memo=1 memo_full_key_verification=1 memo_memory_limit_mb=12288 cost=556809 time_ms=17.0751 nodes=7023 max_depth=499 memo_hits=1843 memo_misses=14045 memo_exact_hits=1843 memo_lb_hits=0 rule4=1 valid_pos=140372 valid_pos_pruned_3a=0 valid_pos_pruned_3b=0 memo_rejected=0 memo_forced_evict=0 lufo_passes=0 terminal_spt=30 terminal_edd=1742 memo_peak=7023 memo_final=7023 memo_evictions=0 memo_clean_time_ms=0 reconstruction_time_ms=0.83 reconstruction_repairs=0 reconstruction_trace_hits=286 reconstruction_trace_fallbacks=0 memo_used_mb=1.44669 memo_bytes_per_entry=216,500,1,D:\test2\results\article_code_comparison\data\500\SDT_500_1_0.6_2.txt,adaptive,custom,0,0,1,1,1,0,0,0,-1,-1,1,1,1,1,1,12288,556809,,,17.0751,7023,499,1843,14045,1843,0,1,140372,0,0,0,0,0,30,1742,7023,7023,0,0,0.83,0,286,0,1.44669,216,,,,,,,,,,,,,,,,,,,,,,C:\c++\test2\results\article_code_comparison\raw_results.csv,article_runner_filename_mismatch_R1_expected_1.0
500,1.0,0.6,2,D:\test2\results\article_code_comparison\data\500\SDT_500_1_0.6_3.txt,D:\test2\results\article_code_comparison,generated_by_project_generator,D:\test2\x64\Release\bm_solver.exe,SOLVED,746290,3.6604,62.683,,,500,326376,1875968,ERROR,,60.345,,,1871872,1.038744,,1.002188,NOT_COMPARABLE_ERROR,,,[run] n=500 seed=2 input=D:\test2\results\article_code_comparison\data\500\SDT_500_1_0.6_3.txt decomp=adaptive memo_backend=custom use_ub=0 use_lb=0 terminal_rules=1 position_filtering_enabled=1 enable_lawler_basic_rules=1 enable_simple_lb=0 enable_lb_memo=0 enable_edd_ub=0 ub_depth_limit=-1 lb_depth_limit=-1 terminal_all_tardy_spt=1 terminal_edd_at_most_one_tardy=1 enable_memo=1 enable_exact_memo=1 memo_full_key_verification=1 memo_memory_limit_mb=12288 cost=746290 time_ms=3.6604 nodes=1511 max_depth=499 memo_hits=327 memo_misses=3021 memo_exact_hits=327 memo_lb_hits=0 rule4=1 valid_pos=34766 valid_pos_pruned_3a=0 valid_pos_pruned_3b=0 memo_rejected=0 memo_forced_evict=0 lufo_passes=0 terminal_spt=21 terminal_edd=451 memo_peak=1511 memo_final=1511 memo_evictions=0 memo_clean_time_ms=0 reconstruction_time_ms=0.7877 reconstruction_repairs=0 reconstruction_trace_hits=281 reconstruction_trace_fallbacks=0 memo_used_mb=0.311256 memo_bytes_per_entry=216,500,2,D:\test2\results\article_code_comparison\data\500\SDT_500_1_0.6_3.txt,adaptive,custom,0,0,1,1,1,0,0,0,-1,-1,1,1,1,1,1,12288,746290,,,3.6604,1511,499,327,3021,327,0,1,34766,0,0,0,0,0,21,451,1511,1511,0,0,0.7877,0,281,0,0.311256,216,,,,,,,,,,,,,,,,,,,,,,C:\c++\test2\results\article_code_comparison\raw_results.csv,article_runner_filename_mismatch_R1_expected_1.0
500,1.0,0.6,3,D:\test2\results\article_code_comparison\data\500\SDT_500_1_0.6_4.txt,D:\test2\results\article_code_comparison,generated_by_project_generator,D:\test2\x64\Release\bm_solver.exe,SOLVED,506328,10.0814,61.711,,,500,1061421,1781760,ERROR,,60.353,,,1814528,1.022501,,0.981941,NOT_COMPARABLE_ERROR,,,[run] n=500 seed=3 input=D:\test2\results\article_code_comparison\data\500\SDT_500_1_0.6_4.txt decomp=adaptive memo_backend=custom use_ub=0 use_lb=0 terminal_rules=1 position_filtering_enabled=1 enable_lawler_basic_rules=1 enable_simple_lb=0 enable_lb_memo=0 enable_edd_ub=0 ub_depth_limit=-1 lb_depth_limit=-1 terminal_all_tardy_spt=1 terminal_edd_at_most_one_tardy=1 enable_memo=1 enable_exact_memo=1 memo_full_key_verification=1 memo_memory_limit_mb=12288 cost=506328 time_ms=10.0814 nodes=4914 max_depth=499 memo_hits=1683 memo_misses=9827 memo_exact_hits=1683 memo_lb_hits=0 rule4=1 valid_pos=84487 valid_pos_pruned_3a=0 valid_pos_pruned_3b=0 memo_rejected=0 memo_forced_evict=0 lufo_passes=0 terminal_spt=53 terminal_edd=1205 memo_peak=4914 memo_final=4914 memo_evictions=0 memo_clean_time_ms=0 reconstruction_time_ms=0.7846 reconstruction_repairs=0 reconstruction_trace_hits=280 reconstruction_trace_fallbacks=0 memo_used_mb=1.01225 memo_bytes_per_entry=216,500,3,D:\test2\results\article_code_comparison\data\500\SDT_500_1_0.6_4.txt,adaptive,custom,0,0,1,1,1,0,0,0,-1,-1,1,1,1,1,1,12288,506328,,,10.0814,4914,499,1683,9827,1683,0,1,84487,0,0,0,0,0,53,1205,4914,4914,0,0,0.7846,0,280,0,1.01225,216,,,,,,,,,,,,,,,,,,,,,,C:\c++\test2\results\article_code_comparison\raw_results.csv,article_runner_filename_mismatch_R1_expected_1.0
500,1.0,0.6,4,D:\test2\results\article_code_comparison\data\500\SDT_500_1_0.6_5.txt,D:\test2\results\article_code_comparison,generated_by_project_generator,D:\test2\x64\Release\bm_solver.exe,SOLVED,516402,24.87,62.99,,,500,2097142,1708032,ERROR,,59.975,,,1789952,1.050271,,0.954233,NOT_COMPARABLE_ERROR,,,[run] n=500 seed=4 input=D:\test2\results\article_code_comparison\data\500\SDT_500_1_0.6_5.txt decomp=adaptive memo_backend=custom use_ub=0 use_lb=0 terminal_rules=1 position_filtering_enabled=1 enable_lawler_basic_rules=1 enable_simple_lb=0 enable_lb_memo=0 enable_edd_ub=0 ub_depth_limit=-1 lb_depth_limit=-1 terminal_all_tardy_spt=1 terminal_edd_at_most_one_tardy=1 enable_memo=1 enable_exact_memo=1 memo_full_key_verification=1 memo_memory_limit_mb=12288 cost=516402 time_ms=24.87 nodes=9709 max_depth=499 memo_hits=3332 memo_misses=19417 memo_exact_hits=3332 memo_lb_hits=0 rule4=1 valid_pos=222559 valid_pos_pruned_3a=0 valid_pos_pruned_3b=0 memo_rejected=0 memo_forced_evict=0 lufo_passes=0 terminal_spt=82 terminal_edd=1907 memo_peak=9709 memo_final=9709 memo_evictions=0 memo_clean_time_ms=0 reconstruction_time_ms=0.9502 reconstruction_repairs=0 reconstruction_trace_hits=290 reconstruction_trace_fallbacks=0 memo_used_mb=1.99999 memo_bytes_per_entry=216,500,4,D:\test2\results\article_code_comparison\data\500\SDT_500_1_0.6_5.txt,adaptive,custom,0,0,1,1,1,0,0,0,-1,-1,1,1,1,1,1,12288,516402,,,24.87,9709,499,3332,19417,3332,0,1,222559,0,0,0,0,0,82,1907,9709,9709,0,0,0.9502,0,290,0,1.99999,216,,,,,,,,,,,,,,,,,,,,,,C:\c++\test2\results\article_code_comparison\raw_results.csv,article_runner_filename_mismatch_R1_expected_1.0
500,1.0,0.6,5,D:\test2\results\article_code_comparison\data\500\SDT_500_1_0.6_6.txt,D:\test2\results\article_code_comparison,generated_by_project_generator,D:\test2\x64\Release\bm_solver.exe,SOLVED,522805,18.6992,62.733,,,500,1449572,2203648,ERROR,,60.156,,,1773568,1.042839,,1.242494,NOT_COMPARABLE_ERROR,,,[run] n=500 seed=5 input=D:\test2\results\article_code_comparison\data\500\SDT_500_1_0.6_6.txt decomp=adaptive memo_backend=custom use_ub=0 use_lb=0 terminal_rules=1 position_filtering_enabled=1 enable_lawler_basic_rules=1 enable_simple_lb=0 enable_lb_memo=0 enable_edd_ub=0 ub_depth_limit=-1 lb_depth_limit=-1 terminal_all_tardy_spt=1 terminal_edd_at_most_one_tardy=1 enable_memo=1 enable_exact_memo=1 memo_full_key_verification=1 memo_memory_limit_mb=12288 cost=522805 time_ms=18.6992 nodes=6711 max_depth=499 memo_hits=2121 memo_misses=13421 memo_exact_hits=2121 memo_lb_hits=0 rule4=1 valid_pos=171462 valid_pos_pruned_3a=0 valid_pos_pruned_3b=0 memo_rejected=0 memo_forced_evict=0 lufo_passes=0 terminal_spt=44 terminal_edd=1283 memo_peak=6711 memo_final=6711 memo_evictions=0 memo_clean_time_ms=0 reconstruction_time_ms=0.7849 reconstruction_repairs=0 reconstruction_trace_hits=278 reconstruction_trace_fallbacks=0 memo_used_mb=1.38242 memo_bytes_per_entry=216,500,5,D:\test2\results\article_code_comparison\data\500\SDT_500_1_0.6_6.txt,adaptive,custom,0,0,1,1,1,0,0,0,-1,-1,1,1,1,1,1,12288,522805,,,18.6992,6711,499,2121,13421,2121,0,1,171462,0,0,0,0,0,44,1283,6711,6711,0,0,0.7849,0,278,0,1.38242,216,,,,,,,,,,,,,,,,,,,,,,C:\c++\test2\results\article_code_comparison\raw_results.csv,article_runner_filename_mismatch_R1_expected_1.0
500,1.0,0.6,6,D:\test2\results\article_code_comparison\data\500\SDT_500_1_0.6_7.txt,D:\test2\results\article_code_comparison,generated_by_project_generator,D:\test2\x64\Release\bm_solver.exe,SOLVED,754891,3.2193,63.257,,,500,167400,1634304,ERROR,,56.587,,,3977216,1.117872,,0.410917,NOT_COMPARABLE_ERROR,,,[run] n=500 seed=6 input=D:\test2\results\article_code_comparison\data\500\SDT_500_1_0.6_7.txt decomp=adaptive memo_backend=custom use_ub=0 use_lb=0 terminal_rules=1 position_filtering_enabled=1 enable_lawler_basic_rules=1 enable_simple_lb=0 enable_lb_memo=0 enable_edd_ub=0 ub_depth_limit=-1 lb_depth_limit=-1 terminal_all_tardy_spt=1 terminal_edd_at_most_one_tardy=1 enable_memo=1 enable_exact_memo=1 memo_full_key_verification=1 memo_memory_limit_mb=12288 cost=754891 time_ms=3.2193 nodes=775 max_depth=499 memo_hits=200 memo_misses=1549 memo_exact_hits=200 memo_lb_hits=0 rule4=1 valid_pos=40676 valid_pos_pruned_3a=0 valid_pos_pruned_3b=0 memo_rejected=0 memo_forced_evict=0 lufo_passes=0 terminal_spt=9 terminal_edd=226 memo_peak=775 memo_final=775 memo_evictions=0 memo_clean_time_ms=0 reconstruction_time_ms=0.9355 reconstruction_repairs=0 reconstruction_trace_hits=274 reconstruction_trace_fallbacks=0 memo_used_mb=0.159645 memo_bytes_per_entry=216,500,6,D:\test2\results\article_code_comparison\data\500\SDT_500_1_0.6_7.txt,adaptive,custom,0,0,1,1,1,0,0,0,-1,-1,1,1,1,1,1,12288,754891,,,3.2193,775,499,200,1549,200,0,1,40676,0,0,0,0,0,9,226,775,775,0,0,0.9355,0,274,0,0.159645,216,,,,,,,,,,,,,,,,,,,,,,C:\c++\test2\results\article_code_comparison\raw_results.csv,article_runner_filename_mismatch_R1_expected_1.0
500,1.0,0.6,7,D:\test2\results\article_code_comparison\data\500\SDT_500_1_0.6_8.txt,D:\test2\results\article_code_comparison,generated_by_project_generator,D:\test2\x64\Release\bm_solver.exe,SOLVED,675821,2.9885,63.021,,,500,233280,2351104,ERROR,,60.206,,,1798144,1.046756,,1.307517,NOT_COMPARABLE_ERROR,,,[run] n=500 seed=7 input=D:\test2\results\article_code_comparison\data\500\SDT_500_1_0.6_8.txt decomp=adaptive memo_backend=custom use_ub=0 use_lb=0 terminal_rules=1 position_filtering_enabled=1 enable_lawler_basic_rules=1 enable_simple_lb=0 enable_lb_memo=0 enable_edd_ub=0 ub_depth_limit=-1 lb_depth_limit=-1 terminal_all_tardy_spt=1 terminal_edd_at_most_one_tardy=1 enable_memo=1 enable_exact_memo=1 memo_full_key_verification=1 memo_memory_limit_mb=12288 cost=675821 time_ms=2.9885 nodes=1080 max_depth=499 memo_hits=206 memo_misses=2159 memo_exact_hits=206 memo_lb_hits=0 rule4=1 valid_pos=34176 valid_pos_pruned_3a=0 valid_pos_pruned_3b=0 memo_rejected=0 memo_forced_evict=0 lufo_passes=0 terminal_spt=1 terminal_edd=342 memo_peak=1080 memo_final=1080 memo_evictions=0 memo_clean_time_ms=0 reconstruction_time_ms=0.7744 reconstruction_repairs=0 reconstruction_trace_hits=264 reconstruction_trace_fallbacks=0 memo_used_mb=0.222473 memo_bytes_per_entry=216,500,7,D:\test2\results\article_code_comparison\data\500\SDT_500_1_0.6_8.txt,adaptive,custom,0,0,1,1,1,0,0,0,-1,-1,1,1,1,1,1,12288,675821,,,2.9885,1080,499,206,2159,206,0,1,34176,0,0,0,0,0,1,342,1080,1080,0,0,0.7744,0,264,0,0.222473,216,,,,,,,,,,,,,,,,,,,,,,C:\c++\test2\results\article_code_comparison\raw_results.csv,article_runner_filename_mismatch_R1_expected_1.0
500,1.0,0.6,8,D:\test2\results\article_code_comparison\data\500\SDT_500_1_0.6_9.txt,D:\test2\results\article_code_comparison,generated_by_project_generator,D:\test2\x64\Release\bm_solver.exe,SOLVED,864108,3.0267,62.972,,,500,231984,2347008,ERROR,,60.078,,,1798144,1.048171,,1.305239,NOT_COMPARABLE_ERROR,,,[run] n=500 seed=8 input=D:\test2\results\article_code_comparison\data\500\SDT_500_1_0.6_9.txt decomp=adaptive memo_backend=custom use_ub=0 use_lb=0 terminal_rules=1 position_filtering_enabled=1 enable_lawler_basic_rules=1 enable_simple_lb=0 enable_lb_memo=0 enable_edd_ub=0 ub_depth_limit=-1 lb_depth_limit=-1 terminal_all_tardy_spt=1 terminal_edd_at_most_one_tardy=1 enable_memo=1 enable_exact_memo=1 memo_full_key_verification=1 memo_memory_limit_mb=12288 cost=864108 time_ms=3.0267 nodes=1074 max_depth=499 memo_hits=170 memo_misses=2147 memo_exact_hits=170 memo_lb_hits=0 rule4=1 valid_pos=29266 valid_pos_pruned_3a=0 valid_pos_pruned_3b=0 memo_rejected=0 memo_forced_evict=0 lufo_passes=0 terminal_spt=11 terminal_edd=371 memo_peak=1074 memo_final=1074 memo_evictions=0 memo_clean_time_ms=0 reconstruction_time_ms=0.8671 reconstruction_repairs=0 reconstruction_trace_hits=253 reconstruction_trace_fallbacks=0 memo_used_mb=0.221237 memo_bytes_per_entry=216,500,8,D:\test2\results\article_code_comparison\data\500\SDT_500_1_0.6_9.txt,adaptive,custom,0,0,1,1,1,0,0,0,-1,-1,1,1,1,1,1,12288,864108,,,3.0267,1074,499,170,2147,170,0,1,29266,0,0,0,0,0,11,371,1074,1074,0,0,0.8671,0,253,0,0.221237,216,,,,,,,,,,,,,,,,,,,,,,C:\c++\test2\results\article_code_comparison\raw_results.csv,article_runner_filename_mismatch_R1_expected_1.0
500,1.0,0.6,9,D:\test2\results\article_code_comparison\data\500\SDT_500_1_0.6_10.txt,D:\test2\results\article_code_comparison,generated_by_project_generator,D:\test2\x64\Release\bm_solver.exe,SOLVED,786114,2.4048,63.21,,,500,155304,1765376,ERROR,,60.039,,,1892352,1.052816,,0.9329,NOT_COMPARABLE_ERROR,,,[run] n=500 seed=9 input=D:\test2\results\article_code_comparison\data\500\SDT_500_1_0.6_10.txt decomp=adaptive memo_backend=custom use_ub=0 use_lb=0 terminal_rules=1 position_filtering_enabled=1 enable_lawler_basic_rules=1 enable_simple_lb=0 enable_lb_memo=0 enable_edd_ub=0 ub_depth_limit=-1 lb_depth_limit=-1 terminal_all_tardy_spt=1 terminal_edd_at_most_one_tardy=1 enable_memo=1 enable_exact_memo=1 memo_full_key_verification=1 memo_memory_limit_mb=12288 cost=786114 time_ms=2.4048 nodes=719 max_depth=499 memo_hits=128 memo_misses=1437 memo_exact_hits=128 memo_lb_hits=0 rule4=1 valid_pos=20025 valid_pos_pruned_3a=0 valid_pos_pruned_3b=0 memo_rejected=0 memo_forced_evict=0 lufo_passes=0 terminal_spt=10 terminal_edd=230 memo_peak=719 memo_final=719 memo_evictions=0 memo_clean_time_ms=0 reconstruction_time_ms=0.8544 reconstruction_repairs=0 reconstruction_trace_hits=261 reconstruction_trace_fallbacks=0 memo_used_mb=0.148109 memo_bytes_per_entry=216,500,9,D:\test2\results\article_code_comparison\data\500\SDT_500_1_0.6_10.txt,adaptive,custom,0,0,1,1,1,0,0,0,-1,-1,1,1,1,1,1,12288,786114,,,2.4048,719,499,128,1437,128,0,1,20025,0,0,0,0,0,10,230,719,719,0,0,0.8544,0,261,0,0.148109,216,,,,,,,,,,,,,,,,,,,,,,C:\c++\test2\results\article_code_comparison\raw_results.csv,article_runner_filename_mismatch_R1_expected_1.0
500,1.0,0.8,0,D:\test2\results\article_code_comparison\data\500\SDT_500_1_0.8_1.txt,D:\test2\results\article_code_comparison,generated_by_project_generator,D:\test2\x64\Release\bm_solver.exe,SOLVED,2096884,3.2241,63.167,,,500,109296,2215936,ERROR,,60.013,,,1802240,1.052555,,1.229545,NOT_COMPARABLE_ERROR,,,[run] n=500 seed=0 input=D:\test2\results\article_code_comparison\data\500\SDT_500_1_0.8_1.txt decomp=adaptive memo_backend=custom use_ub=0 use_lb=0 terminal_rules=1 position_filtering_enabled=1 enable_lawler_basic_rules=1 enable_simple_lb=0 enable_lb_memo=0 enable_edd_ub=0 ub_depth_limit=-1 lb_depth_limit=-1 terminal_all_tardy_spt=1 terminal_edd_at_most_one_tardy=1 enable_memo=1 enable_exact_memo=1 memo_full_key_verification=1 memo_memory_limit_mb=12288 cost=2096884 time_ms=3.2241 nodes=506 max_depth=499 memo_hits=21 memo_misses=1011 memo_exact_hits=21 memo_lb_hits=0 rule4=1 valid_pos=49295 valid_pos_pruned_3a=0 valid_pos_pruned_3b=0 memo_rejected=0 memo_forced_evict=0 lufo_passes=0 terminal_spt=12 terminal_edd=136 memo_peak=506 memo_final=506 memo_evictions=0 memo_clean_time_ms=0 reconstruction_time_ms=1.4588 reconstruction_repairs=0 reconstruction_trace_hits=315 reconstruction_trace_fallbacks=0 memo_used_mb=0.104233 memo_bytes_per_entry=216,500,0,D:\test2\results\article_code_comparison\data\500\SDT_500_1_0.8_1.txt,adaptive,custom,0,0,1,1,1,0,0,0,-1,-1,1,1,1,1,1,12288,2096884,,,3.2241,506,499,21,1011,21,0,1,49295,0,0,0,0,0,12,136,506,506,0,0,1.4588,0,315,0,0.104233,216,,,,,,,,,,,,,,,,,,,,,,C:\c++\test2\results\article_code_comparison\raw_results.csv,article_runner_filename_mismatch_R1_expected_1.0
500,1.0,0.8,1,D:\test2\results\article_code_comparison\data\500\SDT_500_1_0.8_2.txt,D:\test2\results\article_code_comparison,generated_by_project_generator,D:\test2\x64\Release\bm_solver.exe,SOLVED,1911114,3.4189,63.367,,,500,114048,2224128,ERROR,,60.18,,,1871872,1.052958,,1.188184,NOT_COMPARABLE_ERROR,,,[run] n=500 seed=1 input=D:\test2\results\article_code_comparison\data\500\SDT_500_1_0.8_2.txt decomp=adaptive memo_backend=custom use_ub=0 use_lb=0 terminal_rules=1 position_filtering_enabled=1 enable_lawler_basic_rules=1 enable_simple_lb=0 enable_lb_memo=0 enable_edd_ub=0 ub_depth_limit=-1 lb_depth_limit=-1 terminal_all_tardy_spt=1 terminal_edd_at_most_one_tardy=1 enable_memo=1 enable_exact_memo=1 memo_full_key_verification=1 memo_memory_limit_mb=12288 cost=1911114 time_ms=3.4189 nodes=528 max_depth=499 memo_hits=33 memo_misses=1055 memo_exact_hits=33 memo_lb_hits=0 rule4=1 valid_pos=49110 valid_pos_pruned_3a=0 valid_pos_pruned_3b=0 memo_rejected=0 memo_forced_evict=0 lufo_passes=0 terminal_spt=3 terminal_edd=151 memo_peak=528 memo_final=528 memo_evictions=0 memo_clean_time_ms=0 reconstruction_time_ms=1.3621 reconstruction_repairs=0 reconstruction_trace_hits=323 reconstruction_trace_fallbacks=0 memo_used_mb=0.108765 memo_bytes_per_entry=216,500,1,D:\test2\results\article_code_comparison\data\500\SDT_500_1_0.8_2.txt,adaptive,custom,0,0,1,1,1,0,0,0,-1,-1,1,1,1,1,1,12288,1911114,,,3.4189,528,499,33,1055,33,0,1,49110,0,0,0,0,0,3,151,528,528,0,0,1.3621,0,323,0,0.108765,216,,,,,,,,,,,,,,,,,,,,,,C:\c++\test2\results\article_code_comparison\raw_results.csv,article_runner_filename_mismatch_R1_expected_1.0
500,1.0,0.8,2,D:\test2\results\article_code_comparison\data\500\SDT_500_1_0.8_3.txt,D:\test2\results\article_code_comparison,generated_by_project_generator,D:\test2\x64\Release\bm_solver.exe,SOLVED,2012942,3.1831,53.235,,,500,116856,1736704,ERROR,,60.055,,,1638400,0.886437,,1.06,NOT_COMPARABLE_ERROR,,,[run] n=500 seed=2 input=D:\test2\results\article_code_comparison\data\500\SDT_500_1_0.8_3.txt decomp=adaptive memo_backend=custom use_ub=0 use_lb=0 terminal_rules=1 position_filtering_enabled=1 enable_lawler_basic_rules=1 enable_simple_lb=0 enable_lb_memo=0 enable_edd_ub=0 ub_depth_limit=-1 lb_depth_limit=-1 terminal_all_tardy_spt=1 terminal_edd_at_most_one_tardy=1 enable_memo=1 enable_exact_memo=1 memo_full_key_verification=1 memo_memory_limit_mb=12288 cost=2012942 time_ms=3.1831 nodes=541 max_depth=499 memo_hits=53 memo_misses=1081 memo_exact_hits=53 memo_lb_hits=0 rule4=1 valid_pos=26809 valid_pos_pruned_3a=0 valid_pos_pruned_3b=0 memo_rejected=0 memo_forced_evict=0 lufo_passes=0 terminal_spt=6 terminal_edd=148 memo_peak=541 memo_final=541 memo_evictions=0 memo_clean_time_ms=0 reconstruction_time_ms=1.3842 reconstruction_repairs=0 reconstruction_trace_hits=318 reconstruction_trace_fallbacks=0 memo_used_mb=0.111443 memo_bytes_per_entry=216,500,2,D:\test2\results\article_code_comparison\data\500\SDT_500_1_0.8_3.txt,adaptive,custom,0,0,1,1,1,0,0,0,-1,-1,1,1,1,1,1,12288,2012942,,,3.1831,541,499,53,1081,53,0,1,26809,0,0,0,0,0,6,148,541,541,0,0,1.3842,0,318,0,0.111443,216,,,,,,,,,,,,,,,,,,,,,,C:\c++\test2\results\article_code_comparison\raw_results.csv,article_runner_filename_mismatch_R1_expected_1.0
500,1.0,0.8,3,D:\test2\results\article_code_comparison\data\500\SDT_500_1_0.8_4.txt,D:\test2\results\article_code_comparison,generated_by_project_generator,D:\test2\x64\Release\bm_solver.exe,SOLVED,1739541,3.3892,63.286,,,500,154224,2355200,ERROR,,60.17,,,1798144,1.051787,,1.309795,NOT_COMPARABLE_ERROR,,,[run] n=500 seed=3 input=D:\test2\results\article_code_comparison\data\500\SDT_500_1_0.8_4.txt decomp=adaptive memo_backend=custom use_ub=0 use_lb=0 terminal_rules=1 position_filtering_enabled=1 enable_lawler_basic_rules=1 enable_simple_lb=0 enable_lb_memo=0 enable_edd_ub=0 ub_depth_limit=-1 lb_depth_limit=-1 terminal_all_tardy_spt=1 terminal_edd_at_most_one_tardy=1 enable_memo=1 enable_exact_memo=1 memo_full_key_verification=1 memo_memory_limit_mb=12288 cost=1739541 time_ms=3.3892 nodes=714 max_depth=499 memo_hits=57 memo_misses=1427 memo_exact_hits=57 memo_lb_hits=0 rule4=1 valid_pos=33120 valid_pos_pruned_3a=0 valid_pos_pruned_3b=0 memo_rejected=0 memo_forced_evict=0 lufo_passes=0 terminal_spt=9 terminal_edd=194 memo_peak=714 memo_final=714 memo_evictions=0 memo_clean_time_ms=0 reconstruction_time_ms=1.3303 reconstruction_repairs=0 reconstruction_trace_hits=313 reconstruction_trace_fallbacks=0 memo_used_mb=0.147079 memo_bytes_per_entry=216,500,3,D:\test2\results\article_code_comparison\data\500\SDT_500_1_0.8_4.txt,adaptive,custom,0,0,1,1,1,0,0,0,-1,-1,1,1,1,1,1,12288,1739541,,,3.3892,714,499,57,1427,57,0,1,33120,0,0,0,0,0,9,194,714,714,0,0,1.3303,0,313,0,0.147079,216,,,,,,,,,,,,,,,,,,,,,,C:\c++\test2\results\article_code_comparison\raw_results.csv,article_runner_filename_mismatch_R1_expected_1.0
500,1.0,0.8,4,D:\test2\results\article_code_comparison\data\500\SDT_500_1_0.8_5.txt,D:\test2\results\article_code_comparison,generated_by_project_generator,D:\test2\x64\Release\bm_solver.exe,SOLVED,1765652,3.0766,63.215,,,500,126360,2396160,ERROR,,60.277,,,1814528,1.048742,,1.320542,NOT_COMPARABLE_ERROR,,,[run] n=500 seed=4 input=D:\test2\results\article_code_comparison\data\500\SDT_500_1_0.8_5.txt decomp=adaptive memo_backend=custom use_ub=0 use_lb=0 terminal_rules=1 position_filtering_enabled=1 enable_lawler_basic_rules=1 enable_simple_lb=0 enable_lb_memo=0 enable_edd_ub=0 ub_depth_limit=-1 lb_depth_limit=-1 terminal_all_tardy_spt=1 terminal_edd_at_most_one_tardy=1 enable_memo=1 enable_exact_memo=1 memo_full_key_verification=1 memo_memory_limit_mb=12288 cost=1765652 time_ms=3.0766 nodes=585 max_depth=499 memo_hits=70 memo_misses=1169 memo_exact_hits=70 memo_lb_hits=0 rule4=1 valid_pos=21863 valid_pos_pruned_3a=0 valid_pos_pruned_3b=0 memo_rejected=0 memo_forced_evict=0 lufo_passes=0 terminal_spt=11 terminal_edd=148 memo_peak=585 memo_final=585 memo_evictions=0 memo_clean_time_ms=0 reconstruction_time_ms=1.3494 reconstruction_repairs=0 reconstruction_trace_hits=323 reconstruction_trace_fallbacks=0 memo_used_mb=0.120506 memo_bytes_per_entry=216,500,4,D:\test2\results\article_code_comparison\data\500\SDT_500_1_0.8_5.txt,adaptive,custom,0,0,1,1,1,0,0,0,-1,-1,1,1,1,1,1,12288,1765652,,,3.0766,585,499,70,1169,70,0,1,21863,0,0,0,0,0,11,148,585,585,0,0,1.3494,0,323,0,0.120506,216,,,,,,,,,,,,,,,,,,,,,,C:\c++\test2\results\article_code_comparison\raw_results.csv,article_runner_filename_mismatch_R1_expected_1.0
500,1.0,0.8,5,D:\test2\results\article_code_comparison\data\500\SDT_500_1_0.8_6.txt,D:\test2\results\article_code_comparison,generated_by_project_generator,D:\test2\x64\Release\bm_solver.exe,SOLVED,1733530,3.1119,63.016,,,500,138024,2248704,ERROR,,60.207,,,1802240,1.046656,,1.247727,NOT_COMPARABLE_ERROR,,,[run] n=500 seed=5 input=D:\test2\results\article_code_comparison\data\500\SDT_500_1_0.8_6.txt decomp=adaptive memo_backend=custom use_ub=0 use_lb=0 terminal_rules=1 position_filtering_enabled=1 enable_lawler_basic_rules=1 enable_simple_lb=0 enable_lb_memo=0 enable_edd_ub=0 ub_depth_limit=-1 lb_depth_limit=-1 terminal_all_tardy_spt=1 terminal_edd_at_most_one_tardy=1 enable_memo=1 enable_exact_memo=1 memo_full_key_verification=1 memo_memory_limit_mb=12288 cost=1733530 time_ms=3.1119 nodes=639 max_depth=499 memo_hits=96 memo_misses=1277 memo_exact_hits=96 memo_lb_hits=0 rule4=1 valid_pos=32388 valid_pos_pruned_3a=0 valid_pos_pruned_3b=0 memo_rejected=0 memo_forced_evict=0 lufo_passes=0 terminal_spt=9 terminal_edd=199 memo_peak=639 memo_final=639 memo_evictions=0 memo_clean_time_ms=0 reconstruction_time_ms=1.2496 reconstruction_repairs=0 reconstruction_trace_hits=294 reconstruction_trace_fallbacks=0 memo_used_mb=0.13163 memo_bytes_per_entry=216,500,5,D:\test2\results\article_code_comparison\data\500\SDT_500_1_0.8_6.txt,adaptive,custom,0,0,1,1,1,0,0,0,-1,-1,1,1,1,1,1,12288,1733530,,,3.1119,639,499,96,1277,96,0,1,32388,0,0,0,0,0,9,199,639,639,0,0,1.2496,0,294,0,0.13163,216,,,,,,,,,,,,,,,,,,,,,,C:\c++\test2\results\article_code_comparison\raw_results.csv,article_runner_filename_mismatch_R1_expected_1.0
500,1.0,0.8,6,D:\test2\results\article_code_comparison\data\500\SDT_500_1_0.8_7.txt,D:\test2\results\article_code_comparison,generated_by_project_generator,D:\test2\x64\Release\bm_solver.exe,SOLVED,2023842,3.3058,53.315,,,500,104760,1806336,ERROR,,60.204,,,1814528,0.885572,,0.995485,NOT_COMPARABLE_ERROR,,,[run] n=500 seed=6 input=D:\test2\results\article_code_comparison\data\500\SDT_500_1_0.8_7.txt decomp=adaptive memo_backend=custom use_ub=0 use_lb=0 terminal_rules=1 position_filtering_enabled=1 enable_lawler_basic_rules=1 enable_simple_lb=0 enable_lb_memo=0 enable_edd_ub=0 ub_depth_limit=-1 lb_depth_limit=-1 terminal_all_tardy_spt=1 terminal_edd_at_most_one_tardy=1 enable_memo=1 enable_exact_memo=1 memo_full_key_verification=1 memo_memory_limit_mb=12288 cost=2023842 time_ms=3.3058 nodes=485 max_depth=499 memo_hits=21 memo_misses=969 memo_exact_hits=21 memo_lb_hits=0 rule4=1 valid_pos=49397 valid_pos_pruned_3a=0 valid_pos_pruned_3b=0 memo_rejected=0 memo_forced_evict=0 lufo_passes=0 terminal_spt=15 terminal_edd=118 memo_peak=485 memo_final=485 memo_evictions=0 memo_clean_time_ms=0 reconstruction_time_ms=1.3864 reconstruction_repairs=0 reconstruction_trace_hits=318 reconstruction_trace_fallbacks=0 memo_used_mb=0.0999069 memo_bytes_per_entry=216,500,6,D:\test2\results\article_code_comparison\data\500\SDT_500_1_0.8_7.txt,adaptive,custom,0,0,1,1,1,0,0,0,-1,-1,1,1,1,1,1,12288,2023842,,,3.3058,485,499,21,969,21,0,1,49397,0,0,0,0,0,15,118,485,485,0,0,1.3864,0,318,0,0.0999069,216,,,,,,,,,,,,,,,,,,,,,,C:\c++\test2\results\article_code_comparison\raw_results.csv,article_runner_filename_mismatch_R1_expected_1.0
500,1.0,0.8,7,D:\test2\results\article_code_comparison\data\500\SDT_500_1_0.8_8.txt,D:\test2\results\article_code_comparison,generated_by_project_generator,D:\test2\x64\Release\bm_solver.exe,SOLVED,1850348,3.4844,53.21,,,500,129600,1720320,ERROR,,60.358,,,1814528,0.881573,,0.948081,NOT_COMPARABLE_ERROR,,,[run] n=500 seed=7 input=D:\test2\results\article_code_comparison\data\500\SDT_500_1_0.8_8.txt decomp=adaptive memo_backend=custom use_ub=0 use_lb=0 terminal_rules=1 position_filtering_enabled=1 enable_lawler_basic_rules=1 enable_simple_lb=0 enable_lb_memo=0 enable_edd_ub=0 ub_depth_limit=-1 lb_depth_limit=-1 terminal_all_tardy_spt=1 terminal_edd_at_most_one_tardy=1 enable_memo=1 enable_exact_memo=1 memo_full_key_verification=1 memo_memory_limit_mb=12288 cost=1850348 time_ms=3.4844 nodes=600 max_depth=499 memo_hits=50 memo_misses=1199 memo_exact_hits=50 memo_lb_hits=0 rule4=1 valid_pos=39116 valid_pos_pruned_3a=0 valid_pos_pruned_3b=0 memo_rejected=0 memo_forced_evict=0 lufo_passes=0 terminal_spt=5 terminal_edd=168 memo_peak=600 memo_final=600 memo_evictions=0 memo_clean_time_ms=0 reconstruction_time_ms=1.4027 reconstruction_repairs=0 reconstruction_trace_hits=315 reconstruction_trace_fallbacks=0 memo_used_mb=0.123596 memo_bytes_per_entry=216,500,7,D:\test2\results\article_code_comparison\data\500\SDT_500_1_0.8_8.txt,adaptive,custom,0,0,1,1,1,0,0,0,-1,-1,1,1,1,1,1,12288,1850348,,,3.4844,600,499,50,1199,50,0,1,39116,0,0,0,0,0,5,168,600,600,0,0,1.4027,0,315,0,0.123596,216,,,,,,,,,,,,,,,,,,,,,,C:\c++\test2\results\article_code_comparison\raw_results.csv,article_runner_filename_mismatch_R1_expected_1.0
500,1.0,0.8,8,D:\test2\results\article_code_comparison\data\500\SDT_500_1_0.8_9.txt,D:\test2\results\article_code_comparison,generated_by_project_generator,D:\test2\x64\Release\bm_solver.exe,SOLVED,2078709,3.214,63.236,,,500,100872,2166784,ERROR,,60.37,,,1769472,1.047474,,1.224537,NOT_COMPARABLE_ERROR,,,[run] n=500 seed=8 input=D:\test2\results\article_code_comparison\data\500\SDT_500_1_0.8_9.txt decomp=adaptive memo_backend=custom use_ub=0 use_lb=0 terminal_rules=1 position_filtering_enabled=1 enable_lawler_basic_rules=1 enable_simple_lb=0 enable_lb_memo=0 enable_edd_ub=0 ub_depth_limit=-1 lb_depth_limit=-1 terminal_all_tardy_spt=1 terminal_edd_at_most_one_tardy=1 enable_memo=1 enable_exact_memo=1 memo_full_key_verification=1 memo_memory_limit_mb=12288 cost=2078709 time_ms=3.214 nodes=467 max_depth=499 memo_hits=21 memo_misses=933 memo_exact_hits=21 memo_lb_hits=0 rule4=1 valid_pos=35258 valid_pos_pruned_3a=0 valid_pos_pruned_3b=0 memo_rejected=0 memo_forced_evict=0 lufo_passes=0 terminal_spt=7 terminal_edd=130 memo_peak=467 memo_final=467 memo_evictions=0 memo_clean_time_ms=0 reconstruction_time_ms=1.4441 reconstruction_repairs=0 reconstruction_trace_hits=311 reconstruction_trace_fallbacks=0 memo_used_mb=0.096199 memo_bytes_per_entry=216,500,8,D:\test2\results\article_code_comparison\data\500\SDT_500_1_0.8_9.txt,adaptive,custom,0,0,1,1,1,0,0,0,-1,-1,1,1,1,1,1,12288,2078709,,,3.214,467,499,21,933,21,0,1,35258,0,0,0,0,0,7,130,467,467,0,0,1.4441,0,311,0,0.096199,216,,,,,,,,,,,,,,,,,,,,,,C:\c++\test2\results\article_code_comparison\raw_results.csv,article_runner_filename_mismatch_R1_expected_1.0
500,1.0,0.8,9,D:\test2\results\article_code_comparison\data\500\SDT_500_1_0.8_10.txt,D:\test2\results\article_code_comparison,generated_by_project_generator,D:\test2\x64\Release\bm_solver.exe,SOLVED,1935075,3.3571,62.969,,,500,106704,2170880,ERROR,,60.211,,,1802240,1.045806,,1.204545,NOT_COMPARABLE_ERROR,,,[run] n=500 seed=9 input=D:\test2\results\article_code_comparison\data\500\SDT_500_1_0.8_10.txt decomp=adaptive memo_backend=custom use_ub=0 use_lb=0 terminal_rules=1 position_filtering_enabled=1 enable_lawler_basic_rules=1 enable_simple_lb=0 enable_lb_memo=0 enable_edd_ub=0 ub_depth_limit=-1 lb_depth_limit=-1 terminal_all_tardy_spt=1 terminal_edd_at_most_one_tardy=1 enable_memo=1 enable_exact_memo=1 memo_full_key_verification=1 memo_memory_limit_mb=12288 cost=1935075 time_ms=3.3571 nodes=494 max_depth=499 memo_hits=26 memo_misses=987 memo_exact_hits=26 memo_lb_hits=0 rule4=1 valid_pos=51027 valid_pos_pruned_3a=0 valid_pos_pruned_3b=0 memo_rejected=0 memo_forced_evict=0 lufo_passes=0 terminal_spt=6 terminal_edd=131 memo_peak=494 memo_final=494 memo_evictions=0 memo_clean_time_ms=0 reconstruction_time_ms=1.337 reconstruction_repairs=0 reconstruction_trace_hits=312 reconstruction_trace_fallbacks=0 memo_used_mb=0.101761 memo_bytes_per_entry=216,500,9,D:\test2\results\article_code_comparison\data\500\SDT_500_1_0.8_10.txt,adaptive,custom,0,0,1,1,1,0,0,0,-1,-1,1,1,1,1,1,12288,1935075,,,3.3571,494,499,26,987,26,0,1,51027,0,0,0,0,0,6,131,494,494,0,0,1.337,0,312,0,0.101761,216,,,,,,,,,,,,,,,,,,,,,,C:\c++\test2\results\article_code_comparison\raw_results.csv,article_runner_filename_mismatch_R1_expected_1.0
600,1.0,0.2,0,D:\test2\results\article_code_comparison\data\600\SDT_600_1_0.2_1.txt,D:\test2\results\article_code_comparison,generated_by_project_generator,D:\test2\x64\Release\bm_solver.exe,SOLVED,0,0.0142,63.217,,,600,152,2154496,ERROR,,60.138,,,1814528,1.051199,,1.187359,NOT_COMPARABLE_ERROR,,,[run] n=600 seed=0 input=D:\test2\results\article_code_comparison\data\600\SDT_600_1_0.2_1.txt decomp=adaptive memo_backend=custom use_ub=0 use_lb=0 terminal_rules=1 position_filtering_enabled=1 enable_lawler_basic_rules=1 enable_simple_lb=0 enable_lb_memo=0 enable_edd_ub=0 ub_depth_limit=-1 lb_depth_limit=-1 terminal_all_tardy_spt=1 terminal_edd_at_most_one_tardy=1 enable_memo=1 enable_exact_memo=1 memo_full_key_verification=1 memo_memory_limit_mb=12288 cost=0 time_ms=0.0142 nodes=1 max_depth=0 memo_hits=0 memo_misses=1 memo_exact_hits=0 memo_lb_hits=0 rule4=1 valid_pos=0 valid_pos_pruned_3a=0 valid_pos_pruned_3b=0 memo_rejected=0 memo_forced_evict=0 lufo_passes=0 terminal_spt=0 terminal_edd=1 memo_peak=1 memo_final=1 memo_evictions=0 memo_clean_time_ms=0 reconstruction_time_ms=0.1043 reconstruction_repairs=0 reconstruction_trace_hits=0 reconstruction_trace_fallbacks=0 memo_used_mb=0.000144958 memo_bytes_per_entry=152,600,0,D:\test2\results\article_code_comparison\data\600\SDT_600_1_0.2_1.txt,adaptive,custom,0,0,1,1,1,0,0,0,-1,-1,1,1,1,1,1,12288,0,,,0.0142,1,0,0,1,0,0,1,0,0,0,0,0,0,0,1,1,1,0,0,0.1043,0,0,0,0.000144958,152,,,,,,,,,,,,,,,,,,,,,,C:\c++\test2\results\article_code_comparison\raw_results.csv,article_runner_filename_mismatch_R1_expected_1.0
600,1.0,0.2,1,D:\test2\results\article_code_comparison\data\600\SDT_600_1_0.2_2.txt,D:\test2\results\article_code_comparison,generated_by_project_generator,D:\test2\x64\Release\bm_solver.exe,SOLVED,0,0.0147,62.127,,,600,152,1781760,ERROR,,60.239,,,1855488,1.031342,,0.960265,NOT_COMPARABLE_ERROR,,,[run] n=600 seed=1 input=D:\test2\results\article_code_comparison\data\600\SDT_600_1_0.2_2.txt decomp=adaptive memo_backend=custom use_ub=0 use_lb=0 terminal_rules=1 position_filtering_enabled=1 enable_lawler_basic_rules=1 enable_simple_lb=0 enable_lb_memo=0 enable_edd_ub=0 ub_depth_limit=-1 lb_depth_limit=-1 terminal_all_tardy_spt=1 terminal_edd_at_most_one_tardy=1 enable_memo=1 enable_exact_memo=1 memo_full_key_verification=1 memo_memory_limit_mb=12288 cost=0 time_ms=0.0147 nodes=1 max_depth=0 memo_hits=0 memo_misses=1 memo_exact_hits=0 memo_lb_hits=0 rule4=1 valid_pos=0 valid_pos_pruned_3a=0 valid_pos_pruned_3b=0 memo_rejected=0 memo_forced_evict=0 lufo_passes=0 terminal_spt=0 terminal_edd=1 memo_peak=1 memo_final=1 memo_evictions=0 memo_clean_time_ms=0 reconstruction_time_ms=0.0936 reconstruction_repairs=0 reconstruction_trace_hits=0 reconstruction_trace_fallbacks=0 memo_used_mb=0.000144958 memo_bytes_per_entry=152,600,1,D:\test2\results\article_code_comparison\data\600\SDT_600_1_0.2_2.txt,adaptive,custom,0,0,1,1,1,0,0,0,-1,-1,1,1,1,1,1,12288,0,,,0.0147,1,0,0,1,0,0,1,0,0,0,0,0,0,0,1,1,1,0,0,0.0936,0,0,0,0.000144958,152,,,,,,,,,,,,,,,,,,,,,,C:\c++\test2\results\article_code_comparison\raw_results.csv,article_runner_filename_mismatch_R1_expected_1.0
600,1.0,0.2,2,D:\test2\results\article_code_comparison\data\600\SDT_600_1_0.2_3.txt,D:\test2\results\article_code_comparison,generated_by_project_generator,D:\test2\x64\Release\bm_solver.exe,SOLVED,0,0.0157,63.275,,,600,152,2326528,ERROR,,60.133,,,1794048,1.052251,,1.296804,NOT_COMPARABLE_ERROR,,,[run] n=600 seed=2 input=D:\test2\results\article_code_comparison\data\600\SDT_600_1_0.2_3.txt decomp=adaptive memo_backend=custom use_ub=0 use_lb=0 terminal_rules=1 position_filtering_enabled=1 enable_lawler_basic_rules=1 enable_simple_lb=0 enable_lb_memo=0 enable_edd_ub=0 ub_depth_limit=-1 lb_depth_limit=-1 terminal_all_tardy_spt=1 terminal_edd_at_most_one_tardy=1 enable_memo=1 enable_exact_memo=1 memo_full_key_verification=1 memo_memory_limit_mb=12288 cost=0 time_ms=0.0157 nodes=1 max_depth=0 memo_hits=0 memo_misses=1 memo_exact_hits=0 memo_lb_hits=0 rule4=1 valid_pos=0 valid_pos_pruned_3a=0 valid_pos_pruned_3b=0 memo_rejected=0 memo_forced_evict=0 lufo_passes=0 terminal_spt=0 terminal_edd=1 memo_peak=1 memo_final=1 memo_evictions=0 memo_clean_time_ms=0 reconstruction_time_ms=0.0951 reconstruction_repairs=0 reconstruction_trace_hits=0 reconstruction_trace_fallbacks=0 memo_used_mb=0.000144958 memo_bytes_per_entry=152,600,2,D:\test2\results\article_code_comparison\data\600\SDT_600_1_0.2_3.txt,adaptive,custom,0,0,1,1,1,0,0,0,-1,-1,1,1,1,1,1,12288,0,,,0.0157,1,0,0,1,0,0,1,0,0,0,0,0,0,0,1,1,1,0,0,0.0951,0,0,0,0.000144958,152,,,,,,,,,,,,,,,,,,,,,,C:\c++\test2\results\article_code_comparison\raw_results.csv,article_runner_filename_mismatch_R1_expected_1.0
600,1.0,0.2,3,D:\test2\results\article_code_comparison\data\600\SDT_600_1_0.2_4.txt,D:\test2\results\article_code_comparison,generated_by_project_generator,D:\test2\x64\Release\bm_solver.exe,SOLVED,0,0.0136,62.738,,,600,152,2367488,ERROR,,60.253,,,1835008,1.041243,,1.290179,NOT_COMPARABLE_ERROR,,,[run] n=600 seed=3 input=D:\test2\results\article_code_comparison\data\600\SDT_600_1_0.2_4.txt decomp=adaptive memo_backend=custom use_ub=0 use_lb=0 terminal_rules=1 position_filtering_enabled=1 enable_lawler_basic_rules=1 enable_simple_lb=0 enable_lb_memo=0 enable_edd_ub=0 ub_depth_limit=-1 lb_depth_limit=-1 terminal_all_tardy_spt=1 terminal_edd_at_most_one_tardy=1 enable_memo=1 enable_exact_memo=1 memo_full_key_verification=1 memo_memory_limit_mb=12288 cost=0 time_ms=0.0136 nodes=1 max_depth=0 memo_hits=0 memo_misses=1 memo_exact_hits=0 memo_lb_hits=0 rule4=1 valid_pos=0 valid_pos_pruned_3a=0 valid_pos_pruned_3b=0 memo_rejected=0 memo_forced_evict=0 lufo_passes=0 terminal_spt=0 terminal_edd=1 memo_peak=1 memo_final=1 memo_evictions=0 memo_clean_time_ms=0 reconstruction_time_ms=0.0942 reconstruction_repairs=0 reconstruction_trace_hits=0 reconstruction_trace_fallbacks=0 memo_used_mb=0.000144958 memo_bytes_per_entry=152,600,3,D:\test2\results\article_code_comparison\data\600\SDT_600_1_0.2_4.txt,adaptive,custom,0,0,1,1,1,0,0,0,-1,-1,1,1,1,1,1,12288,0,,,0.0136,1,0,0,1,0,0,1,0,0,0,0,0,0,0,1,1,1,0,0,0.0942,0,0,0,0.000144958,152,,,,,,,,,,,,,,,,,,,,,,C:\c++\test2\results\article_code_comparison\raw_results.csv,article_runner_filename_mismatch_R1_expected_1.0
600,1.0,0.2,4,D:\test2\results\article_code_comparison\data\600\SDT_600_1_0.2_5.txt,D:\test2\results\article_code_comparison,generated_by_project_generator,D:\test2\x64\Release\bm_solver.exe,SOLVED,0,0.0138,63.408,,,600,152,2338816,ERROR,,60.083,,,1761280,1.05534,,1.327907,NOT_COMPARABLE_ERROR,,,[run] n=600 seed=4 input=D:\test2\results\article_code_comparison\data\600\SDT_600_1_0.2_5.txt decomp=adaptive memo_backend=custom use_ub=0 use_lb=0 terminal_rules=1 position_filtering_enabled=1 enable_lawler_basic_rules=1 enable_simple_lb=0 enable_lb_memo=0 enable_edd_ub=0 ub_depth_limit=-1 lb_depth_limit=-1 terminal_all_tardy_spt=1 terminal_edd_at_most_one_tardy=1 enable_memo=1 enable_exact_memo=1 memo_full_key_verification=1 memo_memory_limit_mb=12288 cost=0 time_ms=0.0138 nodes=1 max_depth=0 memo_hits=0 memo_misses=1 memo_exact_hits=0 memo_lb_hits=0 rule4=1 valid_pos=0 valid_pos_pruned_3a=0 valid_pos_pruned_3b=0 memo_rejected=0 memo_forced_evict=0 lufo_passes=0 terminal_spt=0 terminal_edd=1 memo_peak=1 memo_final=1 memo_evictions=0 memo_clean_time_ms=0 reconstruction_time_ms=0.0948 reconstruction_repairs=0 reconstruction_trace_hits=0 reconstruction_trace_fallbacks=0 memo_used_mb=0.000144958 memo_bytes_per_entry=152,600,4,D:\test2\results\article_code_comparison\data\600\SDT_600_1_0.2_5.txt,adaptive,custom,0,0,1,1,1,0,0,0,-1,-1,1,1,1,1,1,12288,0,,,0.0138,1,0,0,1,0,0,1,0,0,0,0,0,0,0,1,1,1,0,0,0.0948,0,0,0,0.000144958,152,,,,,,,,,,,,,,,,,,,,,,C:\c++\test2\results\article_code_comparison\raw_results.csv,article_runner_filename_mismatch_R1_expected_1.0
600,1.0,0.2,5,D:\test2\results\article_code_comparison\data\600\SDT_600_1_0.2_6.txt,D:\test2\results\article_code_comparison,generated_by_project_generator,D:\test2\x64\Release\bm_solver.exe,SOLVED,0,0.0136,63.206,,,600,152,2355200,ERROR,,60.172,,,1798144,1.050422,,1.309795,NOT_COMPARABLE_ERROR,,,[run] n=600 seed=5 input=D:\test2\results\article_code_comparison\data\600\SDT_600_1_0.2_6.txt decomp=adaptive memo_backend=custom use_ub=0 use_lb=0 terminal_rules=1 position_filtering_enabled=1 enable_lawler_basic_rules=1 enable_simple_lb=0 enable_lb_memo=0 enable_edd_ub=0 ub_depth_limit=-1 lb_depth_limit=-1 terminal_all_tardy_spt=1 terminal_edd_at_most_one_tardy=1 enable_memo=1 enable_exact_memo=1 memo_full_key_verification=1 memo_memory_limit_mb=12288 cost=0 time_ms=0.0136 nodes=1 max_depth=0 memo_hits=0 memo_misses=1 memo_exact_hits=0 memo_lb_hits=0 rule4=1 valid_pos=0 valid_pos_pruned_3a=0 valid_pos_pruned_3b=0 memo_rejected=0 memo_forced_evict=0 lufo_passes=0 terminal_spt=0 terminal_edd=1 memo_peak=1 memo_final=1 memo_evictions=0 memo_clean_time_ms=0 reconstruction_time_ms=0.0951 reconstruction_repairs=0 reconstruction_trace_hits=0 reconstruction_trace_fallbacks=0 memo_used_mb=0.000144958 memo_bytes_per_entry=152,600,5,D:\test2\results\article_code_comparison\data\600\SDT_600_1_0.2_6.txt,adaptive,custom,0,0,1,1,1,0,0,0,-1,-1,1,1,1,1,1,12288,0,,,0.0136,1,0,0,1,0,0,1,0,0,0,0,0,0,0,1,1,1,0,0,0.0951,0,0,0,0.000144958,152,,,,,,,,,,,,,,,,,,,,,,C:\c++\test2\results\article_code_comparison\raw_results.csv,article_runner_filename_mismatch_R1_expected_1.0
600,1.0,0.2,6,D:\test2\results\article_code_comparison\data\600\SDT_600_1_0.2_7.txt,D:\test2\results\article_code_comparison,generated_by_project_generator,D:\test2\x64\Release\bm_solver.exe,SOLVED,0,0.0139,62.447,,,600,152,1806336,ERROR,,60.338,,,1781760,1.034953,,1.013793,NOT_COMPARABLE_ERROR,,,[run] n=600 seed=6 input=D:\test2\results\article_code_comparison\data\600\SDT_600_1_0.2_7.txt decomp=adaptive memo_backend=custom use_ub=0 use_lb=0 terminal_rules=1 position_filtering_enabled=1 enable_lawler_basic_rules=1 enable_simple_lb=0 enable_lb_memo=0 enable_edd_ub=0 ub_depth_limit=-1 lb_depth_limit=-1 terminal_all_tardy_spt=1 terminal_edd_at_most_one_tardy=1 enable_memo=1 enable_exact_memo=1 memo_full_key_verification=1 memo_memory_limit_mb=12288 cost=0 time_ms=0.0139 nodes=1 max_depth=0 memo_hits=0 memo_misses=1 memo_exact_hits=0 memo_lb_hits=0 rule4=1 valid_pos=0 valid_pos_pruned_3a=0 valid_pos_pruned_3b=0 memo_rejected=0 memo_forced_evict=0 lufo_passes=0 terminal_spt=0 terminal_edd=1 memo_peak=1 memo_final=1 memo_evictions=0 memo_clean_time_ms=0 reconstruction_time_ms=0.0933 reconstruction_repairs=0 reconstruction_trace_hits=0 reconstruction_trace_fallbacks=0 memo_used_mb=0.000144958 memo_bytes_per_entry=152,600,6,D:\test2\results\article_code_comparison\data\600\SDT_600_1_0.2_7.txt,adaptive,custom,0,0,1,1,1,0,0,0,-1,-1,1,1,1,1,1,12288,0,,,0.0139,1,0,0,1,0,0,1,0,0,0,0,0,0,0,1,1,1,0,0,0.0933,0,0,0,0.000144958,152,,,,,,,,,,,,,,,,,,,,,,C:\c++\test2\results\article_code_comparison\raw_results.csv,article_runner_filename_mismatch_R1_expected_1.0
600,1.0,0.2,7,D:\test2\results\article_code_comparison\data\600\SDT_600_1_0.2_8.txt,D:\test2\results\article_code_comparison,generated_by_project_generator,D:\test2\x64\Release\bm_solver.exe,SOLVED,0,0.0153,63.181,,,600,152,2154496,ERROR,,60.348,,,1814528,1.046944,,1.187359,NOT_COMPARABLE_ERROR,,,[run] n=600 seed=7 input=D:\test2\results\article_code_comparison\data\600\SDT_600_1_0.2_8.txt decomp=adaptive memo_backend=custom use_ub=0 use_lb=0 terminal_rules=1 position_filtering_enabled=1 enable_lawler_basic_rules=1 enable_simple_lb=0 enable_lb_memo=0 enable_edd_ub=0 ub_depth_limit=-1 lb_depth_limit=-1 terminal_all_tardy_spt=1 terminal_edd_at_most_one_tardy=1 enable_memo=1 enable_exact_memo=1 memo_full_key_verification=1 memo_memory_limit_mb=12288 cost=0 time_ms=0.0153 nodes=1 max_depth=0 memo_hits=0 memo_misses=1 memo_exact_hits=0 memo_lb_hits=0 rule4=1 valid_pos=0 valid_pos_pruned_3a=0 valid_pos_pruned_3b=0 memo_rejected=0 memo_forced_evict=0 lufo_passes=0 terminal_spt=0 terminal_edd=1 memo_peak=1 memo_final=1 memo_evictions=0 memo_clean_time_ms=0 reconstruction_time_ms=0.0934 reconstruction_repairs=0 reconstruction_trace_hits=0 reconstruction_trace_fallbacks=0 memo_used_mb=0.000144958 memo_bytes_per_entry=152,600,7,D:\test2\results\article_code_comparison\data\600\SDT_600_1_0.2_8.txt,adaptive,custom,0,0,1,1,1,0,0,0,-1,-1,1,1,1,1,1,12288,0,,,0.0153,1,0,0,1,0,0,1,0,0,0,0,0,0,0,1,1,1,0,0,0.0934,0,0,0,0.000144958,152,,,,,,,,,,,,,,,,,,,,,,C:\c++\test2\results\article_code_comparison\raw_results.csv,article_runner_filename_mismatch_R1_expected_1.0
600,1.0,0.2,8,D:\test2\results\article_code_comparison\data\600\SDT_600_1_0.2_9.txt,D:\test2\results\article_code_comparison,generated_by_project_generator,D:\test2\x64\Release\bm_solver.exe,SOLVED,0,0.0143,63.235,,,600,152,2154496,ERROR,,60.348,,,1814528,1.047839,,1.187359,NOT_COMPARABLE_ERROR,,,[run] n=600 seed=8 input=D:\test2\results\article_code_comparison\data\600\SDT_600_1_0.2_9.txt decomp=adaptive memo_backend=custom use_ub=0 use_lb=0 terminal_rules=1 position_filtering_enabled=1 enable_lawler_basic_rules=1 enable_simple_lb=0 enable_lb_memo=0 enable_edd_ub=0 ub_depth_limit=-1 lb_depth_limit=-1 terminal_all_tardy_spt=1 terminal_edd_at_most_one_tardy=1 enable_memo=1 enable_exact_memo=1 memo_full_key_verification=1 memo_memory_limit_mb=12288 cost=0 time_ms=0.0143 nodes=1 max_depth=0 memo_hits=0 memo_misses=1 memo_exact_hits=0 memo_lb_hits=0 rule4=1 valid_pos=0 valid_pos_pruned_3a=0 valid_pos_pruned_3b=0 memo_rejected=0 memo_forced_evict=0 lufo_passes=0 terminal_spt=0 terminal_edd=1 memo_peak=1 memo_final=1 memo_evictions=0 memo_clean_time_ms=0 reconstruction_time_ms=0.1143 reconstruction_repairs=0 reconstruction_trace_hits=0 reconstruction_trace_fallbacks=0 memo_used_mb=0.000144958 memo_bytes_per_entry=152,600,8,D:\test2\results\article_code_comparison\data\600\SDT_600_1_0.2_9.txt,adaptive,custom,0,0,1,1,1,0,0,0,-1,-1,1,1,1,1,1,12288,0,,,0.0143,1,0,0,1,0,0,1,0,0,0,0,0,0,0,1,1,1,0,0,0.1143,0,0,0,0.000144958,152,,,,,,,,,,,,,,,,,,,,,,C:\c++\test2\results\article_code_comparison\raw_results.csv,article_runner_filename_mismatch_R1_expected_1.0
600,1.0,0.2,9,D:\test2\results\article_code_comparison\data\600\SDT_600_1_0.2_10.txt,D:\test2\results\article_code_comparison,generated_by_project_generator,D:\test2\x64\Release\bm_solver.exe,SOLVED,0,0.0136,63.286,,,600,152,2203648,ERROR,,59.829,,,1814528,1.057781,,1.214447,NOT_COMPARABLE_ERROR,,,[run] n=600 seed=9 input=D:\test2\results\article_code_comparison\data\600\SDT_600_1_0.2_10.txt decomp=adaptive memo_backend=custom use_ub=0 use_lb=0 terminal_rules=1 position_filtering_enabled=1 enable_lawler_basic_rules=1 enable_simple_lb=0 enable_lb_memo=0 enable_edd_ub=0 ub_depth_limit=-1 lb_depth_limit=-1 terminal_all_tardy_spt=1 terminal_edd_at_most_one_tardy=1 enable_memo=1 enable_exact_memo=1 memo_full_key_verification=1 memo_memory_limit_mb=12288 cost=0 time_ms=0.0136 nodes=1 max_depth=0 memo_hits=0 memo_misses=1 memo_exact_hits=0 memo_lb_hits=0 rule4=1 valid_pos=0 valid_pos_pruned_3a=0 valid_pos_pruned_3b=0 memo_rejected=0 memo_forced_evict=0 lufo_passes=0 terminal_spt=0 terminal_edd=1 memo_peak=1 memo_final=1 memo_evictions=0 memo_clean_time_ms=0 reconstruction_time_ms=0.0936 reconstruction_repairs=0 reconstruction_trace_hits=0 reconstruction_trace_fallbacks=0 memo_used_mb=0.000144958 memo_bytes_per_entry=152,600,9,D:\test2\results\article_code_comparison\data\600\SDT_600_1_0.2_10.txt,adaptive,custom,0,0,1,1,1,0,0,0,-1,-1,1,1,1,1,1,12288,0,,,0.0136,1,0,0,1,0,0,1,0,0,0,0,0,0,0,1,1,1,0,0,0.0936,0,0,0,0.000144958,152,,,,,,,,,,,,,,,,,,,,,,C:\c++\test2\results\article_code_comparison\raw_results.csv,article_runner_filename_mismatch_R1_expected_1.0
600,1.0,0.4,0,D:\test2\results\article_code_comparison\data\600\SDT_600_1_0.4_1.txt,D:\test2\results\article_code_comparison,generated_by_project_generator,D:\test2\x64\Release\bm_solver.exe,SOLVED,0,0.0145,63.401,,,600,152,2314240,ERROR,,60.173,,,1814528,1.053645,,1.275395,NOT_COMPARABLE_ERROR,,,[run] n=600 seed=0 input=D:\test2\results\article_code_comparison\data\600\SDT_600_1_0.4_1.txt decomp=adaptive memo_backend=custom use_ub=0 use_lb=0 terminal_rules=1 position_filtering_enabled=1 enable_lawler_basic_rules=1 enable_simple_lb=0 enable_lb_memo=0 enable_edd_ub=0 ub_depth_limit=-1 lb_depth_limit=-1 terminal_all_tardy_spt=1 terminal_edd_at_most_one_tardy=1 enable_memo=1 enable_exact_memo=1 memo_full_key_verification=1 memo_memory_limit_mb=12288 cost=0 time_ms=0.0145 nodes=1 max_depth=0 memo_hits=0 memo_misses=1 memo_exact_hits=0 memo_lb_hits=0 rule4=1 valid_pos=0 valid_pos_pruned_3a=0 valid_pos_pruned_3b=0 memo_rejected=0 memo_forced_evict=0 lufo_passes=0 terminal_spt=0 terminal_edd=1 memo_peak=1 memo_final=1 memo_evictions=0 memo_clean_time_ms=0 reconstruction_time_ms=0.093 reconstruction_repairs=0 reconstruction_trace_hits=0 reconstruction_trace_fallbacks=0 memo_used_mb=0.000144958 memo_bytes_per_entry=152,600,0,D:\test2\results\article_code_comparison\data\600\SDT_600_1_0.4_1.txt,adaptive,custom,0,0,1,1,1,0,0,0,-1,-1,1,1,1,1,1,12288,0,,,0.0145,1,0,0,1,0,0,1,0,0,0,0,0,0,0,1,1,1,0,0,0.093,0,0,0,0.000144958,152,,,,,,,,,,,,,,,,,,,,,,C:\c++\test2\results\article_code_comparison\raw_results.csv,article_runner_filename_mismatch_R1_expected_1.0
600,1.0,0.4,1,D:\test2\results\article_code_comparison\data\600\SDT_600_1_0.4_2.txt,D:\test2\results\article_code_comparison,generated_by_project_generator,D:\test2\x64\Release\bm_solver.exe,SOLVED,0,0.0136,63.19,,,600,152,2170880,ERROR,,60.067,,,1814528,1.051992,,1.196388,NOT_COMPARABLE_ERROR,,,[run] n=600 seed=1 input=D:\test2\results\article_code_comparison\data\600\SDT_600_1_0.4_2.txt decomp=adaptive memo_backend=custom use_ub=0 use_lb=0 terminal_rules=1 position_filtering_enabled=1 enable_lawler_basic_rules=1 enable_simple_lb=0 enable_lb_memo=0 enable_edd_ub=0 ub_depth_limit=-1 lb_depth_limit=-1 terminal_all_tardy_spt=1 terminal_edd_at_most_one_tardy=1 enable_memo=1 enable_exact_memo=1 memo_full_key_verification=1 memo_memory_limit_mb=12288 cost=0 time_ms=0.0136 nodes=1 max_depth=0 memo_hits=0 memo_misses=1 memo_exact_hits=0 memo_lb_hits=0 rule4=1 valid_pos=0 valid_pos_pruned_3a=0 valid_pos_pruned_3b=0 memo_rejected=0 memo_forced_evict=0 lufo_passes=0 terminal_spt=0 terminal_edd=1 memo_peak=1 memo_final=1 memo_evictions=0 memo_clean_time_ms=0 reconstruction_time_ms=0.093 reconstruction_repairs=0 reconstruction_trace_hits=0 reconstruction_trace_fallbacks=0 memo_used_mb=0.000144958 memo_bytes_per_entry=152,600,1,D:\test2\results\article_code_comparison\data\600\SDT_600_1_0.4_2.txt,adaptive,custom,0,0,1,1,1,0,0,0,-1,-1,1,1,1,1,1,12288,0,,,0.0136,1,0,0,1,0,0,1,0,0,0,0,0,0,0,1,1,1,0,0,0.093,0,0,0,0.000144958,152,,,,,,,,,,,,,,,,,,,,,,C:\c++\test2\results\article_code_comparison\raw_results.csv,article_runner_filename_mismatch_R1_expected_1.0
600,1.0,0.4,2,D:\test2\results\article_code_comparison\data\600\SDT_600_1_0.4_3.txt,D:\test2\results\article_code_comparison,generated_by_project_generator,D:\test2\x64\Release\bm_solver.exe,SOLVED,0,0.0145,63.326,,,600,152,2117632,ERROR,,60.266,,,1814528,1.050775,,1.167043,NOT_COMPARABLE_ERROR,,,[run] n=600 seed=2 input=D:\test2\results\article_code_comparison\data\600\SDT_600_1_0.4_3.txt decomp=adaptive memo_backend=custom use_ub=0 use_lb=0 terminal_rules=1 position_filtering_enabled=1 enable_lawler_basic_rules=1 enable_simple_lb=0 enable_lb_memo=0 enable_edd_ub=0 ub_depth_limit=-1 lb_depth_limit=-1 terminal_all_tardy_spt=1 terminal_edd_at_most_one_tardy=1 enable_memo=1 enable_exact_memo=1 memo_full_key_verification=1 memo_memory_limit_mb=12288 cost=0 time_ms=0.0145 nodes=1 max_depth=0 memo_hits=0 memo_misses=1 memo_exact_hits=0 memo_lb_hits=0 rule4=1 valid_pos=0 valid_pos_pruned_3a=0 valid_pos_pruned_3b=0 memo_rejected=0 memo_forced_evict=0 lufo_passes=0 terminal_spt=0 terminal_edd=1 memo_peak=1 memo_final=1 memo_evictions=0 memo_clean_time_ms=0 reconstruction_time_ms=0.0957 reconstruction_repairs=0 reconstruction_trace_hits=0 reconstruction_trace_fallbacks=0 memo_used_mb=0.000144958 memo_bytes_per_entry=152,600,2,D:\test2\results\article_code_comparison\data\600\SDT_600_1_0.4_3.txt,adaptive,custom,0,0,1,1,1,0,0,0,-1,-1,1,1,1,1,1,12288,0,,,0.0145,1,0,0,1,0,0,1,0,0,0,0,0,0,0,1,1,1,0,0,0.0957,0,0,0,0.000144958,152,,,,,,,,,,,,,,,,,,,,,,C:\c++\test2\results\article_code_comparison\raw_results.csv,article_runner_filename_mismatch_R1_expected_1.0
600,1.0,0.4,3,D:\test2\results\article_code_comparison\data\600\SDT_600_1_0.4_4.txt,D:\test2\results\article_code_comparison,generated_by_project_generator,D:\test2\x64\Release\bm_solver.exe,SOLVED,0,0.0147,63.015,,,600,152,2371584,ERROR,,59.983,,,1781760,1.050548,,1.331034,NOT_COMPARABLE_ERROR,,,[run] n=600 seed=3 input=D:\test2\results\article_code_comparison\data\600\SDT_600_1_0.4_4.txt decomp=adaptive memo_backend=custom use_ub=0 use_lb=0 terminal_rules=1 position_filtering_enabled=1 enable_lawler_basic_rules=1 enable_simple_lb=0 enable_lb_memo=0 enable_edd_ub=0 ub_depth_limit=-1 lb_depth_limit=-1 terminal_all_tardy_spt=1 terminal_edd_at_most_one_tardy=1 enable_memo=1 enable_exact_memo=1 memo_full_key_verification=1 memo_memory_limit_mb=12288 cost=0 time_ms=0.0147 nodes=1 max_depth=0 memo_hits=0 memo_misses=1 memo_exact_hits=0 memo_lb_hits=0 rule4=1 valid_pos=0 valid_pos_pruned_3a=0 valid_pos_pruned_3b=0 memo_rejected=0 memo_forced_evict=0 lufo_passes=0 terminal_spt=0 terminal_edd=1 memo_peak=1 memo_final=1 memo_evictions=0 memo_clean_time_ms=0 reconstruction_time_ms=0.0948 reconstruction_repairs=0 reconstruction_trace_hits=0 reconstruction_trace_fallbacks=0 memo_used_mb=0.000144958 memo_bytes_per_entry=152,600,3,D:\test2\results\article_code_comparison\data\600\SDT_600_1_0.4_4.txt,adaptive,custom,0,0,1,1,1,0,0,0,-1,-1,1,1,1,1,1,12288,0,,,0.0147,1,0,0,1,0,0,1,0,0,0,0,0,0,0,1,1,1,0,0,0.0948,0,0,0,0.000144958,152,,,,,,,,,,,,,,,,,,,,,,C:\c++\test2\results\article_code_comparison\raw_results.csv,article_runner_filename_mismatch_R1_expected_1.0
600,1.0,0.4,4,D:\test2\results\article_code_comparison\data\600\SDT_600_1_0.4_5.txt,D:\test2\results\article_code_comparison,generated_by_project_generator,D:\test2\x64\Release\bm_solver.exe,SOLVED,0,0.0147,63.185,,,600,152,2342912,ERROR,,60.105,,,1814528,1.051244,,1.291196,NOT_COMPARABLE_ERROR,,,[run] n=600 seed=4 input=D:\test2\results\article_code_comparison\data\600\SDT_600_1_0.4_5.txt decomp=adaptive memo_backend=custom use_ub=0 use_lb=0 terminal_rules=1 position_filtering_enabled=1 enable_lawler_basic_rules=1 enable_simple_lb=0 enable_lb_memo=0 enable_edd_ub=0 ub_depth_limit=-1 lb_depth_limit=-1 terminal_all_tardy_spt=1 terminal_edd_at_most_one_tardy=1 enable_memo=1 enable_exact_memo=1 memo_full_key_verification=1 memo_memory_limit_mb=12288 cost=0 time_ms=0.0147 nodes=1 max_depth=0 memo_hits=0 memo_misses=1 memo_exact_hits=0 memo_lb_hits=0 rule4=1 valid_pos=0 valid_pos_pruned_3a=0 valid_pos_pruned_3b=0 memo_rejected=0 memo_forced_evict=0 lufo_passes=0 terminal_spt=0 terminal_edd=1 memo_peak=1 memo_final=1 memo_evictions=0 memo_clean_time_ms=0 reconstruction_time_ms=0.1122 reconstruction_repairs=0 reconstruction_trace_hits=0 reconstruction_trace_fallbacks=0 memo_used_mb=0.000144958 memo_bytes_per_entry=152,600,4,D:\test2\results\article_code_comparison\data\600\SDT_600_1_0.4_5.txt,adaptive,custom,0,0,1,1,1,0,0,0,-1,-1,1,1,1,1,1,12288,0,,,0.0147,1,0,0,1,0,0,1,0,0,0,0,0,0,0,1,1,1,0,0,0.1122,0,0,0,0.000144958,152,,,,,,,,,,,,,,,,,,,,,,C:\c++\test2\results\article_code_comparison\raw_results.csv,article_runner_filename_mismatch_R1_expected_1.0
600,1.0,0.4,5,D:\test2\results\article_code_comparison\data\600\SDT_600_1_0.4_6.txt,D:\test2\results\article_code_comparison,generated_by_project_generator,D:\test2\x64\Release\bm_solver.exe,SOLVED,0,0.0138,62.229,,,600,152,1777664,ERROR,,60.187,,,1814528,1.033928,,0.979684,NOT_COMPARABLE_ERROR,,,[run] n=600 seed=5 input=D:\test2\results\article_code_comparison\data\600\SDT_600_1_0.4_6.txt decomp=adaptive memo_backend=custom use_ub=0 use_lb=0 terminal_rules=1 position_filtering_enabled=1 enable_lawler_basic_rules=1 enable_simple_lb=0 enable_lb_memo=0 enable_edd_ub=0 ub_depth_limit=-1 lb_depth_limit=-1 terminal_all_tardy_spt=1 terminal_edd_at_most_one_tardy=1 enable_memo=1 enable_exact_memo=1 memo_full_key_verification=1 memo_memory_limit_mb=12288 cost=0 time_ms=0.0138 nodes=1 max_depth=0 memo_hits=0 memo_misses=1 memo_exact_hits=0 memo_lb_hits=0 rule4=1 valid_pos=0 valid_pos_pruned_3a=0 valid_pos_pruned_3b=0 memo_rejected=0 memo_forced_evict=0 lufo_passes=0 terminal_spt=0 terminal_edd=1 memo_peak=1 memo_final=1 memo_evictions=0 memo_clean_time_ms=0 reconstruction_time_ms=0.0964 reconstruction_repairs=0 reconstruction_trace_hits=0 reconstruction_trace_fallbacks=0 memo_used_mb=0.000144958 memo_bytes_per_entry=152,600,5,D:\test2\results\article_code_comparison\data\600\SDT_600_1_0.4_6.txt,adaptive,custom,0,0,1,1,1,0,0,0,-1,-1,1,1,1,1,1,12288,0,,,0.0138,1,0,0,1,0,0,1,0,0,0,0,0,0,0,1,1,1,0,0,0.0964,0,0,0,0.000144958,152,,,,,,,,,,,,,,,,,,,,,,C:\c++\test2\results\article_code_comparison\raw_results.csv,article_runner_filename_mismatch_R1_expected_1.0
600,1.0,0.4,6,D:\test2\results\article_code_comparison\data\600\SDT_600_1_0.4_7.txt,D:\test2\results\article_code_comparison,generated_by_project_generator,D:\test2\x64\Release\bm_solver.exe,SOLVED,0,0.0138,62.813,,,600,152,2072576,ERROR,,60.214,,,1785856,1.043163,,1.16055,NOT_COMPARABLE_ERROR,,,[run] n=600 seed=6 input=D:\test2\results\article_code_comparison\data\600\SDT_600_1_0.4_7.txt decomp=adaptive memo_backend=custom use_ub=0 use_lb=0 terminal_rules=1 position_filtering_enabled=1 enable_lawler_basic_rules=1 enable_simple_lb=0 enable_lb_memo=0 enable_edd_ub=0 ub_depth_limit=-1 lb_depth_limit=-1 terminal_all_tardy_spt=1 terminal_edd_at_most_one_tardy=1 enable_memo=1 enable_exact_memo=1 memo_full_key_verification=1 memo_memory_limit_mb=12288 cost=0 time_ms=0.0138 nodes=1 max_depth=0 memo_hits=0 memo_misses=1 memo_exact_hits=0 memo_lb_hits=0 rule4=1 valid_pos=0 valid_pos_pruned_3a=0 valid_pos_pruned_3b=0 memo_rejected=0 memo_forced_evict=0 lufo_passes=0 terminal_spt=0 terminal_edd=1 memo_peak=1 memo_final=1 memo_evictions=0 memo_clean_time_ms=0 reconstruction_time_ms=0.0918 reconstruction_repairs=0 reconstruction_trace_hits=0 reconstruction_trace_fallbacks=0 memo_used_mb=0.000144958 memo_bytes_per_entry=152,600,6,D:\test2\results\article_code_comparison\data\600\SDT_600_1_0.4_7.txt,adaptive,custom,0,0,1,1,1,0,0,0,-1,-1,1,1,1,1,1,12288,0,,,0.0138,1,0,0,1,0,0,1,0,0,0,0,0,0,0,1,1,1,0,0,0.0918,0,0,0,0.000144958,152,,,,,,,,,,,,,,,,,,,,,,C:\c++\test2\results\article_code_comparison\raw_results.csv,article_runner_filename_mismatch_R1_expected_1.0
600,1.0,0.4,7,D:\test2\results\article_code_comparison\data\600\SDT_600_1_0.4_8.txt,D:\test2\results\article_code_comparison,generated_by_project_generator,D:\test2\x64\Release\bm_solver.exe,SOLVED,0,0.0134,63.386,,,600,152,2170880,ERROR,,60.287,,,1814528,1.051404,,1.196388,NOT_COMPARABLE_ERROR,,,[run] n=600 seed=7 input=D:\test2\results\article_code_comparison\data\600\SDT_600_1_0.4_8.txt decomp=adaptive memo_backend=custom use_ub=0 use_lb=0 terminal_rules=1 position_filtering_enabled=1 enable_lawler_basic_rules=1 enable_simple_lb=0 enable_lb_memo=0 enable_edd_ub=0 ub_depth_limit=-1 lb_depth_limit=-1 terminal_all_tardy_spt=1 terminal_edd_at_most_one_tardy=1 enable_memo=1 enable_exact_memo=1 memo_full_key_verification=1 memo_memory_limit_mb=12288 cost=0 time_ms=0.0134 nodes=1 max_depth=0 memo_hits=0 memo_misses=1 memo_exact_hits=0 memo_lb_hits=0 rule4=1 valid_pos=0 valid_pos_pruned_3a=0 valid_pos_pruned_3b=0 memo_rejected=0 memo_forced_evict=0 lufo_passes=0 terminal_spt=0 terminal_edd=1 memo_peak=1 memo_final=1 memo_evictions=0 memo_clean_time_ms=0 reconstruction_time_ms=0.0928 reconstruction_repairs=0 reconstruction_trace_hits=0 reconstruction_trace_fallbacks=0 memo_used_mb=0.000144958 memo_bytes_per_entry=152,600,7,D:\test2\results\article_code_comparison\data\600\SDT_600_1_0.4_8.txt,adaptive,custom,0,0,1,1,1,0,0,0,-1,-1,1,1,1,1,1,12288,0,,,0.0134,1,0,0,1,0,0,1,0,0,0,0,0,0,0,1,1,1,0,0,0.0928,0,0,0,0.000144958,152,,,,,,,,,,,,,,,,,,,,,,C:\c++\test2\results\article_code_comparison\raw_results.csv,article_runner_filename_mismatch_R1_expected_1.0
600,1.0,0.4,8,D:\test2\results\article_code_comparison\data\600\SDT_600_1_0.4_9.txt,D:\test2\results\article_code_comparison,generated_by_project_generator,D:\test2\x64\Release\bm_solver.exe,SOLVED,0,0.0138,63.146,,,600,152,2195456,ERROR,,60.151,,,1818624,1.049791,,1.207207,NOT_COMPARABLE_ERROR,,,[run] n=600 seed=8 input=D:\test2\results\article_code_comparison\data\600\SDT_600_1_0.4_9.txt decomp=adaptive memo_backend=custom use_ub=0 use_lb=0 terminal_rules=1 position_filtering_enabled=1 enable_lawler_basic_rules=1 enable_simple_lb=0 enable_lb_memo=0 enable_edd_ub=0 ub_depth_limit=-1 lb_depth_limit=-1 terminal_all_tardy_spt=1 terminal_edd_at_most_one_tardy=1 enable_memo=1 enable_exact_memo=1 memo_full_key_verification=1 memo_memory_limit_mb=12288 cost=0 time_ms=0.0138 nodes=1 max_depth=0 memo_hits=0 memo_misses=1 memo_exact_hits=0 memo_lb_hits=0 rule4=1 valid_pos=0 valid_pos_pruned_3a=0 valid_pos_pruned_3b=0 memo_rejected=0 memo_forced_evict=0 lufo_passes=0 terminal_spt=0 terminal_edd=1 memo_peak=1 memo_final=1 memo_evictions=0 memo_clean_time_ms=0 reconstruction_time_ms=0.098 reconstruction_repairs=0 reconstruction_trace_hits=0 reconstruction_trace_fallbacks=0 memo_used_mb=0.000144958 memo_bytes_per_entry=152,600,8,D:\test2\results\article_code_comparison\data\600\SDT_600_1_0.4_9.txt,adaptive,custom,0,0,1,1,1,0,0,0,-1,-1,1,1,1,1,1,12288,0,,,0.0138,1,0,0,1,0,0,1,0,0,0,0,0,0,0,1,1,1,0,0,0.098,0,0,0,0.000144958,152,,,,,,,,,,,,,,,,,,,,,,C:\c++\test2\results\article_code_comparison\raw_results.csv,article_runner_filename_mismatch_R1_expected_1.0
600,1.0,0.4,9,D:\test2\results\article_code_comparison\data\600\SDT_600_1_0.4_10.txt,D:\test2\results\article_code_comparison,generated_by_project_generator,D:\test2\x64\Release\bm_solver.exe,SOLVED,0,0.0147,62.977,,,600,152,2162688,ERROR,,60.092,,,1798144,1.04801,,1.202733,NOT_COMPARABLE_ERROR,,,[run] n=600 seed=9 input=D:\test2\results\article_code_comparison\data\600\SDT_600_1_0.4_10.txt decomp=adaptive memo_backend=custom use_ub=0 use_lb=0 terminal_rules=1 position_filtering_enabled=1 enable_lawler_basic_rules=1 enable_simple_lb=0 enable_lb_memo=0 enable_edd_ub=0 ub_depth_limit=-1 lb_depth_limit=-1 terminal_all_tardy_spt=1 terminal_edd_at_most_one_tardy=1 enable_memo=1 enable_exact_memo=1 memo_full_key_verification=1 memo_memory_limit_mb=12288 cost=0 time_ms=0.0147 nodes=1 max_depth=0 memo_hits=0 memo_misses=1 memo_exact_hits=0 memo_lb_hits=0 rule4=1 valid_pos=0 valid_pos_pruned_3a=0 valid_pos_pruned_3b=0 memo_rejected=0 memo_forced_evict=0 lufo_passes=0 terminal_spt=0 terminal_edd=1 memo_peak=1 memo_final=1 memo_evictions=0 memo_clean_time_ms=0 reconstruction_time_ms=0.095 reconstruction_repairs=0 reconstruction_trace_hits=0 reconstruction_trace_fallbacks=0 memo_used_mb=0.000144958 memo_bytes_per_entry=152,600,9,D:\test2\results\article_code_comparison\data\600\SDT_600_1_0.4_10.txt,adaptive,custom,0,0,1,1,1,0,0,0,-1,-1,1,1,1,1,1,12288,0,,,0.0147,1,0,0,1,0,0,1,0,0,0,0,0,0,0,1,1,1,0,0,0.095,0,0,0,0.000144958,152,,,,,,,,,,,,,,,,,,,,,,C:\c++\test2\results\article_code_comparison\raw_results.csv,article_runner_filename_mismatch_R1_expected_1.0
600,1.0,0.6,0,D:\test2\results\article_code_comparison\data\600\SDT_600_1_0.6_1.txt,D:\test2\results\article_code_comparison,generated_by_project_generator,D:\test2\x64\Release\bm_solver.exe,SOLVED,732498,26.186,62.708,,,600,2285434,2318336,ERROR,,60.391,,,1765376,1.038367,,1.313225,NOT_COMPARABLE_ERROR,,,[run] n=600 seed=0 input=D:\test2\results\article_code_comparison\data\600\SDT_600_1_0.6_1.txt decomp=adaptive memo_backend=custom use_ub=0 use_lb=0 terminal_rules=1 position_filtering_enabled=1 enable_lawler_basic_rules=1 enable_simple_lb=0 enable_lb_memo=0 enable_edd_ub=0 ub_depth_limit=-1 lb_depth_limit=-1 terminal_all_tardy_spt=1 terminal_edd_at_most_one_tardy=1 enable_memo=1 enable_exact_memo=1 memo_full_key_verification=1 memo_memory_limit_mb=12288 cost=732498 time_ms=26.186 nodes=9851 max_depth=599 memo_hits=2474 memo_misses=19701 memo_exact_hits=2474 memo_lb_hits=0 rule4=1 valid_pos=244888 valid_pos_pruned_3a=0 valid_pos_pruned_3b=0 memo_rejected=0 memo_forced_evict=0 lufo_passes=0 terminal_spt=48 terminal_edd=2162 memo_peak=9851 memo_final=9851 memo_evictions=0 memo_clean_time_ms=0 reconstruction_time_ms=1.4846 reconstruction_repairs=0 reconstruction_trace_hits=370 reconstruction_trace_fallbacks=0 memo_used_mb=2.17956 memo_bytes_per_entry=232,600,0,D:\test2\results\article_code_comparison\data\600\SDT_600_1_0.6_1.txt,adaptive,custom,0,0,1,1,1,0,0,0,-1,-1,1,1,1,1,1,12288,732498,,,26.186,9851,599,2474,19701,2474,0,1,244888,0,0,0,0,0,48,2162,9851,9851,0,0,1.4846,0,370,0,2.17956,232,,,,,,,,,,,,,,,,,,,,,,C:\c++\test2\results\article_code_comparison\raw_results.csv,article_runner_filename_mismatch_R1_expected_1.0
600,1.0,0.6,1,D:\test2\results\article_code_comparison\data\600\SDT_600_1_0.6_2.txt,D:\test2\results\article_code_comparison,generated_by_project_generator,D:\test2\x64\Release\bm_solver.exe,SOLVED,779542,14.8431,62.887,,,600,1406151,2351104,ERROR,,60.21,,,1773568,1.044461,,1.325635,NOT_COMPARABLE_ERROR,,,[run] n=600 seed=1 input=D:\test2\results\article_code_comparison\data\600\SDT_600_1_0.6_2.txt decomp=adaptive memo_backend=custom use_ub=0 use_lb=0 terminal_rules=1 position_filtering_enabled=1 enable_lawler_basic_rules=1 enable_simple_lb=0 enable_lb_memo=0 enable_edd_ub=0 ub_depth_limit=-1 lb_depth_limit=-1 terminal_all_tardy_spt=1 terminal_edd_at_most_one_tardy=1 enable_memo=1 enable_exact_memo=1 memo_full_key_verification=1 memo_memory_limit_mb=12288 cost=779542 time_ms=14.8431 nodes=6061 max_depth=599 memo_hits=2107 memo_misses=12121 memo_exact_hits=2107 memo_lb_hits=0 rule4=1 valid_pos=136636 valid_pos_pruned_3a=0 valid_pos_pruned_3b=0 memo_rejected=0 memo_forced_evict=0 lufo_passes=0 terminal_spt=92 terminal_edd=1351 memo_peak=6061 memo_final=6061 memo_evictions=0 memo_clean_time_ms=0 reconstruction_time_ms=1.1262 reconstruction_repairs=0 reconstruction_trace_hits=324 reconstruction_trace_fallbacks=0 memo_used_mb=1.34101 memo_bytes_per_entry=232,600,1,D:\test2\results\article_code_comparison\data\600\SDT_600_1_0.6_2.txt,adaptive,custom,0,0,1,1,1,0,0,0,-1,-1,1,1,1,1,1,12288,779542,,,14.8431,6061,599,2107,12121,2107,0,1,136636,0,0,0,0,0,92,1351,6061,6061,0,0,1.1262,0,324,0,1.34101,232,,,,,,,,,,,,,,,,,,,,,,C:\c++\test2\results\article_code_comparison\raw_results.csv,article_runner_filename_mismatch_R1_expected_1.0
600,1.0,0.6,2,D:\test2\results\article_code_comparison\data\600\SDT_600_1_0.6_3.txt,D:\test2\results\article_code_comparison,generated_by_project_generator,D:\test2\x64\Release\bm_solver.exe,SOLVED,967728,11.7018,63.09,,,600,920808,2224128,ERROR,,60.334,,,1880064,1.045679,,1.183007,NOT_COMPARABLE_ERROR,,,[run] n=600 seed=2 input=D:\test2\results\article_code_comparison\data\600\SDT_600_1_0.6_3.txt decomp=adaptive memo_backend=custom use_ub=0 use_lb=0 terminal_rules=1 position_filtering_enabled=1 enable_lawler_basic_rules=1 enable_simple_lb=0 enable_lb_memo=0 enable_edd_ub=0 ub_depth_limit=-1 lb_depth_limit=-1 terminal_all_tardy_spt=1 terminal_edd_at_most_one_tardy=1 enable_memo=1 enable_exact_memo=1 memo_full_key_verification=1 memo_memory_limit_mb=12288 cost=967728 time_ms=11.7018 nodes=3969 max_depth=599 memo_hits=1685 memo_misses=7937 memo_exact_hits=1685 memo_lb_hits=0 rule4=1 valid_pos=92354 valid_pos_pruned_3a=0 valid_pos_pruned_3b=0 memo_rejected=0 memo_forced_evict=0 lufo_passes=0 terminal_spt=21 terminal_edd=874 memo_peak=3969 memo_final=3969 memo_evictions=0 memo_clean_time_ms=0 reconstruction_time_ms=1.0707 reconstruction_repairs=0 reconstruction_trace_hits=323 reconstruction_trace_fallbacks=0 memo_used_mb=0.878151 memo_bytes_per_entry=232,600,2,D:\test2\results\article_code_comparison\data\600\SDT_600_1_0.6_3.txt,adaptive,custom,0,0,1,1,1,0,0,0,-1,-1,1,1,1,1,1,12288,967728,,,11.7018,3969,599,1685,7937,1685,0,1,92354,0,0,0,0,0,21,874,3969,3969,0,0,1.0707,0,323,0,0.878151,232,,,,,,,,,,,,,,,,,,,,,,C:\c++\test2\results\article_code_comparison\raw_results.csv,article_runner_filename_mismatch_R1_expected_1.0
600,1.0,0.6,3,D:\test2\results\article_code_comparison\data\600\SDT_600_1_0.6_4.txt,D:\test2\results\article_code_comparison,generated_by_project_generator,D:\test2\x64\Release\bm_solver.exe,SOLVED,674250,14.0429,63.124,,,600,1398727,2224128,ERROR,,59.909,,,1855488,1.053665,,1.198675,NOT_COMPARABLE_ERROR,,,[run] n=600 seed=3 input=D:\test2\results\article_code_comparison\data\600\SDT_600_1_0.6_4.txt decomp=adaptive memo_backend=custom use_ub=0 use_lb=0 terminal_rules=1 position_filtering_enabled=1 enable_lawler_basic_rules=1 enable_simple_lb=0 enable_lb_memo=0 enable_edd_ub=0 ub_depth_limit=-1 lb_depth_limit=-1 terminal_all_tardy_spt=1 terminal_edd_at_most_one_tardy=1 enable_memo=1 enable_exact_memo=1 memo_full_key_verification=1 memo_memory_limit_mb=12288 cost=674250 time_ms=14.0429 nodes=6029 max_depth=599 memo_hits=1683 memo_misses=12057 memo_exact_hits=1683 memo_lb_hits=0 rule4=1 valid_pos=124116 valid_pos_pruned_3a=0 valid_pos_pruned_3b=0 memo_rejected=0 memo_forced_evict=0 lufo_passes=0 terminal_spt=49 terminal_edd=1371 memo_peak=6029 memo_final=6029 memo_evictions=0 memo_clean_time_ms=0 reconstruction_time_ms=1.1056 reconstruction_repairs=0 reconstruction_trace_hits=352 reconstruction_trace_fallbacks=0 memo_used_mb=1.33393 memo_bytes_per_entry=232,600,3,D:\test2\results\article_code_comparison\data\600\SDT_600_1_0.6_4.txt,adaptive,custom,0,0,1,1,1,0,0,0,-1,-1,1,1,1,1,1,12288,674250,,,14.0429,6029,599,1683,12057,1683,0,1,124116,0,0,0,0,0,49,1371,6029,6029,0,0,1.1056,0,352,0,1.33393,232,,,,,,,,,,,,,,,,,,,,,,C:\c++\test2\results\article_code_comparison\raw_results.csv,article_runner_filename_mismatch_R1_expected_1.0
600,1.0,0.6,4,D:\test2\results\article_code_comparison\data\600\SDT_600_1_0.6_5.txt,D:\test2\results\article_code_comparison,generated_by_project_generator,D:\test2\x64\Release\bm_solver.exe,SOLVED,1068360,3.6809,63.478,,,600,242904,2142208,ERROR,,59.967,,,1818624,1.058549,,1.177928,NOT_COMPARABLE_ERROR,,,[run] n=600 seed=4 input=D:\test2\results\article_code_comparison\data\600\SDT_600_1_0.6_5.txt decomp=adaptive memo_backend=custom use_ub=0 use_lb=0 terminal_rules=1 position_filtering_enabled=1 enable_lawler_basic_rules=1 enable_simple_lb=0 enable_lb_memo=0 enable_edd_ub=0 ub_depth_limit=-1 lb_depth_limit=-1 terminal_all_tardy_spt=1 terminal_edd_at_most_one_tardy=1 enable_memo=1 enable_exact_memo=1 memo_full_key_verification=1 memo_memory_limit_mb=12288 cost=1068360 time_ms=3.6809 nodes=1047 max_depth=599 memo_hits=214 memo_misses=2093 memo_exact_hits=214 memo_lb_hits=0 rule4=1 valid_pos=28005 valid_pos_pruned_3a=0 valid_pos_pruned_3b=0 memo_rejected=0 memo_forced_evict=0 lufo_passes=0 terminal_spt=5 terminal_edd=321 memo_peak=1047 memo_final=1047 memo_evictions=0 memo_clean_time_ms=0 reconstruction_time_ms=1.2791 reconstruction_repairs=0 reconstruction_trace_hits=320 reconstruction_trace_fallbacks=0 memo_used_mb=0.231651 memo_bytes_per_entry=232,600,4,D:\test2\results\article_code_comparison\data\600\SDT_600_1_0.6_5.txt,adaptive,custom,0,0,1,1,1,0,0,0,-1,-1,1,1,1,1,1,12288,1068360,,,3.6809,1047,599,214,2093,214,0,1,28005,0,0,0,0,0,5,321,1047,1047,0,0,1.2791,0,320,0,0.231651,232,,,,,,,,,,,,,,,,,,,,,,C:\c++\test2\results\article_code_comparison\raw_results.csv,article_runner_filename_mismatch_R1_expected_1.0
600,1.0,0.6,5,D:\test2\results\article_code_comparison\data\600\SDT_600_1_0.6_6.txt,D:\test2\results\article_code_comparison,generated_by_project_generator,D:\test2\x64\Release\bm_solver.exe,SOLVED,786841,5.9316,63.221,,,600,436856,2162688,ERROR,,60.31,,,1814528,1.048267,,1.191874,NOT_COMPARABLE_ERROR,,,[run] n=600 seed=5 input=D:\test2\results\article_code_comparison\data\600\SDT_600_1_0.6_6.txt decomp=adaptive memo_backend=custom use_ub=0 use_lb=0 terminal_rules=1 position_filtering_enabled=1 enable_lawler_basic_rules=1 enable_simple_lb=0 enable_lb_memo=0 enable_edd_ub=0 ub_depth_limit=-1 lb_depth_limit=-1 terminal_all_tardy_spt=1 terminal_edd_at_most_one_tardy=1 enable_memo=1 enable_exact_memo=1 memo_full_key_verification=1 memo_memory_limit_mb=12288 cost=786841 time_ms=5.9316 nodes=1883 max_depth=599 memo_hits=446 memo_misses=3765 memo_exact_hits=446 memo_lb_hits=0 rule4=1 valid_pos=45593 valid_pos_pruned_3a=0 valid_pos_pruned_3b=0 memo_rejected=0 memo_forced_evict=0 lufo_passes=0 terminal_spt=15 terminal_edd=533 memo_peak=1883 memo_final=1883 memo_evictions=0 memo_clean_time_ms=0 reconstruction_time_ms=1.1296 reconstruction_repairs=0 reconstruction_trace_hits=331 reconstruction_trace_fallbacks=0 memo_used_mb=0.416618 memo_bytes_per_entry=232,600,5,D:\test2\results\article_code_comparison\data\600\SDT_600_1_0.6_6.txt,adaptive,custom,0,0,1,1,1,0,0,0,-1,-1,1,1,1,1,1,12288,786841,,,5.9316,1883,599,446,3765,446,0,1,45593,0,0,0,0,0,15,533,1883,1883,0,0,1.1296,0,331,0,0.416618,232,,,,,,,,,,,,,,,,,,,,,,C:\c++\test2\results\article_code_comparison\raw_results.csv,article_runner_filename_mismatch_R1_expected_1.0
600,1.0,0.6,6,D:\test2\results\article_code_comparison\data\600\SDT_600_1_0.6_7.txt,D:\test2\results\article_code_comparison,generated_by_project_generator,D:\test2\x64\Release\bm_solver.exe,SOLVED,901724,5.1202,62.872,,,600,440800,2342912,ERROR,,60.163,,,1814528,1.045028,,1.291196,NOT_COMPARABLE_ERROR,,,[run] n=600 seed=6 input=D:\test2\results\article_code_comparison\data\600\SDT_600_1_0.6_7.txt decomp=adaptive memo_backend=custom use_ub=0 use_lb=0 terminal_rules=1 position_filtering_enabled=1 enable_lawler_basic_rules=1 enable_simple_lb=0 enable_lb_memo=0 enable_edd_ub=0 ub_depth_limit=-1 lb_depth_limit=-1 terminal_all_tardy_spt=1 terminal_edd_at_most_one_tardy=1 enable_memo=1 enable_exact_memo=1 memo_full_key_verification=1 memo_memory_limit_mb=12288 cost=901724 time_ms=5.1202 nodes=1900 max_depth=599 memo_hits=460 memo_misses=3799 memo_exact_hits=460 memo_lb_hits=0 rule4=1 valid_pos=49091 valid_pos_pruned_3a=0 valid_pos_pruned_3b=0 memo_rejected=0 memo_forced_evict=0 lufo_passes=0 terminal_spt=18 terminal_edd=487 memo_peak=1900 memo_final=1900 memo_evictions=0 memo_clean_time_ms=0 reconstruction_time_ms=1.1837 reconstruction_repairs=0 reconstruction_trace_hits=343 reconstruction_trace_fallbacks=0 memo_used_mb=0.42038 memo_bytes_per_entry=232,600,6,D:\test2\results\article_code_comparison\data\600\SDT_600_1_0.6_7.txt,adaptive,custom,0,0,1,1,1,0,0,0,-1,-1,1,1,1,1,1,12288,901724,,,5.1202,1900,599,460,3799,460,0,1,49091,0,0,0,0,0,18,487,1900,1900,0,0,1.1837,0,343,0,0.42038,232,,,,,,,,,,,,,,,,,,,,,,C:\c++\test2\results\article_code_comparison\raw_results.csv,article_runner_filename_mismatch_R1_expected_1.0
600,1.0,0.6,7,D:\test2\results\article_code_comparison\data\600\SDT_600_1_0.6_8.txt,D:\test2\results\article_code_comparison,generated_by_project_generator,D:\test2\x64\Release\bm_solver.exe,SOLVED,951912,4.236,63.051,,,600,289768,2281472,ERROR,,60.307,,,1789952,1.045501,,1.2746,NOT_COMPARABLE_ERROR,,,[run] n=600 seed=7 input=D:\test2\results\article_code_comparison\data\600\SDT_600_1_0.6_8.txt decomp=adaptive memo_backend=custom use_ub=0 use_lb=0 terminal_rules=1 position_filtering_enabled=1 enable_lawler_basic_rules=1 enable_simple_lb=0 enable_lb_memo=0 enable_edd_ub=0 ub_depth_limit=-1 lb_depth_limit=-1 terminal_all_tardy_spt=1 terminal_edd_at_most_one_tardy=1 enable_memo=1 enable_exact_memo=1 memo_full_key_verification=1 memo_memory_limit_mb=12288 cost=951912 time_ms=4.236 nodes=1249 max_depth=599 memo_hits=277 memo_misses=2497 memo_exact_hits=277 memo_lb_hits=0 rule4=1 valid_pos=45714 valid_pos_pruned_3a=0 valid_pos_pruned_3b=0 memo_rejected=0 memo_forced_evict=0 lufo_passes=0 terminal_spt=12 terminal_edd=365 memo_peak=1249 memo_final=1249 memo_evictions=0 memo_clean_time_ms=0 reconstruction_time_ms=1.1543 reconstruction_repairs=0 reconstruction_trace_hits=318 reconstruction_trace_fallbacks=0 memo_used_mb=0.276344 memo_bytes_per_entry=232,600,7,D:\test2\results\article_code_comparison\data\600\SDT_600_1_0.6_8.txt,adaptive,custom,0,0,1,1,1,0,0,0,-1,-1,1,1,1,1,1,12288,951912,,,4.236,1249,599,277,2497,277,0,1,45714,0,0,0,0,0,12,365,1249,1249,0,0,1.1543,0,318,0,0.276344,232,,,,,,,,,,,,,,,,,,,,,,C:\c++\test2\results\article_code_comparison\raw_results.csv,article_runner_filename_mismatch_R1_expected_1.0
600,1.0,0.6,8,D:\test2\results\article_code_comparison\data\600\SDT_600_1_0.6_9.txt,D:\test2\results\article_code_comparison,generated_by_project_generator,D:\test2\x64\Release\bm_solver.exe,SOLVED,1098376,4.8444,63.231,,,600,405072,2273280,ERROR,,60.215,,,1814528,1.050087,,1.252822,NOT_COMPARABLE_ERROR,,,[run] n=600 seed=8 input=D:\test2\results\article_code_comparison\data\600\SDT_600_1_0.6_9.txt decomp=adaptive memo_backend=custom use_ub=0 use_lb=0 terminal_rules=1 position_filtering_enabled=1 enable_lawler_basic_rules=1 enable_simple_lb=0 enable_lb_memo=0 enable_edd_ub=0 ub_depth_limit=-1 lb_depth_limit=-1 terminal_all_tardy_spt=1 terminal_edd_at_most_one_tardy=1 enable_memo=1 enable_exact_memo=1 memo_full_key_verification=1 memo_memory_limit_mb=12288 cost=1098376 time_ms=4.8444 nodes=1746 max_depth=599 memo_hits=239 memo_misses=3491 memo_exact_hits=239 memo_lb_hits=0 rule4=1 valid_pos=51170 valid_pos_pruned_3a=0 valid_pos_pruned_3b=0 memo_rejected=0 memo_forced_evict=0 lufo_passes=0 terminal_spt=42 terminal_edd=507 memo_peak=1746 memo_final=1746 memo_evictions=0 memo_clean_time_ms=0 reconstruction_time_ms=1.231 reconstruction_repairs=0 reconstruction_trace_hits=328 reconstruction_trace_fallbacks=0 memo_used_mb=0.386307 memo_bytes_per_entry=232,600,8,D:\test2\results\article_code_comparison\data\600\SDT_600_1_0.6_9.txt,adaptive,custom,0,0,1,1,1,0,0,0,-1,-1,1,1,1,1,1,12288,1098376,,,4.8444,1746,599,239,3491,239,0,1,51170,0,0,0,0,0,42,507,1746,1746,0,0,1.231,0,328,0,0.386307,232,,,,,,,,,,,,,,,,,,,,,,C:\c++\test2\results\article_code_comparison\raw_results.csv,article_runner_filename_mismatch_R1_expected_1.0
600,1.0,0.6,9,D:\test2\results\article_code_comparison\data\600\SDT_600_1_0.6_10.txt,D:\test2\results\article_code_comparison,generated_by_project_generator,D:\test2\x64\Release\bm_solver.exe,SOLVED,897007,3.7103,62.853,,,600,292552,2019328,ERROR,,60.092,,,1785856,1.045946,,1.130734,NOT_COMPARABLE_ERROR,,,[run] n=600 seed=9 input=D:\test2\results\article_code_comparison\data\600\SDT_600_1_0.6_10.txt decomp=adaptive memo_backend=custom use_ub=0 use_lb=0 terminal_rules=1 position_filtering_enabled=1 enable_lawler_basic_rules=1 enable_simple_lb=0 enable_lb_memo=0 enable_edd_ub=0 ub_depth_limit=-1 lb_depth_limit=-1 terminal_all_tardy_spt=1 terminal_edd_at_most_one_tardy=1 enable_memo=1 enable_exact_memo=1 memo_full_key_verification=1 memo_memory_limit_mb=12288 cost=897007 time_ms=3.7103 nodes=1261 max_depth=599 memo_hits=367 memo_misses=2521 memo_exact_hits=367 memo_lb_hits=0 rule4=1 valid_pos=45714 valid_pos_pruned_3a=0 valid_pos_pruned_3b=0 memo_rejected=0 memo_forced_evict=0 lufo_passes=0 terminal_spt=19 terminal_edd=409 memo_peak=1261 memo_final=1261 memo_evictions=0 memo_clean_time_ms=0 reconstruction_time_ms=1.0643 reconstruction_repairs=0 reconstruction_trace_hits=273 reconstruction_trace_fallbacks=0 memo_used_mb=0.278999 memo_bytes_per_entry=232,600,9,D:\test2\results\article_code_comparison\data\600\SDT_600_1_0.6_10.txt,adaptive,custom,0,0,1,1,1,0,0,0,-1,-1,1,1,1,1,1,12288,897007,,,3.7103,1261,599,367,2521,367,0,1,45714,0,0,0,0,0,19,409,1261,1261,0,0,1.0643,0,273,0,0.278999,232,,,,,,,,,,,,,,,,,,,,,,C:\c++\test2\results\article_code_comparison\raw_results.csv,article_runner_filename_mismatch_R1_expected_1.0
600,1.0,0.8,0,D:\test2\results\article_code_comparison\data\600\SDT_600_1_0.8_1.txt,D:\test2\results\article_code_comparison,generated_by_project_generator,D:\test2\x64\Release\bm_solver.exe,SOLVED,2658946,4.5474,63.013,,,600,173768,2215936,ERROR,,60.215,,,1810432,1.046467,,1.223982,NOT_COMPARABLE_ERROR,,,[run] n=600 seed=0 input=D:\test2\results\article_code_comparison\data\600\SDT_600_1_0.8_1.txt decomp=adaptive memo_backend=custom use_ub=0 use_lb=0 terminal_rules=1 position_filtering_enabled=1 enable_lawler_basic_rules=1 enable_simple_lb=0 enable_lb_memo=0 enable_edd_ub=0 ub_depth_limit=-1 lb_depth_limit=-1 terminal_all_tardy_spt=1 terminal_edd_at_most_one_tardy=1 enable_memo=1 enable_exact_memo=1 memo_full_key_verification=1 memo_memory_limit_mb=12288 cost=2658946 time_ms=4.5474 nodes=749 max_depth=599 memo_hits=130 memo_misses=1497 memo_exact_hits=130 memo_lb_hits=0 rule4=1 valid_pos=69572 valid_pos_pruned_3a=0 valid_pos_pruned_3b=0 memo_rejected=0 memo_forced_evict=0 lufo_passes=0 terminal_spt=12 terminal_edd=194 memo_peak=749 memo_final=749 memo_evictions=0 memo_clean_time_ms=0 reconstruction_time_ms=1.8445 reconstruction_repairs=0 reconstruction_trace_hits=387 reconstruction_trace_fallbacks=0 memo_used_mb=0.165718 memo_bytes_per_entry=232,600,0,D:\test2\results\article_code_comparison\data\600\SDT_600_1_0.8_1.txt,adaptive,custom,0,0,1,1,1,0,0,0,-1,-1,1,1,1,1,1,12288,2658946,,,4.5474,749,599,130,1497,130,0,1,69572,0,0,0,0,0,12,194,749,749,0,0,1.8445,0,387,0,0.165718,232,,,,,,,,,,,,,,,,,,,,,,C:\c++\test2\results\article_code_comparison\raw_results.csv,article_runner_filename_mismatch_R1_expected_1.0
600,1.0,0.8,1,D:\test2\results\article_code_comparison\data\600\SDT_600_1_0.8_2.txt,D:\test2\results\article_code_comparison,generated_by_project_generator,D:\test2\x64\Release\bm_solver.exe,SOLVED,2724456,4.6868,62.961,,,600,158920,2248704,ERROR,,59.761,,,1576960,1.053547,,1.425974,NOT_COMPARABLE_ERROR,,,[run] n=600 seed=1 input=D:\test2\results\article_code_comparison\data\600\SDT_600_1_0.8_2.txt decomp=adaptive memo_backend=custom use_ub=0 use_lb=0 terminal_rules=1 position_filtering_enabled=1 enable_lawler_basic_rules=1 enable_simple_lb=0 enable_lb_memo=0 enable_edd_ub=0 ub_depth_limit=-1 lb_depth_limit=-1 terminal_all_tardy_spt=1 terminal_edd_at_most_one_tardy=1 enable_memo=1 enable_exact_memo=1 memo_full_key_verification=1 memo_memory_limit_mb=12288 cost=2724456 time_ms=4.6868 nodes=685 max_depth=599 memo_hits=70 memo_misses=1369 memo_exact_hits=70 memo_lb_hits=0 rule4=1 valid_pos=68229 valid_pos_pruned_3a=0 valid_pos_pruned_3b=0 memo_rejected=0 memo_forced_evict=0 lufo_passes=0 terminal_spt=15 terminal_edd=178 memo_peak=685 memo_final=685 memo_evictions=0 memo_clean_time_ms=0 reconstruction_time_ms=1.8328 reconstruction_repairs=0 reconstruction_trace_hits=367 reconstruction_trace_fallbacks=0 memo_used_mb=0.151558 memo_bytes_per_entry=232,600,1,D:\test2\results\article_code_comparison\data\600\SDT_600_1_0.8_2.txt,adaptive,custom,0,0,1,1,1,0,0,0,-1,-1,1,1,1,1,1,12288,2724456,,,4.6868,685,599,70,1369,70,0,1,68229,0,0,0,0,0,15,178,685,685,0,0,1.8328,0,367,0,0.151558,232,,,,,,,,,,,,,,,,,,,,,,C:\c++\test2\results\article_code_comparison\raw_results.csv,article_runner_filename_mismatch_R1_expected_1.0
600,1.0,0.8,2,D:\test2\results\article_code_comparison\data\600\SDT_600_1_0.8_3.txt,D:\test2\results\article_code_comparison,generated_by_project_generator,D:\test2\x64\Release\bm_solver.exe,SOLVED,2796915,4.2515,62.732,,,600,128992,2396160,ERROR,,59.872,,,1802240,1.047769,,1.329545,NOT_COMPARABLE_ERROR,,,[run] n=600 seed=2 input=D:\test2\results\article_code_comparison\data\600\SDT_600_1_0.8_3.txt decomp=adaptive memo_backend=custom use_ub=0 use_lb=0 terminal_rules=1 position_filtering_enabled=1 enable_lawler_basic_rules=1 enable_simple_lb=0 enable_lb_memo=0 enable_edd_ub=0 ub_depth_limit=-1 lb_depth_limit=-1 terminal_all_tardy_spt=1 terminal_edd_at_most_one_tardy=1 enable_memo=1 enable_exact_memo=1 memo_full_key_verification=1 memo_memory_limit_mb=12288 cost=2796915 time_ms=4.2515 nodes=556 max_depth=599 memo_hits=20 memo_misses=1111 memo_exact_hits=20 memo_lb_hits=0 rule4=1 valid_pos=31455 valid_pos_pruned_3a=0 valid_pos_pruned_3b=0 memo_rejected=0 memo_forced_evict=0 lufo_passes=0 terminal_spt=7 terminal_edd=151 memo_peak=556 memo_final=556 memo_evictions=0 memo_clean_time_ms=0 reconstruction_time_ms=1.962 reconstruction_repairs=0 reconstruction_trace_hits=375 reconstruction_trace_fallbacks=0 memo_used_mb=0.123016 memo_bytes_per_entry=232,600,2,D:\test2\results\article_code_comparison\data\600\SDT_600_1_0.8_3.txt,adaptive,custom,0,0,1,1,1,0,0,0,-1,-1,1,1,1,1,1,12288,2796915,,,4.2515,556,599,20,1111,20,0,1,31455,0,0,0,0,0,7,151,556,556,0,0,1.962,0,375,0,0.123016,232,,,,,,,,,,,,,,,,,,,,,,C:\c++\test2\results\article_code_comparison\raw_results.csv,article_runner_filename_mismatch_R1_expected_1.0
600,1.0,0.8,3,D:\test2\results\article_code_comparison\data\600\SDT_600_1_0.8_4.txt,D:\test2\results\article_code_comparison,generated_by_project_generator,D:\test2\x64\Release\bm_solver.exe,SOLVED,2503909,4.6774,62.395,,,600,170520,2252800,ERROR,,59.911,,,1814528,1.041462,,1.241535,NOT_COMPARABLE_ERROR,,,[run] n=600 seed=3 input=D:\test2\results\article_code_comparison\data\600\SDT_600_1_0.8_4.txt decomp=adaptive memo_backend=custom use_ub=0 use_lb=0 terminal_rules=1 position_filtering_enabled=1 enable_lawler_basic_rules=1 enable_simple_lb=0 enable_lb_memo=0 enable_edd_ub=0 ub_depth_limit=-1 lb_depth_limit=-1 terminal_all_tardy_spt=1 terminal_edd_at_most_one_tardy=1 enable_memo=1 enable_exact_memo=1 memo_full_key_verification=1 memo_memory_limit_mb=12288 cost=2503909 time_ms=4.6774 nodes=735 max_depth=599 memo_hits=51 memo_misses=1469 memo_exact_hits=51 memo_lb_hits=0 rule4=1 valid_pos=55919 valid_pos_pruned_3a=0 valid_pos_pruned_3b=0 memo_rejected=0 memo_forced_evict=0 lufo_passes=0 terminal_spt=9 terminal_edd=203 memo_peak=735 memo_final=735 memo_evictions=0 memo_clean_time_ms=0 reconstruction_time_ms=1.8937 reconstruction_repairs=0 reconstruction_trace_hits=384 reconstruction_trace_fallbacks=0 memo_used_mb=0.162621 memo_bytes_per_entry=232,600,3,D:\test2\results\article_code_comparison\data\600\SDT_600_1_0.8_4.txt,adaptive,custom,0,0,1,1,1,0,0,0,-1,-1,1,1,1,1,1,12288,2503909,,,4.6774,735,599,51,1469,51,0,1,55919,0,0,0,0,0,9,203,735,735,0,0,1.8937,0,384,0,0.162621,232,,,,,,,,,,,,,,,,,,,,,,C:\c++\test2\results\article_code_comparison\raw_results.csv,article_runner_filename_mismatch_R1_expected_1.0
600,1.0,0.8,4,D:\test2\results\article_code_comparison\data\600\SDT_600_1_0.8_5.txt,D:\test2\results\article_code_comparison,generated_by_project_generator,D:\test2\x64\Release\bm_solver.exe,SOLVED,2925944,4.3612,62.987,,,600,151960,2805760,ERROR,,59.828,,,1814528,1.052801,,1.546275,NOT_COMPARABLE_ERROR,,,[run] n=600 seed=4 input=D:\test2\results\article_code_comparison\data\600\SDT_600_1_0.8_5.txt decomp=adaptive memo_backend=custom use_ub=0 use_lb=0 terminal_rules=1 position_filtering_enabled=1 enable_lawler_basic_rules=1 enable_simple_lb=0 enable_lb_memo=0 enable_edd_ub=0 ub_depth_limit=-1 lb_depth_limit=-1 terminal_all_tardy_spt=1 terminal_edd_at_most_one_tardy=1 enable_memo=1 enable_exact_memo=1 memo_full_key_verification=1 memo_memory_limit_mb=12288 cost=2925944 time_ms=4.3612 nodes=655 max_depth=599 memo_hits=41 memo_misses=1309 memo_exact_hits=41 memo_lb_hits=0 rule4=1 valid_pos=57702 valid_pos_pruned_3a=0 valid_pos_pruned_3b=0 memo_rejected=0 memo_forced_evict=0 lufo_passes=0 terminal_spt=11 terminal_edd=166 memo_peak=655 memo_final=655 memo_evictions=0 memo_clean_time_ms=0 reconstruction_time_ms=2.0773 reconstruction_repairs=0 reconstruction_trace_hits=388 reconstruction_trace_fallbacks=0 memo_used_mb=0.14492 memo_bytes_per_entry=232,600,4,D:\test2\results\article_code_comparison\data\600\SDT_600_1_0.8_5.txt,adaptive,custom,0,0,1,1,1,0,0,0,-1,-1,1,1,1,1,1,12288,2925944,,,4.3612,655,599,41,1309,41,0,1,57702,0,0,0,0,0,11,166,655,655,0,0,2.0773,0,388,0,0.14492,232,,,,,,,,,,,,,,,,,,,,,,C:\c++\test2\results\article_code_comparison\raw_results.csv,article_runner_filename_mismatch_R1_expected_1.0
600,1.0,0.8,5,D:\test2\results\article_code_comparison\data\600\SDT_600_1_0.8_6.txt,D:\test2\results\article_code_comparison,generated_by_project_generator,D:\test2\x64\Release\bm_solver.exe,SOLVED,2592338,5.8733,62.832,,,600,190472,2314240,ERROR,,60.087,,,1843200,1.045684,,1.255556,NOT_COMPARABLE_ERROR,,,[run] n=600 seed=5 input=D:\test2\results\article_code_comparison\data\600\SDT_600_1_0.8_6.txt decomp=adaptive memo_backend=custom use_ub=0 use_lb=0 terminal_rules=1 position_filtering_enabled=1 enable_lawler_basic_rules=1 enable_simple_lb=0 enable_lb_memo=0 enable_edd_ub=0 ub_depth_limit=-1 lb_depth_limit=-1 terminal_all_tardy_spt=1 terminal_edd_at_most_one_tardy=1 enable_memo=1 enable_exact_memo=1 memo_full_key_verification=1 memo_memory_limit_mb=12288 cost=2592338 time_ms=5.8733 nodes=821 max_depth=599 memo_hits=146 memo_misses=1641 memo_exact_hits=146 memo_lb_hits=0 rule4=1 valid_pos=76356 valid_pos_pruned_3a=0 valid_pos_pruned_3b=0 memo_rejected=0 memo_forced_evict=0 lufo_passes=0 terminal_spt=9 terminal_edd=203 memo_peak=821 memo_final=821 memo_evictions=0 memo_clean_time_ms=0 reconstruction_time_ms=1.91 reconstruction_repairs=0 reconstruction_trace_hits=376 reconstruction_trace_fallbacks=0 memo_used_mb=0.181648 memo_bytes_per_entry=232,600,5,D:\test2\results\article_code_comparison\data\600\SDT_600_1_0.8_6.txt,adaptive,custom,0,0,1,1,1,0,0,0,-1,-1,1,1,1,1,1,12288,2592338,,,5.8733,821,599,146,1641,146,0,1,76356,0,0,0,0,0,9,203,821,821,0,0,1.91,0,376,0,0.181648,232,,,,,,,,,,,,,,,,,,,,,,C:\c++\test2\results\article_code_comparison\raw_results.csv,article_runner_filename_mismatch_R1_expected_1.0
600,1.0,0.8,6,D:\test2\results\article_code_comparison\data\600\SDT_600_1_0.8_7.txt,D:\test2\results\article_code_comparison,generated_by_project_generator,D:\test2\x64\Release\bm_solver.exe,SOLVED,2675332,4.2374,62.778,,,600,143376,2363392,ERROR,,60.271,,,1875968,1.041595,,1.259825,NOT_COMPARABLE_ERROR,,,[run] n=600 seed=6 input=D:\test2\results\article_code_comparison\data\600\SDT_600_1_0.8_7.txt decomp=adaptive memo_backend=custom use_ub=0 use_lb=0 terminal_rules=1 position_filtering_enabled=1 enable_lawler_basic_rules=1 enable_simple_lb=0 enable_lb_memo=0 enable_edd_ub=0 ub_depth_limit=-1 lb_depth_limit=-1 terminal_all_tardy_spt=1 terminal_edd_at_most_one_tardy=1 enable_memo=1 enable_exact_memo=1 memo_full_key_verification=1 memo_memory_limit_mb=12288 cost=2675332 time_ms=4.2374 nodes=618 max_depth=599 memo_hits=61 memo_misses=1235 memo_exact_hits=61 memo_lb_hits=0 rule4=1 valid_pos=44030 valid_pos_pruned_3a=0 valid_pos_pruned_3b=0 memo_rejected=0 memo_forced_evict=0 lufo_passes=0 terminal_spt=9 terminal_edd=143 memo_peak=618 memo_final=618 memo_evictions=0 memo_clean_time_ms=0 reconstruction_time_ms=1.9583 reconstruction_repairs=0 reconstruction_trace_hits=383 reconstruction_trace_fallbacks=0 memo_used_mb=0.136734 memo_bytes_per_entry=232,600,6,D:\test2\results\article_code_comparison\data\600\SDT_600_1_0.8_7.txt,adaptive,custom,0,0,1,1,1,0,0,0,-1,-1,1,1,1,1,1,12288,2675332,,,4.2374,618,599,61,1235,61,0,1,44030,0,0,0,0,0,9,143,618,618,0,0,1.9583,0,383,0,0.136734,232,,,,,,,,,,,,,,,,,,,,,,C:\c++\test2\results\article_code_comparison\raw_results.csv,article_runner_filename_mismatch_R1_expected_1.0
600,1.0,0.8,7,D:\test2\results\article_code_comparison\data\600\SDT_600_1_0.8_8.txt,D:\test2\results\article_code_comparison,generated_by_project_generator,D:\test2\x64\Release\bm_solver.exe,SOLVED,2643739,4.5584,62.981,,,600,141520,2154496,ERROR,,59.899,,,1875968,1.051453,,1.148472,NOT_COMPARABLE_ERROR,,,[run] n=600 seed=7 input=D:\test2\results\article_code_comparison\data\600\SDT_600_1_0.8_8.txt decomp=adaptive memo_backend=custom use_ub=0 use_lb=0 terminal_rules=1 position_filtering_enabled=1 enable_lawler_basic_rules=1 enable_simple_lb=0 enable_lb_memo=0 enable_edd_ub=0 ub_depth_limit=-1 lb_depth_limit=-1 terminal_all_tardy_spt=1 terminal_edd_at_most_one_tardy=1 enable_memo=1 enable_exact_memo=1 memo_full_key_verification=1 memo_memory_limit_mb=12288 cost=2643739 time_ms=4.5584 nodes=610 max_depth=599 memo_hits=26 memo_misses=1219 memo_exact_hits=26 memo_lb_hits=0 rule4=1 valid_pos=70247 valid_pos_pruned_3a=0 valid_pos_pruned_3b=0 memo_rejected=0 memo_forced_evict=0 lufo_passes=0 terminal_spt=16 terminal_edd=160 memo_peak=610 memo_final=610 memo_evictions=0 memo_clean_time_ms=0 reconstruction_time_ms=1.9843 reconstruction_repairs=0 reconstruction_trace_hits=382 reconstruction_trace_fallbacks=0 memo_used_mb=0.134964 memo_bytes_per_entry=232,600,7,D:\test2\results\article_code_comparison\data\600\SDT_600_1_0.8_8.txt,adaptive,custom,0,0,1,1,1,0,0,0,-1,-1,1,1,1,1,1,12288,2643739,,,4.5584,610,599,26,1219,26,0,1,70247,0,0,0,0,0,16,160,610,610,0,0,1.9843,0,382,0,0.134964,232,,,,,,,,,,,,,,,,,,,,,,C:\c++\test2\results\article_code_comparison\raw_results.csv,article_runner_filename_mismatch_R1_expected_1.0
600,1.0,0.8,8,D:\test2\results\article_code_comparison\data\600\SDT_600_1_0.8_9.txt,D:\test2\results\article_code_comparison,generated_by_project_generator,D:\test2\x64\Release\bm_solver.exe,SOLVED,2873634,4.8259,62.862,,,600,155440,2154496,ERROR,,60.17,,,1814528,1.04474,,1.187359,NOT_COMPARABLE_ERROR,,,[run] n=600 seed=8 input=D:\test2\results\article_code_comparison\data\600\SDT_600_1_0.8_9.txt decomp=adaptive memo_backend=custom use_ub=0 use_lb=0 terminal_rules=1 position_filtering_enabled=1 enable_lawler_basic_rules=1 enable_simple_lb=0 enable_lb_memo=0 enable_edd_ub=0 ub_depth_limit=-1 lb_depth_limit=-1 terminal_all_tardy_spt=1 terminal_edd_at_most_one_tardy=1 enable_memo=1 enable_exact_memo=1 memo_full_key_verification=1 memo_memory_limit_mb=12288 cost=2873634 time_ms=4.8259 nodes=670 max_depth=599 memo_hits=27 memo_misses=1339 memo_exact_hits=27 memo_lb_hits=0 rule4=1 valid_pos=73056 valid_pos_pruned_3a=0 valid_pos_pruned_3b=0 memo_rejected=0 memo_forced_evict=0 lufo_passes=0 terminal_spt=7 terminal_edd=179 memo_peak=670 memo_final=670 memo_evictions=0 memo_clean_time_ms=0 reconstruction_time_ms=2.0092 reconstruction_repairs=0 reconstruction_trace_hits=390 reconstruction_trace_fallbacks=0 memo_used_mb=0.148239 memo_bytes_per_entry=232,600,8,D:\test2\results\article_code_comparison\data\600\SDT_600_1_0.8_9.txt,adaptive,custom,0,0,1,1,1,0,0,0,-1,-1,1,1,1,1,1,12288,2873634,,,4.8259,670,599,27,1339,27,0,1,73056,0,0,0,0,0,7,179,670,670,0,0,2.0092,0,390,0,0.148239,232,,,,,,,,,,,,,,,,,,,,,,C:\c++\test2\results\article_code_comparison\raw_results.csv,article_runner_filename_mismatch_R1_expected_1.0
600,1.0,0.8,9,D:\test2\results\article_code_comparison\data\600\SDT_600_1_0.8_10.txt,D:\test2\results\article_code_comparison,generated_by_project_generator,D:\test2\x64\Release\bm_solver.exe,SOLVED,2600009,4.7182,62.579,,,600,150800,2392064,ERROR,,60.222,,,1622016,1.039139,,1.474747,NOT_COMPARABLE_ERROR,,,[run] n=600 seed=9 input=D:\test2\results\article_code_comparison\data\600\SDT_600_1_0.8_10.txt decomp=adaptive memo_backend=custom use_ub=0 use_lb=0 terminal_rules=1 position_filtering_enabled=1 enable_lawler_basic_rules=1 enable_simple_lb=0 enable_lb_memo=0 enable_edd_ub=0 ub_depth_limit=-1 lb_depth_limit=-1 terminal_all_tardy_spt=1 terminal_edd_at_most_one_tardy=1 enable_memo=1 enable_exact_memo=1 memo_full_key_verification=1 memo_memory_limit_mb=12288 cost=2600009 time_ms=4.7182 nodes=650 max_depth=599 memo_hits=49 memo_misses=1299 memo_exact_hits=49 memo_lb_hits=0 rule4=1 valid_pos=71759 valid_pos_pruned_3a=0 valid_pos_pruned_3b=0 memo_rejected=0 memo_forced_evict=0 lufo_passes=0 terminal_spt=5 terminal_edd=187 memo_peak=650 memo_final=650 memo_evictions=0 memo_clean_time_ms=0 reconstruction_time_ms=2.0347 reconstruction_repairs=0 reconstruction_trace_hits=372 reconstruction_trace_fallbacks=0 memo_used_mb=0.143814 memo_bytes_per_entry=232,600,9,D:\test2\results\article_code_comparison\data\600\SDT_600_1_0.8_10.txt,adaptive,custom,0,0,1,1,1,0,0,0,-1,-1,1,1,1,1,1,12288,2600009,,,4.7182,650,599,49,1299,49,0,1,71759,0,0,0,0,0,5,187,650,650,0,0,2.0347,0,372,0,0.143814,232,,,,,,,,,,,,,,,,,,,,,,C:\c++\test2\results\article_code_comparison\raw_results.csv,article_runner_filename_mismatch_R1_expected_1.0
700,1.0,0.2,0,D:\test2\results\article_code_comparison\data\700\SDT_700_1_0.2_1.txt,D:\test2\results\article_code_comparison,generated_by_project_generator,D:\test2\x64\Release\bm_solver.exe,SOLVED,0,0.0213,63.489,,,700,160,2342912,ERROR,,60.097,,,1855488,1.056442,,1.262693,NOT_COMPARABLE_ERROR,,,[run] n=700 seed=0 input=D:\test2\results\article_code_comparison\data\700\SDT_700_1_0.2_1.txt decomp=adaptive memo_backend=custom use_ub=0 use_lb=0 terminal_rules=1 position_filtering_enabled=1 enable_lawler_basic_rules=1 enable_simple_lb=0 enable_lb_memo=0 enable_edd_ub=0 ub_depth_limit=-1 lb_depth_limit=-1 terminal_all_tardy_spt=1 terminal_edd_at_most_one_tardy=1 enable_memo=1 enable_exact_memo=1 memo_full_key_verification=1 memo_memory_limit_mb=12288 cost=0 time_ms=0.0213 nodes=1 max_depth=0 memo_hits=0 memo_misses=1 memo_exact_hits=0 memo_lb_hits=0 rule4=1 valid_pos=0 valid_pos_pruned_3a=0 valid_pos_pruned_3b=0 memo_rejected=0 memo_forced_evict=0 lufo_passes=0 terminal_spt=0 terminal_edd=1 memo_peak=1 memo_final=1 memo_evictions=0 memo_clean_time_ms=0 reconstruction_time_ms=0.004 reconstruction_repairs=0 reconstruction_trace_hits=0 reconstruction_trace_fallbacks=0 memo_used_mb=0.000152588 memo_bytes_per_entry=160,700,0,D:\test2\results\article_code_comparison\data\700\SDT_700_1_0.2_1.txt,adaptive,custom,0,0,1,1,1,0,0,0,-1,-1,1,1,1,1,1,12288,0,,,0.0213,1,0,0,1,0,0,1,0,0,0,0,0,0,0,1,1,1,0,0,0.004,0,0,0,0.000152588,160,,,,,,,,,,,,,,,,,,,,,,C:\c++\test2\results\article_code_comparison\raw_results.csv,article_runner_filename_mismatch_R1_expected_1.0
700,1.0,0.2,1,D:\test2\results\article_code_comparison\data\700\SDT_700_1_0.2_2.txt,D:\test2\results\article_code_comparison,generated_by_project_generator,D:\test2\x64\Release\bm_solver.exe,SOLVED,0,0.0209,63.057,,,700,160,2355200,ERROR,,59.732,,,1814528,1.055665,,1.297968,NOT_COMPARABLE_ERROR,,,[run] n=700 seed=1 input=D:\test2\results\article_code_comparison\data\700\SDT_700_1_0.2_2.txt decomp=adaptive memo_backend=custom use_ub=0 use_lb=0 terminal_rules=1 position_filtering_enabled=1 enable_lawler_basic_rules=1 enable_simple_lb=0 enable_lb_memo=0 enable_edd_ub=0 ub_depth_limit=-1 lb_depth_limit=-1 terminal_all_tardy_spt=1 terminal_edd_at_most_one_tardy=1 enable_memo=1 enable_exact_memo=1 memo_full_key_verification=1 memo_memory_limit_mb=12288 cost=0 time_ms=0.0209 nodes=1 max_depth=0 memo_hits=0 memo_misses=1 memo_exact_hits=0 memo_lb_hits=0 rule4=1 valid_pos=0 valid_pos_pruned_3a=0 valid_pos_pruned_3b=0 memo_rejected=0 memo_forced_evict=0 lufo_passes=0 terminal_spt=0 terminal_edd=1 memo_peak=1 memo_final=1 memo_evictions=0 memo_clean_time_ms=0 reconstruction_time_ms=0.0038 reconstruction_repairs=0 reconstruction_trace_hits=0 reconstruction_trace_fallbacks=0 memo_used_mb=0.000152588 memo_bytes_per_entry=160,700,1,D:\test2\results\article_code_comparison\data\700\SDT_700_1_0.2_2.txt,adaptive,custom,0,0,1,1,1,0,0,0,-1,-1,1,1,1,1,1,12288,0,,,0.0209,1,0,0,1,0,0,1,0,0,0,0,0,0,0,1,1,1,0,0,0.0038,0,0,0,0.000152588,160,,,,,,,,,,,,,,,,,,,,,,C:\c++\test2\results\article_code_comparison\raw_results.csv,article_runner_filename_mismatch_R1_expected_1.0
700,1.0,0.2,2,D:\test2\results\article_code_comparison\data\700\SDT_700_1_0.2_3.txt,D:\test2\results\article_code_comparison,generated_by_project_generator,D:\test2\x64\Release\bm_solver.exe,SOLVED,0,0.0212,62.623,,,700,160,2244608,ERROR,,60.112,,,1716224,1.041772,,1.307876,NOT_COMPARABLE_ERROR,,,[run] n=700 seed=2 input=D:\test2\results\article_code_comparison\data\700\SDT_700_1_0.2_3.txt decomp=adaptive memo_backend=custom use_ub=0 use_lb=0 terminal_rules=1 position_filtering_enabled=1 enable_lawler_basic_rules=1 enable_simple_lb=0 enable_lb_memo=0 enable_edd_ub=0 ub_depth_limit=-1 lb_depth_limit=-1 terminal_all_tardy_spt=1 terminal_edd_at_most_one_tardy=1 enable_memo=1 enable_exact_memo=1 memo_full_key_verification=1 memo_memory_limit_mb=12288 cost=0 time_ms=0.0212 nodes=1 max_depth=0 memo_hits=0 memo_misses=1 memo_exact_hits=0 memo_lb_hits=0 rule4=1 valid_pos=0 valid_pos_pruned_3a=0 valid_pos_pruned_3b=0 memo_rejected=0 memo_forced_evict=0 lufo_passes=0 terminal_spt=0 terminal_edd=1 memo_peak=1 memo_final=1 memo_evictions=0 memo_clean_time_ms=0 reconstruction_time_ms=0.0039 reconstruction_repairs=0 reconstruction_trace_hits=0 reconstruction_trace_fallbacks=0 memo_used_mb=0.000152588 memo_bytes_per_entry=160,700,2,D:\test2\results\article_code_comparison\data\700\SDT_700_1_0.2_3.txt,adaptive,custom,0,0,1,1,1,0,0,0,-1,-1,1,1,1,1,1,12288,0,,,0.0212,1,0,0,1,0,0,1,0,0,0,0,0,0,0,1,1,1,0,0,0.0039,0,0,0,0.000152588,160,,,,,,,,,,,,,,,,,,,,,,C:\c++\test2\results\article_code_comparison\raw_results.csv,article_runner_filename_mismatch_R1_expected_1.0
700,1.0,0.2,3,D:\test2\results\article_code_comparison\data\700\SDT_700_1_0.2_4.txt,D:\test2\results\article_code_comparison,generated_by_project_generator,D:\test2\x64\Release\bm_solver.exe,SOLVED,0,0.0205,62.998,,,700,160,2281472,ERROR,,60.126,,,1835008,1.047766,,1.243304,NOT_COMPARABLE_ERROR,,,[run] n=700 seed=3 input=D:\test2\results\article_code_comparison\data\700\SDT_700_1_0.2_4.txt decomp=adaptive memo_backend=custom use_ub=0 use_lb=0 terminal_rules=1 position_filtering_enabled=1 enable_lawler_basic_rules=1 enable_simple_lb=0 enable_lb_memo=0 enable_edd_ub=0 ub_depth_limit=-1 lb_depth_limit=-1 terminal_all_tardy_spt=1 terminal_edd_at_most_one_tardy=1 enable_memo=1 enable_exact_memo=1 memo_full_key_verification=1 memo_memory_limit_mb=12288 cost=0 time_ms=0.0205 nodes=1 max_depth=0 memo_hits=0 memo_misses=1 memo_exact_hits=0 memo_lb_hits=0 rule4=1 valid_pos=0 valid_pos_pruned_3a=0 valid_pos_pruned_3b=0 memo_rejected=0 memo_forced_evict=0 lufo_passes=0 terminal_spt=0 terminal_edd=1 memo_peak=1 memo_final=1 memo_evictions=0 memo_clean_time_ms=0 reconstruction_time_ms=0.0037 reconstruction_repairs=0 reconstruction_trace_hits=0 reconstruction_trace_fallbacks=0 memo_used_mb=0.000152588 memo_bytes_per_entry=160,700,3,D:\test2\results\article_code_comparison\data\700\SDT_700_1_0.2_4.txt,adaptive,custom,0,0,1,1,1,0,0,0,-1,-1,1,1,1,1,1,12288,0,,,0.0205,1,0,0,1,0,0,1,0,0,0,0,0,0,0,1,1,1,0,0,0.0037,0,0,0,0.000152588,160,,,,,,,,,,,,,,,,,,,,,,C:\c++\test2\results\article_code_comparison\raw_results.csv,article_runner_filename_mismatch_R1_expected_1.0
700,1.0,0.2,4,D:\test2\results\article_code_comparison\data\700\SDT_700_1_0.2_5.txt,D:\test2\results\article_code_comparison,generated_by_project_generator,D:\test2\x64\Release\bm_solver.exe,SOLVED,0,0.0201,62.947,,,700,160,2224128,ERROR,,60.162,,,1789952,1.046292,,1.242563,NOT_COMPARABLE_ERROR,,,[run] n=700 seed=4 input=D:\test2\results\article_code_comparison\data\700\SDT_700_1_0.2_5.txt decomp=adaptive memo_backend=custom use_ub=0 use_lb=0 terminal_rules=1 position_filtering_enabled=1 enable_lawler_basic_rules=1 enable_simple_lb=0 enable_lb_memo=0 enable_edd_ub=0 ub_depth_limit=-1 lb_depth_limit=-1 terminal_all_tardy_spt=1 terminal_edd_at_most_one_tardy=1 enable_memo=1 enable_exact_memo=1 memo_full_key_verification=1 memo_memory_limit_mb=12288 cost=0 time_ms=0.0201 nodes=1 max_depth=0 memo_hits=0 memo_misses=1 memo_exact_hits=0 memo_lb_hits=0 rule4=1 valid_pos=0 valid_pos_pruned_3a=0 valid_pos_pruned_3b=0 memo_rejected=0 memo_forced_evict=0 lufo_passes=0 terminal_spt=0 terminal_edd=1 memo_peak=1 memo_final=1 memo_evictions=0 memo_clean_time_ms=0 reconstruction_time_ms=0.0041 reconstruction_repairs=0 reconstruction_trace_hits=0 reconstruction_trace_fallbacks=0 memo_used_mb=0.000152588 memo_bytes_per_entry=160,700,4,D:\test2\results\article_code_comparison\data\700\SDT_700_1_0.2_5.txt,adaptive,custom,0,0,1,1,1,0,0,0,-1,-1,1,1,1,1,1,12288,0,,,0.0201,1,0,0,1,0,0,1,0,0,0,0,0,0,0,1,1,1,0,0,0.0041,0,0,0,0.000152588,160,,,,,,,,,,,,,,,,,,,,,,C:\c++\test2\results\article_code_comparison\raw_results.csv,article_runner_filename_mismatch_R1_expected_1.0
700,1.0,0.2,5,D:\test2\results\article_code_comparison\data\700\SDT_700_1_0.2_6.txt,D:\test2\results\article_code_comparison,generated_by_project_generator,D:\test2\x64\Release\bm_solver.exe,SOLVED,0,0.0189,63.224,,,700,160,2277376,ERROR,,60.048,,,1802240,1.052891,,1.263636,NOT_COMPARABLE_ERROR,,,[run] n=700 seed=5 input=D:\test2\results\article_code_comparison\data\700\SDT_700_1_0.2_6.txt decomp=adaptive memo_backend=custom use_ub=0 use_lb=0 terminal_rules=1 position_filtering_enabled=1 enable_lawler_basic_rules=1 enable_simple_lb=0 enable_lb_memo=0 enable_edd_ub=0 ub_depth_limit=-1 lb_depth_limit=-1 terminal_all_tardy_spt=1 terminal_edd_at_most_one_tardy=1 enable_memo=1 enable_exact_memo=1 memo_full_key_verification=1 memo_memory_limit_mb=12288 cost=0 time_ms=0.0189 nodes=1 max_depth=0 memo_hits=0 memo_misses=1 memo_exact_hits=0 memo_lb_hits=0 rule4=1 valid_pos=0 valid_pos_pruned_3a=0 valid_pos_pruned_3b=0 memo_rejected=0 memo_forced_evict=0 lufo_passes=0 terminal_spt=0 terminal_edd=1 memo_peak=1 memo_final=1 memo_evictions=0 memo_clean_time_ms=0 reconstruction_time_ms=0.0038 reconstruction_repairs=0 reconstruction_trace_hits=0 reconstruction_trace_fallbacks=0 memo_used_mb=0.000152588 memo_bytes_per_entry=160,700,5,D:\test2\results\article_code_comparison\data\700\SDT_700_1_0.2_6.txt,adaptive,custom,0,0,1,1,1,0,0,0,-1,-1,1,1,1,1,1,12288,0,,,0.0189,1,0,0,1,0,0,1,0,0,0,0,0,0,0,1,1,1,0,0,0.0038,0,0,0,0.000152588,160,,,,,,,,,,,,,,,,,,,,,,C:\c++\test2\results\article_code_comparison\raw_results.csv,article_runner_filename_mismatch_R1_expected_1.0
700,1.0,0.2,6,D:\test2\results\article_code_comparison\data\700\SDT_700_1_0.2_7.txt,D:\test2\results\article_code_comparison,generated_by_project_generator,D:\test2\x64\Release\bm_solver.exe,SOLVED,0,0.0196,62.827,,,700,160,2019328,ERROR,,60.214,,,1785856,1.043395,,1.130734,NOT_COMPARABLE_ERROR,,,[run] n=700 seed=6 input=D:\test2\results\article_code_comparison\data\700\SDT_700_1_0.2_7.txt decomp=adaptive memo_backend=custom use_ub=0 use_lb=0 terminal_rules=1 position_filtering_enabled=1 enable_lawler_basic_rules=1 enable_simple_lb=0 enable_lb_memo=0 enable_edd_ub=0 ub_depth_limit=-1 lb_depth_limit=-1 terminal_all_tardy_spt=1 terminal_edd_at_most_one_tardy=1 enable_memo=1 enable_exact_memo=1 memo_full_key_verification=1 memo_memory_limit_mb=12288 cost=0 time_ms=0.0196 nodes=1 max_depth=0 memo_hits=0 memo_misses=1 memo_exact_hits=0 memo_lb_hits=0 rule4=1 valid_pos=0 valid_pos_pruned_3a=0 valid_pos_pruned_3b=0 memo_rejected=0 memo_forced_evict=0 lufo_passes=0 terminal_spt=0 terminal_edd=1 memo_peak=1 memo_final=1 memo_evictions=0 memo_clean_time_ms=0 reconstruction_time_ms=0.004 reconstruction_repairs=0 reconstruction_trace_hits=0 reconstruction_trace_fallbacks=0 memo_used_mb=0.000152588 memo_bytes_per_entry=160,700,6,D:\test2\results\article_code_comparison\data\700\SDT_700_1_0.2_7.txt,adaptive,custom,0,0,1,1,1,0,0,0,-1,-1,1,1,1,1,1,12288,0,,,0.0196,1,0,0,1,0,0,1,0,0,0,0,0,0,0,1,1,1,0,0,0.004,0,0,0,0.000152588,160,,,,,,,,,,,,,,,,,,,,,,C:\c++\test2\results\article_code_comparison\raw_results.csv,article_runner_filename_mismatch_R1_expected_1.0
700,1.0,0.2,7,D:\test2\results\article_code_comparison\data\700\SDT_700_1_0.2_8.txt,D:\test2\results\article_code_comparison,generated_by_project_generator,D:\test2\x64\Release\bm_solver.exe,SOLVED,0,0.0208,63.005,,,700,160,2396160,ERROR,,60.21,,,1814528,1.046421,,1.320542,NOT_COMPARABLE_ERROR,,,[run] n=700 seed=7 input=D:\test2\results\article_code_comparison\data\700\SDT_700_1_0.2_8.txt decomp=adaptive memo_backend=custom use_ub=0 use_lb=0 terminal_rules=1 position_filtering_enabled=1 enable_lawler_basic_rules=1 enable_simple_lb=0 enable_lb_memo=0 enable_edd_ub=0 ub_depth_limit=-1 lb_depth_limit=-1 terminal_all_tardy_spt=1 terminal_edd_at_most_one_tardy=1 enable_memo=1 enable_exact_memo=1 memo_full_key_verification=1 memo_memory_limit_mb=12288 cost=0 time_ms=0.0208 nodes=1 max_depth=0 memo_hits=0 memo_misses=1 memo_exact_hits=0 memo_lb_hits=0 rule4=1 valid_pos=0 valid_pos_pruned_3a=0 valid_pos_pruned_3b=0 memo_rejected=0 memo_forced_evict=0 lufo_passes=0 terminal_spt=0 terminal_edd=1 memo_peak=1 memo_final=1 memo_evictions=0 memo_clean_time_ms=0 reconstruction_time_ms=0.0042 reconstruction_repairs=0 reconstruction_trace_hits=0 reconstruction_trace_fallbacks=0 memo_used_mb=0.000152588 memo_bytes_per_entry=160,700,7,D:\test2\results\article_code_comparison\data\700\SDT_700_1_0.2_8.txt,adaptive,custom,0,0,1,1,1,0,0,0,-1,-1,1,1,1,1,1,12288,0,,,0.0208,1,0,0,1,0,0,1,0,0,0,0,0,0,0,1,1,1,0,0,0.0042,0,0,0,0.000152588,160,,,,,,,,,,,,,,,,,,,,,,C:\c++\test2\results\article_code_comparison\raw_results.csv,article_runner_filename_mismatch_R1_expected_1.0
700,1.0,0.2,8,D:\test2\results\article_code_comparison\data\700\SDT_700_1_0.2_9.txt,D:\test2\results\article_code_comparison,generated_by_project_generator,D:\test2\x64\Release\bm_solver.exe,SOLVED,0,0.0204,63.122,,,700,160,2355200,ERROR,,60.187,,,1818624,1.048765,,1.295045,NOT_COMPARABLE_ERROR,,,[run] n=700 seed=8 input=D:\test2\results\article_code_comparison\data\700\SDT_700_1_0.2_9.txt decomp=adaptive memo_backend=custom use_ub=0 use_lb=0 terminal_rules=1 position_filtering_enabled=1 enable_lawler_basic_rules=1 enable_simple_lb=0 enable_lb_memo=0 enable_edd_ub=0 ub_depth_limit=-1 lb_depth_limit=-1 terminal_all_tardy_spt=1 terminal_edd_at_most_one_tardy=1 enable_memo=1 enable_exact_memo=1 memo_full_key_verification=1 memo_memory_limit_mb=12288 cost=0 time_ms=0.0204 nodes=1 max_depth=0 memo_hits=0 memo_misses=1 memo_exact_hits=0 memo_lb_hits=0 rule4=1 valid_pos=0 valid_pos_pruned_3a=0 valid_pos_pruned_3b=0 memo_rejected=0 memo_forced_evict=0 lufo_passes=0 terminal_spt=0 terminal_edd=1 memo_peak=1 memo_final=1 memo_evictions=0 memo_clean_time_ms=0 reconstruction_time_ms=0.004 reconstruction_repairs=0 reconstruction_trace_hits=0 reconstruction_trace_fallbacks=0 memo_used_mb=0.000152588 memo_bytes_per_entry=160,700,8,D:\test2\results\article_code_comparison\data\700\SDT_700_1_0.2_9.txt,adaptive,custom,0,0,1,1,1,0,0,0,-1,-1,1,1,1,1,1,12288,0,,,0.0204,1,0,0,1,0,0,1,0,0,0,0,0,0,0,1,1,1,0,0,0.004,0,0,0,0.000152588,160,,,,,,,,,,,,,,,,,,,,,,C:\c++\test2\results\article_code_comparison\raw_results.csv,article_runner_filename_mismatch_R1_expected_1.0
700,1.0,0.2,9,D:\test2\results\article_code_comparison\data\700\SDT_700_1_0.2_10.txt,D:\test2\results\article_code_comparison,generated_by_project_generator,D:\test2\x64\Release\bm_solver.exe,SOLVED,0,0.0196,62.742,,,700,160,2019328,ERROR,,60.064,,,1732608,1.044586,,1.165485,NOT_COMPARABLE_ERROR,,,[run] n=700 seed=9 input=D:\test2\results\article_code_comparison\data\700\SDT_700_1_0.2_10.txt decomp=adaptive memo_backend=custom use_ub=0 use_lb=0 terminal_rules=1 position_filtering_enabled=1 enable_lawler_basic_rules=1 enable_simple_lb=0 enable_lb_memo=0 enable_edd_ub=0 ub_depth_limit=-1 lb_depth_limit=-1 terminal_all_tardy_spt=1 terminal_edd_at_most_one_tardy=1 enable_memo=1 enable_exact_memo=1 memo_full_key_verification=1 memo_memory_limit_mb=12288 cost=0 time_ms=0.0196 nodes=1 max_depth=0 memo_hits=0 memo_misses=1 memo_exact_hits=0 memo_lb_hits=0 rule4=1 valid_pos=0 valid_pos_pruned_3a=0 valid_pos_pruned_3b=0 memo_rejected=0 memo_forced_evict=0 lufo_passes=0 terminal_spt=0 terminal_edd=1 memo_peak=1 memo_final=1 memo_evictions=0 memo_clean_time_ms=0 reconstruction_time_ms=0.004 reconstruction_repairs=0 reconstruction_trace_hits=0 reconstruction_trace_fallbacks=0 memo_used_mb=0.000152588 memo_bytes_per_entry=160,700,9,D:\test2\results\article_code_comparison\data\700\SDT_700_1_0.2_10.txt,adaptive,custom,0,0,1,1,1,0,0,0,-1,-1,1,1,1,1,1,12288,0,,,0.0196,1,0,0,1,0,0,1,0,0,0,0,0,0,0,1,1,1,0,0,0.004,0,0,0,0.000152588,160,,,,,,,,,,,,,,,,,,,,,,C:\c++\test2\results\article_code_comparison\raw_results.csv,article_runner_filename_mismatch_R1_expected_1.0
700,1.0,0.4,0,D:\test2\results\article_code_comparison\data\700\SDT_700_1_0.4_1.txt,D:\test2\results\article_code_comparison,generated_by_project_generator,D:\test2\x64\Release\bm_solver.exe,SOLVED,0,0.0194,63.417,,,700,160,2396160,ERROR,,60.126,,,1798144,1.054735,,1.332574,NOT_COMPARABLE_ERROR,,,[run] n=700 seed=0 input=D:\test2\results\article_code_comparison\data\700\SDT_700_1_0.4_1.txt decomp=adaptive memo_backend=custom use_ub=0 use_lb=0 terminal_rules=1 position_filtering_enabled=1 enable_lawler_basic_rules=1 enable_simple_lb=0 enable_lb_memo=0 enable_edd_ub=0 ub_depth_limit=-1 lb_depth_limit=-1 terminal_all_tardy_spt=1 terminal_edd_at_most_one_tardy=1 enable_memo=1 enable_exact_memo=1 memo_full_key_verification=1 memo_memory_limit_mb=12288 cost=0 time_ms=0.0194 nodes=1 max_depth=0 memo_hits=0 memo_misses=1 memo_exact_hits=0 memo_lb_hits=0 rule4=1 valid_pos=0 valid_pos_pruned_3a=0 valid_pos_pruned_3b=0 memo_rejected=0 memo_forced_evict=0 lufo_passes=0 terminal_spt=0 terminal_edd=1 memo_peak=1 memo_final=1 memo_evictions=0 memo_clean_time_ms=0 reconstruction_time_ms=0.004 reconstruction_repairs=0 reconstruction_trace_hits=0 reconstruction_trace_fallbacks=0 memo_used_mb=0.000152588 memo_bytes_per_entry=160,700,0,D:\test2\results\article_code_comparison\data\700\SDT_700_1_0.4_1.txt,adaptive,custom,0,0,1,1,1,0,0,0,-1,-1,1,1,1,1,1,12288,0,,,0.0194,1,0,0,1,0,0,1,0,0,0,0,0,0,0,1,1,1,0,0,0.004,0,0,0,0.000152588,160,,,,,,,,,,,,,,,,,,,,,,C:\c++\test2\results\article_code_comparison\raw_results.csv,article_runner_filename_mismatch_R1_expected_1.0
700,1.0,0.4,1,D:\test2\results\article_code_comparison\data\700\SDT_700_1_0.4_2.txt,D:\test2\results\article_code_comparison,generated_by_project_generator,D:\test2\x64\Release\bm_solver.exe,SOLVED,0,0.019,62.79,,,700,160,2019328,ERROR,,60.374,,,1781760,1.040017,,1.133333,NOT_COMPARABLE_ERROR,,,[run] n=700 seed=1 input=D:\test2\results\article_code_comparison\data\700\SDT_700_1_0.4_2.txt decomp=adaptive memo_backend=custom use_ub=0 use_lb=0 terminal_rules=1 position_filtering_enabled=1 enable_lawler_basic_rules=1 enable_simple_lb=0 enable_lb_memo=0 enable_edd_ub=0 ub_depth_limit=-1 lb_depth_limit=-1 terminal_all_tardy_spt=1 terminal_edd_at_most_one_tardy=1 enable_memo=1 enable_exact_memo=1 memo_full_key_verification=1 memo_memory_limit_mb=12288 cost=0 time_ms=0.019 nodes=1 max_depth=0 memo_hits=0 memo_misses=1 memo_exact_hits=0 memo_lb_hits=0 rule4=1 valid_pos=0 valid_pos_pruned_3a=0 valid_pos_pruned_3b=0 memo_rejected=0 memo_forced_evict=0 lufo_passes=0 terminal_spt=0 terminal_edd=1 memo_peak=1 memo_final=1 memo_evictions=0 memo_clean_time_ms=0 reconstruction_time_ms=0.0038 reconstruction_repairs=0 reconstruction_trace_hits=0 reconstruction_trace_fallbacks=0 memo_used_mb=0.000152588 memo_bytes_per_entry=160,700,1,D:\test2\results\article_code_comparison\data\700\SDT_700_1_0.4_2.txt,adaptive,custom,0,0,1,1,1,0,0,0,-1,-1,1,1,1,1,1,12288,0,,,0.019,1,0,0,1,0,0,1,0,0,0,0,0,0,0,1,1,1,0,0,0.0038,0,0,0,0.000152588,160,,,,,,,,,,,,,,,,,,,,,,C:\c++\test2\results\article_code_comparison\raw_results.csv,article_runner_filename_mismatch_R1_expected_1.0
700,1.0,0.4,2,D:\test2\results\article_code_comparison\data\700\SDT_700_1_0.4_3.txt,D:\test2\results\article_code_comparison,generated_by_project_generator,D:\test2\x64\Release\bm_solver.exe,SOLVED,0,0.0205,62.486,,,700,160,1748992,ERROR,,60.183,,,1806336,1.038267,,0.968254,NOT_COMPARABLE_ERROR,,,[run] n=700 seed=2 input=D:\test2\results\article_code_comparison\data\700\SDT_700_1_0.4_3.txt decomp=adaptive memo_backend=custom use_ub=0 use_lb=0 terminal_rules=1 position_filtering_enabled=1 enable_lawler_basic_rules=1 enable_simple_lb=0 enable_lb_memo=0 enable_edd_ub=0 ub_depth_limit=-1 lb_depth_limit=-1 terminal_all_tardy_spt=1 terminal_edd_at_most_one_tardy=1 enable_memo=1 enable_exact_memo=1 memo_full_key_verification=1 memo_memory_limit_mb=12288 cost=0 time_ms=0.0205 nodes=1 max_depth=0 memo_hits=0 memo_misses=1 memo_exact_hits=0 memo_lb_hits=0 rule4=1 valid_pos=0 valid_pos_pruned_3a=0 valid_pos_pruned_3b=0 memo_rejected=0 memo_forced_evict=0 lufo_passes=0 terminal_spt=0 terminal_edd=1 memo_peak=1 memo_final=1 memo_evictions=0 memo_clean_time_ms=0 reconstruction_time_ms=0.0041 reconstruction_repairs=0 reconstruction_trace_hits=0 reconstruction_trace_fallbacks=0 memo_used_mb=0.000152588 memo_bytes_per_entry=160,700,2,D:\test2\results\article_code_comparison\data\700\SDT_700_1_0.4_3.txt,adaptive,custom,0,0,1,1,1,0,0,0,-1,-1,1,1,1,1,1,12288,0,,,0.0205,1,0,0,1,0,0,1,0,0,0,0,0,0,0,1,1,1,0,0,0.0041,0,0,0,0.000152588,160,,,,,,,,,,,,,,,,,,,,,,C:\c++\test2\results\article_code_comparison\raw_results.csv,article_runner_filename_mismatch_R1_expected_1.0
700,1.0,0.4,3,D:\test2\results\article_code_comparison\data\700\SDT_700_1_0.4_4.txt,D:\test2\results\article_code_comparison,generated_by_project_generator,D:\test2\x64\Release\bm_solver.exe,SOLVED,0,0.0223,63.07,,,700,160,2355200,ERROR,,60.344,,,1810432,1.045174,,1.300905,NOT_COMPARABLE_ERROR,,,[run] n=700 seed=3 input=D:\test2\results\article_code_comparison\data\700\SDT_700_1_0.4_4.txt decomp=adaptive memo_backend=custom use_ub=0 use_lb=0 terminal_rules=1 position_filtering_enabled=1 enable_lawler_basic_rules=1 enable_simple_lb=0 enable_lb_memo=0 enable_edd_ub=0 ub_depth_limit=-1 lb_depth_limit=-1 terminal_all_tardy_spt=1 terminal_edd_at_most_one_tardy=1 enable_memo=1 enable_exact_memo=1 memo_full_key_verification=1 memo_memory_limit_mb=12288 cost=0 time_ms=0.0223 nodes=1 max_depth=0 memo_hits=0 memo_misses=1 memo_exact_hits=0 memo_lb_hits=0 rule4=1 valid_pos=0 valid_pos_pruned_3a=0 valid_pos_pruned_3b=0 memo_rejected=0 memo_forced_evict=0 lufo_passes=0 terminal_spt=0 terminal_edd=1 memo_peak=1 memo_final=1 memo_evictions=0 memo_clean_time_ms=0 reconstruction_time_ms=0.0039 reconstruction_repairs=0 reconstruction_trace_hits=0 reconstruction_trace_fallbacks=0 memo_used_mb=0.000152588 memo_bytes_per_entry=160,700,3,D:\test2\results\article_code_comparison\data\700\SDT_700_1_0.4_4.txt,adaptive,custom,0,0,1,1,1,0,0,0,-1,-1,1,1,1,1,1,12288,0,,,0.0223,1,0,0,1,0,0,1,0,0,0,0,0,0,0,1,1,1,0,0,0.0039,0,0,0,0.000152588,160,,,,,,,,,,,,,,,,,,,,,,C:\c++\test2\results\article_code_comparison\raw_results.csv,article_runner_filename_mismatch_R1_expected_1.0
700,1.0,0.4,4,D:\test2\results\article_code_comparison\data\700\SDT_700_1_0.4_5.txt,D:\test2\results\article_code_comparison,generated_by_project_generator,D:\test2\x64\Release\bm_solver.exe,SOLVED,0,0.0203,62.778,,,700,160,2179072,ERROR,,60.436,,,1871872,1.038752,,1.164114,NOT_COMPARABLE_ERROR,,,[run] n=700 seed=4 input=D:\test2\results\article_code_comparison\data\700\SDT_700_1_0.4_5.txt decomp=adaptive memo_backend=custom use_ub=0 use_lb=0 terminal_rules=1 position_filtering_enabled=1 enable_lawler_basic_rules=1 enable_simple_lb=0 enable_lb_memo=0 enable_edd_ub=0 ub_depth_limit=-1 lb_depth_limit=-1 terminal_all_tardy_spt=1 terminal_edd_at_most_one_tardy=1 enable_memo=1 enable_exact_memo=1 memo_full_key_verification=1 memo_memory_limit_mb=12288 cost=0 time_ms=0.0203 nodes=1 max_depth=0 memo_hits=0 memo_misses=1 memo_exact_hits=0 memo_lb_hits=0 rule4=1 valid_pos=0 valid_pos_pruned_3a=0 valid_pos_pruned_3b=0 memo_rejected=0 memo_forced_evict=0 lufo_passes=0 terminal_spt=0 terminal_edd=1 memo_peak=1 memo_final=1 memo_evictions=0 memo_clean_time_ms=0 reconstruction_time_ms=0.0041 reconstruction_repairs=0 reconstruction_trace_hits=0 reconstruction_trace_fallbacks=0 memo_used_mb=0.000152588 memo_bytes_per_entry=160,700,4,D:\test2\results\article_code_comparison\data\700\SDT_700_1_0.4_5.txt,adaptive,custom,0,0,1,1,1,0,0,0,-1,-1,1,1,1,1,1,12288,0,,,0.0203,1,0,0,1,0,0,1,0,0,0,0,0,0,0,1,1,1,0,0,0.0041,0,0,0,0.000152588,160,,,,,,,,,,,,,,,,,,,,,,C:\c++\test2\results\article_code_comparison\raw_results.csv,article_runner_filename_mismatch_R1_expected_1.0
700,1.0,0.4,5,D:\test2\results\article_code_comparison\data\700\SDT_700_1_0.4_6.txt,D:\test2\results\article_code_comparison,generated_by_project_generator,D:\test2\x64\Release\bm_solver.exe,SOLVED,0,0.0203,62.637,,,700,160,2019328,ERROR,,59.969,,,1802240,1.04449,,1.120455,NOT_COMPARABLE_ERROR,,,[run] n=700 seed=5 input=D:\test2\results\article_code_comparison\data\700\SDT_700_1_0.4_6.txt decomp=adaptive memo_backend=custom use_ub=0 use_lb=0 terminal_rules=1 position_filtering_enabled=1 enable_lawler_basic_rules=1 enable_simple_lb=0 enable_lb_memo=0 enable_edd_ub=0 ub_depth_limit=-1 lb_depth_limit=-1 terminal_all_tardy_spt=1 terminal_edd_at_most_one_tardy=1 enable_memo=1 enable_exact_memo=1 memo_full_key_verification=1 memo_memory_limit_mb=12288 cost=0 time_ms=0.0203 nodes=1 max_depth=0 memo_hits=0 memo_misses=1 memo_exact_hits=0 memo_lb_hits=0 rule4=1 valid_pos=0 valid_pos_pruned_3a=0 valid_pos_pruned_3b=0 memo_rejected=0 memo_forced_evict=0 lufo_passes=0 terminal_spt=0 terminal_edd=1 memo_peak=1 memo_final=1 memo_evictions=0 memo_clean_time_ms=0 reconstruction_time_ms=0.0037 reconstruction_repairs=0 reconstruction_trace_hits=0 reconstruction_trace_fallbacks=0 memo_used_mb=0.000152588 memo_bytes_per_entry=160,700,5,D:\test2\results\article_code_comparison\data\700\SDT_700_1_0.4_6.txt,adaptive,custom,0,0,1,1,1,0,0,0,-1,-1,1,1,1,1,1,12288,0,,,0.0203,1,0,0,1,0,0,1,0,0,0,0,0,0,0,1,1,1,0,0,0.0037,0,0,0,0.000152588,160,,,,,,,,,,,,,,,,,,,,,,C:\c++\test2\results\article_code_comparison\raw_results.csv,article_runner_filename_mismatch_R1_expected_1.0
700,1.0,0.4,6,D:\test2\results\article_code_comparison\data\700\SDT_700_1_0.4_7.txt,D:\test2\results\article_code_comparison,generated_by_project_generator,D:\test2\x64\Release\bm_solver.exe,SOLVED,0,0.0204,63.195,,,700,160,2408448,ERROR,,60.227,,,1806336,1.04928,,1.333333,NOT_COMPARABLE_ERROR,,,[run] n=700 seed=6 input=D:\test2\results\article_code_comparison\data\700\SDT_700_1_0.4_7.txt decomp=adaptive memo_backend=custom use_ub=0 use_lb=0 terminal_rules=1 position_filtering_enabled=1 enable_lawler_basic_rules=1 enable_simple_lb=0 enable_lb_memo=0 enable_edd_ub=0 ub_depth_limit=-1 lb_depth_limit=-1 terminal_all_tardy_spt=1 terminal_edd_at_most_one_tardy=1 enable_memo=1 enable_exact_memo=1 memo_full_key_verification=1 memo_memory_limit_mb=12288 cost=0 time_ms=0.0204 nodes=1 max_depth=0 memo_hits=0 memo_misses=1 memo_exact_hits=0 memo_lb_hits=0 rule4=1 valid_pos=0 valid_pos_pruned_3a=0 valid_pos_pruned_3b=0 memo_rejected=0 memo_forced_evict=0 lufo_passes=0 terminal_spt=0 terminal_edd=1 memo_peak=1 memo_final=1 memo_evictions=0 memo_clean_time_ms=0 reconstruction_time_ms=0.0042 reconstruction_repairs=0 reconstruction_trace_hits=0 reconstruction_trace_fallbacks=0 memo_used_mb=0.000152588 memo_bytes_per_entry=160,700,6,D:\test2\results\article_code_comparison\data\700\SDT_700_1_0.4_7.txt,adaptive,custom,0,0,1,1,1,0,0,0,-1,-1,1,1,1,1,1,12288,0,,,0.0204,1,0,0,1,0,0,1,0,0,0,0,0,0,0,1,1,1,0,0,0.0042,0,0,0,0.000152588,160,,,,,,,,,,,,,,,,,,,,,,C:\c++\test2\results\article_code_comparison\raw_results.csv,article_runner_filename_mismatch_R1_expected_1.0
700,1.0,0.4,7,D:\test2\results\article_code_comparison\data\700\SDT_700_1_0.4_8.txt,D:\test2\results\article_code_comparison,generated_by_project_generator,D:\test2\x64\Release\bm_solver.exe,SOLVED,0,0.02,63.285,,,700,160,2203648,ERROR,,60.175,,,1814528,1.051683,,1.214447,NOT_COMPARABLE_ERROR,,,[run] n=700 seed=7 input=D:\test2\results\article_code_comparison\data\700\SDT_700_1_0.4_8.txt decomp=adaptive memo_backend=custom use_ub=0 use_lb=0 terminal_rules=1 position_filtering_enabled=1 enable_lawler_basic_rules=1 enable_simple_lb=0 enable_lb_memo=0 enable_edd_ub=0 ub_depth_limit=-1 lb_depth_limit=-1 terminal_all_tardy_spt=1 terminal_edd_at_most_one_tardy=1 enable_memo=1 enable_exact_memo=1 memo_full_key_verification=1 memo_memory_limit_mb=12288 cost=0 time_ms=0.02 nodes=1 max_depth=0 memo_hits=0 memo_misses=1 memo_exact_hits=0 memo_lb_hits=0 rule4=1 valid_pos=0 valid_pos_pruned_3a=0 valid_pos_pruned_3b=0 memo_rejected=0 memo_forced_evict=0 lufo_passes=0 terminal_spt=0 terminal_edd=1 memo_peak=1 memo_final=1 memo_evictions=0 memo_clean_time_ms=0 reconstruction_time_ms=0.004 reconstruction_repairs=0 reconstruction_trace_hits=0 reconstruction_trace_fallbacks=0 memo_used_mb=0.000152588 memo_bytes_per_entry=160,700,7,D:\test2\results\article_code_comparison\data\700\SDT_700_1_0.4_8.txt,adaptive,custom,0,0,1,1,1,0,0,0,-1,-1,1,1,1,1,1,12288,0,,,0.02,1,0,0,1,0,0,1,0,0,0,0,0,0,0,1,1,1,0,0,0.004,0,0,0,0.000152588,160,,,,,,,,,,,,,,,,,,,,,,C:\c++\test2\results\article_code_comparison\raw_results.csv,article_runner_filename_mismatch_R1_expected_1.0
700,1.0,0.4,8,D:\test2\results\article_code_comparison\data\700\SDT_700_1_0.4_9.txt,D:\test2\results\article_code_comparison,generated_by_project_generator,D:\test2\x64\Release\bm_solver.exe,SOLVED,0,0.0202,63.245,,,700,160,2154496,ERROR,,60.182,,,1871872,1.050896,,1.150985,NOT_COMPARABLE_ERROR,,,[run] n=700 seed=8 input=D:\test2\results\article_code_comparison\data\700\SDT_700_1_0.4_9.txt decomp=adaptive memo_backend=custom use_ub=0 use_lb=0 terminal_rules=1 position_filtering_enabled=1 enable_lawler_basic_rules=1 enable_simple_lb=0 enable_lb_memo=0 enable_edd_ub=0 ub_depth_limit=-1 lb_depth_limit=-1 terminal_all_tardy_spt=1 terminal_edd_at_most_one_tardy=1 enable_memo=1 enable_exact_memo=1 memo_full_key_verification=1 memo_memory_limit_mb=12288 cost=0 time_ms=0.0202 nodes=1 max_depth=0 memo_hits=0 memo_misses=1 memo_exact_hits=0 memo_lb_hits=0 rule4=1 valid_pos=0 valid_pos_pruned_3a=0 valid_pos_pruned_3b=0 memo_rejected=0 memo_forced_evict=0 lufo_passes=0 terminal_spt=0 terminal_edd=1 memo_peak=1 memo_final=1 memo_evictions=0 memo_clean_time_ms=0 reconstruction_time_ms=0.0039 reconstruction_repairs=0 reconstruction_trace_hits=0 reconstruction_trace_fallbacks=0 memo_used_mb=0.000152588 memo_bytes_per_entry=160,700,8,D:\test2\results\article_code_comparison\data\700\SDT_700_1_0.4_9.txt,adaptive,custom,0,0,1,1,1,0,0,0,-1,-1,1,1,1,1,1,12288,0,,,0.0202,1,0,0,1,0,0,1,0,0,0,0,0,0,0,1,1,1,0,0,0.0039,0,0,0,0.000152588,160,,,,,,,,,,,,,,,,,,,,,,C:\c++\test2\results\article_code_comparison\raw_results.csv,article_runner_filename_mismatch_R1_expected_1.0
700,1.0,0.4,9,D:\test2\results\article_code_comparison\data\700\SDT_700_1_0.4_10.txt,D:\test2\results\article_code_comparison,generated_by_project_generator,D:\test2\x64\Release\bm_solver.exe,SOLVED,0,0.0198,63.217,,,700,160,2318336,ERROR,,59.901,,,1810432,1.055358,,1.280543,NOT_COMPARABLE_ERROR,,,[run] n=700 seed=9 input=D:\test2\results\article_code_comparison\data\700\SDT_700_1_0.4_10.txt decomp=adaptive memo_backend=custom use_ub=0 use_lb=0 terminal_rules=1 position_filtering_enabled=1 enable_lawler_basic_rules=1 enable_simple_lb=0 enable_lb_memo=0 enable_edd_ub=0 ub_depth_limit=-1 lb_depth_limit=-1 terminal_all_tardy_spt=1 terminal_edd_at_most_one_tardy=1 enable_memo=1 enable_exact_memo=1 memo_full_key_verification=1 memo_memory_limit_mb=12288 cost=0 time_ms=0.0198 nodes=1 max_depth=0 memo_hits=0 memo_misses=1 memo_exact_hits=0 memo_lb_hits=0 rule4=1 valid_pos=0 valid_pos_pruned_3a=0 valid_pos_pruned_3b=0 memo_rejected=0 memo_forced_evict=0 lufo_passes=0 terminal_spt=0 terminal_edd=1 memo_peak=1 memo_final=1 memo_evictions=0 memo_clean_time_ms=0 reconstruction_time_ms=0.004 reconstruction_repairs=0 reconstruction_trace_hits=0 reconstruction_trace_fallbacks=0 memo_used_mb=0.000152588 memo_bytes_per_entry=160,700,9,D:\test2\results\article_code_comparison\data\700\SDT_700_1_0.4_10.txt,adaptive,custom,0,0,1,1,1,0,0,0,-1,-1,1,1,1,1,1,12288,0,,,0.0198,1,0,0,1,0,0,1,0,0,0,0,0,0,0,1,1,1,0,0,0.004,0,0,0,0.000152588,160,,,,,,,,,,,,,,,,,,,,,,C:\c++\test2\results\article_code_comparison\raw_results.csv,article_runner_filename_mismatch_R1_expected_1.0
700,1.0,0.6,0,D:\test2\results\article_code_comparison\data\700\SDT_700_1_0.6_1.txt,D:\test2\results\article_code_comparison,generated_by_project_generator,D:\test2\x64\Release\bm_solver.exe,SOLVED,1415850,10.7168,62.921,,,700,909600,2351104,ERROR,,59.976,,,1777664,1.049103,,1.322581,NOT_COMPARABLE_ERROR,,,[run] n=700 seed=0 input=D:\test2\results\article_code_comparison\data\700\SDT_700_1_0.6_1.txt decomp=adaptive memo_backend=custom use_ub=0 use_lb=0 terminal_rules=1 position_filtering_enabled=1 enable_lawler_basic_rules=1 enable_simple_lb=0 enable_lb_memo=0 enable_edd_ub=0 ub_depth_limit=-1 lb_depth_limit=-1 terminal_all_tardy_spt=1 terminal_edd_at_most_one_tardy=1 enable_memo=1 enable_exact_memo=1 memo_full_key_verification=1 memo_memory_limit_mb=12288 cost=1415850 time_ms=10.7168 nodes=3790 max_depth=699 memo_hits=1473 memo_misses=7579 memo_exact_hits=1473 memo_lb_hits=0 rule4=1 valid_pos=84124 valid_pos_pruned_3a=0 valid_pos_pruned_3b=0 memo_rejected=0 memo_forced_evict=0 lufo_passes=0 terminal_spt=35 terminal_edd=901 memo_peak=3790 memo_final=3790 memo_evictions=0 memo_clean_time_ms=0 reconstruction_time_ms=1.3721 reconstruction_repairs=0 reconstruction_trace_hits=367 reconstruction_trace_fallbacks=0 memo_used_mb=0.867462 memo_bytes_per_entry=240,700,0,D:\test2\results\article_code_comparison\data\700\SDT_700_1_0.6_1.txt,adaptive,custom,0,0,1,1,1,0,0,0,-1,-1,1,1,1,1,1,12288,1415850,,,10.7168,3790,699,1473,7579,1473,0,1,84124,0,0,0,0,0,35,901,3790,3790,0,0,1.3721,0,367,0,0.867462,240,,,,,,,,,,,,,,,,,,,,,,C:\c++\test2\results\article_code_comparison\raw_results.csv,article_runner_filename_mismatch_R1_expected_1.0
700,1.0,0.6,1,D:\test2\results\article_code_comparison\data\700\SDT_700_1_0.6_2.txt,D:\test2\results\article_code_comparison,generated_by_project_generator,D:\test2\x64\Release\bm_solver.exe,SOLVED,968144,14.4327,62.968,,,700,1245603,2113536,ERROR,,60.045,,,1785856,1.04868,,1.183486,NOT_COMPARABLE_ERROR,,,[run] n=700 seed=1 input=D:\test2\results\article_code_comparison\data\700\SDT_700_1_0.6_2.txt decomp=adaptive memo_backend=custom use_ub=0 use_lb=0 terminal_rules=1 position_filtering_enabled=1 enable_lawler_basic_rules=1 enable_simple_lb=0 enable_lb_memo=0 enable_edd_ub=0 ub_depth_limit=-1 lb_depth_limit=-1 terminal_all_tardy_spt=1 terminal_edd_at_most_one_tardy=1 enable_memo=1 enable_exact_memo=1 memo_full_key_verification=1 memo_memory_limit_mb=12288 cost=968144 time_ms=14.4327 nodes=5190 max_depth=699 memo_hits=1794 memo_misses=10379 memo_exact_hits=1794 memo_lb_hits=0 rule4=1 valid_pos=109320 valid_pos_pruned_3a=0 valid_pos_pruned_3b=0 memo_rejected=0 memo_forced_evict=0 lufo_passes=0 terminal_spt=53 terminal_edd=1188 memo_peak=5190 memo_final=5190 memo_evictions=0 memo_clean_time_ms=0 reconstruction_time_ms=1.4768 reconstruction_repairs=0 reconstruction_trace_hits=405 reconstruction_trace_fallbacks=0 memo_used_mb=1.1879 memo_bytes_per_entry=240,700,1,D:\test2\results\article_code_comparison\data\700\SDT_700_1_0.6_2.txt,adaptive,custom,0,0,1,1,1,0,0,0,-1,-1,1,1,1,1,1,12288,968144,,,14.4327,5190,699,1794,10379,1794,0,1,109320,0,0,0,0,0,53,1188,5190,5190,0,0,1.4768,0,405,0,1.1879,240,,,,,,,,,,,,,,,,,,,,,,C:\c++\test2\results\article_code_comparison\raw_results.csv,article_runner_filename_mismatch_R1_expected_1.0
700,1.0,0.6,2,D:\test2\results\article_code_comparison\data\700\SDT_700_1_0.6_3.txt,D:\test2\results\article_code_comparison,generated_by_project_generator,D:\test2\x64\Release\bm_solver.exe,SOLVED,1281486,10.3399,62.403,,,700,778560,1863680,ERROR,,60.179,,,1781760,1.036956,,1.045977,NOT_COMPARABLE_ERROR,,,[run] n=700 seed=2 input=D:\test2\results\article_code_comparison\data\700\SDT_700_1_0.6_3.txt decomp=adaptive memo_backend=custom use_ub=0 use_lb=0 terminal_rules=1 position_filtering_enabled=1 enable_lawler_basic_rules=1 enable_simple_lb=0 enable_lb_memo=0 enable_edd_ub=0 ub_depth_limit=-1 lb_depth_limit=-1 terminal_all_tardy_spt=1 terminal_edd_at_most_one_tardy=1 enable_memo=1 enable_exact_memo=1 memo_full_key_verification=1 memo_memory_limit_mb=12288 cost=1281486 time_ms=10.3399 nodes=3244 max_depth=699 memo_hits=989 memo_misses=6487 memo_exact_hits=989 memo_lb_hits=0 rule4=1 valid_pos=96759 valid_pos_pruned_3a=0 valid_pos_pruned_3b=0 memo_rejected=0 memo_forced_evict=0 lufo_passes=0 terminal_spt=23 terminal_edd=936 memo_peak=3244 memo_final=3244 memo_evictions=0 memo_clean_time_ms=0 reconstruction_time_ms=1.3654 reconstruction_repairs=0 reconstruction_trace_hits=381 reconstruction_trace_fallbacks=0 memo_used_mb=0.742493 memo_bytes_per_entry=240,700,2,D:\test2\results\article_code_comparison\data\700\SDT_700_1_0.6_3.txt,adaptive,custom,0,0,1,1,1,0,0,0,-1,-1,1,1,1,1,1,12288,1281486,,,10.3399,3244,699,989,6487,989,0,1,96759,0,0,0,0,0,23,936,3244,3244,0,0,1.3654,0,381,0,0.742493,240,,,,,,,,,,,,,,,,,,,,,,C:\c++\test2\results\article_code_comparison\raw_results.csv,article_runner_filename_mismatch_R1_expected_1.0
700,1.0,0.6,3,D:\test2\results\article_code_comparison\data\700\SDT_700_1_0.6_4.txt,D:\test2\results\article_code_comparison,generated_by_project_generator,D:\test2\x64\Release\bm_solver.exe,SOLVED,1167648,7.376,63.04,,,700,615600,2174976,ERROR,,60.231,,,1810432,1.046637,,1.201357,NOT_COMPARABLE_ERROR,,,[run] n=700 seed=3 input=D:\test2\results\article_code_comparison\data\700\SDT_700_1_0.6_4.txt decomp=adaptive memo_backend=custom use_ub=0 use_lb=0 terminal_rules=1 position_filtering_enabled=1 enable_lawler_basic_rules=1 enable_simple_lb=0 enable_lb_memo=0 enable_edd_ub=0 ub_depth_limit=-1 lb_depth_limit=-1 terminal_all_tardy_spt=1 terminal_edd_at_most_one_tardy=1 enable_memo=1 enable_exact_memo=1 memo_full_key_verification=1 memo_memory_limit_mb=12288 cost=1167648 time_ms=7.376 nodes=2565 max_depth=699 memo_hits=452 memo_misses=5129 memo_exact_hits=452 memo_lb_hits=0 rule4=1 valid_pos=39828 valid_pos_pruned_3a=0 valid_pos_pruned_3b=0 memo_rejected=0 memo_forced_evict=0 lufo_passes=0 terminal_spt=22 terminal_edd=769 memo_peak=2565 memo_final=2565 memo_evictions=0 memo_clean_time_ms=0 reconstruction_time_ms=1.4548 reconstruction_repairs=0 reconstruction_trace_hits=397 reconstruction_trace_fallbacks=0 memo_used_mb=0.587082 memo_bytes_per_entry=240,700,3,D:\test2\results\article_code_comparison\data\700\SDT_700_1_0.6_4.txt,adaptive,custom,0,0,1,1,1,0,0,0,-1,-1,1,1,1,1,1,12288,1167648,,,7.376,2565,699,452,5129,452,0,1,39828,0,0,0,0,0,22,769,2565,2565,0,0,1.4548,0,397,0,0.587082,240,,,,,,,,,,,,,,,,,,,,,,C:\c++\test2\results\article_code_comparison\raw_results.csv,article_runner_filename_mismatch_R1_expected_1.0
700,1.0,0.6,4,D:\test2\results\article_code_comparison\data\700\SDT_700_1_0.6_5.txt,D:\test2\results\article_code_comparison,generated_by_project_generator,D:\test2\x64\Release\bm_solver.exe,SOLVED,1504699,5.0443,63.18,,,700,353760,2154496,ERROR,,59.959,,,1802240,1.05372,,1.195455,NOT_COMPARABLE_ERROR,,,[run] n=700 seed=4 input=D:\test2\results\article_code_comparison\data\700\SDT_700_1_0.6_5.txt decomp=adaptive memo_backend=custom use_ub=0 use_lb=0 terminal_rules=1 position_filtering_enabled=1 enable_lawler_basic_rules=1 enable_simple_lb=0 enable_lb_memo=0 enable_edd_ub=0 ub_depth_limit=-1 lb_depth_limit=-1 terminal_all_tardy_spt=1 terminal_edd_at_most_one_tardy=1 enable_memo=1 enable_exact_memo=1 memo_full_key_verification=1 memo_memory_limit_mb=12288 cost=1504699 time_ms=5.0443 nodes=1474 max_depth=699 memo_hits=418 memo_misses=2947 memo_exact_hits=418 memo_lb_hits=0 rule4=1 valid_pos=50089 valid_pos_pruned_3a=0 valid_pos_pruned_3b=0 memo_rejected=0 memo_forced_evict=0 lufo_passes=0 terminal_spt=15 terminal_edd=427 memo_peak=1474 memo_final=1474 memo_evictions=0 memo_clean_time_ms=0 reconstruction_time_ms=1.5411 reconstruction_repairs=0 reconstruction_trace_hits=397 reconstruction_trace_fallbacks=0 memo_used_mb=0.337372 memo_bytes_per_entry=240,700,4,D:\test2\results\article_code_comparison\data\700\SDT_700_1_0.6_5.txt,adaptive,custom,0,0,1,1,1,0,0,0,-1,-1,1,1,1,1,1,12288,1504699,,,5.0443,1474,699,418,2947,418,0,1,50089,0,0,0,0,0,15,427,1474,1474,0,0,1.5411,0,397,0,0.337372,240,,,,,,,,,,,,,,,,,,,,,,C:\c++\test2\results\article_code_comparison\raw_results.csv,article_runner_filename_mismatch_R1_expected_1.0
700,1.0,0.6,5,D:\test2\results\article_code_comparison\data\700\SDT_700_1_0.6_6.txt,D:\test2\results\article_code_comparison,generated_by_project_generator,D:\test2\x64\Release\bm_solver.exe,SOLVED,1061677,11.9012,62.578,,,700,1133521,1953792,ERROR,,59.797,,,1806336,1.046507,,1.081633,NOT_COMPARABLE_ERROR,,,[run] n=700 seed=5 input=D:\test2\results\article_code_comparison\data\700\SDT_700_1_0.6_6.txt decomp=adaptive memo_backend=custom use_ub=0 use_lb=0 terminal_rules=1 position_filtering_enabled=1 enable_lawler_basic_rules=1 enable_simple_lb=0 enable_lb_memo=0 enable_edd_ub=0 ub_depth_limit=-1 lb_depth_limit=-1 terminal_all_tardy_spt=1 terminal_edd_at_most_one_tardy=1 enable_memo=1 enable_exact_memo=1 memo_full_key_verification=1 memo_memory_limit_mb=12288 cost=1061677 time_ms=11.9012 nodes=4723 max_depth=699 memo_hits=1218 memo_misses=9445 memo_exact_hits=1218 memo_lb_hits=0 rule4=1 valid_pos=87247 valid_pos_pruned_3a=0 valid_pos_pruned_3b=0 memo_rejected=0 memo_forced_evict=0 lufo_passes=0 terminal_spt=47 terminal_edd=1219 memo_peak=4723 memo_final=4723 memo_evictions=0 memo_clean_time_ms=0 reconstruction_time_ms=1.3895 reconstruction_repairs=0 reconstruction_trace_hits=385 reconstruction_trace_fallbacks=0 memo_used_mb=1.08101 memo_bytes_per_entry=240,700,5,D:\test2\results\article_code_comparison\data\700\SDT_700_1_0.6_6.txt,adaptive,custom,0,0,1,1,1,0,0,0,-1,-1,1,1,1,1,1,12288,1061677,,,11.9012,4723,699,1218,9445,1218,0,1,87247,0,0,0,0,0,47,1219,4723,4723,0,0,1.3895,0,385,0,1.08101,240,,,,,,,,,,,,,,,,,,,,,,C:\c++\test2\results\article_code_comparison\raw_results.csv,article_runner_filename_mismatch_R1_expected_1.0
700,1.0,0.6,6,D:\test2\results\article_code_comparison\data\700\SDT_700_1_0.6_7.txt,D:\test2\results\article_code_comparison,generated_by_project_generator,D:\test2\x64\Release\bm_solver.exe,SOLVED,1393180,6.396,63.087,,,700,500400,2117632,ERROR,,60.233,,,1814528,1.047383,,1.167043,NOT_COMPARABLE_ERROR,,,[run] n=700 seed=6 input=D:\test2\results\article_code_comparison\data\700\SDT_700_1_0.6_7.txt decomp=adaptive memo_backend=custom use_ub=0 use_lb=0 terminal_rules=1 position_filtering_enabled=1 enable_lawler_basic_rules=1 enable_simple_lb=0 enable_lb_memo=0 enable_edd_ub=0 ub_depth_limit=-1 lb_depth_limit=-1 terminal_all_tardy_spt=1 terminal_edd_at_most_one_tardy=1 enable_memo=1 enable_exact_memo=1 memo_full_key_verification=1 memo_memory_limit_mb=12288 cost=1393180 time_ms=6.396 nodes=2085 max_depth=699 memo_hits=557 memo_misses=4169 memo_exact_hits=557 memo_lb_hits=0 rule4=1 valid_pos=61862 valid_pos_pruned_3a=0 valid_pos_pruned_3b=0 memo_rejected=0 memo_forced_evict=0 lufo_passes=0 terminal_spt=15 terminal_edd=593 memo_peak=2085 memo_final=2085 memo_evictions=0 memo_clean_time_ms=0 reconstruction_time_ms=1.5389 reconstruction_repairs=0 reconstruction_trace_hits=402 reconstruction_trace_fallbacks=0 memo_used_mb=0.477219 memo_bytes_per_entry=240,700,6,D:\test2\results\article_code_comparison\data\700\SDT_700_1_0.6_7.txt,adaptive,custom,0,0,1,1,1,0,0,0,-1,-1,1,1,1,1,1,12288,1393180,,,6.396,2085,699,557,4169,557,0,1,61862,0,0,0,0,0,15,593,2085,2085,0,0,1.5389,0,402,0,0.477219,240,,,,,,,,,,,,,,,,,,,,,,C:\c++\test2\results\article_code_comparison\raw_results.csv,article_runner_filename_mismatch_R1_expected_1.0
700,1.0,0.6,7,D:\test2\results\article_code_comparison\data\700\SDT_700_1_0.6_8.txt,D:\test2\results\article_code_comparison,generated_by_project_generator,D:\test2\x64\Release\bm_solver.exe,SOLVED,1376763,4.3795,62.855,,,700,245040,2338816,ERROR,,59.918,,,1814528,1.049017,,1.288939,NOT_COMPARABLE_ERROR,,,[run] n=700 seed=7 input=D:\test2\results\article_code_comparison\data\700\SDT_700_1_0.6_8.txt decomp=adaptive memo_backend=custom use_ub=0 use_lb=0 terminal_rules=1 position_filtering_enabled=1 enable_lawler_basic_rules=1 enable_simple_lb=0 enable_lb_memo=0 enable_edd_ub=0 ub_depth_limit=-1 lb_depth_limit=-1 terminal_all_tardy_spt=1 terminal_edd_at_most_one_tardy=1 enable_memo=1 enable_exact_memo=1 memo_full_key_verification=1 memo_memory_limit_mb=12288 cost=1376763 time_ms=4.3795 nodes=1021 max_depth=699 memo_hits=141 memo_misses=2041 memo_exact_hits=141 memo_lb_hits=0 rule4=1 valid_pos=51819 valid_pos_pruned_3a=0 valid_pos_pruned_3b=0 memo_rejected=0 memo_forced_evict=0 lufo_passes=0 terminal_spt=14 terminal_edd=342 memo_peak=1021 memo_final=1021 memo_evictions=0 memo_clean_time_ms=0 reconstruction_time_ms=1.4685 reconstruction_repairs=0 reconstruction_trace_hits=353 reconstruction_trace_fallbacks=0 memo_used_mb=0.233688 memo_bytes_per_entry=240,700,7,D:\test2\results\article_code_comparison\data\700\SDT_700_1_0.6_8.txt,adaptive,custom,0,0,1,1,1,0,0,0,-1,-1,1,1,1,1,1,12288,1376763,,,4.3795,1021,699,141,2041,141,0,1,51819,0,0,0,0,0,14,342,1021,1021,0,0,1.4685,0,353,0,0.233688,240,,,,,,,,,,,,,,,,,,,,,,C:\c++\test2\results\article_code_comparison\raw_results.csv,article_runner_filename_mismatch_R1_expected_1.0
700,1.0,0.6,8,D:\test2\results\article_code_comparison\data\700\SDT_700_1_0.6_9.txt,D:\test2\results\article_code_comparison,generated_by_project_generator,D:\test2\x64\Release\bm_solver.exe,SOLVED,1330775,3.9522,62.719,,,700,294240,2019328,ERROR,,60.264,,,1769472,1.040737,,1.141204,NOT_COMPARABLE_ERROR,,,[run] n=700 seed=8 input=D:\test2\results\article_code_comparison\data\700\SDT_700_1_0.6_9.txt decomp=adaptive memo_backend=custom use_ub=0 use_lb=0 terminal_rules=1 position_filtering_enabled=1 enable_lawler_basic_rules=1 enable_simple_lb=0 enable_lb_memo=0 enable_edd_ub=0 ub_depth_limit=-1 lb_depth_limit=-1 terminal_all_tardy_spt=1 terminal_edd_at_most_one_tardy=1 enable_memo=1 enable_exact_memo=1 memo_full_key_verification=1 memo_memory_limit_mb=12288 cost=1330775 time_ms=3.9522 nodes=1226 max_depth=699 memo_hits=279 memo_misses=2451 memo_exact_hits=279 memo_lb_hits=0 rule4=1 valid_pos=26144 valid_pos_pruned_3a=0 valid_pos_pruned_3b=0 memo_rejected=0 memo_forced_evict=0 lufo_passes=0 terminal_spt=10 terminal_edd=400 memo_peak=1226 memo_final=1226 memo_evictions=0 memo_clean_time_ms=0 reconstruction_time_ms=1.4492 reconstruction_repairs=0 reconstruction_trace_hits=359 reconstruction_trace_fallbacks=0 memo_used_mb=0.280609 memo_bytes_per_entry=240,700,8,D:\test2\results\article_code_comparison\data\700\SDT_700_1_0.6_9.txt,adaptive,custom,0,0,1,1,1,0,0,0,-1,-1,1,1,1,1,1,12288,1330775,,,3.9522,1226,699,279,2451,279,0,1,26144,0,0,0,0,0,10,400,1226,1226,0,0,1.4492,0,359,0,0.280609,240,,,,,,,,,,,,,,,,,,,,,,C:\c++\test2\results\article_code_comparison\raw_results.csv,article_runner_filename_mismatch_R1_expected_1.0
700,1.0,0.6,9,D:\test2\results\article_code_comparison\data\700\SDT_700_1_0.6_10.txt,D:\test2\results\article_code_comparison,generated_by_project_generator,D:\test2\x64\Release\bm_solver.exe,SOLVED,1046516,10.8724,62.873,,,700,920880,2396160,ERROR,,60.349,,,1781760,1.041823,,1.344828,NOT_COMPARABLE_ERROR,,,[run] n=700 seed=9 input=D:\test2\results\article_code_comparison\data\700\SDT_700_1_0.6_10.txt decomp=adaptive memo_backend=custom use_ub=0 use_lb=0 terminal_rules=1 position_filtering_enabled=1 enable_lawler_basic_rules=1 enable_simple_lb=0 enable_lb_memo=0 enable_edd_ub=0 ub_depth_limit=-1 lb_depth_limit=-1 terminal_all_tardy_spt=1 terminal_edd_at_most_one_tardy=1 enable_memo=1 enable_exact_memo=1 memo_full_key_verification=1 memo_memory_limit_mb=12288 cost=1046516 time_ms=10.8724 nodes=3837 max_depth=699 memo_hits=1260 memo_misses=7673 memo_exact_hits=1260 memo_lb_hits=0 rule4=1 valid_pos=90856 valid_pos_pruned_3a=0 valid_pos_pruned_3b=0 memo_rejected=0 memo_forced_evict=0 lufo_passes=0 terminal_spt=27 terminal_edd=972 memo_peak=3837 memo_final=3837 memo_evictions=0 memo_clean_time_ms=0 reconstruction_time_ms=1.4031 reconstruction_repairs=0 reconstruction_trace_hits=382 reconstruction_trace_fallbacks=0 memo_used_mb=0.87822 memo_bytes_per_entry=240,700,9,D:\test2\results\article_code_comparison\data\700\SDT_700_1_0.6_10.txt,adaptive,custom,0,0,1,1,1,0,0,0,-1,-1,1,1,1,1,1,12288,1046516,,,10.8724,3837,699,1260,7673,1260,0,1,90856,0,0,0,0,0,27,972,3837,3837,0,0,1.4031,0,382,0,0.87822,240,,,,,,,,,,,,,,,,,,,,,,C:\c++\test2\results\article_code_comparison\raw_results.csv,article_runner_filename_mismatch_R1_expected_1.0
700,1.0,0.8,0,D:\test2\results\article_code_comparison\data\700\SDT_700_1_0.8_1.txt,D:\test2\results\article_code_comparison,generated_by_project_generator,D:\test2\x64\Release\bm_solver.exe,SOLVED,4064366,7.2865,62.947,,,700,220080,2170880,ERROR,,59.849,,,1859584,1.051764,,1.167401,NOT_COMPARABLE_ERROR,,,[run] n=700 seed=0 input=D:\test2\results\article_code_comparison\data\700\SDT_700_1_0.8_1.txt decomp=adaptive memo_backend=custom use_ub=0 use_lb=0 terminal_rules=1 position_filtering_enabled=1 enable_lawler_basic_rules=1 enable_simple_lb=0 enable_lb_memo=0 enable_edd_ub=0 ub_depth_limit=-1 lb_depth_limit=-1 terminal_all_tardy_spt=1 terminal_edd_at_most_one_tardy=1 enable_memo=1 enable_exact_memo=1 memo_full_key_verification=1 memo_memory_limit_mb=12288 cost=4064366 time_ms=7.2865 nodes=917 max_depth=699 memo_hits=244 memo_misses=1833 memo_exact_hits=244 memo_lb_hits=0 rule4=1 valid_pos=95213 valid_pos_pruned_3a=0 valid_pos_pruned_3b=0 memo_rejected=0 memo_forced_evict=0 lufo_passes=0 terminal_spt=14 terminal_edd=201 memo_peak=917 memo_final=917 memo_evictions=0 memo_clean_time_ms=0 reconstruction_time_ms=2.3624 reconstruction_repairs=0 reconstruction_trace_hits=436 reconstruction_trace_fallbacks=0 memo_used_mb=0.209885 memo_bytes_per_entry=240,700,0,D:\test2\results\article_code_comparison\data\700\SDT_700_1_0.8_1.txt,adaptive,custom,0,0,1,1,1,0,0,0,-1,-1,1,1,1,1,1,12288,4064366,,,7.2865,917,699,244,1833,244,0,1,95213,0,0,0,0,0,14,201,917,917,0,0,2.3624,0,436,0,0.209885,240,,,,,,,,,,,,,,,,,,,,,,C:\c++\test2\results\article_code_comparison\raw_results.csv,article_runner_filename_mismatch_R1_expected_1.0
700,1.0,0.8,1,D:\test2\results\article_code_comparison\data\700\SDT_700_1_0.8_2.txt,D:\test2\results\article_code_comparison,generated_by_project_generator,D:\test2\x64\Release\bm_solver.exe,SOLVED,3532376,5.3826,63.077,,,700,209040,2154496,ERROR,,60.01,,,1814528,1.051108,,1.187359,NOT_COMPARABLE_ERROR,,,[run] n=700 seed=1 input=D:\test2\results\article_code_comparison\data\700\SDT_700_1_0.8_2.txt decomp=adaptive memo_backend=custom use_ub=0 use_lb=0 terminal_rules=1 position_filtering_enabled=1 enable_lawler_basic_rules=1 enable_simple_lb=0 enable_lb_memo=0 enable_edd_ub=0 ub_depth_limit=-1 lb_depth_limit=-1 terminal_all_tardy_spt=1 terminal_edd_at_most_one_tardy=1 enable_memo=1 enable_exact_memo=1 memo_full_key_verification=1 memo_memory_limit_mb=12288 cost=3532376 time_ms=5.3826 nodes=871 max_depth=699 memo_hits=68 memo_misses=1741 memo_exact_hits=68 memo_lb_hits=0 rule4=1 valid_pos=47142 valid_pos_pruned_3a=0 valid_pos_pruned_3b=0 memo_rejected=0 memo_forced_evict=0 lufo_passes=0 terminal_spt=5 terminal_edd=243 memo_peak=871 memo_final=871 memo_evictions=0 memo_clean_time_ms=0 reconstruction_time_ms=2.3024 reconstruction_repairs=0 reconstruction_trace_hits=454 reconstruction_trace_fallbacks=0 memo_used_mb=0.199356 memo_bytes_per_entry=240,700,1,D:\test2\results\article_code_comparison\data\700\SDT_700_1_0.8_2.txt,adaptive,custom,0,0,1,1,1,0,0,0,-1,-1,1,1,1,1,1,12288,3532376,,,5.3826,871,699,68,1741,68,0,1,47142,0,0,0,0,0,5,243,871,871,0,0,2.3024,0,454,0,0.199356,240,,,,,,,,,,,,,,,,,,,,,,C:\c++\test2\results\article_code_comparison\raw_results.csv,article_runner_filename_mismatch_R1_expected_1.0
700,1.0,0.8,2,D:\test2\results\article_code_comparison\data\700\SDT_700_1_0.8_3.txt,D:\test2\results\article_code_comparison,generated_by_project_generator,D:\test2\x64\Release\bm_solver.exe,SOLVED,3871202,6.3328,63.203,,,700,190800,2117632,ERROR,,60.156,,,1839104,1.050652,,1.151448,NOT_COMPARABLE_ERROR,,,[run] n=700 seed=2 input=D:\test2\results\article_code_comparison\data\700\SDT_700_1_0.8_3.txt decomp=adaptive memo_backend=custom use_ub=0 use_lb=0 terminal_rules=1 position_filtering_enabled=1 enable_lawler_basic_rules=1 enable_simple_lb=0 enable_lb_memo=0 enable_edd_ub=0 ub_depth_limit=-1 lb_depth_limit=-1 terminal_all_tardy_spt=1 terminal_edd_at_most_one_tardy=1 enable_memo=1 enable_exact_memo=1 memo_full_key_verification=1 memo_memory_limit_mb=12288 cost=3871202 time_ms=6.3328 nodes=795 max_depth=699 memo_hits=128 memo_misses=1589 memo_exact_hits=128 memo_lb_hits=0 rule4=1 valid_pos=100243 valid_pos_pruned_3a=0 valid_pos_pruned_3b=0 memo_rejected=0 memo_forced_evict=0 lufo_passes=0 terminal_spt=12 terminal_edd=189 memo_peak=795 memo_final=795 memo_evictions=0 memo_clean_time_ms=0 reconstruction_time_ms=2.519 reconstruction_repairs=0 reconstruction_trace_hits=447 reconstruction_trace_fallbacks=0 memo_used_mb=0.181961 memo_bytes_per_entry=240,700,2,D:\test2\results\article_code_comparison\data\700\SDT_700_1_0.8_3.txt,adaptive,custom,0,0,1,1,1,0,0,0,-1,-1,1,1,1,1,1,12288,3871202,,,6.3328,795,699,128,1589,128,0,1,100243,0,0,0,0,0,12,189,795,795,0,0,2.519,0,447,0,0.181961,240,,,,,,,,,,,,,,,,,,,,,,C:\c++\test2\results\article_code_comparison\raw_results.csv,article_runner_filename_mismatch_R1_expected_1.0
700,1.0,0.8,3,D:\test2\results\article_code_comparison\data\700\SDT_700_1_0.8_4.txt,D:\test2\results\article_code_comparison,generated_by_project_generator,D:\test2\x64\Release\bm_solver.exe,SOLVED,3612604,5.9374,62.855,,,700,217440,2355200,ERROR,,60.035,,,1622016,1.046973,,1.45202,NOT_COMPARABLE_ERROR,,,[run] n=700 seed=3 input=D:\test2\results\article_code_comparison\data\700\SDT_700_1_0.8_4.txt decomp=adaptive memo_backend=custom use_ub=0 use_lb=0 terminal_rules=1 position_filtering_enabled=1 enable_lawler_basic_rules=1 enable_simple_lb=0 enable_lb_memo=0 enable_edd_ub=0 ub_depth_limit=-1 lb_depth_limit=-1 terminal_all_tardy_spt=1 terminal_edd_at_most_one_tardy=1 enable_memo=1 enable_exact_memo=1 memo_full_key_verification=1 memo_memory_limit_mb=12288 cost=3612604 time_ms=5.9374 nodes=906 max_depth=699 memo_hits=90 memo_misses=1811 memo_exact_hits=90 memo_lb_hits=0 rule4=1 valid_pos=91001 valid_pos_pruned_3a=0 valid_pos_pruned_3b=0 memo_rejected=0 memo_forced_evict=0 lufo_passes=0 terminal_spt=7 terminal_edd=247 memo_peak=906 memo_final=906 memo_evictions=0 memo_clean_time_ms=0 reconstruction_time_ms=2.4379 reconstruction_repairs=0 reconstruction_trace_hits=443 reconstruction_trace_fallbacks=0 memo_used_mb=0.207367 memo_bytes_per_entry=240,700,3,D:\test2\results\article_code_comparison\data\700\SDT_700_1_0.8_4.txt,adaptive,custom,0,0,1,1,1,0,0,0,-1,-1,1,1,1,1,1,12288,3612604,,,5.9374,906,699,90,1811,90,0,1,91001,0,0,0,0,0,7,247,906,906,0,0,2.4379,0,443,0,0.207367,240,,,,,,,,,,,,,,,,,,,,,,C:\c++\test2\results\article_code_comparison\raw_results.csv,article_runner_filename_mismatch_R1_expected_1.0
700,1.0,0.8,4,D:\test2\results\article_code_comparison\data\700\SDT_700_1_0.8_5.txt,D:\test2\results\article_code_comparison,generated_by_project_generator,D:\test2\x64\Release\bm_solver.exe,SOLVED,4035357,7.0754,62.596,,,700,206880,2097152,ERROR,,60.074,,,1814528,1.041982,,1.155756,NOT_COMPARABLE_ERROR,,,[run] n=700 seed=4 input=D:\test2\results\article_code_comparison\data\700\SDT_700_1_0.8_5.txt decomp=adaptive memo_backend=custom use_ub=0 use_lb=0 terminal_rules=1 position_filtering_enabled=1 enable_lawler_basic_rules=1 enable_simple_lb=0 enable_lb_memo=0 enable_edd_ub=0 ub_depth_limit=-1 lb_depth_limit=-1 terminal_all_tardy_spt=1 terminal_edd_at_most_one_tardy=1 enable_memo=1 enable_exact_memo=1 memo_full_key_verification=1 memo_memory_limit_mb=12288 cost=4035357 time_ms=7.0754 nodes=862 max_depth=699 memo_hits=134 memo_misses=1723 memo_exact_hits=134 memo_lb_hits=0 rule4=1 valid_pos=112860 valid_pos_pruned_3a=0 valid_pos_pruned_3b=0 memo_rejected=0 memo_forced_evict=0 lufo_passes=0 terminal_spt=14 terminal_edd=210 memo_peak=862 memo_final=862 memo_evictions=0 memo_clean_time_ms=0 reconstruction_time_ms=2.3482 reconstruction_repairs=0 reconstruction_trace_hits=445 reconstruction_trace_fallbacks=0 memo_used_mb=0.197296 memo_bytes_per_entry=240,700,4,D:\test2\results\article_code_comparison\data\700\SDT_700_1_0.8_5.txt,adaptive,custom,0,0,1,1,1,0,0,0,-1,-1,1,1,1,1,1,12288,4035357,,,7.0754,862,699,134,1723,134,0,1,112860,0,0,0,0,0,14,210,862,862,0,0,2.3482,0,445,0,0.197296,240,,,,,,,,,,,,,,,,,,,,,,C:\c++\test2\results\article_code_comparison\raw_results.csv,article_runner_filename_mismatch_R1_expected_1.0
700,1.0,0.8,5,D:\test2\results\article_code_comparison\data\700\SDT_700_1_0.8_6.txt,D:\test2\results\article_code_comparison,generated_by_project_generator,D:\test2\x64\Release\bm_solver.exe,SOLVED,3586103,6.3995,62.937,,,700,211440,2064384,ERROR,,59.778,,,1810432,1.052846,,1.140271,NOT_COMPARABLE_ERROR,,,[run] n=700 seed=5 input=D:\test2\results\article_code_comparison\data\700\SDT_700_1_0.8_6.txt decomp=adaptive memo_backend=custom use_ub=0 use_lb=0 terminal_rules=1 position_filtering_enabled=1 enable_lawler_basic_rules=1 enable_simple_lb=0 enable_lb_memo=0 enable_edd_ub=0 ub_depth_limit=-1 lb_depth_limit=-1 terminal_all_tardy_spt=1 terminal_edd_at_most_one_tardy=1 enable_memo=1 enable_exact_memo=1 memo_full_key_verification=1 memo_memory_limit_mb=12288 cost=3586103 time_ms=6.3995 nodes=881 max_depth=699 memo_hits=116 memo_misses=1761 memo_exact_hits=116 memo_lb_hits=0 rule4=1 valid_pos=89799 valid_pos_pruned_3a=0 valid_pos_pruned_3b=0 memo_rejected=0 memo_forced_evict=0 lufo_passes=0 terminal_spt=6 terminal_edd=235 memo_peak=881 memo_final=881 memo_evictions=0 memo_clean_time_ms=0 reconstruction_time_ms=2.5913 reconstruction_repairs=0 reconstruction_trace_hits=462 reconstruction_trace_fallbacks=0 memo_used_mb=0.201645 memo_bytes_per_entry=240,700,5,D:\test2\results\article_code_comparison\data\700\SDT_700_1_0.8_6.txt,adaptive,custom,0,0,1,1,1,0,0,0,-1,-1,1,1,1,1,1,12288,3586103,,,6.3995,881,699,116,1761,116,0,1,89799,0,0,0,0,0,6,235,881,881,0,0,2.5913,0,462,0,0.201645,240,,,,,,,,,,,,,,,,,,,,,,C:\c++\test2\results\article_code_comparison\raw_results.csv,article_runner_filename_mismatch_R1_expected_1.0
700,1.0,0.8,6,D:\test2\results\article_code_comparison\data\700\SDT_700_1_0.8_7.txt,D:\test2\results\article_code_comparison,generated_by_project_generator,D:\test2\x64\Release\bm_solver.exe,SOLVED,3804376,5.8981,63.133,,,700,180000,2113536,ERROR,,60.356,,,1814528,1.04601,,1.164786,NOT_COMPARABLE_ERROR,,,[run] n=700 seed=6 input=D:\test2\results\article_code_comparison\data\700\SDT_700_1_0.8_7.txt decomp=adaptive memo_backend=custom use_ub=0 use_lb=0 terminal_rules=1 position_filtering_enabled=1 enable_lawler_basic_rules=1 enable_simple_lb=0 enable_lb_memo=0 enable_edd_ub=0 ub_depth_limit=-1 lb_depth_limit=-1 terminal_all_tardy_spt=1 terminal_edd_at_most_one_tardy=1 enable_memo=1 enable_exact_memo=1 memo_full_key_verification=1 memo_memory_limit_mb=12288 cost=3804376 time_ms=5.8981 nodes=750 max_depth=699 memo_hits=34 memo_misses=1499 memo_exact_hits=34 memo_lb_hits=0 rule4=1 valid_pos=68462 valid_pos_pruned_3a=0 valid_pos_pruned_3b=0 memo_rejected=0 memo_forced_evict=0 lufo_passes=0 terminal_spt=7 terminal_edd=197 memo_peak=750 memo_final=750 memo_evictions=0 memo_clean_time_ms=0 reconstruction_time_ms=2.5358 reconstruction_repairs=0 reconstruction_trace_hits=455 reconstruction_trace_fallbacks=0 memo_used_mb=0.171661 memo_bytes_per_entry=240,700,6,D:\test2\results\article_code_comparison\data\700\SDT_700_1_0.8_7.txt,adaptive,custom,0,0,1,1,1,0,0,0,-1,-1,1,1,1,1,1,12288,3804376,,,5.8981,750,699,34,1499,34,0,1,68462,0,0,0,0,0,7,197,750,750,0,0,2.5358,0,455,0,0.171661,240,,,,,,,,,,,,,,,,,,,,,,C:\c++\test2\results\article_code_comparison\raw_results.csv,article_runner_filename_mismatch_R1_expected_1.0
700,1.0,0.8,7,D:\test2\results\article_code_comparison\data\700\SDT_700_1_0.8_8.txt,D:\test2\results\article_code_comparison,generated_by_project_generator,D:\test2\x64\Release\bm_solver.exe,SOLVED,3778449,6.1254,63.068,,,700,159840,2154496,ERROR,,60.289,,,1814528,1.046095,,1.187359,NOT_COMPARABLE_ERROR,,,[run] n=700 seed=7 input=D:\test2\results\article_code_comparison\data\700\SDT_700_1_0.8_8.txt decomp=adaptive memo_backend=custom use_ub=0 use_lb=0 terminal_rules=1 position_filtering_enabled=1 enable_lawler_basic_rules=1 enable_simple_lb=0 enable_lb_memo=0 enable_edd_ub=0 ub_depth_limit=-1 lb_depth_limit=-1 terminal_all_tardy_spt=1 terminal_edd_at_most_one_tardy=1 enable_memo=1 enable_exact_memo=1 memo_full_key_verification=1 memo_memory_limit_mb=12288 cost=3778449 time_ms=6.1254 nodes=666 max_depth=699 memo_hits=35 memo_misses=1331 memo_exact_hits=35 memo_lb_hits=0 rule4=1 valid_pos=78737 valid_pos_pruned_3a=0 valid_pos_pruned_3b=0 memo_rejected=0 memo_forced_evict=0 lufo_passes=0 terminal_spt=9 terminal_edd=176 memo_peak=666 memo_final=666 memo_evictions=0 memo_clean_time_ms=0 reconstruction_time_ms=2.5135 reconstruction_repairs=0 reconstruction_trace_hits=433 reconstruction_trace_fallbacks=0 memo_used_mb=0.152435 memo_bytes_per_entry=240,700,7,D:\test2\results\article_code_comparison\data\700\SDT_700_1_0.8_8.txt,adaptive,custom,0,0,1,1,1,0,0,0,-1,-1,1,1,1,1,1,12288,3778449,,,6.1254,666,699,35,1331,35,0,1,78737,0,0,0,0,0,9,176,666,666,0,0,2.5135,0,433,0,0.152435,240,,,,,,,,,,,,,,,,,,,,,,C:\c++\test2\results\article_code_comparison\raw_results.csv,article_runner_filename_mismatch_R1_expected_1.0
700,1.0,0.8,8,D:\test2\results\article_code_comparison\data\700\SDT_700_1_0.8_9.txt,D:\test2\results\article_code_comparison,generated_by_project_generator,D:\test2\x64\Release\bm_solver.exe,SOLVED,3667621,5.9265,62.181,,,700,173520,1781760,ERROR,,60.216,,,1798144,1.032633,,0.990888,NOT_COMPARABLE_ERROR,,,[run] n=700 seed=8 input=D:\test2\results\article_code_comparison\data\700\SDT_700_1_0.8_9.txt decomp=adaptive memo_backend=custom use_ub=0 use_lb=0 terminal_rules=1 position_filtering_enabled=1 enable_lawler_basic_rules=1 enable_simple_lb=0 enable_lb_memo=0 enable_edd_ub=0 ub_depth_limit=-1 lb_depth_limit=-1 terminal_all_tardy_spt=1 terminal_edd_at_most_one_tardy=1 enable_memo=1 enable_exact_memo=1 memo_full_key_verification=1 memo_memory_limit_mb=12288 cost=3667621 time_ms=5.9265 nodes=723 max_depth=699 memo_hits=45 memo_misses=1445 memo_exact_hits=45 memo_lb_hits=0 rule4=1 valid_pos=98333 valid_pos_pruned_3a=0 valid_pos_pruned_3b=0 memo_rejected=0 memo_forced_evict=0 lufo_passes=0 terminal_spt=3 terminal_edd=204 memo_peak=723 memo_final=723 memo_evictions=0 memo_clean_time_ms=0 reconstruction_time_ms=2.294 reconstruction_repairs=0 reconstruction_trace_hits=443 reconstruction_trace_fallbacks=0 memo_used_mb=0.165482 memo_bytes_per_entry=240,700,8,D:\test2\results\article_code_comparison\data\700\SDT_700_1_0.8_9.txt,adaptive,custom,0,0,1,1,1,0,0,0,-1,-1,1,1,1,1,1,12288,3667621,,,5.9265,723,699,45,1445,45,0,1,98333,0,0,0,0,0,3,204,723,723,0,0,2.294,0,443,0,0.165482,240,,,,,,,,,,,,,,,,,,,,,,C:\c++\test2\results\article_code_comparison\raw_results.csv,article_runner_filename_mismatch_R1_expected_1.0
700,1.0,0.8,9,D:\test2\results\article_code_comparison\data\700\SDT_700_1_0.8_10.txt,D:\test2\results\article_code_comparison,generated_by_project_generator,D:\test2\x64\Release\bm_solver.exe,SOLVED,3394123,5.7613,62.926,,,700,175440,2330624,ERROR,,60.121,,,1945600,1.046656,,1.197895,NOT_COMPARABLE_ERROR,,,[run] n=700 seed=9 input=D:\test2\results\article_code_comparison\data\700\SDT_700_1_0.8_10.txt decomp=adaptive memo_backend=custom use_ub=0 use_lb=0 terminal_rules=1 position_filtering_enabled=1 enable_lawler_basic_rules=1 enable_simple_lb=0 enable_lb_memo=0 enable_edd_ub=0 ub_depth_limit=-1 lb_depth_limit=-1 terminal_all_tardy_spt=1 terminal_edd_at_most_one_tardy=1 enable_memo=1 enable_exact_memo=1 memo_full_key_verification=1 memo_memory_limit_mb=12288 cost=3394123 time_ms=5.7613 nodes=731 max_depth=699 memo_hits=41 memo_misses=1461 memo_exact_hits=41 memo_lb_hits=0 rule4=1 valid_pos=86633 valid_pos_pruned_3a=0 valid_pos_pruned_3b=0 memo_rejected=0 memo_forced_evict=0 lufo_passes=0 terminal_spt=12 terminal_edd=204 memo_peak=731 memo_final=731 memo_evictions=0 memo_clean_time_ms=0 reconstruction_time_ms=2.4917 reconstruction_repairs=0 reconstruction_trace_hits=431 reconstruction_trace_fallbacks=0 memo_used_mb=0.167313 memo_bytes_per_entry=240,700,9,D:\test2\results\article_code_comparison\data\700\SDT_700_1_0.8_10.txt,adaptive,custom,0,0,1,1,1,0,0,0,-1,-1,1,1,1,1,1,12288,3394123,,,5.7613,731,699,41,1461,41,0,1,86633,0,0,0,0,0,12,204,731,731,0,0,2.4917,0,431,0,0.167313,240,,,,,,,,,,,,,,,,,,,,,,C:\c++\test2\results\article_code_comparison\raw_results.csv,article_runner_filename_mismatch_R1_expected_1.0
800,1.0,0.2,0,D:\test2\results\article_code_comparison\data\800\SDT_800_1_0.2_1.txt,D:\test2\results\article_code_comparison,generated_by_project_generator,D:\test2\x64\Release\bm_solver.exe,SOLVED,0,0.0175,62.433,,,800,176,1884160,ERROR,,60.039,,,1814528,1.039874,,1.038375,NOT_COMPARABLE_ERROR,,,[run] n=800 seed=0 input=D:\test2\results\article_code_comparison\data\800\SDT_800_1_0.2_1.txt decomp=adaptive memo_backend=custom use_ub=0 use_lb=0 terminal_rules=1 position_filtering_enabled=1 enable_lawler_basic_rules=1 enable_simple_lb=0 enable_lb_memo=0 enable_edd_ub=0 ub_depth_limit=-1 lb_depth_limit=-1 terminal_all_tardy_spt=1 terminal_edd_at_most_one_tardy=1 enable_memo=1 enable_exact_memo=1 memo_full_key_verification=1 memo_memory_limit_mb=12288 cost=0 time_ms=0.0175 nodes=1 max_depth=0 memo_hits=0 memo_misses=1 memo_exact_hits=0 memo_lb_hits=0 rule4=1 valid_pos=0 valid_pos_pruned_3a=0 valid_pos_pruned_3b=0 memo_rejected=0 memo_forced_evict=0 lufo_passes=0 terminal_spt=0 terminal_edd=1 memo_peak=1 memo_final=1 memo_evictions=0 memo_clean_time_ms=0 reconstruction_time_ms=0.0045 reconstruction_repairs=0 reconstruction_trace_hits=0 reconstruction_trace_fallbacks=0 memo_used_mb=0.000167847 memo_bytes_per_entry=176,800,0,D:\test2\results\article_code_comparison\data\800\SDT_800_1_0.2_1.txt,adaptive,custom,0,0,1,1,1,0,0,0,-1,-1,1,1,1,1,1,12288,0,,,0.0175,1,0,0,1,0,0,1,0,0,0,0,0,0,0,1,1,1,0,0,0.0045,0,0,0,0.000167847,176,,,,,,,,,,,,,,,,,,,,,,C:\c++\test2\results\article_code_comparison\raw_results.csv,article_runner_filename_mismatch_R1_expected_1.0
800,1.0,0.2,1,D:\test2\results\article_code_comparison\data\800\SDT_800_1_0.2_2.txt,D:\test2\results\article_code_comparison,generated_by_project_generator,D:\test2\x64\Release\bm_solver.exe,SOLVED,0,0.0158,62.48,,,800,176,2154496,ERROR,,60.207,,,1880064,1.037753,,1.145969,NOT_COMPARABLE_ERROR,,,[run] n=800 seed=1 input=D:\test2\results\article_code_comparison\data\800\SDT_800_1_0.2_2.txt decomp=adaptive memo_backend=custom use_ub=0 use_lb=0 terminal_rules=1 position_filtering_enabled=1 enable_lawler_basic_rules=1 enable_simple_lb=0 enable_lb_memo=0 enable_edd_ub=0 ub_depth_limit=-1 lb_depth_limit=-1 terminal_all_tardy_spt=1 terminal_edd_at_most_one_tardy=1 enable_memo=1 enable_exact_memo=1 memo_full_key_verification=1 memo_memory_limit_mb=12288 cost=0 time_ms=0.0158 nodes=1 max_depth=0 memo_hits=0 memo_misses=1 memo_exact_hits=0 memo_lb_hits=0 rule4=1 valid_pos=0 valid_pos_pruned_3a=0 valid_pos_pruned_3b=0 memo_rejected=0 memo_forced_evict=0 lufo_passes=0 terminal_spt=0 terminal_edd=1 memo_peak=1 memo_final=1 memo_evictions=0 memo_clean_time_ms=0 reconstruction_time_ms=0.0045 reconstruction_repairs=0 reconstruction_trace_hits=0 reconstruction_trace_fallbacks=0 memo_used_mb=0.000167847 memo_bytes_per_entry=176,800,1,D:\test2\results\article_code_comparison\data\800\SDT_800_1_0.2_2.txt,adaptive,custom,0,0,1,1,1,0,0,0,-1,-1,1,1,1,1,1,12288,0,,,0.0158,1,0,0,1,0,0,1,0,0,0,0,0,0,0,1,1,1,0,0,0.0045,0,0,0,0.000167847,176,,,,,,,,,,,,,,,,,,,,,,C:\c++\test2\results\article_code_comparison\raw_results.csv,article_runner_filename_mismatch_R1_expected_1.0
800,1.0,0.2,2,D:\test2\results\article_code_comparison\data\800\SDT_800_1_0.2_3.txt,D:\test2\results\article_code_comparison,generated_by_project_generator,D:\test2\x64\Release\bm_solver.exe,SOLVED,0,0.0155,63.004,,,800,176,2158592,ERROR,,60.315,,,1785856,1.044583,,1.208716,NOT_COMPARABLE_ERROR,,,[run] n=800 seed=2 input=D:\test2\results\article_code_comparison\data\800\SDT_800_1_0.2_3.txt decomp=adaptive memo_backend=custom use_ub=0 use_lb=0 terminal_rules=1 position_filtering_enabled=1 enable_lawler_basic_rules=1 enable_simple_lb=0 enable_lb_memo=0 enable_edd_ub=0 ub_depth_limit=-1 lb_depth_limit=-1 terminal_all_tardy_spt=1 terminal_edd_at_most_one_tardy=1 enable_memo=1 enable_exact_memo=1 memo_full_key_verification=1 memo_memory_limit_mb=12288 cost=0 time_ms=0.0155 nodes=1 max_depth=0 memo_hits=0 memo_misses=1 memo_exact_hits=0 memo_lb_hits=0 rule4=1 valid_pos=0 valid_pos_pruned_3a=0 valid_pos_pruned_3b=0 memo_rejected=0 memo_forced_evict=0 lufo_passes=0 terminal_spt=0 terminal_edd=1 memo_peak=1 memo_final=1 memo_evictions=0 memo_clean_time_ms=0 reconstruction_time_ms=0.0046 reconstruction_repairs=0 reconstruction_trace_hits=0 reconstruction_trace_fallbacks=0 memo_used_mb=0.000167847 memo_bytes_per_entry=176,800,2,D:\test2\results\article_code_comparison\data\800\SDT_800_1_0.2_3.txt,adaptive,custom,0,0,1,1,1,0,0,0,-1,-1,1,1,1,1,1,12288,0,,,0.0155,1,0,0,1,0,0,1,0,0,0,0,0,0,0,1,1,1,0,0,0.0046,0,0,0,0.000167847,176,,,,,,,,,,,,,,,,,,,,,,C:\c++\test2\results\article_code_comparison\raw_results.csv,article_runner_filename_mismatch_R1_expected_1.0
800,1.0,0.2,3,D:\test2\results\article_code_comparison\data\800\SDT_800_1_0.2_4.txt,D:\test2\results\article_code_comparison,generated_by_project_generator,D:\test2\x64\Release\bm_solver.exe,SOLVED,0,0.015,63.01,,,800,176,2338816,ERROR,,60.135,,,1855488,1.047809,,1.260486,NOT_COMPARABLE_ERROR,,,[run] n=800 seed=3 input=D:\test2\results\article_code_comparison\data\800\SDT_800_1_0.2_4.txt decomp=adaptive memo_backend=custom use_ub=0 use_lb=0 terminal_rules=1 position_filtering_enabled=1 enable_lawler_basic_rules=1 enable_simple_lb=0 enable_lb_memo=0 enable_edd_ub=0 ub_depth_limit=-1 lb_depth_limit=-1 terminal_all_tardy_spt=1 terminal_edd_at_most_one_tardy=1 enable_memo=1 enable_exact_memo=1 memo_full_key_verification=1 memo_memory_limit_mb=12288 cost=0 time_ms=0.015 nodes=1 max_depth=0 memo_hits=0 memo_misses=1 memo_exact_hits=0 memo_lb_hits=0 rule4=1 valid_pos=0 valid_pos_pruned_3a=0 valid_pos_pruned_3b=0 memo_rejected=0 memo_forced_evict=0 lufo_passes=0 terminal_spt=0 terminal_edd=1 memo_peak=1 memo_final=1 memo_evictions=0 memo_clean_time_ms=0 reconstruction_time_ms=0.0051 reconstruction_repairs=0 reconstruction_trace_hits=0 reconstruction_trace_fallbacks=0 memo_used_mb=0.000167847 memo_bytes_per_entry=176,800,3,D:\test2\results\article_code_comparison\data\800\SDT_800_1_0.2_4.txt,adaptive,custom,0,0,1,1,1,0,0,0,-1,-1,1,1,1,1,1,12288,0,,,0.015,1,0,0,1,0,0,1,0,0,0,0,0,0,0,1,1,1,0,0,0.0051,0,0,0,0.000167847,176,,,,,,,,,,,,,,,,,,,,,,C:\c++\test2\results\article_code_comparison\raw_results.csv,article_runner_filename_mismatch_R1_expected_1.0
800,1.0,0.2,4,D:\test2\results\article_code_comparison\data\800\SDT_800_1_0.2_5.txt,D:\test2\results\article_code_comparison,generated_by_project_generator,D:\test2\x64\Release\bm_solver.exe,SOLVED,0,0.015,62.565,,,800,176,1810432,ERROR,,60.214,,,1785856,1.039044,,1.013761,NOT_COMPARABLE_ERROR,,,[run] n=800 seed=4 input=D:\test2\results\article_code_comparison\data\800\SDT_800_1_0.2_5.txt decomp=adaptive memo_backend=custom use_ub=0 use_lb=0 terminal_rules=1 position_filtering_enabled=1 enable_lawler_basic_rules=1 enable_simple_lb=0 enable_lb_memo=0 enable_edd_ub=0 ub_depth_limit=-1 lb_depth_limit=-1 terminal_all_tardy_spt=1 terminal_edd_at_most_one_tardy=1 enable_memo=1 enable_exact_memo=1 memo_full_key_verification=1 memo_memory_limit_mb=12288 cost=0 time_ms=0.015 nodes=1 max_depth=0 memo_hits=0 memo_misses=1 memo_exact_hits=0 memo_lb_hits=0 rule4=1 valid_pos=0 valid_pos_pruned_3a=0 valid_pos_pruned_3b=0 memo_rejected=0 memo_forced_evict=0 lufo_passes=0 terminal_spt=0 terminal_edd=1 memo_peak=1 memo_final=1 memo_evictions=0 memo_clean_time_ms=0 reconstruction_time_ms=0.0046 reconstruction_repairs=0 reconstruction_trace_hits=0 reconstruction_trace_fallbacks=0 memo_used_mb=0.000167847 memo_bytes_per_entry=176,800,4,D:\test2\results\article_code_comparison\data\800\SDT_800_1_0.2_5.txt,adaptive,custom,0,0,1,1,1,0,0,0,-1,-1,1,1,1,1,1,12288,0,,,0.015,1,0,0,1,0,0,1,0,0,0,0,0,0,0,1,1,1,0,0,0.0046,0,0,0,0.000167847,176,,,,,,,,,,,,,,,,,,,,,,C:\c++\test2\results\article_code_comparison\raw_results.csv,article_runner_filename_mismatch_R1_expected_1.0
800,1.0,0.2,5,D:\test2\results\article_code_comparison\data\800\SDT_800_1_0.2_6.txt,D:\test2\results\article_code_comparison,generated_by_project_generator,D:\test2\x64\Release\bm_solver.exe,SOLVED,0,0.0163,62.768,,,800,176,2154496,ERROR,,60.364,,,1810432,1.039825,,1.190045,NOT_COMPARABLE_ERROR,,,[run] n=800 seed=5 input=D:\test2\results\article_code_comparison\data\800\SDT_800_1_0.2_6.txt decomp=adaptive memo_backend=custom use_ub=0 use_lb=0 terminal_rules=1 position_filtering_enabled=1 enable_lawler_basic_rules=1 enable_simple_lb=0 enable_lb_memo=0 enable_edd_ub=0 ub_depth_limit=-1 lb_depth_limit=-1 terminal_all_tardy_spt=1 terminal_edd_at_most_one_tardy=1 enable_memo=1 enable_exact_memo=1 memo_full_key_verification=1 memo_memory_limit_mb=12288 cost=0 time_ms=0.0163 nodes=1 max_depth=0 memo_hits=0 memo_misses=1 memo_exact_hits=0 memo_lb_hits=0 rule4=1 valid_pos=0 valid_pos_pruned_3a=0 valid_pos_pruned_3b=0 memo_rejected=0 memo_forced_evict=0 lufo_passes=0 terminal_spt=0 terminal_edd=1 memo_peak=1 memo_final=1 memo_evictions=0 memo_clean_time_ms=0 reconstruction_time_ms=0.0045 reconstruction_repairs=0 reconstruction_trace_hits=0 reconstruction_trace_fallbacks=0 memo_used_mb=0.000167847 memo_bytes_per_entry=176,800,5,D:\test2\results\article_code_comparison\data\800\SDT_800_1_0.2_6.txt,adaptive,custom,0,0,1,1,1,0,0,0,-1,-1,1,1,1,1,1,12288,0,,,0.0163,1,0,0,1,0,0,1,0,0,0,0,0,0,0,1,1,1,0,0,0.0045,0,0,0,0.000167847,176,,,,,,,,,,,,,,,,,,,,,,C:\c++\test2\results\article_code_comparison\raw_results.csv,article_runner_filename_mismatch_R1_expected_1.0
800,1.0,0.2,6,D:\test2\results\article_code_comparison\data\800\SDT_800_1_0.2_7.txt,D:\test2\results\article_code_comparison,generated_by_project_generator,D:\test2\x64\Release\bm_solver.exe,SOLVED,0,0.0165,62.304,,,800,176,1810432,ERROR,,60.275,,,1945600,1.033662,,0.930526,NOT_COMPARABLE_ERROR,,,[run] n=800 seed=6 input=D:\test2\results\article_code_comparison\data\800\SDT_800_1_0.2_7.txt decomp=adaptive memo_backend=custom use_ub=0 use_lb=0 terminal_rules=1 position_filtering_enabled=1 enable_lawler_basic_rules=1 enable_simple_lb=0 enable_lb_memo=0 enable_edd_ub=0 ub_depth_limit=-1 lb_depth_limit=-1 terminal_all_tardy_spt=1 terminal_edd_at_most_one_tardy=1 enable_memo=1 enable_exact_memo=1 memo_full_key_verification=1 memo_memory_limit_mb=12288 cost=0 time_ms=0.0165 nodes=1 max_depth=0 memo_hits=0 memo_misses=1 memo_exact_hits=0 memo_lb_hits=0 rule4=1 valid_pos=0 valid_pos_pruned_3a=0 valid_pos_pruned_3b=0 memo_rejected=0 memo_forced_evict=0 lufo_passes=0 terminal_spt=0 terminal_edd=1 memo_peak=1 memo_final=1 memo_evictions=0 memo_clean_time_ms=0 reconstruction_time_ms=0.0044 reconstruction_repairs=0 reconstruction_trace_hits=0 reconstruction_trace_fallbacks=0 memo_used_mb=0.000167847 memo_bytes_per_entry=176,800,6,D:\test2\results\article_code_comparison\data\800\SDT_800_1_0.2_7.txt,adaptive,custom,0,0,1,1,1,0,0,0,-1,-1,1,1,1,1,1,12288,0,,,0.0165,1,0,0,1,0,0,1,0,0,0,0,0,0,0,1,1,1,0,0,0.0044,0,0,0,0.000167847,176,,,,,,,,,,,,,,,,,,,,,,C:\c++\test2\results\article_code_comparison\raw_results.csv,article_runner_filename_mismatch_R1_expected_1.0
800,1.0,0.2,7,D:\test2\results\article_code_comparison\data\800\SDT_800_1_0.2_8.txt,D:\test2\results\article_code_comparison,generated_by_project_generator,D:\test2\x64\Release\bm_solver.exe,SOLVED,0,0.0165,62.99,,,800,176,2342912,ERROR,,60.199,,,1826816,1.046363,,1.282511,NOT_COMPARABLE_ERROR,,,[run] n=800 seed=7 input=D:\test2\results\article_code_comparison\data\800\SDT_800_1_0.2_8.txt decomp=adaptive memo_backend=custom use_ub=0 use_lb=0 terminal_rules=1 position_filtering_enabled=1 enable_lawler_basic_rules=1 enable_simple_lb=0 enable_lb_memo=0 enable_edd_ub=0 ub_depth_limit=-1 lb_depth_limit=-1 terminal_all_tardy_spt=1 terminal_edd_at_most_one_tardy=1 enable_memo=1 enable_exact_memo=1 memo_full_key_verification=1 memo_memory_limit_mb=12288 cost=0 time_ms=0.0165 nodes=1 max_depth=0 memo_hits=0 memo_misses=1 memo_exact_hits=0 memo_lb_hits=0 rule4=1 valid_pos=0 valid_pos_pruned_3a=0 valid_pos_pruned_3b=0 memo_rejected=0 memo_forced_evict=0 lufo_passes=0 terminal_spt=0 terminal_edd=1 memo_peak=1 memo_final=1 memo_evictions=0 memo_clean_time_ms=0 reconstruction_time_ms=0.0045 reconstruction_repairs=0 reconstruction_trace_hits=0 reconstruction_trace_fallbacks=0 memo_used_mb=0.000167847 memo_bytes_per_entry=176,800,7,D:\test2\results\article_code_comparison\data\800\SDT_800_1_0.2_8.txt,adaptive,custom,0,0,1,1,1,0,0,0,-1,-1,1,1,1,1,1,12288,0,,,0.0165,1,0,0,1,0,0,1,0,0,0,0,0,0,0,1,1,1,0,0,0.0045,0,0,0,0.000167847,176,,,,,,,,,,,,,,,,,,,,,,C:\c++\test2\results\article_code_comparison\raw_results.csv,article_runner_filename_mismatch_R1_expected_1.0
800,1.0,0.2,8,D:\test2\results\article_code_comparison\data\800\SDT_800_1_0.2_9.txt,D:\test2\results\article_code_comparison,generated_by_project_generator,D:\test2\x64\Release\bm_solver.exe,SOLVED,0,0.0159,62.811,,,800,176,2252800,ERROR,,60.331,,,1814528,1.041107,,1.241535,NOT_COMPARABLE_ERROR,,,[run] n=800 seed=8 input=D:\test2\results\article_code_comparison\data\800\SDT_800_1_0.2_9.txt decomp=adaptive memo_backend=custom use_ub=0 use_lb=0 terminal_rules=1 position_filtering_enabled=1 enable_lawler_basic_rules=1 enable_simple_lb=0 enable_lb_memo=0 enable_edd_ub=0 ub_depth_limit=-1 lb_depth_limit=-1 terminal_all_tardy_spt=1 terminal_edd_at_most_one_tardy=1 enable_memo=1 enable_exact_memo=1 memo_full_key_verification=1 memo_memory_limit_mb=12288 cost=0 time_ms=0.0159 nodes=1 max_depth=0 memo_hits=0 memo_misses=1 memo_exact_hits=0 memo_lb_hits=0 rule4=1 valid_pos=0 valid_pos_pruned_3a=0 valid_pos_pruned_3b=0 memo_rejected=0 memo_forced_evict=0 lufo_passes=0 terminal_spt=0 terminal_edd=1 memo_peak=1 memo_final=1 memo_evictions=0 memo_clean_time_ms=0 reconstruction_time_ms=0.0046 reconstruction_repairs=0 reconstruction_trace_hits=0 reconstruction_trace_fallbacks=0 memo_used_mb=0.000167847 memo_bytes_per_entry=176,800,8,D:\test2\results\article_code_comparison\data\800\SDT_800_1_0.2_9.txt,adaptive,custom,0,0,1,1,1,0,0,0,-1,-1,1,1,1,1,1,12288,0,,,0.0159,1,0,0,1,0,0,1,0,0,0,0,0,0,0,1,1,1,0,0,0.0046,0,0,0,0.000167847,176,,,,,,,,,,,,,,,,,,,,,,C:\c++\test2\results\article_code_comparison\raw_results.csv,article_runner_filename_mismatch_R1_expected_1.0
800,1.0,0.2,9,D:\test2\results\article_code_comparison\data\800\SDT_800_1_0.2_10.txt,D:\test2\results\article_code_comparison,generated_by_project_generator,D:\test2\x64\Release\bm_solver.exe,SOLVED,0,0.0165,62.978,,,800,176,2396160,ERROR,,60.185,,,1814528,1.046407,,1.320542,NOT_COMPARABLE_ERROR,,,[run] n=800 seed=9 input=D:\test2\results\article_code_comparison\data\800\SDT_800_1_0.2_10.txt decomp=adaptive memo_backend=custom use_ub=0 use_lb=0 terminal_rules=1 position_filtering_enabled=1 enable_lawler_basic_rules=1 enable_simple_lb=0 enable_lb_memo=0 enable_edd_ub=0 ub_depth_limit=-1 lb_depth_limit=-1 terminal_all_tardy_spt=1 terminal_edd_at_most_one_tardy=1 enable_memo=1 enable_exact_memo=1 memo_full_key_verification=1 memo_memory_limit_mb=12288 cost=0 time_ms=0.0165 nodes=1 max_depth=0 memo_hits=0 memo_misses=1 memo_exact_hits=0 memo_lb_hits=0 rule4=1 valid_pos=0 valid_pos_pruned_3a=0 valid_pos_pruned_3b=0 memo_rejected=0 memo_forced_evict=0 lufo_passes=0 terminal_spt=0 terminal_edd=1 memo_peak=1 memo_final=1 memo_evictions=0 memo_clean_time_ms=0 reconstruction_time_ms=0.0045 reconstruction_repairs=0 reconstruction_trace_hits=0 reconstruction_trace_fallbacks=0 memo_used_mb=0.000167847 memo_bytes_per_entry=176,800,9,D:\test2\results\article_code_comparison\data\800\SDT_800_1_0.2_10.txt,adaptive,custom,0,0,1,1,1,0,0,0,-1,-1,1,1,1,1,1,12288,0,,,0.0165,1,0,0,1,0,0,1,0,0,0,0,0,0,0,1,1,1,0,0,0.0045,0,0,0,0.000167847,176,,,,,,,,,,,,,,,,,,,,,,C:\c++\test2\results\article_code_comparison\raw_results.csv,article_runner_filename_mismatch_R1_expected_1.0
800,1.0,0.4,0,D:\test2\results\article_code_comparison\data\800\SDT_800_1_0.4_1.txt,D:\test2\results\article_code_comparison,generated_by_project_generator,D:\test2\x64\Release\bm_solver.exe,SOLVED,0,0.0156,62.999,,,800,176,2351104,ERROR,,60.093,,,1814528,1.048358,,1.295711,NOT_COMPARABLE_ERROR,,,[run] n=800 seed=0 input=D:\test2\results\article_code_comparison\data\800\SDT_800_1_0.4_1.txt decomp=adaptive memo_backend=custom use_ub=0 use_lb=0 terminal_rules=1 position_filtering_enabled=1 enable_lawler_basic_rules=1 enable_simple_lb=0 enable_lb_memo=0 enable_edd_ub=0 ub_depth_limit=-1 lb_depth_limit=-1 terminal_all_tardy_spt=1 terminal_edd_at_most_one_tardy=1 enable_memo=1 enable_exact_memo=1 memo_full_key_verification=1 memo_memory_limit_mb=12288 cost=0 time_ms=0.0156 nodes=1 max_depth=0 memo_hits=0 memo_misses=1 memo_exact_hits=0 memo_lb_hits=0 rule4=1 valid_pos=0 valid_pos_pruned_3a=0 valid_pos_pruned_3b=0 memo_rejected=0 memo_forced_evict=0 lufo_passes=0 terminal_spt=0 terminal_edd=1 memo_peak=1 memo_final=1 memo_evictions=0 memo_clean_time_ms=0 reconstruction_time_ms=0.0046 reconstruction_repairs=0 reconstruction_trace_hits=0 reconstruction_trace_fallbacks=0 memo_used_mb=0.000167847 memo_bytes_per_entry=176,800,0,D:\test2\results\article_code_comparison\data\800\SDT_800_1_0.4_1.txt,adaptive,custom,0,0,1,1,1,0,0,0,-1,-1,1,1,1,1,1,12288,0,,,0.0156,1,0,0,1,0,0,1,0,0,0,0,0,0,0,1,1,1,0,0,0.0046,0,0,0,0.000167847,176,,,,,,,,,,,,,,,,,,,,,,C:\c++\test2\results\article_code_comparison\raw_results.csv,article_runner_filename_mismatch_R1_expected_1.0
800,1.0,0.4,1,D:\test2\results\article_code_comparison\data\800\SDT_800_1_0.4_2.txt,D:\test2\results\article_code_comparison,generated_by_project_generator,D:\test2\x64\Release\bm_solver.exe,SOLVED,0,0.0152,62.495,,,800,176,2019328,ERROR,,60.029,,,1880064,1.04108,,1.074074,NOT_COMPARABLE_ERROR,,,[run] n=800 seed=1 input=D:\test2\results\article_code_comparison\data\800\SDT_800_1_0.4_2.txt decomp=adaptive memo_backend=custom use_ub=0 use_lb=0 terminal_rules=1 position_filtering_enabled=1 enable_lawler_basic_rules=1 enable_simple_lb=0 enable_lb_memo=0 enable_edd_ub=0 ub_depth_limit=-1 lb_depth_limit=-1 terminal_all_tardy_spt=1 terminal_edd_at_most_one_tardy=1 enable_memo=1 enable_exact_memo=1 memo_full_key_verification=1 memo_memory_limit_mb=12288 cost=0 time_ms=0.0152 nodes=1 max_depth=0 memo_hits=0 memo_misses=1 memo_exact_hits=0 memo_lb_hits=0 rule4=1 valid_pos=0 valid_pos_pruned_3a=0 valid_pos_pruned_3b=0 memo_rejected=0 memo_forced_evict=0 lufo_passes=0 terminal_spt=0 terminal_edd=1 memo_peak=1 memo_final=1 memo_evictions=0 memo_clean_time_ms=0 reconstruction_time_ms=0.0044 reconstruction_repairs=0 reconstruction_trace_hits=0 reconstruction_trace_fallbacks=0 memo_used_mb=0.000167847 memo_bytes_per_entry=176,800,1,D:\test2\results\article_code_comparison\data\800\SDT_800_1_0.4_2.txt,adaptive,custom,0,0,1,1,1,0,0,0,-1,-1,1,1,1,1,1,12288,0,,,0.0152,1,0,0,1,0,0,1,0,0,0,0,0,0,0,1,1,1,0,0,0.0044,0,0,0,0.000167847,176,,,,,,,,,,,,,,,,,,,,,,C:\c++\test2\results\article_code_comparison\raw_results.csv,article_runner_filename_mismatch_R1_expected_1.0
800,1.0,0.4,2,D:\test2\results\article_code_comparison\data\800\SDT_800_1_0.4_3.txt,D:\test2\results\article_code_comparison,generated_by_project_generator,D:\test2\x64\Release\bm_solver.exe,SOLVED,0,0.016,62.822,,,800,176,1761280,ERROR,,60.265,,,1814528,1.042429,,0.970655,NOT_COMPARABLE_ERROR,,,[run] n=800 seed=2 input=D:\test2\results\article_code_comparison\data\800\SDT_800_1_0.4_3.txt decomp=adaptive memo_backend=custom use_ub=0 use_lb=0 terminal_rules=1 position_filtering_enabled=1 enable_lawler_basic_rules=1 enable_simple_lb=0 enable_lb_memo=0 enable_edd_ub=0 ub_depth_limit=-1 lb_depth_limit=-1 terminal_all_tardy_spt=1 terminal_edd_at_most_one_tardy=1 enable_memo=1 enable_exact_memo=1 memo_full_key_verification=1 memo_memory_limit_mb=12288 cost=0 time_ms=0.016 nodes=1 max_depth=0 memo_hits=0 memo_misses=1 memo_exact_hits=0 memo_lb_hits=0 rule4=1 valid_pos=0 valid_pos_pruned_3a=0 valid_pos_pruned_3b=0 memo_rejected=0 memo_forced_evict=0 lufo_passes=0 terminal_spt=0 terminal_edd=1 memo_peak=1 memo_final=1 memo_evictions=0 memo_clean_time_ms=0 reconstruction_time_ms=0.0046 reconstruction_repairs=0 reconstruction_trace_hits=0 reconstruction_trace_fallbacks=0 memo_used_mb=0.000167847 memo_bytes_per_entry=176,800,2,D:\test2\results\article_code_comparison\data\800\SDT_800_1_0.4_3.txt,adaptive,custom,0,0,1,1,1,0,0,0,-1,-1,1,1,1,1,1,12288,0,,,0.016,1,0,0,1,0,0,1,0,0,0,0,0,0,0,1,1,1,0,0,0.0046,0,0,0,0.000167847,176,,,,,,,,,,,,,,,,,,,,,,C:\c++\test2\results\article_code_comparison\raw_results.csv,article_runner_filename_mismatch_R1_expected_1.0
800,1.0,0.4,3,D:\test2\results\article_code_comparison\data\800\SDT_800_1_0.4_4.txt,D:\test2\results\article_code_comparison,generated_by_project_generator,D:\test2\x64\Release\bm_solver.exe,SOLVED,0,0.0154,62.966,,,800,176,2306048,ERROR,,60.188,,,1789952,1.046155,,1.28833,NOT_COMPARABLE_ERROR,,,[run] n=800 seed=3 input=D:\test2\results\article_code_comparison\data\800\SDT_800_1_0.4_4.txt decomp=adaptive memo_backend=custom use_ub=0 use_lb=0 terminal_rules=1 position_filtering_enabled=1 enable_lawler_basic_rules=1 enable_simple_lb=0 enable_lb_memo=0 enable_edd_ub=0 ub_depth_limit=-1 lb_depth_limit=-1 terminal_all_tardy_spt=1 terminal_edd_at_most_one_tardy=1 enable_memo=1 enable_exact_memo=1 memo_full_key_verification=1 memo_memory_limit_mb=12288 cost=0 time_ms=0.0154 nodes=1 max_depth=0 memo_hits=0 memo_misses=1 memo_exact_hits=0 memo_lb_hits=0 rule4=1 valid_pos=0 valid_pos_pruned_3a=0 valid_pos_pruned_3b=0 memo_rejected=0 memo_forced_evict=0 lufo_passes=0 terminal_spt=0 terminal_edd=1 memo_peak=1 memo_final=1 memo_evictions=0 memo_clean_time_ms=0 reconstruction_time_ms=0.0045 reconstruction_repairs=0 reconstruction_trace_hits=0 reconstruction_trace_fallbacks=0 memo_used_mb=0.000167847 memo_bytes_per_entry=176,800,3,D:\test2\results\article_code_comparison\data\800\SDT_800_1_0.4_4.txt,adaptive,custom,0,0,1,1,1,0,0,0,-1,-1,1,1,1,1,1,12288,0,,,0.0154,1,0,0,1,0,0,1,0,0,0,0,0,0,0,1,1,1,0,0,0.0045,0,0,0,0.000167847,176,,,,,,,,,,,,,,,,,,,,,,C:\c++\test2\results\article_code_comparison\raw_results.csv,article_runner_filename_mismatch_R1_expected_1.0
800,1.0,0.4,4,D:\test2\results\article_code_comparison\data\800\SDT_800_1_0.4_5.txt,D:\test2\results\article_code_comparison,generated_by_project_generator,D:\test2\x64\Release\bm_solver.exe,SOLVED,0,0.0156,62.369,,,800,176,1748992,ERROR,,60.016,,,1810432,1.039206,,0.966063,NOT_COMPARABLE_ERROR,,,[run] n=800 seed=4 input=D:\test2\results\article_code_comparison\data\800\SDT_800_1_0.4_5.txt decomp=adaptive memo_backend=custom use_ub=0 use_lb=0 terminal_rules=1 position_filtering_enabled=1 enable_lawler_basic_rules=1 enable_simple_lb=0 enable_lb_memo=0 enable_edd_ub=0 ub_depth_limit=-1 lb_depth_limit=-1 terminal_all_tardy_spt=1 terminal_edd_at_most_one_tardy=1 enable_memo=1 enable_exact_memo=1 memo_full_key_verification=1 memo_memory_limit_mb=12288 cost=0 time_ms=0.0156 nodes=1 max_depth=0 memo_hits=0 memo_misses=1 memo_exact_hits=0 memo_lb_hits=0 rule4=1 valid_pos=0 valid_pos_pruned_3a=0 valid_pos_pruned_3b=0 memo_rejected=0 memo_forced_evict=0 lufo_passes=0 terminal_spt=0 terminal_edd=1 memo_peak=1 memo_final=1 memo_evictions=0 memo_clean_time_ms=0 reconstruction_time_ms=0.0047 reconstruction_repairs=0 reconstruction_trace_hits=0 reconstruction_trace_fallbacks=0 memo_used_mb=0.000167847 memo_bytes_per_entry=176,800,4,D:\test2\results\article_code_comparison\data\800\SDT_800_1_0.4_5.txt,adaptive,custom,0,0,1,1,1,0,0,0,-1,-1,1,1,1,1,1,12288,0,,,0.0156,1,0,0,1,0,0,1,0,0,0,0,0,0,0,1,1,1,0,0,0.0047,0,0,0,0.000167847,176,,,,,,,,,,,,,,,,,,,,,,C:\c++\test2\results\article_code_comparison\raw_results.csv,article_runner_filename_mismatch_R1_expected_1.0
800,1.0,0.4,5,D:\test2\results\article_code_comparison\data\800\SDT_800_1_0.4_6.txt,D:\test2\results\article_code_comparison,generated_by_project_generator,D:\test2\x64\Release\bm_solver.exe,SOLVED,0,0.0155,62.984,,,800,176,2355200,ERROR,,60.208,,,1814528,1.046107,,1.297968,NOT_COMPARABLE_ERROR,,,[run] n=800 seed=5 input=D:\test2\results\article_code_comparison\data\800\SDT_800_1_0.4_6.txt decomp=adaptive memo_backend=custom use_ub=0 use_lb=0 terminal_rules=1 position_filtering_enabled=1 enable_lawler_basic_rules=1 enable_simple_lb=0 enable_lb_memo=0 enable_edd_ub=0 ub_depth_limit=-1 lb_depth_limit=-1 terminal_all_tardy_spt=1 terminal_edd_at_most_one_tardy=1 enable_memo=1 enable_exact_memo=1 memo_full_key_verification=1 memo_memory_limit_mb=12288 cost=0 time_ms=0.0155 nodes=1 max_depth=0 memo_hits=0 memo_misses=1 memo_exact_hits=0 memo_lb_hits=0 rule4=1 valid_pos=0 valid_pos_pruned_3a=0 valid_pos_pruned_3b=0 memo_rejected=0 memo_forced_evict=0 lufo_passes=0 terminal_spt=0 terminal_edd=1 memo_peak=1 memo_final=1 memo_evictions=0 memo_clean_time_ms=0 reconstruction_time_ms=0.0046 reconstruction_repairs=0 reconstruction_trace_hits=0 reconstruction_trace_fallbacks=0 memo_used_mb=0.000167847 memo_bytes_per_entry=176,800,5,D:\test2\results\article_code_comparison\data\800\SDT_800_1_0.4_6.txt,adaptive,custom,0,0,1,1,1,0,0,0,-1,-1,1,1,1,1,1,12288,0,,,0.0155,1,0,0,1,0,0,1,0,0,0,0,0,0,0,1,1,1,0,0,0.0046,0,0,0,0.000167847,176,,,,,,,,,,,,,,,,,,,,,,C:\c++\test2\results\article_code_comparison\raw_results.csv,article_runner_filename_mismatch_R1_expected_1.0
800,1.0,0.4,6,D:\test2\results\article_code_comparison\data\800\SDT_800_1_0.4_7.txt,D:\test2\results\article_code_comparison,generated_by_project_generator,D:\test2\x64\Release\bm_solver.exe,SOLVED,0,0.0153,62.734,,,800,176,2392064,ERROR,,60.241,,,1880064,1.041384,,1.272331,NOT_COMPARABLE_ERROR,,,[run] n=800 seed=6 input=D:\test2\results\article_code_comparison\data\800\SDT_800_1_0.4_7.txt decomp=adaptive memo_backend=custom use_ub=0 use_lb=0 terminal_rules=1 position_filtering_enabled=1 enable_lawler_basic_rules=1 enable_simple_lb=0 enable_lb_memo=0 enable_edd_ub=0 ub_depth_limit=-1 lb_depth_limit=-1 terminal_all_tardy_spt=1 terminal_edd_at_most_one_tardy=1 enable_memo=1 enable_exact_memo=1 memo_full_key_verification=1 memo_memory_limit_mb=12288 cost=0 time_ms=0.0153 nodes=1 max_depth=0 memo_hits=0 memo_misses=1 memo_exact_hits=0 memo_lb_hits=0 rule4=1 valid_pos=0 valid_pos_pruned_3a=0 valid_pos_pruned_3b=0 memo_rejected=0 memo_forced_evict=0 lufo_passes=0 terminal_spt=0 terminal_edd=1 memo_peak=1 memo_final=1 memo_evictions=0 memo_clean_time_ms=0 reconstruction_time_ms=0.0047 reconstruction_repairs=0 reconstruction_trace_hits=0 reconstruction_trace_fallbacks=0 memo_used_mb=0.000167847 memo_bytes_per_entry=176,800,6,D:\test2\results\article_code_comparison\data\800\SDT_800_1_0.4_7.txt,adaptive,custom,0,0,1,1,1,0,0,0,-1,-1,1,1,1,1,1,12288,0,,,0.0153,1,0,0,1,0,0,1,0,0,0,0,0,0,0,1,1,1,0,0,0.0047,0,0,0,0.000167847,176,,,,,,,,,,,,,,,,,,,,,,C:\c++\test2\results\article_code_comparison\raw_results.csv,article_runner_filename_mismatch_R1_expected_1.0
800,1.0,0.4,7,D:\test2\results\article_code_comparison\data\800\SDT_800_1_0.4_8.txt,D:\test2\results\article_code_comparison,generated_by_project_generator,D:\test2\x64\Release\bm_solver.exe,SOLVED,0,0.0156,62.492,,,800,176,1765376,ERROR,,60.214,,,1748992,1.037832,,1.009368,NOT_COMPARABLE_ERROR,,,[run] n=800 seed=7 input=D:\test2\results\article_code_comparison\data\800\SDT_800_1_0.4_8.txt decomp=adaptive memo_backend=custom use_ub=0 use_lb=0 terminal_rules=1 position_filtering_enabled=1 enable_lawler_basic_rules=1 enable_simple_lb=0 enable_lb_memo=0 enable_edd_ub=0 ub_depth_limit=-1 lb_depth_limit=-1 terminal_all_tardy_spt=1 terminal_edd_at_most_one_tardy=1 enable_memo=1 enable_exact_memo=1 memo_full_key_verification=1 memo_memory_limit_mb=12288 cost=0 time_ms=0.0156 nodes=1 max_depth=0 memo_hits=0 memo_misses=1 memo_exact_hits=0 memo_lb_hits=0 rule4=1 valid_pos=0 valid_pos_pruned_3a=0 valid_pos_pruned_3b=0 memo_rejected=0 memo_forced_evict=0 lufo_passes=0 terminal_spt=0 terminal_edd=1 memo_peak=1 memo_final=1 memo_evictions=0 memo_clean_time_ms=0 reconstruction_time_ms=0.0045 reconstruction_repairs=0 reconstruction_trace_hits=0 reconstruction_trace_fallbacks=0 memo_used_mb=0.000167847 memo_bytes_per_entry=176,800,7,D:\test2\results\article_code_comparison\data\800\SDT_800_1_0.4_8.txt,adaptive,custom,0,0,1,1,1,0,0,0,-1,-1,1,1,1,1,1,12288,0,,,0.0156,1,0,0,1,0,0,1,0,0,0,0,0,0,0,1,1,1,0,0,0.0045,0,0,0,0.000167847,176,,,,,,,,,,,,,,,,,,,,,,C:\c++\test2\results\article_code_comparison\raw_results.csv,article_runner_filename_mismatch_R1_expected_1.0
800,1.0,0.4,8,D:\test2\results\article_code_comparison\data\800\SDT_800_1_0.4_9.txt,D:\test2\results\article_code_comparison,generated_by_project_generator,D:\test2\x64\Release\bm_solver.exe,SOLVED,0,0.0165,62.706,,,800,176,2170880,ERROR,,60.319,,,1871872,1.039573,,1.159737,NOT_COMPARABLE_ERROR,,,[run] n=800 seed=8 input=D:\test2\results\article_code_comparison\data\800\SDT_800_1_0.4_9.txt decomp=adaptive memo_backend=custom use_ub=0 use_lb=0 terminal_rules=1 position_filtering_enabled=1 enable_lawler_basic_rules=1 enable_simple_lb=0 enable_lb_memo=0 enable_edd_ub=0 ub_depth_limit=-1 lb_depth_limit=-1 terminal_all_tardy_spt=1 terminal_edd_at_most_one_tardy=1 enable_memo=1 enable_exact_memo=1 memo_full_key_verification=1 memo_memory_limit_mb=12288 cost=0 time_ms=0.0165 nodes=1 max_depth=0 memo_hits=0 memo_misses=1 memo_exact_hits=0 memo_lb_hits=0 rule4=1 valid_pos=0 valid_pos_pruned_3a=0 valid_pos_pruned_3b=0 memo_rejected=0 memo_forced_evict=0 lufo_passes=0 terminal_spt=0 terminal_edd=1 memo_peak=1 memo_final=1 memo_evictions=0 memo_clean_time_ms=0 reconstruction_time_ms=0.0046 reconstruction_repairs=0 reconstruction_trace_hits=0 reconstruction_trace_fallbacks=0 memo_used_mb=0.000167847 memo_bytes_per_entry=176,800,8,D:\test2\results\article_code_comparison\data\800\SDT_800_1_0.4_9.txt,adaptive,custom,0,0,1,1,1,0,0,0,-1,-1,1,1,1,1,1,12288,0,,,0.0165,1,0,0,1,0,0,1,0,0,0,0,0,0,0,1,1,1,0,0,0.0046,0,0,0,0.000167847,176,,,,,,,,,,,,,,,,,,,,,,C:\c++\test2\results\article_code_comparison\raw_results.csv,article_runner_filename_mismatch_R1_expected_1.0
800,1.0,0.4,9,D:\test2\results\article_code_comparison\data\800\SDT_800_1_0.4_10.txt,D:\test2\results\article_code_comparison,generated_by_project_generator,D:\test2\x64\Release\bm_solver.exe,SOLVED,0,0.0167,62.672,,,800,176,2224128,ERROR,,60.3,,,1810432,1.039337,,1.228507,NOT_COMPARABLE_ERROR,,,[run] n=800 seed=9 input=D:\test2\results\article_code_comparison\data\800\SDT_800_1_0.4_10.txt decomp=adaptive memo_backend=custom use_ub=0 use_lb=0 terminal_rules=1 position_filtering_enabled=1 enable_lawler_basic_rules=1 enable_simple_lb=0 enable_lb_memo=0 enable_edd_ub=0 ub_depth_limit=-1 lb_depth_limit=-1 terminal_all_tardy_spt=1 terminal_edd_at_most_one_tardy=1 enable_memo=1 enable_exact_memo=1 memo_full_key_verification=1 memo_memory_limit_mb=12288 cost=0 time_ms=0.0167 nodes=1 max_depth=0 memo_hits=0 memo_misses=1 memo_exact_hits=0 memo_lb_hits=0 rule4=1 valid_pos=0 valid_pos_pruned_3a=0 valid_pos_pruned_3b=0 memo_rejected=0 memo_forced_evict=0 lufo_passes=0 terminal_spt=0 terminal_edd=1 memo_peak=1 memo_final=1 memo_evictions=0 memo_clean_time_ms=0 reconstruction_time_ms=0.0048 reconstruction_repairs=0 reconstruction_trace_hits=0 reconstruction_trace_fallbacks=0 memo_used_mb=0.000167847 memo_bytes_per_entry=176,800,9,D:\test2\results\article_code_comparison\data\800\SDT_800_1_0.4_10.txt,adaptive,custom,0,0,1,1,1,0,0,0,-1,-1,1,1,1,1,1,12288,0,,,0.0167,1,0,0,1,0,0,1,0,0,0,0,0,0,0,1,1,1,0,0,0.0048,0,0,0,0.000167847,176,,,,,,,,,,,,,,,,,,,,,,C:\c++\test2\results\article_code_comparison\raw_results.csv,article_runner_filename_mismatch_R1_expected_1.0
800,1.0,0.6,0,D:\test2\results\article_code_comparison\data\800\SDT_800_1_0.6_1.txt,D:\test2\results\article_code_comparison,generated_by_project_generator,D:\test2\x64\Release\bm_solver.exe,SOLVED,1906950,7.7021,62.713,,,800,474368,1875968,ERROR,,59.967,,,1798144,1.045792,,1.04328,NOT_COMPARABLE_ERROR,,,[run] n=800 seed=0 input=D:\test2\results\article_code_comparison\data\800\SDT_800_1_0.6_1.txt decomp=adaptive memo_backend=custom use_ub=0 use_lb=0 terminal_rules=1 position_filtering_enabled=1 enable_lawler_basic_rules=1 enable_simple_lb=0 enable_lb_memo=0 enable_edd_ub=0 ub_depth_limit=-1 lb_depth_limit=-1 terminal_all_tardy_spt=1 terminal_edd_at_most_one_tardy=1 enable_memo=1 enable_exact_memo=1 memo_full_key_verification=1 memo_memory_limit_mb=12288 cost=1906950 time_ms=7.7021 nodes=1853 max_depth=799 memo_hits=585 memo_misses=3705 memo_exact_hits=585 memo_lb_hits=0 rule4=1 valid_pos=102147 valid_pos_pruned_3a=0 valid_pos_pruned_3b=0 memo_rejected=0 memo_forced_evict=0 lufo_passes=0 terminal_spt=27 terminal_edd=543 memo_peak=1853 memo_final=1853 memo_evictions=0 memo_clean_time_ms=0 reconstruction_time_ms=2.1999 reconstruction_repairs=0 reconstruction_trace_hits=429 reconstruction_trace_fallbacks=0 memo_used_mb=0.452393 memo_bytes_per_entry=256,800,0,D:\test2\results\article_code_comparison\data\800\SDT_800_1_0.6_1.txt,adaptive,custom,0,0,1,1,1,0,0,0,-1,-1,1,1,1,1,1,12288,1906950,,,7.7021,1853,799,585,3705,585,0,1,102147,0,0,0,0,0,27,543,1853,1853,0,0,2.1999,0,429,0,0.452393,256,,,,,,,,,,,,,,,,,,,,,,C:\c++\test2\results\article_code_comparison\raw_results.csv,article_runner_filename_mismatch_R1_expected_1.0
800,1.0,0.6,1,D:\test2\results\article_code_comparison\data\800\SDT_800_1_0.6_2.txt,D:\test2\results\article_code_comparison,generated_by_project_generator,D:\test2\x64\Release\bm_solver.exe,SOLVED,1523139,20.8898,62.758,,,800,1558782,2322432,ERROR,,60.247,,,1937408,1.041678,,1.198732,NOT_COMPARABLE_ERROR,,,[run] n=800 seed=1 input=D:\test2\results\article_code_comparison\data\800\SDT_800_1_0.6_2.txt decomp=adaptive memo_backend=custom use_ub=0 use_lb=0 terminal_rules=1 position_filtering_enabled=1 enable_lawler_basic_rules=1 enable_simple_lb=0 enable_lb_memo=0 enable_edd_ub=0 ub_depth_limit=-1 lb_depth_limit=-1 terminal_all_tardy_spt=1 terminal_edd_at_most_one_tardy=1 enable_memo=1 enable_exact_memo=1 memo_full_key_verification=1 memo_memory_limit_mb=12288 cost=1523139 time_ms=20.8898 nodes=6089 max_depth=799 memo_hits=2643 memo_misses=12177 memo_exact_hits=2643 memo_lb_hits=0 rule4=1 valid_pos=181430 valid_pos_pruned_3a=0 valid_pos_pruned_3b=0 memo_rejected=0 memo_forced_evict=0 lufo_passes=0 terminal_spt=53 terminal_edd=1354 memo_peak=6089 memo_final=6089 memo_evictions=0 memo_clean_time_ms=0 reconstruction_time_ms=1.9775 reconstruction_repairs=0 reconstruction_trace_hits=462 reconstruction_trace_fallbacks=0 memo_used_mb=1.48657 memo_bytes_per_entry=256,800,1,D:\test2\results\article_code_comparison\data\800\SDT_800_1_0.6_2.txt,adaptive,custom,0,0,1,1,1,0,0,0,-1,-1,1,1,1,1,1,12288,1523139,,,20.8898,6089,799,2643,12177,2643,0,1,181430,0,0,0,0,0,53,1354,6089,6089,0,0,1.9775,0,462,0,1.48657,256,,,,,,,,,,,,,,,,,,,,,,C:\c++\test2\results\article_code_comparison\raw_results.csv,article_runner_filename_mismatch_R1_expected_1.0
800,1.0,0.6,2,D:\test2\results\article_code_comparison\data\800\SDT_800_1_0.6_3.txt,D:\test2\results\article_code_comparison,generated_by_project_generator,D:\test2\x64\Release\bm_solver.exe,SOLVED,1978008,7.6146,62.503,,,800,553984,2019328,ERROR,,59.804,,,1810432,1.045131,,1.115385,NOT_COMPARABLE_ERROR,,,[run] n=800 seed=2 input=D:\test2\results\article_code_comparison\data\800\SDT_800_1_0.6_3.txt decomp=adaptive memo_backend=custom use_ub=0 use_lb=0 terminal_rules=1 position_filtering_enabled=1 enable_lawler_basic_rules=1 enable_simple_lb=0 enable_lb_memo=0 enable_edd_ub=0 ub_depth_limit=-1 lb_depth_limit=-1 terminal_all_tardy_spt=1 terminal_edd_at_most_one_tardy=1 enable_memo=1 enable_exact_memo=1 memo_full_key_verification=1 memo_memory_limit_mb=12288 cost=1978008 time_ms=7.6146 nodes=2164 max_depth=799 memo_hits=769 memo_misses=4327 memo_exact_hits=769 memo_lb_hits=0 rule4=1 valid_pos=73746 valid_pos_pruned_3a=0 valid_pos_pruned_3b=0 memo_rejected=0 memo_forced_evict=0 lufo_passes=0 terminal_spt=14 terminal_edd=619 memo_peak=2164 memo_final=2164 memo_evictions=0 memo_clean_time_ms=0 reconstruction_time_ms=1.9639 reconstruction_repairs=0 reconstruction_trace_hits=416 reconstruction_trace_fallbacks=0 memo_used_mb=0.52832 memo_bytes_per_entry=256,800,2,D:\test2\results\article_code_comparison\data\800\SDT_800_1_0.6_3.txt,adaptive,custom,0,0,1,1,1,0,0,0,-1,-1,1,1,1,1,1,12288,1978008,,,7.6146,2164,799,769,4327,769,0,1,73746,0,0,0,0,0,14,619,2164,2164,0,0,1.9639,0,416,0,0.52832,256,,,,,,,,,,,,,,,,,,,,,,C:\c++\test2\results\article_code_comparison\raw_results.csv,article_runner_filename_mismatch_R1_expected_1.0
800,1.0,0.6,3,D:\test2\results\article_code_comparison\data\800\SDT_800_1_0.6_4.txt,D:\test2\results\article_code_comparison,generated_by_project_generator,D:\test2\x64\Release\bm_solver.exe,SOLVED,1632470,12.6639,62.82,,,800,1351426,2396160,ERROR,,60.276,,,1818624,1.042206,,1.317568,NOT_COMPARABLE_ERROR,,,[run] n=800 seed=3 input=D:\test2\results\article_code_comparison\data\800\SDT_800_1_0.6_4.txt decomp=adaptive memo_backend=custom use_ub=0 use_lb=0 terminal_rules=1 position_filtering_enabled=1 enable_lawler_basic_rules=1 enable_simple_lb=0 enable_lb_memo=0 enable_edd_ub=0 ub_depth_limit=-1 lb_depth_limit=-1 terminal_all_tardy_spt=1 terminal_edd_at_most_one_tardy=1 enable_memo=1 enable_exact_memo=1 memo_full_key_verification=1 memo_memory_limit_mb=12288 cost=1632470 time_ms=12.6639 nodes=5279 max_depth=799 memo_hits=1226 memo_misses=10557 memo_exact_hits=1226 memo_lb_hits=0 rule4=1 valid_pos=124331 valid_pos_pruned_3a=0 valid_pos_pruned_3b=0 memo_rejected=0 memo_forced_evict=0 lufo_passes=0 terminal_spt=48 terminal_edd=1368 memo_peak=5279 memo_final=5279 memo_evictions=0 memo_clean_time_ms=0 reconstruction_time_ms=1.8989 reconstruction_repairs=0 reconstruction_trace_hits=446 reconstruction_trace_fallbacks=0 memo_used_mb=1.28882 memo_bytes_per_entry=256,800,3,D:\test2\results\article_code_comparison\data\800\SDT_800_1_0.6_4.txt,adaptive,custom,0,0,1,1,1,0,0,0,-1,-1,1,1,1,1,1,12288,1632470,,,12.6639,5279,799,1226,10557,1226,0,1,124331,0,0,0,0,0,48,1368,5279,5279,0,0,1.8989,0,446,0,1.28882,256,,,,,,,,,,,,,,,,,,,,,,C:\c++\test2\results\article_code_comparison\raw_results.csv,article_runner_filename_mismatch_R1_expected_1.0
800,1.0,0.6,4,D:\test2\results\article_code_comparison\data\800\SDT_800_1_0.6_5.txt,D:\test2\results\article_code_comparison,generated_by_project_generator,D:\test2\x64\Release\bm_solver.exe,SOLVED,2017241,8.0386,62.217,,,800,606464,2170880,ERROR,,59.807,,,1794048,1.040296,,1.210046,NOT_COMPARABLE_ERROR,,,[run] n=800 seed=4 input=D:\test2\results\article_code_comparison\data\800\SDT_800_1_0.6_5.txt decomp=adaptive memo_backend=custom use_ub=0 use_lb=0 terminal_rules=1 position_filtering_enabled=1 enable_lawler_basic_rules=1 enable_simple_lb=0 enable_lb_memo=0 enable_edd_ub=0 ub_depth_limit=-1 lb_depth_limit=-1 terminal_all_tardy_spt=1 terminal_edd_at_most_one_tardy=1 enable_memo=1 enable_exact_memo=1 memo_full_key_verification=1 memo_memory_limit_mb=12288 cost=2017241 time_ms=8.0386 nodes=2369 max_depth=799 memo_hits=695 memo_misses=4737 memo_exact_hits=695 memo_lb_hits=0 rule4=1 valid_pos=82264 valid_pos_pruned_3a=0 valid_pos_pruned_3b=0 memo_rejected=0 memo_forced_evict=0 lufo_passes=0 terminal_spt=30 terminal_edd=638 memo_peak=2369 memo_final=2369 memo_evictions=0 memo_clean_time_ms=0 reconstruction_time_ms=2.236 reconstruction_repairs=0 reconstruction_trace_hits=454 reconstruction_trace_fallbacks=0 memo_used_mb=0.578369 memo_bytes_per_entry=256,800,4,D:\test2\results\article_code_comparison\data\800\SDT_800_1_0.6_5.txt,adaptive,custom,0,0,1,1,1,0,0,0,-1,-1,1,1,1,1,1,12288,2017241,,,8.0386,2369,799,695,4737,695,0,1,82264,0,0,0,0,0,30,638,2369,2369,0,0,2.236,0,454,0,0.578369,256,,,,,,,,,,,,,,,,,,,,,,C:\c++\test2\results\article_code_comparison\raw_results.csv,article_runner_filename_mismatch_R1_expected_1.0
800,1.0,0.6,5,D:\test2\results\article_code_comparison\data\800\SDT_800_1_0.6_6.txt,D:\test2\results\article_code_comparison,generated_by_project_generator,D:\test2\x64\Release\bm_solver.exe,SOLVED,1775554,6.7867,62.25,,,800,576768,2019328,ERROR,,59.799,,,1622016,1.040987,,1.244949,NOT_COMPARABLE_ERROR,,,[run] n=800 seed=5 input=D:\test2\results\article_code_comparison\data\800\SDT_800_1_0.6_6.txt decomp=adaptive memo_backend=custom use_ub=0 use_lb=0 terminal_rules=1 position_filtering_enabled=1 enable_lawler_basic_rules=1 enable_simple_lb=0 enable_lb_memo=0 enable_edd_ub=0 ub_depth_limit=-1 lb_depth_limit=-1 terminal_all_tardy_spt=1 terminal_edd_at_most_one_tardy=1 enable_memo=1 enable_exact_memo=1 memo_full_key_verification=1 memo_memory_limit_mb=12288 cost=1775554 time_ms=6.7867 nodes=2253 max_depth=799 memo_hits=477 memo_misses=4505 memo_exact_hits=477 memo_lb_hits=0 rule4=1 valid_pos=66217 valid_pos_pruned_3a=0 valid_pos_pruned_3b=0 memo_rejected=0 memo_forced_evict=0 lufo_passes=0 terminal_spt=18 terminal_edd=664 memo_peak=2253 memo_final=2253 memo_evictions=0 memo_clean_time_ms=0 reconstruction_time_ms=1.9938 reconstruction_repairs=0 reconstruction_trace_hits=452 reconstruction_trace_fallbacks=0 memo_used_mb=0.550049 memo_bytes_per_entry=256,800,5,D:\test2\results\article_code_comparison\data\800\SDT_800_1_0.6_6.txt,adaptive,custom,0,0,1,1,1,0,0,0,-1,-1,1,1,1,1,1,12288,1775554,,,6.7867,2253,799,477,4505,477,0,1,66217,0,0,0,0,0,18,664,2253,2253,0,0,1.9938,0,452,0,0.550049,256,,,,,,,,,,,,,,,,,,,,,,C:\c++\test2\results\article_code_comparison\raw_results.csv,article_runner_filename_mismatch_R1_expected_1.0
800,1.0,0.6,6,D:\test2\results\article_code_comparison\data\800\SDT_800_1_0.6_7.txt,D:\test2\results\article_code_comparison,generated_by_project_generator,D:\test2\x64\Release\bm_solver.exe,SOLVED,1504080,6.0303,62.742,,,800,450048,2330624,ERROR,,60.295,,,1945600,1.040584,,1.197895,NOT_COMPARABLE_ERROR,,,[run] n=800 seed=6 input=D:\test2\results\article_code_comparison\data\800\SDT_800_1_0.6_7.txt decomp=adaptive memo_backend=custom use_ub=0 use_lb=0 terminal_rules=1 position_filtering_enabled=1 enable_lawler_basic_rules=1 enable_simple_lb=0 enable_lb_memo=0 enable_edd_ub=0 ub_depth_limit=-1 lb_depth_limit=-1 terminal_all_tardy_spt=1 terminal_edd_at_most_one_tardy=1 enable_memo=1 enable_exact_memo=1 memo_full_key_verification=1 memo_memory_limit_mb=12288 cost=1504080 time_ms=6.0303 nodes=1758 max_depth=799 memo_hits=395 memo_misses=3515 memo_exact_hits=395 memo_lb_hits=0 rule4=1 valid_pos=54810 valid_pos_pruned_3a=0 valid_pos_pruned_3b=0 memo_rejected=0 memo_forced_evict=0 lufo_passes=0 terminal_spt=19 terminal_edd=509 memo_peak=1758 memo_final=1758 memo_evictions=0 memo_clean_time_ms=0 reconstruction_time_ms=1.9321 reconstruction_repairs=0 reconstruction_trace_hits=406 reconstruction_trace_fallbacks=0 memo_used_mb=0.429199 memo_bytes_per_entry=256,800,6,D:\test2\results\article_code_comparison\data\800\SDT_800_1_0.6_7.txt,adaptive,custom,0,0,1,1,1,0,0,0,-1,-1,1,1,1,1,1,12288,1504080,,,6.0303,1758,799,395,3515,395,0,1,54810,0,0,0,0,0,19,509,1758,1758,0,0,1.9321,0,406,0,0.429199,256,,,,,,,,,,,,,,,,,,,,,,C:\c++\test2\results\article_code_comparison\raw_results.csv,article_runner_filename_mismatch_R1_expected_1.0
800,1.0,0.6,7,D:\test2\results\article_code_comparison\data\800\SDT_800_1_0.6_8.txt,D:\test2\results\article_code_comparison,generated_by_project_generator,D:\test2\x64\Release\bm_solver.exe,SOLVED,1486872,9.7221,62.255,,,800,639488,1720320,ERROR,,60.262,,,1785856,1.033072,,0.963303,NOT_COMPARABLE_ERROR,,,[run] n=800 seed=7 input=D:\test2\results\article_code_comparison\data\800\SDT_800_1_0.6_8.txt decomp=adaptive memo_backend=custom use_ub=0 use_lb=0 terminal_rules=1 position_filtering_enabled=1 enable_lawler_basic_rules=1 enable_simple_lb=0 enable_lb_memo=0 enable_edd_ub=0 ub_depth_limit=-1 lb_depth_limit=-1 terminal_all_tardy_spt=1 terminal_edd_at_most_one_tardy=1 enable_memo=1 enable_exact_memo=1 memo_full_key_verification=1 memo_memory_limit_mb=12288 cost=1486872 time_ms=9.7221 nodes=2498 max_depth=799 memo_hits=887 memo_misses=4995 memo_exact_hits=887 memo_lb_hits=0 rule4=1 valid_pos=103226 valid_pos_pruned_3a=0 valid_pos_pruned_3b=0 memo_rejected=0 memo_forced_evict=0 lufo_passes=0 terminal_spt=19 terminal_edd=654 memo_peak=2498 memo_final=2498 memo_evictions=0 memo_clean_time_ms=0 reconstruction_time_ms=2.167 reconstruction_repairs=0 reconstruction_trace_hits=448 reconstruction_trace_fallbacks=0 memo_used_mb=0.609863 memo_bytes_per_entry=256,800,7,D:\test2\results\article_code_comparison\data\800\SDT_800_1_0.6_8.txt,adaptive,custom,0,0,1,1,1,0,0,0,-1,-1,1,1,1,1,1,12288,1486872,,,9.7221,2498,799,887,4995,887,0,1,103226,0,0,0,0,0,19,654,2498,2498,0,0,2.167,0,448,0,0.609863,256,,,,,,,,,,,,,,,,,,,,,,C:\c++\test2\results\article_code_comparison\raw_results.csv,article_runner_filename_mismatch_R1_expected_1.0
800,1.0,0.6,8,D:\test2\results\article_code_comparison\data\800\SDT_800_1_0.6_9.txt,D:\test2\results\article_code_comparison,generated_by_project_generator,D:\test2\x64\Release\bm_solver.exe,SOLVED,1667429,6.3981,62.831,,,800,426752,2326528,ERROR,,60.333,,,1814528,1.041404,,1.282167,NOT_COMPARABLE_ERROR,,,[run] n=800 seed=8 input=D:\test2\results\article_code_comparison\data\800\SDT_800_1_0.6_9.txt decomp=adaptive memo_backend=custom use_ub=0 use_lb=0 terminal_rules=1 position_filtering_enabled=1 enable_lawler_basic_rules=1 enable_simple_lb=0 enable_lb_memo=0 enable_edd_ub=0 ub_depth_limit=-1 lb_depth_limit=-1 terminal_all_tardy_spt=1 terminal_edd_at_most_one_tardy=1 enable_memo=1 enable_exact_memo=1 memo_full_key_verification=1 memo_memory_limit_mb=12288 cost=1667429 time_ms=6.3981 nodes=1667 max_depth=799 memo_hits=453 memo_misses=3333 memo_exact_hits=453 memo_lb_hits=0 rule4=1 valid_pos=62988 valid_pos_pruned_3a=0 valid_pos_pruned_3b=0 memo_rejected=0 memo_forced_evict=0 lufo_passes=0 terminal_spt=12 terminal_edd=521 memo_peak=1667 memo_final=1667 memo_evictions=0 memo_clean_time_ms=0 reconstruction_time_ms=1.9561 reconstruction_repairs=0 reconstruction_trace_hits=411 reconstruction_trace_fallbacks=0 memo_used_mb=0.406982 memo_bytes_per_entry=256,800,8,D:\test2\results\article_code_comparison\data\800\SDT_800_1_0.6_9.txt,adaptive,custom,0,0,1,1,1,0,0,0,-1,-1,1,1,1,1,1,12288,1667429,,,6.3981,1667,799,453,3333,453,0,1,62988,0,0,0,0,0,12,521,1667,1667,0,0,1.9561,0,411,0,0.406982,256,,,,,,,,,,,,,,,,,,,,,,C:\c++\test2\results\article_code_comparison\raw_results.csv,article_runner_filename_mismatch_R1_expected_1.0
800,1.0,0.6,9,D:\test2\results\article_code_comparison\data\800\SDT_800_1_0.6_10.txt,D:\test2\results\article_code_comparison,generated_by_project_generator,D:\test2\x64\Release\bm_solver.exe,SOLVED,1510855,12.2156,62.616,,,800,1096192,2183168,ERROR,,59.962,,,1794048,1.044261,,1.216895,NOT_COMPARABLE_ERROR,,,[run] n=800 seed=9 input=D:\test2\results\article_code_comparison\data\800\SDT_800_1_0.6_10.txt decomp=adaptive memo_backend=custom use_ub=0 use_lb=0 terminal_rules=1 position_filtering_enabled=1 enable_lawler_basic_rules=1 enable_simple_lb=0 enable_lb_memo=0 enable_edd_ub=0 ub_depth_limit=-1 lb_depth_limit=-1 terminal_all_tardy_spt=1 terminal_edd_at_most_one_tardy=1 enable_memo=1 enable_exact_memo=1 memo_full_key_verification=1 memo_memory_limit_mb=12288 cost=1510855 time_ms=12.2156 nodes=4282 max_depth=799 memo_hits=1100 memo_misses=8563 memo_exact_hits=1100 memo_lb_hits=0 rule4=1 valid_pos=137609 valid_pos_pruned_3a=0 valid_pos_pruned_3b=0 memo_rejected=0 memo_forced_evict=0 lufo_passes=0 terminal_spt=54 terminal_edd=1066 memo_peak=4282 memo_final=4282 memo_evictions=0 memo_clean_time_ms=0 reconstruction_time_ms=1.9223 reconstruction_repairs=0 reconstruction_trace_hits=416 reconstruction_trace_fallbacks=0 memo_used_mb=1.04541 memo_bytes_per_entry=256,800,9,D:\test2\results\article_code_comparison\data\800\SDT_800_1_0.6_10.txt,adaptive,custom,0,0,1,1,1,0,0,0,-1,-1,1,1,1,1,1,12288,1510855,,,12.2156,4282,799,1100,8563,1100,0,1,137609,0,0,0,0,0,54,1066,4282,4282,0,0,1.9223,0,416,0,1.04541,256,,,,,,,,,,,,,,,,,,,,,,C:\c++\test2\results\article_code_comparison\raw_results.csv,article_runner_filename_mismatch_R1_expected_1.0
800,1.0,0.8,0,D:\test2\results\article_code_comparison\data\800\SDT_800_1_0.8_1.txt,D:\test2\results\article_code_comparison,generated_by_project_generator,D:\test2\x64\Release\bm_solver.exe,SOLVED,5250540,7.4275,62.491,,,800,247552,2019328,ERROR,,60.153,,,1875968,1.038868,,1.076419,NOT_COMPARABLE_ERROR,,,[run] n=800 seed=0 input=D:\test2\results\article_code_comparison\data\800\SDT_800_1_0.8_1.txt decomp=adaptive memo_backend=custom use_ub=0 use_lb=0 terminal_rules=1 position_filtering_enabled=1 enable_lawler_basic_rules=1 enable_simple_lb=0 enable_lb_memo=0 enable_edd_ub=0 ub_depth_limit=-1 lb_depth_limit=-1 terminal_all_tardy_spt=1 terminal_edd_at_most_one_tardy=1 enable_memo=1 enable_exact_memo=1 memo_full_key_verification=1 memo_memory_limit_mb=12288 cost=5250540 time_ms=7.4275 nodes=967 max_depth=799 memo_hits=76 memo_misses=1933 memo_exact_hits=76 memo_lb_hits=0 rule4=1 valid_pos=99118 valid_pos_pruned_3a=0 valid_pos_pruned_3b=0 memo_rejected=0 memo_forced_evict=0 lufo_passes=0 terminal_spt=14 terminal_edd=259 memo_peak=967 memo_final=967 memo_evictions=0 memo_clean_time_ms=0 reconstruction_time_ms=3.2119 reconstruction_repairs=0 reconstruction_trace_hits=532 reconstruction_trace_fallbacks=0 memo_used_mb=0.236084 memo_bytes_per_entry=256,800,0,D:\test2\results\article_code_comparison\data\800\SDT_800_1_0.8_1.txt,adaptive,custom,0,0,1,1,1,0,0,0,-1,-1,1,1,1,1,1,12288,5250540,,,7.4275,967,799,76,1933,76,0,1,99118,0,0,0,0,0,14,259,967,967,0,0,3.2119,0,532,0,0.236084,256,,,,,,,,,,,,,,,,,,,,,,C:\c++\test2\results\article_code_comparison\raw_results.csv,article_runner_filename_mismatch_R1_expected_1.0
800,1.0,0.8,1,D:\test2\results\article_code_comparison\data\800\SDT_800_1_0.8_2.txt,D:\test2\results\article_code_comparison,generated_by_project_generator,D:\test2\x64\Release\bm_solver.exe,SOLVED,4898451,7.317,62.594,,,800,243456,2330624,ERROR,,60.101,,,1945600,1.04148,,1.197895,NOT_COMPARABLE_ERROR,,,[run] n=800 seed=1 input=D:\test2\results\article_code_comparison\data\800\SDT_800_1_0.8_2.txt decomp=adaptive memo_backend=custom use_ub=0 use_lb=0 terminal_rules=1 position_filtering_enabled=1 enable_lawler_basic_rules=1 enable_simple_lb=0 enable_lb_memo=0 enable_edd_ub=0 ub_depth_limit=-1 lb_depth_limit=-1 terminal_all_tardy_spt=1 terminal_edd_at_most_one_tardy=1 enable_memo=1 enable_exact_memo=1 memo_full_key_verification=1 memo_memory_limit_mb=12288 cost=4898451 time_ms=7.317 nodes=951 max_depth=799 memo_hits=74 memo_misses=1901 memo_exact_hits=74 memo_lb_hits=0 rule4=1 valid_pos=112428 valid_pos_pruned_3a=0 valid_pos_pruned_3b=0 memo_rejected=0 memo_forced_evict=0 lufo_passes=0 terminal_spt=20 terminal_edd=250 memo_peak=951 memo_final=951 memo_evictions=0 memo_clean_time_ms=0 reconstruction_time_ms=3.3009 reconstruction_repairs=0 reconstruction_trace_hits=520 reconstruction_trace_fallbacks=0 memo_used_mb=0.232178 memo_bytes_per_entry=256,800,1,D:\test2\results\article_code_comparison\data\800\SDT_800_1_0.8_2.txt,adaptive,custom,0,0,1,1,1,0,0,0,-1,-1,1,1,1,1,1,12288,4898451,,,7.317,951,799,74,1901,74,0,1,112428,0,0,0,0,0,20,250,951,951,0,0,3.3009,0,520,0,0.232178,256,,,,,,,,,,,,,,,,,,,,,,C:\c++\test2\results\article_code_comparison\raw_results.csv,article_runner_filename_mismatch_R1_expected_1.0
800,1.0,0.8,2,D:\test2\results\article_code_comparison\data\800\SDT_800_1_0.8_3.txt,D:\test2\results\article_code_comparison,generated_by_project_generator,D:\test2\x64\Release\bm_solver.exe,SOLVED,5178596,7.3908,62.795,,,800,253696,2351104,ERROR,,60.338,,,1875968,1.040721,,1.253275,NOT_COMPARABLE_ERROR,,,[run] n=800 seed=2 input=D:\test2\results\article_code_comparison\data\800\SDT_800_1_0.8_3.txt decomp=adaptive memo_backend=custom use_ub=0 use_lb=0 terminal_rules=1 position_filtering_enabled=1 enable_lawler_basic_rules=1 enable_simple_lb=0 enable_lb_memo=0 enable_edd_ub=0 ub_depth_limit=-1 lb_depth_limit=-1 terminal_all_tardy_spt=1 terminal_edd_at_most_one_tardy=1 enable_memo=1 enable_exact_memo=1 memo_full_key_verification=1 memo_memory_limit_mb=12288 cost=5178596 time_ms=7.3908 nodes=991 max_depth=799 memo_hits=66 memo_misses=1981 memo_exact_hits=66 memo_lb_hits=0 rule4=1 valid_pos=114533 valid_pos_pruned_3a=0 valid_pos_pruned_3b=0 memo_rejected=0 memo_forced_evict=0 lufo_passes=0 terminal_spt=11 terminal_edd=267 memo_peak=991 memo_final=991 memo_evictions=0 memo_clean_time_ms=0 reconstruction_time_ms=3.411 reconstruction_repairs=0 reconstruction_trace_hits=519 reconstruction_trace_fallbacks=0 memo_used_mb=0.241943 memo_bytes_per_entry=256,800,2,D:\test2\results\article_code_comparison\data\800\SDT_800_1_0.8_3.txt,adaptive,custom,0,0,1,1,1,0,0,0,-1,-1,1,1,1,1,1,12288,5178596,,,7.3908,991,799,66,1981,66,0,1,114533,0,0,0,0,0,11,267,991,991,0,0,3.411,0,519,0,0.241943,256,,,,,,,,,,,,,,,,,,,,,,C:\c++\test2\results\article_code_comparison\raw_results.csv,article_runner_filename_mismatch_R1_expected_1.0
800,1.0,0.8,3,D:\test2\results\article_code_comparison\data\800\SDT_800_1_0.8_4.txt,D:\test2\results\article_code_comparison,generated_by_project_generator,D:\test2\x64\Release\bm_solver.exe,SOLVED,4841467,7.971,62.816,,,800,287488,2273280,ERROR,,60.204,,,1871872,1.043386,,1.214442,NOT_COMPARABLE_ERROR,,,[run] n=800 seed=3 input=D:\test2\results\article_code_comparison\data\800\SDT_800_1_0.8_4.txt decomp=adaptive memo_backend=custom use_ub=0 use_lb=0 terminal_rules=1 position_filtering_enabled=1 enable_lawler_basic_rules=1 enable_simple_lb=0 enable_lb_memo=0 enable_edd_ub=0 ub_depth_limit=-1 lb_depth_limit=-1 terminal_all_tardy_spt=1 terminal_edd_at_most_one_tardy=1 enable_memo=1 enable_exact_memo=1 memo_full_key_verification=1 memo_memory_limit_mb=12288 cost=4841467 time_ms=7.971 nodes=1123 max_depth=799 memo_hits=101 memo_misses=2245 memo_exact_hits=101 memo_lb_hits=0 rule4=1 valid_pos=127340 valid_pos_pruned_3a=0 valid_pos_pruned_3b=0 memo_rejected=0 memo_forced_evict=0 lufo_passes=0 terminal_spt=17 terminal_edd=320 memo_peak=1123 memo_final=1123 memo_evictions=0 memo_clean_time_ms=0 reconstruction_time_ms=3.1866 reconstruction_repairs=0 reconstruction_trace_hits=521 reconstruction_trace_fallbacks=0 memo_used_mb=0.27417 memo_bytes_per_entry=256,800,3,D:\test2\results\article_code_comparison\data\800\SDT_800_1_0.8_4.txt,adaptive,custom,0,0,1,1,1,0,0,0,-1,-1,1,1,1,1,1,12288,4841467,,,7.971,1123,799,101,2245,101,0,1,127340,0,0,0,0,0,17,320,1123,1123,0,0,3.1866,0,521,0,0.27417,256,,,,,,,,,,,,,,,,,,,,,,C:\c++\test2\results\article_code_comparison\raw_results.csv,article_runner_filename_mismatch_R1_expected_1.0
800,1.0,0.8,4,D:\test2\results\article_code_comparison\data\800\SDT_800_1_0.8_5.txt,D:\test2\results\article_code_comparison,generated_by_project_generator,D:\test2\x64\Release\bm_solver.exe,SOLVED,5386395,7.1988,62.49,,,800,204544,2170880,ERROR,,59.76,,,1781760,1.045683,,1.218391,NOT_COMPARABLE_ERROR,,,[run] n=800 seed=4 input=D:\test2\results\article_code_comparison\data\800\SDT_800_1_0.8_5.txt decomp=adaptive memo_backend=custom use_ub=0 use_lb=0 terminal_rules=1 position_filtering_enabled=1 enable_lawler_basic_rules=1 enable_simple_lb=0 enable_lb_memo=0 enable_edd_ub=0 ub_depth_limit=-1 lb_depth_limit=-1 terminal_all_tardy_spt=1 terminal_edd_at_most_one_tardy=1 enable_memo=1 enable_exact_memo=1 memo_full_key_verification=1 memo_memory_limit_mb=12288 cost=5386395 time_ms=7.1988 nodes=799 max_depth=799 memo_hits=41 memo_misses=1597 memo_exact_hits=41 memo_lb_hits=0 rule4=1 valid_pos=116287 valid_pos_pruned_3a=0 valid_pos_pruned_3b=0 memo_rejected=0 memo_forced_evict=0 lufo_passes=0 terminal_spt=13 terminal_edd=202 memo_peak=799 memo_final=799 memo_evictions=0 memo_clean_time_ms=0 reconstruction_time_ms=3.3448 reconstruction_repairs=0 reconstruction_trace_hits=521 reconstruction_trace_fallbacks=0 memo_used_mb=0.195068 memo_bytes_per_entry=256,800,4,D:\test2\results\article_code_comparison\data\800\SDT_800_1_0.8_5.txt,adaptive,custom,0,0,1,1,1,0,0,0,-1,-1,1,1,1,1,1,12288,5386395,,,7.1988,799,799,41,1597,41,0,1,116287,0,0,0,0,0,13,202,799,799,0,0,3.3448,0,521,0,0.195068,256,,,,,,,,,,,,,,,,,,,,,,C:\c++\test2\results\article_code_comparison\raw_results.csv,article_runner_filename_mismatch_R1_expected_1.0
800,1.0,0.8,5,D:\test2\results\article_code_comparison\data\800\SDT_800_1_0.8_6.txt,D:\test2\results\article_code_comparison,generated_by_project_generator,D:\test2\x64\Release\bm_solver.exe,SOLVED,5031847,7.5483,62.635,,,800,213504,1781760,ERROR,,60.069,,,1871872,1.042718,,0.95186,NOT_COMPARABLE_ERROR,,,[run] n=800 seed=5 input=D:\test2\results\article_code_comparison\data\800\SDT_800_1_0.8_6.txt decomp=adaptive memo_backend=custom use_ub=0 use_lb=0 terminal_rules=1 position_filtering_enabled=1 enable_lawler_basic_rules=1 enable_simple_lb=0 enable_lb_memo=0 enable_edd_ub=0 ub_depth_limit=-1 lb_depth_limit=-1 terminal_all_tardy_spt=1 terminal_edd_at_most_one_tardy=1 enable_memo=1 enable_exact_memo=1 memo_full_key_verification=1 memo_memory_limit_mb=12288 cost=5031847 time_ms=7.5483 nodes=834 max_depth=799 memo_hits=39 memo_misses=1667 memo_exact_hits=39 memo_lb_hits=0 rule4=1 valid_pos=121034 valid_pos_pruned_3a=0 valid_pos_pruned_3b=0 memo_rejected=0 memo_forced_evict=0 lufo_passes=0 terminal_spt=13 terminal_edd=217 memo_peak=834 memo_final=834 memo_evictions=0 memo_clean_time_ms=0 reconstruction_time_ms=3.2859 reconstruction_repairs=0 reconstruction_trace_hits=513 reconstruction_trace_fallbacks=0 memo_used_mb=0.203613 memo_bytes_per_entry=256,800,5,D:\test2\results\article_code_comparison\data\800\SDT_800_1_0.8_6.txt,adaptive,custom,0,0,1,1,1,0,0,0,-1,-1,1,1,1,1,1,12288,5031847,,,7.5483,834,799,39,1667,39,0,1,121034,0,0,0,0,0,13,217,834,834,0,0,3.2859,0,513,0,0.203613,256,,,,,,,,,,,,,,,,,,,,,,C:\c++\test2\results\article_code_comparison\raw_results.csv,article_runner_filename_mismatch_R1_expected_1.0
800,1.0,0.8,6,D:\test2\results\article_code_comparison\data\800\SDT_800_1_0.8_7.txt,D:\test2\results\article_code_comparison,generated_by_project_generator,D:\test2\x64\Release\bm_solver.exe,SOLVED,4719241,7.9089,62.46,,,800,217600,2072576,ERROR,,59.796,,,1880064,1.044551,,1.102397,NOT_COMPARABLE_ERROR,,,[run] n=800 seed=6 input=D:\test2\results\article_code_comparison\data\800\SDT_800_1_0.8_7.txt decomp=adaptive memo_backend=custom use_ub=0 use_lb=0 terminal_rules=1 position_filtering_enabled=1 enable_lawler_basic_rules=1 enable_simple_lb=0 enable_lb_memo=0 enable_edd_ub=0 ub_depth_limit=-1 lb_depth_limit=-1 terminal_all_tardy_spt=1 terminal_edd_at_most_one_tardy=1 enable_memo=1 enable_exact_memo=1 memo_full_key_verification=1 memo_memory_limit_mb=12288 cost=4719241 time_ms=7.9089 nodes=850 max_depth=799 memo_hits=68 memo_misses=1699 memo_exact_hits=68 memo_lb_hits=0 rule4=1 valid_pos=127823 valid_pos_pruned_3a=0 valid_pos_pruned_3b=0 memo_rejected=0 memo_forced_evict=0 lufo_passes=0 terminal_spt=14 terminal_edd=214 memo_peak=850 memo_final=850 memo_evictions=0 memo_clean_time_ms=0 reconstruction_time_ms=3.3233 reconstruction_repairs=0 reconstruction_trace_hits=520 reconstruction_trace_fallbacks=0 memo_used_mb=0.20752 memo_bytes_per_entry=256,800,6,D:\test2\results\article_code_comparison\data\800\SDT_800_1_0.8_7.txt,adaptive,custom,0,0,1,1,1,0,0,0,-1,-1,1,1,1,1,1,12288,4719241,,,7.9089,850,799,68,1699,68,0,1,127823,0,0,0,0,0,14,214,850,850,0,0,3.3233,0,520,0,0.20752,256,,,,,,,,,,,,,,,,,,,,,,C:\c++\test2\results\article_code_comparison\raw_results.csv,article_runner_filename_mismatch_R1_expected_1.0
800,1.0,0.8,7,D:\test2\results\article_code_comparison\data\800\SDT_800_1_0.8_8.txt,D:\test2\results\article_code_comparison,generated_by_project_generator,D:\test2\x64\Release\bm_solver.exe,SOLVED,4629147,7.1855,62.668,,,800,212480,2326528,ERROR,,60.213,,,1814528,1.040772,,1.282167,NOT_COMPARABLE_ERROR,,,[run] n=800 seed=7 input=D:\test2\results\article_code_comparison\data\800\SDT_800_1_0.8_8.txt decomp=adaptive memo_backend=custom use_ub=0 use_lb=0 terminal_rules=1 position_filtering_enabled=1 enable_lawler_basic_rules=1 enable_simple_lb=0 enable_lb_memo=0 enable_edd_ub=0 ub_depth_limit=-1 lb_depth_limit=-1 terminal_all_tardy_spt=1 terminal_edd_at_most_one_tardy=1 enable_memo=1 enable_exact_memo=1 memo_full_key_verification=1 memo_memory_limit_mb=12288 cost=4629147 time_ms=7.1855 nodes=830 max_depth=799 memo_hits=41 memo_misses=1659 memo_exact_hits=41 memo_lb_hits=0 rule4=1 valid_pos=73255 valid_pos_pruned_3a=0 valid_pos_pruned_3b=0 memo_rejected=0 memo_forced_evict=0 lufo_passes=0 terminal_spt=8 terminal_edd=229 memo_peak=830 memo_final=830 memo_evictions=0 memo_clean_time_ms=0 reconstruction_time_ms=3.3642 reconstruction_repairs=0 reconstruction_trace_hits=514 reconstruction_trace_fallbacks=0 memo_used_mb=0.202637 memo_bytes_per_entry=256,800,7,D:\test2\results\article_code_comparison\data\800\SDT_800_1_0.8_8.txt,adaptive,custom,0,0,1,1,1,0,0,0,-1,-1,1,1,1,1,1,12288,4629147,,,7.1855,830,799,41,1659,41,0,1,73255,0,0,0,0,0,8,229,830,830,0,0,3.3642,0,514,0,0.202637,256,,,,,,,,,,,,,,,,,,,,,,C:\c++\test2\results\article_code_comparison\raw_results.csv,article_runner_filename_mismatch_R1_expected_1.0
800,1.0,0.8,8,D:\test2\results\article_code_comparison\data\800\SDT_800_1_0.8_9.txt,D:\test2\results\article_code_comparison,generated_by_project_generator,D:\test2\x64\Release\bm_solver.exe,SOLVED,4777529,7.4965,62.498,,,800,187904,2019328,ERROR,,60.264,,,1777664,1.03707,,1.135945,NOT_COMPARABLE_ERROR,,,[run] n=800 seed=8 input=D:\test2\results\article_code_comparison\data\800\SDT_800_1_0.8_9.txt decomp=adaptive memo_backend=custom use_ub=0 use_lb=0 terminal_rules=1 position_filtering_enabled=1 enable_lawler_basic_rules=1 enable_simple_lb=0 enable_lb_memo=0 enable_edd_ub=0 ub_depth_limit=-1 lb_depth_limit=-1 terminal_all_tardy_spt=1 terminal_edd_at_most_one_tardy=1 enable_memo=1 enable_exact_memo=1 memo_full_key_verification=1 memo_memory_limit_mb=12288 cost=4777529 time_ms=7.4965 nodes=734 max_depth=799 memo_hits=14 memo_misses=1467 memo_exact_hits=14 memo_lb_hits=0 rule4=1 valid_pos=127617 valid_pos_pruned_3a=0 valid_pos_pruned_3b=0 memo_rejected=0 memo_forced_evict=0 lufo_passes=0 terminal_spt=18 terminal_edd=186 memo_peak=734 memo_final=734 memo_evictions=0 memo_clean_time_ms=0 reconstruction_time_ms=3.2737 reconstruction_repairs=0 reconstruction_trace_hits=501 reconstruction_trace_fallbacks=0 memo_used_mb=0.179199 memo_bytes_per_entry=256,800,8,D:\test2\results\article_code_comparison\data\800\SDT_800_1_0.8_9.txt,adaptive,custom,0,0,1,1,1,0,0,0,-1,-1,1,1,1,1,1,12288,4777529,,,7.4965,734,799,14,1467,14,0,1,127617,0,0,0,0,0,18,186,734,734,0,0,3.2737,0,501,0,0.179199,256,,,,,,,,,,,,,,,,,,,,,,C:\c++\test2\results\article_code_comparison\raw_results.csv,article_runner_filename_mismatch_R1_expected_1.0
800,1.0,0.8,9,D:\test2\results\article_code_comparison\data\800\SDT_800_1_0.8_10.txt,D:\test2\results\article_code_comparison,generated_by_project_generator,D:\test2\x64\Release\bm_solver.exe,SOLVED,4511192,8.3674,62.873,,,800,235777,2347008,ERROR,,60.022,,,1814528,1.047499,,1.293454,NOT_COMPARABLE_ERROR,,,[run] n=800 seed=9 input=D:\test2\results\article_code_comparison\data\800\SDT_800_1_0.8_10.txt decomp=adaptive memo_backend=custom use_ub=0 use_lb=0 terminal_rules=1 position_filtering_enabled=1 enable_lawler_basic_rules=1 enable_simple_lb=0 enable_lb_memo=0 enable_edd_ub=0 ub_depth_limit=-1 lb_depth_limit=-1 terminal_all_tardy_spt=1 terminal_edd_at_most_one_tardy=1 enable_memo=1 enable_exact_memo=1 memo_full_key_verification=1 memo_memory_limit_mb=12288 cost=4511192 time_ms=8.3674 nodes=921 max_depth=799 memo_hits=94 memo_misses=1841 memo_exact_hits=94 memo_lb_hits=0 rule4=1 valid_pos=140103 valid_pos_pruned_3a=0 valid_pos_pruned_3b=0 memo_rejected=0 memo_forced_evict=0 lufo_passes=0 terminal_spt=10 terminal_edd=241 memo_peak=921 memo_final=921 memo_evictions=0 memo_clean_time_ms=0 reconstruction_time_ms=3.1765 reconstruction_repairs=0 reconstruction_trace_hits=506 reconstruction_trace_fallbacks=0 memo_used_mb=0.224854 memo_bytes_per_entry=256,800,9,D:\test2\results\article_code_comparison\data\800\SDT_800_1_0.8_10.txt,adaptive,custom,0,0,1,1,1,0,0,0,-1,-1,1,1,1,1,1,12288,4511192,,,8.3674,921,799,94,1841,94,0,1,140103,0,0,0,0,0,10,241,921,921,0,0,3.1765,0,506,0,0.224854,256,,,,,,,,,,,,,,,,,,,,,,C:\c++\test2\results\article_code_comparison\raw_results.csv,article_runner_filename_mismatch_R1_expected_1.0
900,1.0,0.2,0,D:\test2\results\article_code_comparison\data\900\SDT_900_1_0.2_1.txt,D:\test2\results\article_code_comparison,generated_by_project_generator,D:\test2\x64\Release\bm_solver.exe,SOLVED,0,0.0216,62.54,,,900,192,1875968,ERROR,,60.24,,,1798144,1.038181,,1.04328,NOT_COMPARABLE_ERROR,,,[run] n=900 seed=0 input=D:\test2\results\article_code_comparison\data\900\SDT_900_1_0.2_1.txt decomp=adaptive memo_backend=custom use_ub=0 use_lb=0 terminal_rules=1 position_filtering_enabled=1 enable_lawler_basic_rules=1 enable_simple_lb=0 enable_lb_memo=0 enable_edd_ub=0 ub_depth_limit=-1 lb_depth_limit=-1 terminal_all_tardy_spt=1 terminal_edd_at_most_one_tardy=1 enable_memo=1 enable_exact_memo=1 memo_full_key_verification=1 memo_memory_limit_mb=12288 cost=0 time_ms=0.0216 nodes=1 max_depth=0 memo_hits=0 memo_misses=1 memo_exact_hits=0 memo_lb_hits=0 rule4=1 valid_pos=0 valid_pos_pruned_3a=0 valid_pos_pruned_3b=0 memo_rejected=0 memo_forced_evict=0 lufo_passes=0 terminal_spt=0 terminal_edd=1 memo_peak=1 memo_final=1 memo_evictions=0 memo_clean_time_ms=0 reconstruction_time_ms=0.0048 reconstruction_repairs=0 reconstruction_trace_hits=0 reconstruction_trace_fallbacks=0 memo_used_mb=0.000183105 memo_bytes_per_entry=192,900,0,D:\test2\results\article_code_comparison\data\900\SDT_900_1_0.2_1.txt,adaptive,custom,0,0,1,1,1,0,0,0,-1,-1,1,1,1,1,1,12288,0,,,0.0216,1,0,0,1,0,0,1,0,0,0,0,0,0,0,1,1,1,0,0,0.0048,0,0,0,0.000183105,192,,,,,,,,,,,,,,,,,,,,,,C:\c++\test2\results\article_code_comparison\raw_results.csv,article_runner_filename_mismatch_R1_expected_1.0
900,1.0,0.2,1,D:\test2\results\article_code_comparison\data\900\SDT_900_1_0.2_2.txt,D:\test2\results\article_code_comparison,generated_by_project_generator,D:\test2\x64\Release\bm_solver.exe,SOLVED,0,0.0215,62.33,,,900,192,1875968,ERROR,,60.306,,,1814528,1.033562,,1.03386,NOT_COMPARABLE_ERROR,,,[run] n=900 seed=1 input=D:\test2\results\article_code_comparison\data\900\SDT_900_1_0.2_2.txt decomp=adaptive memo_backend=custom use_ub=0 use_lb=0 terminal_rules=1 position_filtering_enabled=1 enable_lawler_basic_rules=1 enable_simple_lb=0 enable_lb_memo=0 enable_edd_ub=0 ub_depth_limit=-1 lb_depth_limit=-1 terminal_all_tardy_spt=1 terminal_edd_at_most_one_tardy=1 enable_memo=1 enable_exact_memo=1 memo_full_key_verification=1 memo_memory_limit_mb=12288 cost=0 time_ms=0.0215 nodes=1 max_depth=0 memo_hits=0 memo_misses=1 memo_exact_hits=0 memo_lb_hits=0 rule4=1 valid_pos=0 valid_pos_pruned_3a=0 valid_pos_pruned_3b=0 memo_rejected=0 memo_forced_evict=0 lufo_passes=0 terminal_spt=0 terminal_edd=1 memo_peak=1 memo_final=1 memo_evictions=0 memo_clean_time_ms=0 reconstruction_time_ms=0.0049 reconstruction_repairs=0 reconstruction_trace_hits=0 reconstruction_trace_fallbacks=0 memo_used_mb=0.000183105 memo_bytes_per_entry=192,900,1,D:\test2\results\article_code_comparison\data\900\SDT_900_1_0.2_2.txt,adaptive,custom,0,0,1,1,1,0,0,0,-1,-1,1,1,1,1,1,12288,0,,,0.0215,1,0,0,1,0,0,1,0,0,0,0,0,0,0,1,1,1,0,0,0.0049,0,0,0,0.000183105,192,,,,,,,,,,,,,,,,,,,,,,C:\c++\test2\results\article_code_comparison\raw_results.csv,article_runner_filename_mismatch_R1_expected_1.0
900,1.0,0.2,2,D:\test2\results\article_code_comparison\data\900\SDT_900_1_0.2_3.txt,D:\test2\results\article_code_comparison,generated_by_project_generator,D:\test2\x64\Release\bm_solver.exe,SOLVED,0,0.0224,62.508,,,900,192,1974272,ERROR,,60.177,,,1880064,1.038736,,1.050109,NOT_COMPARABLE_ERROR,,,[run] n=900 seed=2 input=D:\test2\results\article_code_comparison\data\900\SDT_900_1_0.2_3.txt decomp=adaptive memo_backend=custom use_ub=0 use_lb=0 terminal_rules=1 position_filtering_enabled=1 enable_lawler_basic_rules=1 enable_simple_lb=0 enable_lb_memo=0 enable_edd_ub=0 ub_depth_limit=-1 lb_depth_limit=-1 terminal_all_tardy_spt=1 terminal_edd_at_most_one_tardy=1 enable_memo=1 enable_exact_memo=1 memo_full_key_verification=1 memo_memory_limit_mb=12288 cost=0 time_ms=0.0224 nodes=1 max_depth=0 memo_hits=0 memo_misses=1 memo_exact_hits=0 memo_lb_hits=0 rule4=1 valid_pos=0 valid_pos_pruned_3a=0 valid_pos_pruned_3b=0 memo_rejected=0 memo_forced_evict=0 lufo_passes=0 terminal_spt=0 terminal_edd=1 memo_peak=1 memo_final=1 memo_evictions=0 memo_clean_time_ms=0 reconstruction_time_ms=0.005 reconstruction_repairs=0 reconstruction_trace_hits=0 reconstruction_trace_fallbacks=0 memo_used_mb=0.000183105 memo_bytes_per_entry=192,900,2,D:\test2\results\article_code_comparison\data\900\SDT_900_1_0.2_3.txt,adaptive,custom,0,0,1,1,1,0,0,0,-1,-1,1,1,1,1,1,12288,0,,,0.0224,1,0,0,1,0,0,1,0,0,0,0,0,0,0,1,1,1,0,0,0.005,0,0,0,0.000183105,192,,,,,,,,,,,,,,,,,,,,,,C:\c++\test2\results\article_code_comparison\raw_results.csv,article_runner_filename_mismatch_R1_expected_1.0
900,1.0,0.2,3,D:\test2\results\article_code_comparison\data\900\SDT_900_1_0.2_4.txt,D:\test2\results\article_code_comparison,generated_by_project_generator,D:\test2\x64\Release\bm_solver.exe,SOLVED,0,0.0214,62.784,,,900,192,2224128,ERROR,,60.198,,,1880064,1.042958,,1.183007,NOT_COMPARABLE_ERROR,,,[run] n=900 seed=3 input=D:\test2\results\article_code_comparison\data\900\SDT_900_1_0.2_4.txt decomp=adaptive memo_backend=custom use_ub=0 use_lb=0 terminal_rules=1 position_filtering_enabled=1 enable_lawler_basic_rules=1 enable_simple_lb=0 enable_lb_memo=0 enable_edd_ub=0 ub_depth_limit=-1 lb_depth_limit=-1 terminal_all_tardy_spt=1 terminal_edd_at_most_one_tardy=1 enable_memo=1 enable_exact_memo=1 memo_full_key_verification=1 memo_memory_limit_mb=12288 cost=0 time_ms=0.0214 nodes=1 max_depth=0 memo_hits=0 memo_misses=1 memo_exact_hits=0 memo_lb_hits=0 rule4=1 valid_pos=0 valid_pos_pruned_3a=0 valid_pos_pruned_3b=0 memo_rejected=0 memo_forced_evict=0 lufo_passes=0 terminal_spt=0 terminal_edd=1 memo_peak=1 memo_final=1 memo_evictions=0 memo_clean_time_ms=0 reconstruction_time_ms=0.0055 reconstruction_repairs=0 reconstruction_trace_hits=0 reconstruction_trace_fallbacks=0 memo_used_mb=0.000183105 memo_bytes_per_entry=192,900,3,D:\test2\results\article_code_comparison\data\900\SDT_900_1_0.2_4.txt,adaptive,custom,0,0,1,1,1,0,0,0,-1,-1,1,1,1,1,1,12288,0,,,0.0214,1,0,0,1,0,0,1,0,0,0,0,0,0,0,1,1,1,0,0,0.0055,0,0,0,0.000183105,192,,,,,,,,,,,,,,,,,,,,,,C:\c++\test2\results\article_code_comparison\raw_results.csv,article_runner_filename_mismatch_R1_expected_1.0
900,1.0,0.2,4,D:\test2\results\article_code_comparison\data\900\SDT_900_1_0.2_5.txt,D:\test2\results\article_code_comparison,generated_by_project_generator,D:\test2\x64\Release\bm_solver.exe,SOLVED,0,0.0223,62.663,,,900,192,2068480,ERROR,,60.234,,,1835008,1.040326,,1.127232,NOT_COMPARABLE_ERROR,,,[run] n=900 seed=4 input=D:\test2\results\article_code_comparison\data\900\SDT_900_1_0.2_5.txt decomp=adaptive memo_backend=custom use_ub=0 use_lb=0 terminal_rules=1 position_filtering_enabled=1 enable_lawler_basic_rules=1 enable_simple_lb=0 enable_lb_memo=0 enable_edd_ub=0 ub_depth_limit=-1 lb_depth_limit=-1 terminal_all_tardy_spt=1 terminal_edd_at_most_one_tardy=1 enable_memo=1 enable_exact_memo=1 memo_full_key_verification=1 memo_memory_limit_mb=12288 cost=0 time_ms=0.0223 nodes=1 max_depth=0 memo_hits=0 memo_misses=1 memo_exact_hits=0 memo_lb_hits=0 rule4=1 valid_pos=0 valid_pos_pruned_3a=0 valid_pos_pruned_3b=0 memo_rejected=0 memo_forced_evict=0 lufo_passes=0 terminal_spt=0 terminal_edd=1 memo_peak=1 memo_final=1 memo_evictions=0 memo_clean_time_ms=0 reconstruction_time_ms=0.0049 reconstruction_repairs=0 reconstruction_trace_hits=0 reconstruction_trace_fallbacks=0 memo_used_mb=0.000183105 memo_bytes_per_entry=192,900,4,D:\test2\results\article_code_comparison\data\900\SDT_900_1_0.2_5.txt,adaptive,custom,0,0,1,1,1,0,0,0,-1,-1,1,1,1,1,1,12288,0,,,0.0223,1,0,0,1,0,0,1,0,0,0,0,0,0,0,1,1,1,0,0,0.0049,0,0,0,0.000183105,192,,,,,,,,,,,,,,,,,,,,,,C:\c++\test2\results\article_code_comparison\raw_results.csv,article_runner_filename_mismatch_R1_expected_1.0
900,1.0,0.2,5,D:\test2\results\article_code_comparison\data\900\SDT_900_1_0.2_6.txt,D:\test2\results\article_code_comparison,generated_by_project_generator,D:\test2\x64\Release\bm_solver.exe,SOLVED,0,0.0219,62.522,,,900,192,2019328,ERROR,,60.283,,,1810432,1.037141,,1.115385,NOT_COMPARABLE_ERROR,,,[run] n=900 seed=5 input=D:\test2\results\article_code_comparison\data\900\SDT_900_1_0.2_6.txt decomp=adaptive memo_backend=custom use_ub=0 use_lb=0 terminal_rules=1 position_filtering_enabled=1 enable_lawler_basic_rules=1 enable_simple_lb=0 enable_lb_memo=0 enable_edd_ub=0 ub_depth_limit=-1 lb_depth_limit=-1 terminal_all_tardy_spt=1 terminal_edd_at_most_one_tardy=1 enable_memo=1 enable_exact_memo=1 memo_full_key_verification=1 memo_memory_limit_mb=12288 cost=0 time_ms=0.0219 nodes=1 max_depth=0 memo_hits=0 memo_misses=1 memo_exact_hits=0 memo_lb_hits=0 rule4=1 valid_pos=0 valid_pos_pruned_3a=0 valid_pos_pruned_3b=0 memo_rejected=0 memo_forced_evict=0 lufo_passes=0 terminal_spt=0 terminal_edd=1 memo_peak=1 memo_final=1 memo_evictions=0 memo_clean_time_ms=0 reconstruction_time_ms=0.0049 reconstruction_repairs=0 reconstruction_trace_hits=0 reconstruction_trace_fallbacks=0 memo_used_mb=0.000183105 memo_bytes_per_entry=192,900,5,D:\test2\results\article_code_comparison\data\900\SDT_900_1_0.2_6.txt,adaptive,custom,0,0,1,1,1,0,0,0,-1,-1,1,1,1,1,1,12288,0,,,0.0219,1,0,0,1,0,0,1,0,0,0,0,0,0,0,1,1,1,0,0,0.0049,0,0,0,0.000183105,192,,,,,,,,,,,,,,,,,,,,,,C:\c++\test2\results\article_code_comparison\raw_results.csv,article_runner_filename_mismatch_R1_expected_1.0
900,1.0,0.2,6,D:\test2\results\article_code_comparison\data\900\SDT_900_1_0.2_7.txt,D:\test2\results\article_code_comparison,generated_by_project_generator,D:\test2\x64\Release\bm_solver.exe,SOLVED,0,0.0214,62.69,,,900,192,2310144,ERROR,,60.285,,,1814528,1.039894,,1.273138,NOT_COMPARABLE_ERROR,,,[run] n=900 seed=6 input=D:\test2\results\article_code_comparison\data\900\SDT_900_1_0.2_7.txt decomp=adaptive memo_backend=custom use_ub=0 use_lb=0 terminal_rules=1 position_filtering_enabled=1 enable_lawler_basic_rules=1 enable_simple_lb=0 enable_lb_memo=0 enable_edd_ub=0 ub_depth_limit=-1 lb_depth_limit=-1 terminal_all_tardy_spt=1 terminal_edd_at_most_one_tardy=1 enable_memo=1 enable_exact_memo=1 memo_full_key_verification=1 memo_memory_limit_mb=12288 cost=0 time_ms=0.0214 nodes=1 max_depth=0 memo_hits=0 memo_misses=1 memo_exact_hits=0 memo_lb_hits=0 rule4=1 valid_pos=0 valid_pos_pruned_3a=0 valid_pos_pruned_3b=0 memo_rejected=0 memo_forced_evict=0 lufo_passes=0 terminal_spt=0 terminal_edd=1 memo_peak=1 memo_final=1 memo_evictions=0 memo_clean_time_ms=0 reconstruction_time_ms=0.0048 reconstruction_repairs=0 reconstruction_trace_hits=0 reconstruction_trace_fallbacks=0 memo_used_mb=0.000183105 memo_bytes_per_entry=192,900,6,D:\test2\results\article_code_comparison\data\900\SDT_900_1_0.2_7.txt,adaptive,custom,0,0,1,1,1,0,0,0,-1,-1,1,1,1,1,1,12288,0,,,0.0214,1,0,0,1,0,0,1,0,0,0,0,0,0,0,1,1,1,0,0,0.0048,0,0,0,0.000183105,192,,,,,,,,,,,,,,,,,,,,,,C:\c++\test2\results\article_code_comparison\raw_results.csv,article_runner_filename_mismatch_R1_expected_1.0
900,1.0,0.2,7,D:\test2\results\article_code_comparison\data\900\SDT_900_1_0.2_8.txt,D:\test2\results\article_code_comparison,generated_by_project_generator,D:\test2\x64\Release\bm_solver.exe,SOLVED,0,0.0228,62.566,,,900,192,2019328,ERROR,,60.198,,,1785856,1.039337,,1.130734,NOT_COMPARABLE_ERROR,,,[run] n=900 seed=7 input=D:\test2\results\article_code_comparison\data\900\SDT_900_1_0.2_8.txt decomp=adaptive memo_backend=custom use_ub=0 use_lb=0 terminal_rules=1 position_filtering_enabled=1 enable_lawler_basic_rules=1 enable_simple_lb=0 enable_lb_memo=0 enable_edd_ub=0 ub_depth_limit=-1 lb_depth_limit=-1 terminal_all_tardy_spt=1 terminal_edd_at_most_one_tardy=1 enable_memo=1 enable_exact_memo=1 memo_full_key_verification=1 memo_memory_limit_mb=12288 cost=0 time_ms=0.0228 nodes=1 max_depth=0 memo_hits=0 memo_misses=1 memo_exact_hits=0 memo_lb_hits=0 rule4=1 valid_pos=0 valid_pos_pruned_3a=0 valid_pos_pruned_3b=0 memo_rejected=0 memo_forced_evict=0 lufo_passes=0 terminal_spt=0 terminal_edd=1 memo_peak=1 memo_final=1 memo_evictions=0 memo_clean_time_ms=0 reconstruction_time_ms=0.0048 reconstruction_repairs=0 reconstruction_trace_hits=0 reconstruction_trace_fallbacks=0 memo_used_mb=0.000183105 memo_bytes_per_entry=192,900,7,D:\test2\results\article_code_comparison\data\900\SDT_900_1_0.2_8.txt,adaptive,custom,0,0,1,1,1,0,0,0,-1,-1,1,1,1,1,1,12288,0,,,0.0228,1,0,0,1,0,0,1,0,0,0,0,0,0,0,1,1,1,0,0,0.0048,0,0,0,0.000183105,192,,,,,,,,,,,,,,,,,,,,,,C:\c++\test2\results\article_code_comparison\raw_results.csv,article_runner_filename_mismatch_R1_expected_1.0
900,1.0,0.2,8,D:\test2\results\article_code_comparison\data\900\SDT_900_1_0.2_9.txt,D:\test2\results\article_code_comparison,generated_by_project_generator,D:\test2\x64\Release\bm_solver.exe,SOLVED,0,0.0211,62.5,,,900,192,2027520,ERROR,,60.432,,,1814528,1.03422,,1.117381,NOT_COMPARABLE_ERROR,,,[run] n=900 seed=8 input=D:\test2\results\article_code_comparison\data\900\SDT_900_1_0.2_9.txt decomp=adaptive memo_backend=custom use_ub=0 use_lb=0 terminal_rules=1 position_filtering_enabled=1 enable_lawler_basic_rules=1 enable_simple_lb=0 enable_lb_memo=0 enable_edd_ub=0 ub_depth_limit=-1 lb_depth_limit=-1 terminal_all_tardy_spt=1 terminal_edd_at_most_one_tardy=1 enable_memo=1 enable_exact_memo=1 memo_full_key_verification=1 memo_memory_limit_mb=12288 cost=0 time_ms=0.0211 nodes=1 max_depth=0 memo_hits=0 memo_misses=1 memo_exact_hits=0 memo_lb_hits=0 rule4=1 valid_pos=0 valid_pos_pruned_3a=0 valid_pos_pruned_3b=0 memo_rejected=0 memo_forced_evict=0 lufo_passes=0 terminal_spt=0 terminal_edd=1 memo_peak=1 memo_final=1 memo_evictions=0 memo_clean_time_ms=0 reconstruction_time_ms=0.0049 reconstruction_repairs=0 reconstruction_trace_hits=0 reconstruction_trace_fallbacks=0 memo_used_mb=0.000183105 memo_bytes_per_entry=192,900,8,D:\test2\results\article_code_comparison\data\900\SDT_900_1_0.2_9.txt,adaptive,custom,0,0,1,1,1,0,0,0,-1,-1,1,1,1,1,1,12288,0,,,0.0211,1,0,0,1,0,0,1,0,0,0,0,0,0,0,1,1,1,0,0,0.0049,0,0,0,0.000183105,192,,,,,,,,,,,,,,,,,,,,,,C:\c++\test2\results\article_code_comparison\raw_results.csv,article_runner_filename_mismatch_R1_expected_1.0
900,1.0,0.2,9,D:\test2\results\article_code_comparison\data\900\SDT_900_1_0.2_10.txt,D:\test2\results\article_code_comparison,generated_by_project_generator,D:\test2\x64\Release\bm_solver.exe,SOLVED,0,0.0218,62.523,,,900,192,1794048,ERROR,,60.19,,,1802240,1.038761,,0.995455,NOT_COMPARABLE_ERROR,,,[run] n=900 seed=9 input=D:\test2\results\article_code_comparison\data\900\SDT_900_1_0.2_10.txt decomp=adaptive memo_backend=custom use_ub=0 use_lb=0 terminal_rules=1 position_filtering_enabled=1 enable_lawler_basic_rules=1 enable_simple_lb=0 enable_lb_memo=0 enable_edd_ub=0 ub_depth_limit=-1 lb_depth_limit=-1 terminal_all_tardy_spt=1 terminal_edd_at_most_one_tardy=1 enable_memo=1 enable_exact_memo=1 memo_full_key_verification=1 memo_memory_limit_mb=12288 cost=0 time_ms=0.0218 nodes=1 max_depth=0 memo_hits=0 memo_misses=1 memo_exact_hits=0 memo_lb_hits=0 rule4=1 valid_pos=0 valid_pos_pruned_3a=0 valid_pos_pruned_3b=0 memo_rejected=0 memo_forced_evict=0 lufo_passes=0 terminal_spt=0 terminal_edd=1 memo_peak=1 memo_final=1 memo_evictions=0 memo_clean_time_ms=0 reconstruction_time_ms=0.0052 reconstruction_repairs=0 reconstruction_trace_hits=0 reconstruction_trace_fallbacks=0 memo_used_mb=0.000183105 memo_bytes_per_entry=192,900,9,D:\test2\results\article_code_comparison\data\900\SDT_900_1_0.2_10.txt,adaptive,custom,0,0,1,1,1,0,0,0,-1,-1,1,1,1,1,1,12288,0,,,0.0218,1,0,0,1,0,0,1,0,0,0,0,0,0,0,1,1,1,0,0,0.0052,0,0,0,0.000183105,192,,,,,,,,,,,,,,,,,,,,,,C:\c++\test2\results\article_code_comparison\raw_results.csv,article_runner_filename_mismatch_R1_expected_1.0
900,1.0,0.4,0,D:\test2\results\article_code_comparison\data\900\SDT_900_1_0.4_1.txt,D:\test2\results\article_code_comparison,generated_by_project_generator,D:\test2\x64\Release\bm_solver.exe,SOLVED,0,0.0215,62.668,,,900,192,2150400,ERROR,,60.169,,,1802240,1.041533,,1.193182,NOT_COMPARABLE_ERROR,,,[run] n=900 seed=0 input=D:\test2\results\article_code_comparison\data\900\SDT_900_1_0.4_1.txt decomp=adaptive memo_backend=custom use_ub=0 use_lb=0 terminal_rules=1 position_filtering_enabled=1 enable_lawler_basic_rules=1 enable_simple_lb=0 enable_lb_memo=0 enable_edd_ub=0 ub_depth_limit=-1 lb_depth_limit=-1 terminal_all_tardy_spt=1 terminal_edd_at_most_one_tardy=1 enable_memo=1 enable_exact_memo=1 memo_full_key_verification=1 memo_memory_limit_mb=12288 cost=0 time_ms=0.0215 nodes=1 max_depth=0 memo_hits=0 memo_misses=1 memo_exact_hits=0 memo_lb_hits=0 rule4=1 valid_pos=0 valid_pos_pruned_3a=0 valid_pos_pruned_3b=0 memo_rejected=0 memo_forced_evict=0 lufo_passes=0 terminal_spt=0 terminal_edd=1 memo_peak=1 memo_final=1 memo_evictions=0 memo_clean_time_ms=0 reconstruction_time_ms=0.0053 reconstruction_repairs=0 reconstruction_trace_hits=0 reconstruction_trace_fallbacks=0 memo_used_mb=0.000183105 memo_bytes_per_entry=192,900,0,D:\test2\results\article_code_comparison\data\900\SDT_900_1_0.4_1.txt,adaptive,custom,0,0,1,1,1,0,0,0,-1,-1,1,1,1,1,1,12288,0,,,0.0215,1,0,0,1,0,0,1,0,0,0,0,0,0,0,1,1,1,0,0,0.0053,0,0,0,0.000183105,192,,,,,,,,,,,,,,,,,,,,,,C:\c++\test2\results\article_code_comparison\raw_results.csv,article_runner_filename_mismatch_R1_expected_1.0
900,1.0,0.4,1,D:\test2\results\article_code_comparison\data\900\SDT_900_1_0.4_2.txt,D:\test2\results\article_code_comparison,generated_by_project_generator,D:\test2\x64\Release\bm_solver.exe,SOLVED,0,0.023,62.682,,,900,192,2355200,ERROR,,60.299,,,1789952,1.03952,,1.315789,NOT_COMPARABLE_ERROR,,,[run] n=900 seed=1 input=D:\test2\results\article_code_comparison\data\900\SDT_900_1_0.4_2.txt decomp=adaptive memo_backend=custom use_ub=0 use_lb=0 terminal_rules=1 position_filtering_enabled=1 enable_lawler_basic_rules=1 enable_simple_lb=0 enable_lb_memo=0 enable_edd_ub=0 ub_depth_limit=-1 lb_depth_limit=-1 terminal_all_tardy_spt=1 terminal_edd_at_most_one_tardy=1 enable_memo=1 enable_exact_memo=1 memo_full_key_verification=1 memo_memory_limit_mb=12288 cost=0 time_ms=0.023 nodes=1 max_depth=0 memo_hits=0 memo_misses=1 memo_exact_hits=0 memo_lb_hits=0 rule4=1 valid_pos=0 valid_pos_pruned_3a=0 valid_pos_pruned_3b=0 memo_rejected=0 memo_forced_evict=0 lufo_passes=0 terminal_spt=0 terminal_edd=1 memo_peak=1 memo_final=1 memo_evictions=0 memo_clean_time_ms=0 reconstruction_time_ms=0.0049 reconstruction_repairs=0 reconstruction_trace_hits=0 reconstruction_trace_fallbacks=0 memo_used_mb=0.000183105 memo_bytes_per_entry=192,900,1,D:\test2\results\article_code_comparison\data\900\SDT_900_1_0.4_2.txt,adaptive,custom,0,0,1,1,1,0,0,0,-1,-1,1,1,1,1,1,12288,0,,,0.023,1,0,0,1,0,0,1,0,0,0,0,0,0,0,1,1,1,0,0,0.0049,0,0,0,0.000183105,192,,,,,,,,,,,,,,,,,,,,,,C:\c++\test2\results\article_code_comparison\raw_results.csv,article_runner_filename_mismatch_R1_expected_1.0
900,1.0,0.4,2,D:\test2\results\article_code_comparison\data\900\SDT_900_1_0.4_3.txt,D:\test2\results\article_code_comparison,generated_by_project_generator,D:\test2\x64\Release\bm_solver.exe,SOLVED,0,0.0205,62.702,,,900,192,2019328,ERROR,,60.01,,,1810432,1.044859,,1.115385,NOT_COMPARABLE_ERROR,,,[run] n=900 seed=2 input=D:\test2\results\article_code_comparison\data\900\SDT_900_1_0.4_3.txt decomp=adaptive memo_backend=custom use_ub=0 use_lb=0 terminal_rules=1 position_filtering_enabled=1 enable_lawler_basic_rules=1 enable_simple_lb=0 enable_lb_memo=0 enable_edd_ub=0 ub_depth_limit=-1 lb_depth_limit=-1 terminal_all_tardy_spt=1 terminal_edd_at_most_one_tardy=1 enable_memo=1 enable_exact_memo=1 memo_full_key_verification=1 memo_memory_limit_mb=12288 cost=0 time_ms=0.0205 nodes=1 max_depth=0 memo_hits=0 memo_misses=1 memo_exact_hits=0 memo_lb_hits=0 rule4=1 valid_pos=0 valid_pos_pruned_3a=0 valid_pos_pruned_3b=0 memo_rejected=0 memo_forced_evict=0 lufo_passes=0 terminal_spt=0 terminal_edd=1 memo_peak=1 memo_final=1 memo_evictions=0 memo_clean_time_ms=0 reconstruction_time_ms=0.0049 reconstruction_repairs=0 reconstruction_trace_hits=0 reconstruction_trace_fallbacks=0 memo_used_mb=0.000183105 memo_bytes_per_entry=192,900,2,D:\test2\results\article_code_comparison\data\900\SDT_900_1_0.4_3.txt,adaptive,custom,0,0,1,1,1,0,0,0,-1,-1,1,1,1,1,1,12288,0,,,0.0205,1,0,0,1,0,0,1,0,0,0,0,0,0,0,1,1,1,0,0,0.0049,0,0,0,0.000183105,192,,,,,,,,,,,,,,,,,,,,,,C:\c++\test2\results\article_code_comparison\raw_results.csv,article_runner_filename_mismatch_R1_expected_1.0
900,1.0,0.4,3,D:\test2\results\article_code_comparison\data\900\SDT_900_1_0.4_4.txt,D:\test2\results\article_code_comparison,generated_by_project_generator,D:\test2\x64\Release\bm_solver.exe,SOLVED,0,0.0216,61.304,,,900,192,1802240,ERROR,,60.472,,,1814528,1.013758,,0.993228,NOT_COMPARABLE_ERROR,,,[run] n=900 seed=3 input=D:\test2\results\article_code_comparison\data\900\SDT_900_1_0.4_4.txt decomp=adaptive memo_backend=custom use_ub=0 use_lb=0 terminal_rules=1 position_filtering_enabled=1 enable_lawler_basic_rules=1 enable_simple_lb=0 enable_lb_memo=0 enable_edd_ub=0 ub_depth_limit=-1 lb_depth_limit=-1 terminal_all_tardy_spt=1 terminal_edd_at_most_one_tardy=1 enable_memo=1 enable_exact_memo=1 memo_full_key_verification=1 memo_memory_limit_mb=12288 cost=0 time_ms=0.0216 nodes=1 max_depth=0 memo_hits=0 memo_misses=1 memo_exact_hits=0 memo_lb_hits=0 rule4=1 valid_pos=0 valid_pos_pruned_3a=0 valid_pos_pruned_3b=0 memo_rejected=0 memo_forced_evict=0 lufo_passes=0 terminal_spt=0 terminal_edd=1 memo_peak=1 memo_final=1 memo_evictions=0 memo_clean_time_ms=0 reconstruction_time_ms=0.0047 reconstruction_repairs=0 reconstruction_trace_hits=0 reconstruction_trace_fallbacks=0 memo_used_mb=0.000183105 memo_bytes_per_entry=192,900,3,D:\test2\results\article_code_comparison\data\900\SDT_900_1_0.4_4.txt,adaptive,custom,0,0,1,1,1,0,0,0,-1,-1,1,1,1,1,1,12288,0,,,0.0216,1,0,0,1,0,0,1,0,0,0,0,0,0,0,1,1,1,0,0,0.0047,0,0,0,0.000183105,192,,,,,,,,,,,,,,,,,,,,,,C:\c++\test2\results\article_code_comparison\raw_results.csv,article_runner_filename_mismatch_R1_expected_1.0
900,1.0,0.4,4,D:\test2\results\article_code_comparison\data\900\SDT_900_1_0.4_5.txt,D:\test2\results\article_code_comparison,generated_by_project_generator,D:\test2\x64\Release\bm_solver.exe,SOLVED,0,0.0214,62.674,,,900,192,2170880,ERROR,,60.202,,,1851392,1.041062,,1.172566,NOT_COMPARABLE_ERROR,,,[run] n=900 seed=4 input=D:\test2\results\article_code_comparison\data\900\SDT_900_1_0.4_5.txt decomp=adaptive memo_backend=custom use_ub=0 use_lb=0 terminal_rules=1 position_filtering_enabled=1 enable_lawler_basic_rules=1 enable_simple_lb=0 enable_lb_memo=0 enable_edd_ub=0 ub_depth_limit=-1 lb_depth_limit=-1 terminal_all_tardy_spt=1 terminal_edd_at_most_one_tardy=1 enable_memo=1 enable_exact_memo=1 memo_full_key_verification=1 memo_memory_limit_mb=12288 cost=0 time_ms=0.0214 nodes=1 max_depth=0 memo_hits=0 memo_misses=1 memo_exact_hits=0 memo_lb_hits=0 rule4=1 valid_pos=0 valid_pos_pruned_3a=0 valid_pos_pruned_3b=0 memo_rejected=0 memo_forced_evict=0 lufo_passes=0 terminal_spt=0 terminal_edd=1 memo_peak=1 memo_final=1 memo_evictions=0 memo_clean_time_ms=0 reconstruction_time_ms=0.0051 reconstruction_repairs=0 reconstruction_trace_hits=0 reconstruction_trace_fallbacks=0 memo_used_mb=0.000183105 memo_bytes_per_entry=192,900,4,D:\test2\results\article_code_comparison\data\900\SDT_900_1_0.4_5.txt,adaptive,custom,0,0,1,1,1,0,0,0,-1,-1,1,1,1,1,1,12288,0,,,0.0214,1,0,0,1,0,0,1,0,0,0,0,0,0,0,1,1,1,0,0,0.0051,0,0,0,0.000183105,192,,,,,,,,,,,,,,,,,,,,,,C:\c++\test2\results\article_code_comparison\raw_results.csv,article_runner_filename_mismatch_R1_expected_1.0
900,1.0,0.4,5,D:\test2\results\article_code_comparison\data\900\SDT_900_1_0.4_6.txt,D:\test2\results\article_code_comparison,generated_by_project_generator,D:\test2\x64\Release\bm_solver.exe,SOLVED,0,0.0218,62.8,,,900,192,2351104,ERROR,,60.295,,,1769472,1.041546,,1.328704,NOT_COMPARABLE_ERROR,,,[run] n=900 seed=5 input=D:\test2\results\article_code_comparison\data\900\SDT_900_1_0.4_6.txt decomp=adaptive memo_backend=custom use_ub=0 use_lb=0 terminal_rules=1 position_filtering_enabled=1 enable_lawler_basic_rules=1 enable_simple_lb=0 enable_lb_memo=0 enable_edd_ub=0 ub_depth_limit=-1 lb_depth_limit=-1 terminal_all_tardy_spt=1 terminal_edd_at_most_one_tardy=1 enable_memo=1 enable_exact_memo=1 memo_full_key_verification=1 memo_memory_limit_mb=12288 cost=0 time_ms=0.0218 nodes=1 max_depth=0 memo_hits=0 memo_misses=1 memo_exact_hits=0 memo_lb_hits=0 rule4=1 valid_pos=0 valid_pos_pruned_3a=0 valid_pos_pruned_3b=0 memo_rejected=0 memo_forced_evict=0 lufo_passes=0 terminal_spt=0 terminal_edd=1 memo_peak=1 memo_final=1 memo_evictions=0 memo_clean_time_ms=0 reconstruction_time_ms=0.005 reconstruction_repairs=0 reconstruction_trace_hits=0 reconstruction_trace_fallbacks=0 memo_used_mb=0.000183105 memo_bytes_per_entry=192,900,5,D:\test2\results\article_code_comparison\data\900\SDT_900_1_0.4_6.txt,adaptive,custom,0,0,1,1,1,0,0,0,-1,-1,1,1,1,1,1,12288,0,,,0.0218,1,0,0,1,0,0,1,0,0,0,0,0,0,0,1,1,1,0,0,0.005,0,0,0,0.000183105,192,,,,,,,,,,,,,,,,,,,,,,C:\c++\test2\results\article_code_comparison\raw_results.csv,article_runner_filename_mismatch_R1_expected_1.0
900,1.0,0.4,6,D:\test2\results\article_code_comparison\data\900\SDT_900_1_0.4_7.txt,D:\test2\results\article_code_comparison,generated_by_project_generator,D:\test2\x64\Release\bm_solver.exe,SOLVED,0,0.0218,62.85,,,900,192,2080768,ERROR,,60.198,,,1814528,1.044055,,1.146727,NOT_COMPARABLE_ERROR,,,[run] n=900 seed=6 input=D:\test2\results\article_code_comparison\data\900\SDT_900_1_0.4_7.txt decomp=adaptive memo_backend=custom use_ub=0 use_lb=0 terminal_rules=1 position_filtering_enabled=1 enable_lawler_basic_rules=1 enable_simple_lb=0 enable_lb_memo=0 enable_edd_ub=0 ub_depth_limit=-1 lb_depth_limit=-1 terminal_all_tardy_spt=1 terminal_edd_at_most_one_tardy=1 enable_memo=1 enable_exact_memo=1 memo_full_key_verification=1 memo_memory_limit_mb=12288 cost=0 time_ms=0.0218 nodes=1 max_depth=0 memo_hits=0 memo_misses=1 memo_exact_hits=0 memo_lb_hits=0 rule4=1 valid_pos=0 valid_pos_pruned_3a=0 valid_pos_pruned_3b=0 memo_rejected=0 memo_forced_evict=0 lufo_passes=0 terminal_spt=0 terminal_edd=1 memo_peak=1 memo_final=1 memo_evictions=0 memo_clean_time_ms=0 reconstruction_time_ms=0.0047 reconstruction_repairs=0 reconstruction_trace_hits=0 reconstruction_trace_fallbacks=0 memo_used_mb=0.000183105 memo_bytes_per_entry=192,900,6,D:\test2\results\article_code_comparison\data\900\SDT_900_1_0.4_7.txt,adaptive,custom,0,0,1,1,1,0,0,0,-1,-1,1,1,1,1,1,12288,0,,,0.0218,1,0,0,1,0,0,1,0,0,0,0,0,0,0,1,1,1,0,0,0.0047,0,0,0,0.000183105,192,,,,,,,,,,,,,,,,,,,,,,C:\c++\test2\results\article_code_comparison\raw_results.csv,article_runner_filename_mismatch_R1_expected_1.0
900,1.0,0.4,7,D:\test2\results\article_code_comparison\data\900\SDT_900_1_0.4_8.txt,D:\test2\results\article_code_comparison,generated_by_project_generator,D:\test2\x64\Release\bm_solver.exe,SOLVED,0,0.0213,62.405,,,900,192,2019328,ERROR,,60.321,,,1781760,1.034548,,1.133333,NOT_COMPARABLE_ERROR,,,[run] n=900 seed=7 input=D:\test2\results\article_code_comparison\data\900\SDT_900_1_0.4_8.txt decomp=adaptive memo_backend=custom use_ub=0 use_lb=0 terminal_rules=1 position_filtering_enabled=1 enable_lawler_basic_rules=1 enable_simple_lb=0 enable_lb_memo=0 enable_edd_ub=0 ub_depth_limit=-1 lb_depth_limit=-1 terminal_all_tardy_spt=1 terminal_edd_at_most_one_tardy=1 enable_memo=1 enable_exact_memo=1 memo_full_key_verification=1 memo_memory_limit_mb=12288 cost=0 time_ms=0.0213 nodes=1 max_depth=0 memo_hits=0 memo_misses=1 memo_exact_hits=0 memo_lb_hits=0 rule4=1 valid_pos=0 valid_pos_pruned_3a=0 valid_pos_pruned_3b=0 memo_rejected=0 memo_forced_evict=0 lufo_passes=0 terminal_spt=0 terminal_edd=1 memo_peak=1 memo_final=1 memo_evictions=0 memo_clean_time_ms=0 reconstruction_time_ms=0.0053 reconstruction_repairs=0 reconstruction_trace_hits=0 reconstruction_trace_fallbacks=0 memo_used_mb=0.000183105 memo_bytes_per_entry=192,900,7,D:\test2\results\article_code_comparison\data\900\SDT_900_1_0.4_8.txt,adaptive,custom,0,0,1,1,1,0,0,0,-1,-1,1,1,1,1,1,12288,0,,,0.0213,1,0,0,1,0,0,1,0,0,0,0,0,0,0,1,1,1,0,0,0.0053,0,0,0,0.000183105,192,,,,,,,,,,,,,,,,,,,,,,C:\c++\test2\results\article_code_comparison\raw_results.csv,article_runner_filename_mismatch_R1_expected_1.0
900,1.0,0.4,8,D:\test2\results\article_code_comparison\data\900\SDT_900_1_0.4_9.txt,D:\test2\results\article_code_comparison,generated_by_project_generator,D:\test2\x64\Release\bm_solver.exe,SOLVED,0,0.0216,62.951,,,900,192,2310144,ERROR,,60.334,,,1875968,1.043375,,1.231441,NOT_COMPARABLE_ERROR,,,[run] n=900 seed=8 input=D:\test2\results\article_code_comparison\data\900\SDT_900_1_0.4_9.txt decomp=adaptive memo_backend=custom use_ub=0 use_lb=0 terminal_rules=1 position_filtering_enabled=1 enable_lawler_basic_rules=1 enable_simple_lb=0 enable_lb_memo=0 enable_edd_ub=0 ub_depth_limit=-1 lb_depth_limit=-1 terminal_all_tardy_spt=1 terminal_edd_at_most_one_tardy=1 enable_memo=1 enable_exact_memo=1 memo_full_key_verification=1 memo_memory_limit_mb=12288 cost=0 time_ms=0.0216 nodes=1 max_depth=0 memo_hits=0 memo_misses=1 memo_exact_hits=0 memo_lb_hits=0 rule4=1 valid_pos=0 valid_pos_pruned_3a=0 valid_pos_pruned_3b=0 memo_rejected=0 memo_forced_evict=0 lufo_passes=0 terminal_spt=0 terminal_edd=1 memo_peak=1 memo_final=1 memo_evictions=0 memo_clean_time_ms=0 reconstruction_time_ms=0.0048 reconstruction_repairs=0 reconstruction_trace_hits=0 reconstruction_trace_fallbacks=0 memo_used_mb=0.000183105 memo_bytes_per_entry=192,900,8,D:\test2\results\article_code_comparison\data\900\SDT_900_1_0.4_9.txt,adaptive,custom,0,0,1,1,1,0,0,0,-1,-1,1,1,1,1,1,12288,0,,,0.0216,1,0,0,1,0,0,1,0,0,0,0,0,0,0,1,1,1,0,0,0.0048,0,0,0,0.000183105,192,,,,,,,,,,,,,,,,,,,,,,C:\c++\test2\results\article_code_comparison\raw_results.csv,article_runner_filename_mismatch_R1_expected_1.0
900,1.0,0.4,9,D:\test2\results\article_code_comparison\data\900\SDT_900_1_0.4_10.txt,D:\test2\results\article_code_comparison,generated_by_project_generator,D:\test2\x64\Release\bm_solver.exe,SOLVED,0,0.0221,62.735,,,900,192,2170880,ERROR,,59.762,,,1798144,1.049747,,1.207289,NOT_COMPARABLE_ERROR,,,[run] n=900 seed=9 input=D:\test2\results\article_code_comparison\data\900\SDT_900_1_0.4_10.txt decomp=adaptive memo_backend=custom use_ub=0 use_lb=0 terminal_rules=1 position_filtering_enabled=1 enable_lawler_basic_rules=1 enable_simple_lb=0 enable_lb_memo=0 enable_edd_ub=0 ub_depth_limit=-1 lb_depth_limit=-1 terminal_all_tardy_spt=1 terminal_edd_at_most_one_tardy=1 enable_memo=1 enable_exact_memo=1 memo_full_key_verification=1 memo_memory_limit_mb=12288 cost=0 time_ms=0.0221 nodes=1 max_depth=0 memo_hits=0 memo_misses=1 memo_exact_hits=0 memo_lb_hits=0 rule4=1 valid_pos=0 valid_pos_pruned_3a=0 valid_pos_pruned_3b=0 memo_rejected=0 memo_forced_evict=0 lufo_passes=0 terminal_spt=0 terminal_edd=1 memo_peak=1 memo_final=1 memo_evictions=0 memo_clean_time_ms=0 reconstruction_time_ms=0.0051 reconstruction_repairs=0 reconstruction_trace_hits=0 reconstruction_trace_fallbacks=0 memo_used_mb=0.000183105 memo_bytes_per_entry=192,900,9,D:\test2\results\article_code_comparison\data\900\SDT_900_1_0.4_10.txt,adaptive,custom,0,0,1,1,1,0,0,0,-1,-1,1,1,1,1,1,12288,0,,,0.0221,1,0,0,1,0,0,1,0,0,0,0,0,0,0,1,1,1,0,0,0.0051,0,0,0,0.000183105,192,,,,,,,,,,,,,,,,,,,,,,C:\c++\test2\results\article_code_comparison\raw_results.csv,article_runner_filename_mismatch_R1_expected_1.0
900,1.0,0.6,0,D:\test2\results\article_code_comparison\data\900\SDT_900_1_0.6_1.txt,D:\test2\results\article_code_comparison,generated_by_project_generator,D:\test2\x64\Release\bm_solver.exe,SOLVED,2199089,16.9309,62.461,,,900,1056178,2342912,ERROR,,59.913,,,1814528,1.042528,,1.291196,NOT_COMPARABLE_ERROR,,,[run] n=900 seed=0 input=D:\test2\results\article_code_comparison\data\900\SDT_900_1_0.6_1.txt decomp=adaptive memo_backend=custom use_ub=0 use_lb=0 terminal_rules=1 position_filtering_enabled=1 enable_lawler_basic_rules=1 enable_simple_lb=0 enable_lb_memo=0 enable_edd_ub=0 ub_depth_limit=-1 lb_depth_limit=-1 terminal_all_tardy_spt=1 terminal_edd_at_most_one_tardy=1 enable_memo=1 enable_exact_memo=1 memo_full_key_verification=1 memo_memory_limit_mb=12288 cost=2199089 time_ms=16.9309 nodes=3883 max_depth=899 memo_hits=1161 memo_misses=7765 memo_exact_hits=1161 memo_lb_hits=0 rule4=1 valid_pos=135026 valid_pos_pruned_3a=0 valid_pos_pruned_3b=0 memo_rejected=0 memo_forced_evict=0 lufo_passes=0 terminal_spt=38 terminal_edd=942 memo_peak=3883 memo_final=3883 memo_evictions=0 memo_clean_time_ms=0 reconstruction_time_ms=2.3711 reconstruction_repairs=0 reconstruction_trace_hits=501 reconstruction_trace_fallbacks=0 memo_used_mb=1.00725 memo_bytes_per_entry=272,900,0,D:\test2\results\article_code_comparison\data\900\SDT_900_1_0.6_1.txt,adaptive,custom,0,0,1,1,1,0,0,0,-1,-1,1,1,1,1,1,12288,2199089,,,16.9309,3883,899,1161,7765,1161,0,1,135026,0,0,0,0,0,38,942,3883,3883,0,0,2.3711,0,501,0,1.00725,272,,,,,,,,,,,,,,,,,,,,,,C:\c++\test2\results\article_code_comparison\raw_results.csv,article_runner_filename_mismatch_R1_expected_1.0
900,1.0,0.6,1,D:\test2\results\article_code_comparison\data\900\SDT_900_1_0.6_2.txt,D:\test2\results\article_code_comparison,generated_by_project_generator,D:\test2\x64\Release\bm_solver.exe,SOLVED,2088043,10.9426,62.134,,,900,873120,2015232,ERROR,,59.982,,,1753088,1.035877,,1.149533,NOT_COMPARABLE_ERROR,,,[run] n=900 seed=1 input=D:\test2\results\article_code_comparison\data\900\SDT_900_1_0.6_2.txt decomp=adaptive memo_backend=custom use_ub=0 use_lb=0 terminal_rules=1 position_filtering_enabled=1 enable_lawler_basic_rules=1 enable_simple_lb=0 enable_lb_memo=0 enable_edd_ub=0 ub_depth_limit=-1 lb_depth_limit=-1 terminal_all_tardy_spt=1 terminal_edd_at_most_one_tardy=1 enable_memo=1 enable_exact_memo=1 memo_full_key_verification=1 memo_memory_limit_mb=12288 cost=2088043 time_ms=10.9426 nodes=3210 max_depth=899 memo_hits=833 memo_misses=6419 memo_exact_hits=833 memo_lb_hits=0 rule4=1 valid_pos=87570 valid_pos_pruned_3a=0 valid_pos_pruned_3b=0 memo_rejected=0 memo_forced_evict=0 lufo_passes=0 terminal_spt=55 terminal_edd=893 memo_peak=3210 memo_final=3210 memo_evictions=0 memo_clean_time_ms=0 reconstruction_time_ms=2.329 reconstruction_repairs=0 reconstruction_trace_hits=510 reconstruction_trace_fallbacks=0 memo_used_mb=0.832672 memo_bytes_per_entry=272,900,1,D:\test2\results\article_code_comparison\data\900\SDT_900_1_0.6_2.txt,adaptive,custom,0,0,1,1,1,0,0,0,-1,-1,1,1,1,1,1,12288,2088043,,,10.9426,3210,899,833,6419,833,0,1,87570,0,0,0,0,0,55,893,3210,3210,0,0,2.329,0,510,0,0.832672,272,,,,,,,,,,,,,,,,,,,,,,C:\c++\test2\results\article_code_comparison\raw_results.csv,article_runner_filename_mismatch_R1_expected_1.0
900,1.0,0.6,2,D:\test2\results\article_code_comparison\data\900\SDT_900_1_0.6_3.txt,D:\test2\results\article_code_comparison,generated_by_project_generator,D:\test2\x64\Release\bm_solver.exe,SOLVED,2296206,8.6608,62.77,,,900,687344,2355200,ERROR,,60.141,,,1789952,1.043714,,1.315789,NOT_COMPARABLE_ERROR,,,[run] n=900 seed=2 input=D:\test2\results\article_code_comparison\data\900\SDT_900_1_0.6_3.txt decomp=adaptive memo_backend=custom use_ub=0 use_lb=0 terminal_rules=1 position_filtering_enabled=1 enable_lawler_basic_rules=1 enable_simple_lb=0 enable_lb_memo=0 enable_edd_ub=0 ub_depth_limit=-1 lb_depth_limit=-1 terminal_all_tardy_spt=1 terminal_edd_at_most_one_tardy=1 enable_memo=1 enable_exact_memo=1 memo_full_key_verification=1 memo_memory_limit_mb=12288 cost=2296206 time_ms=8.6608 nodes=2527 max_depth=899 memo_hits=470 memo_misses=5053 memo_exact_hits=470 memo_lb_hits=0 rule4=1 valid_pos=103397 valid_pos_pruned_3a=0 valid_pos_pruned_3b=0 memo_rejected=0 memo_forced_evict=0 lufo_passes=0 terminal_spt=37 terminal_edd=703 memo_peak=2527 memo_final=2527 memo_evictions=0 memo_clean_time_ms=0 reconstruction_time_ms=2.4978 reconstruction_repairs=0 reconstruction_trace_hits=511 reconstruction_trace_fallbacks=0 memo_used_mb=0.655502 memo_bytes_per_entry=272,900,2,D:\test2\results\article_code_comparison\data\900\SDT_900_1_0.6_3.txt,adaptive,custom,0,0,1,1,1,0,0,0,-1,-1,1,1,1,1,1,12288,2296206,,,8.6608,2527,899,470,5053,470,0,1,103397,0,0,0,0,0,37,703,2527,2527,0,0,2.4978,0,511,0,0.655502,272,,,,,,,,,,,,,,,,,,,,,,C:\c++\test2\results\article_code_comparison\raw_results.csv,article_runner_filename_mismatch_R1_expected_1.0
900,1.0,0.6,3,D:\test2\results\article_code_comparison\data\900\SDT_900_1_0.6_4.txt,D:\test2\results\article_code_comparison,generated_by_project_generator,D:\test2\x64\Release\bm_solver.exe,SOLVED,2212217,7.4816,62.298,,,900,513807,2019328,ERROR,,60.516,,,1708032,1.029447,,1.182254,NOT_COMPARABLE_ERROR,,,[run] n=900 seed=3 input=D:\test2\results\article_code_comparison\data\900\SDT_900_1_0.6_4.txt decomp=adaptive memo_backend=custom use_ub=0 use_lb=0 terminal_rules=1 position_filtering_enabled=1 enable_lawler_basic_rules=1 enable_simple_lb=0 enable_lb_memo=0 enable_edd_ub=0 ub_depth_limit=-1 lb_depth_limit=-1 terminal_all_tardy_spt=1 terminal_edd_at_most_one_tardy=1 enable_memo=1 enable_exact_memo=1 memo_full_key_verification=1 memo_memory_limit_mb=12288 cost=2212217 time_ms=7.4816 nodes=1889 max_depth=899 memo_hits=848 memo_misses=3777 memo_exact_hits=848 memo_lb_hits=0 rule4=1 valid_pos=88257 valid_pos_pruned_3a=0 valid_pos_pruned_3b=0 memo_rejected=0 memo_forced_evict=0 lufo_passes=0 terminal_spt=21 terminal_edd=513 memo_peak=1889 memo_final=1889 memo_evictions=0 memo_clean_time_ms=0 reconstruction_time_ms=2.2496 reconstruction_repairs=0 reconstruction_trace_hits=480 reconstruction_trace_fallbacks=0 memo_used_mb=0.490005 memo_bytes_per_entry=272,900,3,D:\test2\results\article_code_comparison\data\900\SDT_900_1_0.6_4.txt,adaptive,custom,0,0,1,1,1,0,0,0,-1,-1,1,1,1,1,1,12288,2212217,,,7.4816,1889,899,848,3777,848,0,1,88257,0,0,0,0,0,21,513,1889,1889,0,0,2.2496,0,480,0,0.490005,272,,,,,,,,,,,,,,,,,,,,,,C:\c++\test2\results\article_code_comparison\raw_results.csv,article_runner_filename_mismatch_R1_expected_1.0
900,1.0,0.6,4,D:\test2\results\article_code_comparison\data\900\SDT_900_1_0.6_5.txt,D:\test2\results\article_code_comparison,generated_by_project_generator,D:\test2\x64\Release\bm_solver.exe,SOLVED,2383688,13.6153,62.369,,,900,1297172,1941504,ERROR,,60.28,,,1871872,1.034655,,1.037199,NOT_COMPARABLE_ERROR,,,[run] n=900 seed=4 input=D:\test2\results\article_code_comparison\data\900\SDT_900_1_0.6_5.txt decomp=adaptive memo_backend=custom use_ub=0 use_lb=0 terminal_rules=1 position_filtering_enabled=1 enable_lawler_basic_rules=1 enable_simple_lb=0 enable_lb_memo=0 enable_edd_ub=0 ub_depth_limit=-1 lb_depth_limit=-1 terminal_all_tardy_spt=1 terminal_edd_at_most_one_tardy=1 enable_memo=1 enable_exact_memo=1 memo_full_key_verification=1 memo_memory_limit_mb=12288 cost=2383688 time_ms=13.6153 nodes=4769 max_depth=899 memo_hits=1069 memo_misses=9537 memo_exact_hits=1069 memo_lb_hits=0 rule4=1 valid_pos=105703 valid_pos_pruned_3a=0 valid_pos_pruned_3b=0 memo_rejected=0 memo_forced_evict=0 lufo_passes=0 terminal_spt=21 terminal_edd=1299 memo_peak=4769 memo_final=4769 memo_evictions=0 memo_clean_time_ms=0 reconstruction_time_ms=2.253 reconstruction_repairs=0 reconstruction_trace_hits=500 reconstruction_trace_fallbacks=0 memo_used_mb=1.23708 memo_bytes_per_entry=272,900,4,D:\test2\results\article_code_comparison\data\900\SDT_900_1_0.6_5.txt,adaptive,custom,0,0,1,1,1,0,0,0,-1,-1,1,1,1,1,1,12288,2383688,,,13.6153,4769,899,1069,9537,1069,0,1,105703,0,0,0,0,0,21,1299,4769,4769,0,0,2.253,0,500,0,1.23708,272,,,,,,,,,,,,,,,,,,,,,,C:\c++\test2\results\article_code_comparison\raw_results.csv,article_runner_filename_mismatch_R1_expected_1.0
900,1.0,0.6,5,D:\test2\results\article_code_comparison\data\900\SDT_900_1_0.6_6.txt,D:\test2\results\article_code_comparison,generated_by_project_generator,D:\test2\x64\Release\bm_solver.exe,SOLVED,2361584,12.1462,62.736,,,900,585616,2162688,ERROR,,60.179,,,1871872,1.04249,,1.155361,NOT_COMPARABLE_ERROR,,,[run] n=900 seed=5 input=D:\test2\results\article_code_comparison\data\900\SDT_900_1_0.6_6.txt decomp=adaptive memo_backend=custom use_ub=0 use_lb=0 terminal_rules=1 position_filtering_enabled=1 enable_lawler_basic_rules=1 enable_simple_lb=0 enable_lb_memo=0 enable_edd_ub=0 ub_depth_limit=-1 lb_depth_limit=-1 terminal_all_tardy_spt=1 terminal_edd_at_most_one_tardy=1 enable_memo=1 enable_exact_memo=1 memo_full_key_verification=1 memo_memory_limit_mb=12288 cost=2361584 time_ms=12.1462 nodes=2153 max_depth=899 memo_hits=571 memo_misses=4305 memo_exact_hits=571 memo_lb_hits=0 rule4=1 valid_pos=115569 valid_pos_pruned_3a=0 valid_pos_pruned_3b=0 memo_rejected=0 memo_forced_evict=0 lufo_passes=0 terminal_spt=36 terminal_edd=609 memo_peak=2153 memo_final=2153 memo_evictions=0 memo_clean_time_ms=0 reconstruction_time_ms=2.4753 reconstruction_repairs=0 reconstruction_trace_hits=475 reconstruction_trace_fallbacks=0 memo_used_mb=0.558487 memo_bytes_per_entry=272,900,5,D:\test2\results\article_code_comparison\data\900\SDT_900_1_0.6_6.txt,adaptive,custom,0,0,1,1,1,0,0,0,-1,-1,1,1,1,1,1,12288,2361584,,,12.1462,2153,899,571,4305,571,0,1,115569,0,0,0,0,0,36,609,2153,2153,0,0,2.4753,0,475,0,0.558487,272,,,,,,,,,,,,,,,,,,,,,,C:\c++\test2\results\article_code_comparison\raw_results.csv,article_runner_filename_mismatch_R1_expected_1.0
900,1.0,0.6,6,D:\test2\results\article_code_comparison\data\900\SDT_900_1_0.6_7.txt,D:\test2\results\article_code_comparison,generated_by_project_generator,D:\test2\x64\Release\bm_solver.exe,SOLVED,2170781,25.3735,62.707,,,900,2048435,2355200,ERROR,,59.96,,,1781760,1.045814,,1.321839,NOT_COMPARABLE_ERROR,,,[run] n=900 seed=6 input=D:\test2\results\article_code_comparison\data\900\SDT_900_1_0.6_7.txt decomp=adaptive memo_backend=custom use_ub=0 use_lb=0 terminal_rules=1 position_filtering_enabled=1 enable_lawler_basic_rules=1 enable_simple_lb=0 enable_lb_memo=0 enable_edd_ub=0 ub_depth_limit=-1 lb_depth_limit=-1 terminal_all_tardy_spt=1 terminal_edd_at_most_one_tardy=1 enable_memo=1 enable_exact_memo=1 memo_full_key_verification=1 memo_memory_limit_mb=12288 cost=2170781 time_ms=25.3735 nodes=7531 max_depth=899 memo_hits=3385 memo_misses=15061 memo_exact_hits=3385 memo_lb_hits=0 rule4=1 valid_pos=240571 valid_pos_pruned_3a=0 valid_pos_pruned_3b=0 memo_rejected=0 memo_forced_evict=0 lufo_passes=0 terminal_spt=75 terminal_edd=1663 memo_peak=7531 memo_final=7531 memo_evictions=0 memo_clean_time_ms=0 reconstruction_time_ms=2.2111 reconstruction_repairs=0 reconstruction_trace_hits=486 reconstruction_trace_fallbacks=0 memo_used_mb=1.95354 memo_bytes_per_entry=272,900,6,D:\test2\results\article_code_comparison\data\900\SDT_900_1_0.6_7.txt,adaptive,custom,0,0,1,1,1,0,0,0,-1,-1,1,1,1,1,1,12288,2170781,,,25.3735,7531,899,3385,15061,3385,0,1,240571,0,0,0,0,0,75,1663,7531,7531,0,0,2.2111,0,486,0,1.95354,272,,,,,,,,,,,,,,,,,,,,,,C:\c++\test2\results\article_code_comparison\raw_results.csv,article_runner_filename_mismatch_R1_expected_1.0
900,1.0,0.6,7,D:\test2\results\article_code_comparison\data\900\SDT_900_1_0.6_8.txt,D:\test2\results\article_code_comparison,generated_by_project_generator,D:\test2\x64\Release\bm_solver.exe,SOLVED,2046560,11.483,62.654,,,900,610912,2310144,ERROR,,60.26,,,1794048,1.039728,,1.287671,NOT_COMPARABLE_ERROR,,,[run] n=900 seed=7 input=D:\test2\results\article_code_comparison\data\900\SDT_900_1_0.6_8.txt decomp=adaptive memo_backend=custom use_ub=0 use_lb=0 terminal_rules=1 position_filtering_enabled=1 enable_lawler_basic_rules=1 enable_simple_lb=0 enable_lb_memo=0 enable_edd_ub=0 ub_depth_limit=-1 lb_depth_limit=-1 terminal_all_tardy_spt=1 terminal_edd_at_most_one_tardy=1 enable_memo=1 enable_exact_memo=1 memo_full_key_verification=1 memo_memory_limit_mb=12288 cost=2046560 time_ms=11.483 nodes=2246 max_depth=899 memo_hits=1002 memo_misses=4491 memo_exact_hits=1002 memo_lb_hits=0 rule4=1 valid_pos=107765 valid_pos_pruned_3a=0 valid_pos_pruned_3b=0 memo_rejected=0 memo_forced_evict=0 lufo_passes=0 terminal_spt=15 terminal_edd=606 memo_peak=2246 memo_final=2246 memo_evictions=0 memo_clean_time_ms=0 reconstruction_time_ms=2.3639 reconstruction_repairs=0 reconstruction_trace_hits=482 reconstruction_trace_fallbacks=0 memo_used_mb=0.582611 memo_bytes_per_entry=272,900,7,D:\test2\results\article_code_comparison\data\900\SDT_900_1_0.6_8.txt,adaptive,custom,0,0,1,1,1,0,0,0,-1,-1,1,1,1,1,1,12288,2046560,,,11.483,2246,899,1002,4491,1002,0,1,107765,0,0,0,0,0,15,606,2246,2246,0,0,2.3639,0,482,0,0.582611,272,,,,,,,,,,,,,,,,,,,,,,C:\c++\test2\results\article_code_comparison\raw_results.csv,article_runner_filename_mismatch_R1_expected_1.0
900,1.0,0.6,8,D:\test2\results\article_code_comparison\data\900\SDT_900_1_0.6_9.txt,D:\test2\results\article_code_comparison,generated_by_project_generator,D:\test2\x64\Release\bm_solver.exe,SOLVED,1995651,14.945,62.274,,,900,1325998,2134016,ERROR,,60.173,,,1867776,1.034916,,1.142544,NOT_COMPARABLE_ERROR,,,[run] n=900 seed=8 input=D:\test2\results\article_code_comparison\data\900\SDT_900_1_0.6_9.txt decomp=adaptive memo_backend=custom use_ub=0 use_lb=0 terminal_rules=1 position_filtering_enabled=1 enable_lawler_basic_rules=1 enable_simple_lb=0 enable_lb_memo=0 enable_edd_ub=0 ub_depth_limit=-1 lb_depth_limit=-1 terminal_all_tardy_spt=1 terminal_edd_at_most_one_tardy=1 enable_memo=1 enable_exact_memo=1 memo_full_key_verification=1 memo_memory_limit_mb=12288 cost=1995651 time_ms=14.945 nodes=4875 max_depth=899 memo_hits=1349 memo_misses=9749 memo_exact_hits=1349 memo_lb_hits=0 rule4=1 valid_pos=112458 valid_pos_pruned_3a=0 valid_pos_pruned_3b=0 memo_rejected=0 memo_forced_evict=0 lufo_passes=0 terminal_spt=46 terminal_edd=1243 memo_peak=4875 memo_final=4875 memo_evictions=0 memo_clean_time_ms=0 reconstruction_time_ms=2.0414 reconstruction_repairs=0 reconstruction_trace_hits=456 reconstruction_trace_fallbacks=0 memo_used_mb=1.26457 memo_bytes_per_entry=272,900,8,D:\test2\results\article_code_comparison\data\900\SDT_900_1_0.6_9.txt,adaptive,custom,0,0,1,1,1,0,0,0,-1,-1,1,1,1,1,1,12288,1995651,,,14.945,4875,899,1349,9749,1349,0,1,112458,0,0,0,0,0,46,1243,4875,4875,0,0,2.0414,0,456,0,1.26457,272,,,,,,,,,,,,,,,,,,,,,,C:\c++\test2\results\article_code_comparison\raw_results.csv,article_runner_filename_mismatch_R1_expected_1.0
900,1.0,0.6,9,D:\test2\results\article_code_comparison\data\900\SDT_900_1_0.6_10.txt,D:\test2\results\article_code_comparison,generated_by_project_generator,D:\test2\x64\Release\bm_solver.exe,SOLVED,2082207,10.1338,62.286,,,900,757248,2019328,ERROR,,60.185,,,1806336,1.034909,,1.117914,NOT_COMPARABLE_ERROR,,,[run] n=900 seed=9 input=D:\test2\results\article_code_comparison\data\900\SDT_900_1_0.6_10.txt decomp=adaptive memo_backend=custom use_ub=0 use_lb=0 terminal_rules=1 position_filtering_enabled=1 enable_lawler_basic_rules=1 enable_simple_lb=0 enable_lb_memo=0 enable_edd_ub=0 ub_depth_limit=-1 lb_depth_limit=-1 terminal_all_tardy_spt=1 terminal_edd_at_most_one_tardy=1 enable_memo=1 enable_exact_memo=1 memo_full_key_verification=1 memo_memory_limit_mb=12288 cost=2082207 time_ms=10.1338 nodes=2784 max_depth=899 memo_hits=757 memo_misses=5567 memo_exact_hits=757 memo_lb_hits=0 rule4=1 valid_pos=108375 valid_pos_pruned_3a=0 valid_pos_pruned_3b=0 memo_rejected=0 memo_forced_evict=0 lufo_passes=0 terminal_spt=15 terminal_edd=768 memo_peak=2784 memo_final=2784 memo_evictions=0 memo_clean_time_ms=0 reconstruction_time_ms=2.3417 reconstruction_repairs=0 reconstruction_trace_hits=492 reconstruction_trace_fallbacks=0 memo_used_mb=0.722168 memo_bytes_per_entry=272,900,9,D:\test2\results\article_code_comparison\data\900\SDT_900_1_0.6_10.txt,adaptive,custom,0,0,1,1,1,0,0,0,-1,-1,1,1,1,1,1,12288,2082207,,,10.1338,2784,899,757,5567,757,0,1,108375,0,0,0,0,0,15,768,2784,2784,0,0,2.3417,0,492,0,0.722168,272,,,,,,,,,,,,,,,,,,,,,,C:\c++\test2\results\article_code_comparison\raw_results.csv,article_runner_filename_mismatch_R1_expected_1.0
900,1.0,0.8,0,D:\test2\results\article_code_comparison\data\900\SDT_900_1_0.8_1.txt,D:\test2\results\article_code_comparison,generated_by_project_generator,D:\test2\x64\Release\bm_solver.exe,SOLVED,6376926,9.568,62.487,,,900,312800,2150400,ERROR,,59.918,,,1794048,1.042875,,1.19863,NOT_COMPARABLE_ERROR,,,[run] n=900 seed=0 input=D:\test2\results\article_code_comparison\data\900\SDT_900_1_0.8_1.txt decomp=adaptive memo_backend=custom use_ub=0 use_lb=0 terminal_rules=1 position_filtering_enabled=1 enable_lawler_basic_rules=1 enable_simple_lb=0 enable_lb_memo=0 enable_edd_ub=0 ub_depth_limit=-1 lb_depth_limit=-1 terminal_all_tardy_spt=1 terminal_edd_at_most_one_tardy=1 enable_memo=1 enable_exact_memo=1 memo_full_key_verification=1 memo_memory_limit_mb=12288 cost=6376926 time_ms=9.568 nodes=1150 max_depth=899 memo_hits=105 memo_misses=2299 memo_exact_hits=105 memo_lb_hits=0 rule4=1 valid_pos=146697 valid_pos_pruned_3a=0 valid_pos_pruned_3b=0 memo_rejected=0 memo_forced_evict=0 lufo_passes=0 terminal_spt=20 terminal_edd=310 memo_peak=1150 memo_final=1150 memo_evictions=0 memo_clean_time_ms=0 reconstruction_time_ms=3.9877 reconstruction_repairs=0 reconstruction_trace_hits=584 reconstruction_trace_fallbacks=0 memo_used_mb=0.298309 memo_bytes_per_entry=272,900,0,D:\test2\results\article_code_comparison\data\900\SDT_900_1_0.8_1.txt,adaptive,custom,0,0,1,1,1,0,0,0,-1,-1,1,1,1,1,1,12288,6376926,,,9.568,1150,899,105,2299,105,0,1,146697,0,0,0,0,0,20,310,1150,1150,0,0,3.9877,0,584,0,0.298309,272,,,,,,,,,,,,,,,,,,,,,,C:\c++\test2\results\article_code_comparison\raw_results.csv,article_runner_filename_mismatch_R1_expected_1.0
900,1.0,0.8,1,D:\test2\results\article_code_comparison\data\900\SDT_900_1_0.8_2.txt,D:\test2\results\article_code_comparison,generated_by_project_generator,D:\test2\x64\Release\bm_solver.exe,SOLVED,6335132,10.4352,61.726,,,900,306816,1810432,ERROR,,60.041,,,1814528,1.028064,,0.997743,NOT_COMPARABLE_ERROR,,,[run] n=900 seed=1 input=D:\test2\results\article_code_comparison\data\900\SDT_900_1_0.8_2.txt decomp=adaptive memo_backend=custom use_ub=0 use_lb=0 terminal_rules=1 position_filtering_enabled=1 enable_lawler_basic_rules=1 enable_simple_lb=0 enable_lb_memo=0 enable_edd_ub=0 ub_depth_limit=-1 lb_depth_limit=-1 terminal_all_tardy_spt=1 terminal_edd_at_most_one_tardy=1 enable_memo=1 enable_exact_memo=1 memo_full_key_verification=1 memo_memory_limit_mb=12288 cost=6335132 time_ms=10.4352 nodes=1128 max_depth=899 memo_hits=127 memo_misses=2255 memo_exact_hits=127 memo_lb_hits=0 rule4=1 valid_pos=171401 valid_pos_pruned_3a=0 valid_pos_pruned_3b=0 memo_rejected=0 memo_forced_evict=0 lufo_passes=0 terminal_spt=16 terminal_edd=295 memo_peak=1128 memo_final=1128 memo_evictions=0 memo_clean_time_ms=0 reconstruction_time_ms=3.9428 reconstruction_repairs=0 reconstruction_trace_hits=594 reconstruction_trace_fallbacks=0 memo_used_mb=0.292603 memo_bytes_per_entry=272,900,1,D:\test2\results\article_code_comparison\data\900\SDT_900_1_0.8_2.txt,adaptive,custom,0,0,1,1,1,0,0,0,-1,-1,1,1,1,1,1,12288,6335132,,,10.4352,1128,899,127,2255,127,0,1,171401,0,0,0,0,0,16,295,1128,1128,0,0,3.9428,0,594,0,0.292603,272,,,,,,,,,,,,,,,,,,,,,,C:\c++\test2\results\article_code_comparison\raw_results.csv,article_runner_filename_mismatch_R1_expected_1.0
900,1.0,0.8,2,D:\test2\results\article_code_comparison\data\900\SDT_900_1_0.8_3.txt,D:\test2\results\article_code_comparison,generated_by_project_generator,D:\test2\x64\Release\bm_solver.exe,SOLVED,6395515,9.8229,62.709,,,900,274448,2027520,ERROR,,60.292,,,1802240,1.040088,,1.125,NOT_COMPARABLE_ERROR,,,[run] n=900 seed=2 input=D:\test2\results\article_code_comparison\data\900\SDT_900_1_0.8_3.txt decomp=adaptive memo_backend=custom use_ub=0 use_lb=0 terminal_rules=1 position_filtering_enabled=1 enable_lawler_basic_rules=1 enable_simple_lb=0 enable_lb_memo=0 enable_edd_ub=0 ub_depth_limit=-1 lb_depth_limit=-1 terminal_all_tardy_spt=1 terminal_edd_at_most_one_tardy=1 enable_memo=1 enable_exact_memo=1 memo_full_key_verification=1 memo_memory_limit_mb=12288 cost=6395515 time_ms=9.8229 nodes=1009 max_depth=899 memo_hits=54 memo_misses=2017 memo_exact_hits=54 memo_lb_hits=0 rule4=1 valid_pos=155931 valid_pos_pruned_3a=0 valid_pos_pruned_3b=0 memo_rejected=0 memo_forced_evict=0 lufo_passes=0 terminal_spt=18 terminal_edd=265 memo_peak=1009 memo_final=1009 memo_evictions=0 memo_clean_time_ms=0 reconstruction_time_ms=3.9189 reconstruction_repairs=0 reconstruction_trace_hits=580 reconstruction_trace_fallbacks=0 memo_used_mb=0.261734 memo_bytes_per_entry=272,900,2,D:\test2\results\article_code_comparison\data\900\SDT_900_1_0.8_3.txt,adaptive,custom,0,0,1,1,1,0,0,0,-1,-1,1,1,1,1,1,12288,6395515,,,9.8229,1009,899,54,2017,54,0,1,155931,0,0,0,0,0,18,265,1009,1009,0,0,3.9189,0,580,0,0.261734,272,,,,,,,,,,,,,,,,,,,,,,C:\c++\test2\results\article_code_comparison\raw_results.csv,article_runner_filename_mismatch_R1_expected_1.0
900,1.0,0.8,3,D:\test2\results\article_code_comparison\data\900\SDT_900_1_0.8_4.txt,D:\test2\results\article_code_comparison,generated_by_project_generator,D:\test2\x64\Release\bm_solver.exe,SOLVED,6385362,8.8587,62.389,,,900,266288,2019328,ERROR,,60.417,,,1810432,1.03264,,1.115385,NOT_COMPARABLE_ERROR,,,[run] n=900 seed=3 input=D:\test2\results\article_code_comparison\data\900\SDT_900_1_0.8_4.txt decomp=adaptive memo_backend=custom use_ub=0 use_lb=0 terminal_rules=1 position_filtering_enabled=1 enable_lawler_basic_rules=1 enable_simple_lb=0 enable_lb_memo=0 enable_edd_ub=0 ub_depth_limit=-1 lb_depth_limit=-1 terminal_all_tardy_spt=1 terminal_edd_at_most_one_tardy=1 enable_memo=1 enable_exact_memo=1 memo_full_key_verification=1 memo_memory_limit_mb=12288 cost=6385362 time_ms=8.8587 nodes=979 max_depth=899 memo_hits=59 memo_misses=1957 memo_exact_hits=59 memo_lb_hits=0 rule4=1 valid_pos=109231 valid_pos_pruned_3a=0 valid_pos_pruned_3b=0 memo_rejected=0 memo_forced_evict=0 lufo_passes=0 terminal_spt=16 terminal_edd=253 memo_peak=979 memo_final=979 memo_evictions=0 memo_clean_time_ms=0 reconstruction_time_ms=3.7606 reconstruction_repairs=0 reconstruction_trace_hits=574 reconstruction_trace_fallbacks=0 memo_used_mb=0.253952 memo_bytes_per_entry=272,900,3,D:\test2\results\article_code_comparison\data\900\SDT_900_1_0.8_4.txt,adaptive,custom,0,0,1,1,1,0,0,0,-1,-1,1,1,1,1,1,12288,6385362,,,8.8587,979,899,59,1957,59,0,1,109231,0,0,0,0,0,16,253,979,979,0,0,3.7606,0,574,0,0.253952,272,,,,,,,,,,,,,,,,,,,,,,C:\c++\test2\results\article_code_comparison\raw_results.csv,article_runner_filename_mismatch_R1_expected_1.0
900,1.0,0.8,4,D:\test2\results\article_code_comparison\data\900\SDT_900_1_0.8_5.txt,D:\test2\results\article_code_comparison,generated_by_project_generator,D:\test2\x64\Release\bm_solver.exe,SOLVED,6542883,8.8601,62.477,,,900,249152,2019328,ERROR,,60.217,,,1814528,1.037531,,1.112867,NOT_COMPARABLE_ERROR,,,[run] n=900 seed=4 input=D:\test2\results\article_code_comparison\data\900\SDT_900_1_0.8_5.txt decomp=adaptive memo_backend=custom use_ub=0 use_lb=0 terminal_rules=1 position_filtering_enabled=1 enable_lawler_basic_rules=1 enable_simple_lb=0 enable_lb_memo=0 enable_edd_ub=0 ub_depth_limit=-1 lb_depth_limit=-1 terminal_all_tardy_spt=1 terminal_edd_at_most_one_tardy=1 enable_memo=1 enable_exact_memo=1 memo_full_key_verification=1 memo_memory_limit_mb=12288 cost=6542883 time_ms=8.8601 nodes=916 max_depth=899 memo_hits=55 memo_misses=1831 memo_exact_hits=55 memo_lb_hits=0 rule4=1 valid_pos=101745 valid_pos_pruned_3a=0 valid_pos_pruned_3b=0 memo_rejected=0 memo_forced_evict=0 lufo_passes=0 terminal_spt=15 terminal_edd=238 memo_peak=916 memo_final=916 memo_evictions=0 memo_clean_time_ms=0 reconstruction_time_ms=3.9725 reconstruction_repairs=0 reconstruction_trace_hits=584 reconstruction_trace_fallbacks=0 memo_used_mb=0.23761 memo_bytes_per_entry=272,900,4,D:\test2\results\article_code_comparison\data\900\SDT_900_1_0.8_5.txt,adaptive,custom,0,0,1,1,1,0,0,0,-1,-1,1,1,1,1,1,12288,6542883,,,8.8601,916,899,55,1831,55,0,1,101745,0,0,0,0,0,15,238,916,916,0,0,3.9725,0,584,0,0.23761,272,,,,,,,,,,,,,,,,,,,,,,C:\c++\test2\results\article_code_comparison\raw_results.csv,article_runner_filename_mismatch_R1_expected_1.0
900,1.0,0.8,5,D:\test2\results\article_code_comparison\data\900\SDT_900_1_0.8_6.txt,D:\test2\results\article_code_comparison,generated_by_project_generator,D:\test2\x64\Release\bm_solver.exe,SOLVED,6465592,10.0217,62.832,,,900,266016,2330624,ERROR,,59.854,,,1814528,1.049754,,1.284424,NOT_COMPARABLE_ERROR,,,[run] n=900 seed=5 input=D:\test2\results\article_code_comparison\data\900\SDT_900_1_0.8_6.txt decomp=adaptive memo_backend=custom use_ub=0 use_lb=0 terminal_rules=1 position_filtering_enabled=1 enable_lawler_basic_rules=1 enable_simple_lb=0 enable_lb_memo=0 enable_edd_ub=0 ub_depth_limit=-1 lb_depth_limit=-1 terminal_all_tardy_spt=1 terminal_edd_at_most_one_tardy=1 enable_memo=1 enable_exact_memo=1 memo_full_key_verification=1 memo_memory_limit_mb=12288 cost=6465592 time_ms=10.0217 nodes=978 max_depth=899 memo_hits=93 memo_misses=1955 memo_exact_hits=93 memo_lb_hits=0 rule4=1 valid_pos=164618 valid_pos_pruned_3a=0 valid_pos_pruned_3b=0 memo_rejected=0 memo_forced_evict=0 lufo_passes=0 terminal_spt=8 terminal_edd=269 memo_peak=978 memo_final=978 memo_evictions=0 memo_clean_time_ms=0 reconstruction_time_ms=4.0456 reconstruction_repairs=0 reconstruction_trace_hits=578 reconstruction_trace_fallbacks=0 memo_used_mb=0.253693 memo_bytes_per_entry=272,900,5,D:\test2\results\article_code_comparison\data\900\SDT_900_1_0.8_6.txt,adaptive,custom,0,0,1,1,1,0,0,0,-1,-1,1,1,1,1,1,12288,6465592,,,10.0217,978,899,93,1955,93,0,1,164618,0,0,0,0,0,8,269,978,978,0,0,4.0456,0,578,0,0.253693,272,,,,,,,,,,,,,,,,,,,,,,C:\c++\test2\results\article_code_comparison\raw_results.csv,article_runner_filename_mismatch_R1_expected_1.0
900,1.0,0.8,6,D:\test2\results\article_code_comparison\data\900\SDT_900_1_0.8_7.txt,D:\test2\results\article_code_comparison,generated_by_project_generator,D:\test2\x64\Release\bm_solver.exe,SOLVED,6115774,10.3747,62.593,,,900,288592,2396160,ERROR,,60.275,,,1798144,1.038457,,1.332574,NOT_COMPARABLE_ERROR,,,[run] n=900 seed=6 input=D:\test2\results\article_code_comparison\data\900\SDT_900_1_0.8_7.txt decomp=adaptive memo_backend=custom use_ub=0 use_lb=0 terminal_rules=1 position_filtering_enabled=1 enable_lawler_basic_rules=1 enable_simple_lb=0 enable_lb_memo=0 enable_edd_ub=0 ub_depth_limit=-1 lb_depth_limit=-1 terminal_all_tardy_spt=1 terminal_edd_at_most_one_tardy=1 enable_memo=1 enable_exact_memo=1 memo_full_key_verification=1 memo_memory_limit_mb=12288 cost=6115774 time_ms=10.3747 nodes=1061 max_depth=899 memo_hits=131 memo_misses=2121 memo_exact_hits=131 memo_lb_hits=0 rule4=1 valid_pos=172114 valid_pos_pruned_3a=0 valid_pos_pruned_3b=0 memo_rejected=0 memo_forced_evict=0 lufo_passes=0 terminal_spt=15 terminal_edd=274 memo_peak=1061 memo_final=1061 memo_evictions=0 memo_clean_time_ms=0 reconstruction_time_ms=3.839 reconstruction_repairs=0 reconstruction_trace_hits=580 reconstruction_trace_fallbacks=0 memo_used_mb=0.275223 memo_bytes_per_entry=272,900,6,D:\test2\results\article_code_comparison\data\900\SDT_900_1_0.8_7.txt,adaptive,custom,0,0,1,1,1,0,0,0,-1,-1,1,1,1,1,1,12288,6115774,,,10.3747,1061,899,131,2121,131,0,1,172114,0,0,0,0,0,15,274,1061,1061,0,0,3.839,0,580,0,0.275223,272,,,,,,,,,,,,,,,,,,,,,,C:\c++\test2\results\article_code_comparison\raw_results.csv,article_runner_filename_mismatch_R1_expected_1.0
900,1.0,0.8,7,D:\test2\results\article_code_comparison\data\900\SDT_900_1_0.8_8.txt,D:\test2\results\article_code_comparison,generated_by_project_generator,D:\test2\x64\Release\bm_solver.exe,SOLVED,5917652,10.4428,61.647,,,900,294848,1871872,ERROR,,60.291,,,1802240,1.022491,,1.038636,NOT_COMPARABLE_ERROR,,,[run] n=900 seed=7 input=D:\test2\results\article_code_comparison\data\900\SDT_900_1_0.8_8.txt decomp=adaptive memo_backend=custom use_ub=0 use_lb=0 terminal_rules=1 position_filtering_enabled=1 enable_lawler_basic_rules=1 enable_simple_lb=0 enable_lb_memo=0 enable_edd_ub=0 ub_depth_limit=-1 lb_depth_limit=-1 terminal_all_tardy_spt=1 terminal_edd_at_most_one_tardy=1 enable_memo=1 enable_exact_memo=1 memo_full_key_verification=1 memo_memory_limit_mb=12288 cost=5917652 time_ms=10.4428 nodes=1084 max_depth=899 memo_hits=159 memo_misses=2167 memo_exact_hits=159 memo_lb_hits=0 rule4=1 valid_pos=154064 valid_pos_pruned_3a=0 valid_pos_pruned_3b=0 memo_rejected=0 memo_forced_evict=0 lufo_passes=0 terminal_spt=13 terminal_edd=267 memo_peak=1084 memo_final=1084 memo_evictions=0 memo_clean_time_ms=0 reconstruction_time_ms=3.8896 reconstruction_repairs=0 reconstruction_trace_hits=587 reconstruction_trace_fallbacks=0 memo_used_mb=0.281189 memo_bytes_per_entry=272,900,7,D:\test2\results\article_code_comparison\data\900\SDT_900_1_0.8_8.txt,adaptive,custom,0,0,1,1,1,0,0,0,-1,-1,1,1,1,1,1,12288,5917652,,,10.4428,1084,899,159,2167,159,0,1,154064,0,0,0,0,0,13,267,1084,1084,0,0,3.8896,0,587,0,0.281189,272,,,,,,,,,,,,,,,,,,,,,,C:\c++\test2\results\article_code_comparison\raw_results.csv,article_runner_filename_mismatch_R1_expected_1.0
900,1.0,0.8,8,D:\test2\results\article_code_comparison\data\900\SDT_900_1_0.8_9.txt,D:\test2\results\article_code_comparison,generated_by_project_generator,D:\test2\x64\Release\bm_solver.exe,SOLVED,5983833,9.7268,62.744,,,900,261936,2355200,ERROR,,60.33,,,1798144,1.040013,,1.309795,NOT_COMPARABLE_ERROR,,,[run] n=900 seed=8 input=D:\test2\results\article_code_comparison\data\900\SDT_900_1_0.8_9.txt decomp=adaptive memo_backend=custom use_ub=0 use_lb=0 terminal_rules=1 position_filtering_enabled=1 enable_lawler_basic_rules=1 enable_simple_lb=0 enable_lb_memo=0 enable_edd_ub=0 ub_depth_limit=-1 lb_depth_limit=-1 terminal_all_tardy_spt=1 terminal_edd_at_most_one_tardy=1 enable_memo=1 enable_exact_memo=1 memo_full_key_verification=1 memo_memory_limit_mb=12288 cost=5983833 time_ms=9.7268 nodes=963 max_depth=899 memo_hits=70 memo_misses=1925 memo_exact_hits=70 memo_lb_hits=0 rule4=1 valid_pos=159095 valid_pos_pruned_3a=0 valid_pos_pruned_3b=0 memo_rejected=0 memo_forced_evict=0 lufo_passes=0 terminal_spt=16 terminal_edd=255 memo_peak=963 memo_final=963 memo_evictions=0 memo_clean_time_ms=0 reconstruction_time_ms=3.9325 reconstruction_repairs=0 reconstruction_trace_hits=569 reconstruction_trace_fallbacks=0 memo_used_mb=0.249802 memo_bytes_per_entry=272,900,8,D:\test2\results\article_code_comparison\data\900\SDT_900_1_0.8_9.txt,adaptive,custom,0,0,1,1,1,0,0,0,-1,-1,1,1,1,1,1,12288,5983833,,,9.7268,963,899,70,1925,70,0,1,159095,0,0,0,0,0,16,255,963,963,0,0,3.9325,0,569,0,0.249802,272,,,,,,,,,,,,,,,,,,,,,,C:\c++\test2\results\article_code_comparison\raw_results.csv,article_runner_filename_mismatch_R1_expected_1.0
900,1.0,0.8,9,D:\test2\results\article_code_comparison\data\900\SDT_900_1_0.8_10.txt,D:\test2\results\article_code_comparison,generated_by_project_generator,D:\test2\x64\Release\bm_solver.exe,SOLVED,6050379,9.2968,62.434,,,900,267920,2170880,ERROR,,59.966,,,1798144,1.041157,,1.207289,NOT_COMPARABLE_ERROR,,,[run] n=900 seed=9 input=D:\test2\results\article_code_comparison\data\900\SDT_900_1_0.8_10.txt decomp=adaptive memo_backend=custom use_ub=0 use_lb=0 terminal_rules=1 position_filtering_enabled=1 enable_lawler_basic_rules=1 enable_simple_lb=0 enable_lb_memo=0 enable_edd_ub=0 ub_depth_limit=-1 lb_depth_limit=-1 terminal_all_tardy_spt=1 terminal_edd_at_most_one_tardy=1 enable_memo=1 enable_exact_memo=1 memo_full_key_verification=1 memo_memory_limit_mb=12288 cost=6050379 time_ms=9.2968 nodes=985 max_depth=899 memo_hits=83 memo_misses=1969 memo_exact_hits=83 memo_lb_hits=0 rule4=1 valid_pos=146422 valid_pos_pruned_3a=0 valid_pos_pruned_3b=0 memo_rejected=0 memo_forced_evict=0 lufo_passes=0 terminal_spt=12 terminal_edd=265 memo_peak=985 memo_final=985 memo_evictions=0 memo_clean_time_ms=0 reconstruction_time_ms=3.7615 reconstruction_repairs=0 reconstruction_trace_hits=562 reconstruction_trace_fallbacks=0 memo_used_mb=0.255508 memo_bytes_per_entry=272,900,9,D:\test2\results\article_code_comparison\data\900\SDT_900_1_0.8_10.txt,adaptive,custom,0,0,1,1,1,0,0,0,-1,-1,1,1,1,1,1,12288,6050379,,,9.2968,985,899,83,1969,83,0,1,146422,0,0,0,0,0,12,265,985,985,0,0,3.7615,0,562,0,0.255508,272,,,,,,,,,,,,,,,,,,,,,,C:\c++\test2\results\article_code_comparison\raw_results.csv,article_runner_filename_mismatch_R1_expected_1.0
1000,1.0,0.2,0,D:\test2\results\article_code_comparison\data\1000\SDT_1000_1_0.2_1.txt,D:\test2\results\article_code_comparison,generated_by_project_generator,D:\test2\x64\Release\bm_solver.exe,SOLVED,0,0.0239,62.207,,,1000,200,2019328,ERROR,,60.353,,,1765376,1.030719,,1.143852,NOT_COMPARABLE_ERROR,,,[run] n=1000 seed=0 input=D:\test2\results\article_code_comparison\data\1000\SDT_1000_1_0.2_1.txt decomp=adaptive memo_backend=custom use_ub=0 use_lb=0 terminal_rules=1 position_filtering_enabled=1 enable_lawler_basic_rules=1 enable_simple_lb=0 enable_lb_memo=0 enable_edd_ub=0 ub_depth_limit=-1 lb_depth_limit=-1 terminal_all_tardy_spt=1 terminal_edd_at_most_one_tardy=1 enable_memo=1 enable_exact_memo=1 memo_full_key_verification=1 memo_memory_limit_mb=12288 cost=0 time_ms=0.0239 nodes=1 max_depth=0 memo_hits=0 memo_misses=1 memo_exact_hits=0 memo_lb_hits=0 rule4=1 valid_pos=0 valid_pos_pruned_3a=0 valid_pos_pruned_3b=0 memo_rejected=0 memo_forced_evict=0 lufo_passes=0 terminal_spt=0 terminal_edd=1 memo_peak=1 memo_final=1 memo_evictions=0 memo_clean_time_ms=0 reconstruction_time_ms=0.0054 reconstruction_repairs=0 reconstruction_trace_hits=0 reconstruction_trace_fallbacks=0 memo_used_mb=0.000190735 memo_bytes_per_entry=200,1000,0,D:\test2\results\article_code_comparison\data\1000\SDT_1000_1_0.2_1.txt,adaptive,custom,0,0,1,1,1,0,0,0,-1,-1,1,1,1,1,1,12288,0,,,0.0239,1,0,0,1,0,0,1,0,0,0,0,0,0,0,1,1,1,0,0,0.0054,0,0,0,0.000190735,200,,,,,,,,,,,,,,,,,,,,,,C:\c++\test2\results\article_code_comparison\raw_results.csv,article_runner_filename_mismatch_R1_expected_1.0
1000,1.0,0.2,1,D:\test2\results\article_code_comparison\data\1000\SDT_1000_1_0.2_2.txt,D:\test2\results\article_code_comparison,generated_by_project_generator,D:\test2\x64\Release\bm_solver.exe,SOLVED,0,0.024,62.658,,,1000,200,2174976,ERROR,,60.281,,,1781760,1.039432,,1.22069,NOT_COMPARABLE_ERROR,,,[run] n=1000 seed=1 input=D:\test2\results\article_code_comparison\data\1000\SDT_1000_1_0.2_2.txt decomp=adaptive memo_backend=custom use_ub=0 use_lb=0 terminal_rules=1 position_filtering_enabled=1 enable_lawler_basic_rules=1 enable_simple_lb=0 enable_lb_memo=0 enable_edd_ub=0 ub_depth_limit=-1 lb_depth_limit=-1 terminal_all_tardy_spt=1 terminal_edd_at_most_one_tardy=1 enable_memo=1 enable_exact_memo=1 memo_full_key_verification=1 memo_memory_limit_mb=12288 cost=0 time_ms=0.024 nodes=1 max_depth=0 memo_hits=0 memo_misses=1 memo_exact_hits=0 memo_lb_hits=0 rule4=1 valid_pos=0 valid_pos_pruned_3a=0 valid_pos_pruned_3b=0 memo_rejected=0 memo_forced_evict=0 lufo_passes=0 terminal_spt=0 terminal_edd=1 memo_peak=1 memo_final=1 memo_evictions=0 memo_clean_time_ms=0 reconstruction_time_ms=0.0054 reconstruction_repairs=0 reconstruction_trace_hits=0 reconstruction_trace_fallbacks=0 memo_used_mb=0.000190735 memo_bytes_per_entry=200,1000,1,D:\test2\results\article_code_comparison\data\1000\SDT_1000_1_0.2_2.txt,adaptive,custom,0,0,1,1,1,0,0,0,-1,-1,1,1,1,1,1,12288,0,,,0.024,1,0,0,1,0,0,1,0,0,0,0,0,0,0,1,1,1,0,0,0.0054,0,0,0,0.000190735,200,,,,,,,,,,,,,,,,,,,,,,C:\c++\test2\results\article_code_comparison\raw_results.csv,article_runner_filename_mismatch_R1_expected_1.0
1000,1.0,0.2,2,D:\test2\results\article_code_comparison\data\1000\SDT_1000_1_0.2_3.txt,D:\test2\results\article_code_comparison,generated_by_project_generator,D:\test2\x64\Release\bm_solver.exe,SOLVED,0,0.0237,62.497,,,1000,200,1994752,ERROR,,60.164,,,1814528,1.038777,,1.099323,NOT_COMPARABLE_ERROR,,,[run] n=1000 seed=2 input=D:\test2\results\article_code_comparison\data\1000\SDT_1000_1_0.2_3.txt decomp=adaptive memo_backend=custom use_ub=0 use_lb=0 terminal_rules=1 position_filtering_enabled=1 enable_lawler_basic_rules=1 enable_simple_lb=0 enable_lb_memo=0 enable_edd_ub=0 ub_depth_limit=-1 lb_depth_limit=-1 terminal_all_tardy_spt=1 terminal_edd_at_most_one_tardy=1 enable_memo=1 enable_exact_memo=1 memo_full_key_verification=1 memo_memory_limit_mb=12288 cost=0 time_ms=0.0237 nodes=1 max_depth=0 memo_hits=0 memo_misses=1 memo_exact_hits=0 memo_lb_hits=0 rule4=1 valid_pos=0 valid_pos_pruned_3a=0 valid_pos_pruned_3b=0 memo_rejected=0 memo_forced_evict=0 lufo_passes=0 terminal_spt=0 terminal_edd=1 memo_peak=1 memo_final=1 memo_evictions=0 memo_clean_time_ms=0 reconstruction_time_ms=0.0054 reconstruction_repairs=0 reconstruction_trace_hits=0 reconstruction_trace_fallbacks=0 memo_used_mb=0.000190735 memo_bytes_per_entry=200,1000,2,D:\test2\results\article_code_comparison\data\1000\SDT_1000_1_0.2_3.txt,adaptive,custom,0,0,1,1,1,0,0,0,-1,-1,1,1,1,1,1,12288,0,,,0.0237,1,0,0,1,0,0,1,0,0,0,0,0,0,0,1,1,1,0,0,0.0054,0,0,0,0.000190735,200,,,,,,,,,,,,,,,,,,,,,,C:\c++\test2\results\article_code_comparison\raw_results.csv,article_runner_filename_mismatch_R1_expected_1.0
1000,1.0,0.2,3,D:\test2\results\article_code_comparison\data\1000\SDT_1000_1_0.2_4.txt,D:\test2\results\article_code_comparison,generated_by_project_generator,D:\test2\x64\Release\bm_solver.exe,SOLVED,0,0.0235,62.365,,,1000,200,1941504,ERROR,,59.777,,,1785856,1.043294,,1.087156,NOT_COMPARABLE_ERROR,,,[run] n=1000 seed=3 input=D:\test2\results\article_code_comparison\data\1000\SDT_1000_1_0.2_4.txt decomp=adaptive memo_backend=custom use_ub=0 use_lb=0 terminal_rules=1 position_filtering_enabled=1 enable_lawler_basic_rules=1 enable_simple_lb=0 enable_lb_memo=0 enable_edd_ub=0 ub_depth_limit=-1 lb_depth_limit=-1 terminal_all_tardy_spt=1 terminal_edd_at_most_one_tardy=1 enable_memo=1 enable_exact_memo=1 memo_full_key_verification=1 memo_memory_limit_mb=12288 cost=0 time_ms=0.0235 nodes=1 max_depth=0 memo_hits=0 memo_misses=1 memo_exact_hits=0 memo_lb_hits=0 rule4=1 valid_pos=0 valid_pos_pruned_3a=0 valid_pos_pruned_3b=0 memo_rejected=0 memo_forced_evict=0 lufo_passes=0 terminal_spt=0 terminal_edd=1 memo_peak=1 memo_final=1 memo_evictions=0 memo_clean_time_ms=0 reconstruction_time_ms=0.0052 reconstruction_repairs=0 reconstruction_trace_hits=0 reconstruction_trace_fallbacks=0 memo_used_mb=0.000190735 memo_bytes_per_entry=200,1000,3,D:\test2\results\article_code_comparison\data\1000\SDT_1000_1_0.2_4.txt,adaptive,custom,0,0,1,1,1,0,0,0,-1,-1,1,1,1,1,1,12288,0,,,0.0235,1,0,0,1,0,0,1,0,0,0,0,0,0,0,1,1,1,0,0,0.0052,0,0,0,0.000190735,200,,,,,,,,,,,,,,,,,,,,,,C:\c++\test2\results\article_code_comparison\raw_results.csv,article_runner_filename_mismatch_R1_expected_1.0
1000,1.0,0.2,4,D:\test2\results\article_code_comparison\data\1000\SDT_1000_1_0.2_5.txt,D:\test2\results\article_code_comparison,generated_by_project_generator,D:\test2\x64\Release\bm_solver.exe,SOLVED,0,0.0232,61.025,,,1000,200,1777664,ERROR,,60.236,,,1810432,1.013098,,0.9819,NOT_COMPARABLE_ERROR,,,[run] n=1000 seed=4 input=D:\test2\results\article_code_comparison\data\1000\SDT_1000_1_0.2_5.txt decomp=adaptive memo_backend=custom use_ub=0 use_lb=0 terminal_rules=1 position_filtering_enabled=1 enable_lawler_basic_rules=1 enable_simple_lb=0 enable_lb_memo=0 enable_edd_ub=0 ub_depth_limit=-1 lb_depth_limit=-1 terminal_all_tardy_spt=1 terminal_edd_at_most_one_tardy=1 enable_memo=1 enable_exact_memo=1 memo_full_key_verification=1 memo_memory_limit_mb=12288 cost=0 time_ms=0.0232 nodes=1 max_depth=0 memo_hits=0 memo_misses=1 memo_exact_hits=0 memo_lb_hits=0 rule4=1 valid_pos=0 valid_pos_pruned_3a=0 valid_pos_pruned_3b=0 memo_rejected=0 memo_forced_evict=0 lufo_passes=0 terminal_spt=0 terminal_edd=1 memo_peak=1 memo_final=1 memo_evictions=0 memo_clean_time_ms=0 reconstruction_time_ms=0.0055 reconstruction_repairs=0 reconstruction_trace_hits=0 reconstruction_trace_fallbacks=0 memo_used_mb=0.000190735 memo_bytes_per_entry=200,1000,4,D:\test2\results\article_code_comparison\data\1000\SDT_1000_1_0.2_5.txt,adaptive,custom,0,0,1,1,1,0,0,0,-1,-1,1,1,1,1,1,12288,0,,,0.0232,1,0,0,1,0,0,1,0,0,0,0,0,0,0,1,1,1,0,0,0.0055,0,0,0,0.000190735,200,,,,,,,,,,,,,,,,,,,,,,C:\c++\test2\results\article_code_comparison\raw_results.csv,article_runner_filename_mismatch_R1_expected_1.0
1000,1.0,0.2,5,D:\test2\results\article_code_comparison\data\1000\SDT_1000_1_0.2_6.txt,D:\test2\results\article_code_comparison,generated_by_project_generator,D:\test2\x64\Release\bm_solver.exe,SOLVED,0,0.0234,62.567,,,1000,200,2162688,ERROR,,60.087,,,1806336,1.041273,,1.197279,NOT_COMPARABLE_ERROR,,,[run] n=1000 seed=5 input=D:\test2\results\article_code_comparison\data\1000\SDT_1000_1_0.2_6.txt decomp=adaptive memo_backend=custom use_ub=0 use_lb=0 terminal_rules=1 position_filtering_enabled=1 enable_lawler_basic_rules=1 enable_simple_lb=0 enable_lb_memo=0 enable_edd_ub=0 ub_depth_limit=-1 lb_depth_limit=-1 terminal_all_tardy_spt=1 terminal_edd_at_most_one_tardy=1 enable_memo=1 enable_exact_memo=1 memo_full_key_verification=1 memo_memory_limit_mb=12288 cost=0 time_ms=0.0234 nodes=1 max_depth=0 memo_hits=0 memo_misses=1 memo_exact_hits=0 memo_lb_hits=0 rule4=1 valid_pos=0 valid_pos_pruned_3a=0 valid_pos_pruned_3b=0 memo_rejected=0 memo_forced_evict=0 lufo_passes=0 terminal_spt=0 terminal_edd=1 memo_peak=1 memo_final=1 memo_evictions=0 memo_clean_time_ms=0 reconstruction_time_ms=0.0058 reconstruction_repairs=0 reconstruction_trace_hits=0 reconstruction_trace_fallbacks=0 memo_used_mb=0.000190735 memo_bytes_per_entry=200,1000,5,D:\test2\results\article_code_comparison\data\1000\SDT_1000_1_0.2_6.txt,adaptive,custom,0,0,1,1,1,0,0,0,-1,-1,1,1,1,1,1,12288,0,,,0.0234,1,0,0,1,0,0,1,0,0,0,0,0,0,0,1,1,1,0,0,0.0058,0,0,0,0.000190735,200,,,,,,,,,,,,,,,,,,,,,,C:\c++\test2\results\article_code_comparison\raw_results.csv,article_runner_filename_mismatch_R1_expected_1.0
1000,1.0,0.2,6,D:\test2\results\article_code_comparison\data\1000\SDT_1000_1_0.2_7.txt,D:\test2\results\article_code_comparison,generated_by_project_generator,D:\test2\x64\Release\bm_solver.exe,SOLVED,0,0.0234,62.2,,,1000,200,1732608,ERROR,,60.363,,,1802240,1.030433,,0.961364,NOT_COMPARABLE_ERROR,,,[run] n=1000 seed=6 input=D:\test2\results\article_code_comparison\data\1000\SDT_1000_1_0.2_7.txt decomp=adaptive memo_backend=custom use_ub=0 use_lb=0 terminal_rules=1 position_filtering_enabled=1 enable_lawler_basic_rules=1 enable_simple_lb=0 enable_lb_memo=0 enable_edd_ub=0 ub_depth_limit=-1 lb_depth_limit=-1 terminal_all_tardy_spt=1 terminal_edd_at_most_one_tardy=1 enable_memo=1 enable_exact_memo=1 memo_full_key_verification=1 memo_memory_limit_mb=12288 cost=0 time_ms=0.0234 nodes=1 max_depth=0 memo_hits=0 memo_misses=1 memo_exact_hits=0 memo_lb_hits=0 rule4=1 valid_pos=0 valid_pos_pruned_3a=0 valid_pos_pruned_3b=0 memo_rejected=0 memo_forced_evict=0 lufo_passes=0 terminal_spt=0 terminal_edd=1 memo_peak=1 memo_final=1 memo_evictions=0 memo_clean_time_ms=0 reconstruction_time_ms=0.0054 reconstruction_repairs=0 reconstruction_trace_hits=0 reconstruction_trace_fallbacks=0 memo_used_mb=0.000190735 memo_bytes_per_entry=200,1000,6,D:\test2\results\article_code_comparison\data\1000\SDT_1000_1_0.2_7.txt,adaptive,custom,0,0,1,1,1,0,0,0,-1,-1,1,1,1,1,1,12288,0,,,0.0234,1,0,0,1,0,0,1,0,0,0,0,0,0,0,1,1,1,0,0,0.0054,0,0,0,0.000190735,200,,,,,,,,,,,,,,,,,,,,,,C:\c++\test2\results\article_code_comparison\raw_results.csv,article_runner_filename_mismatch_R1_expected_1.0
1000,1.0,0.2,7,D:\test2\results\article_code_comparison\data\1000\SDT_1000_1_0.2_8.txt,D:\test2\results\article_code_comparison,generated_by_project_generator,D:\test2\x64\Release\bm_solver.exe,SOLVED,0,0.0241,62.488,,,1000,200,2072576,ERROR,,59.919,,,1740800,1.042875,,1.190588,NOT_COMPARABLE_ERROR,,,[run] n=1000 seed=7 input=D:\test2\results\article_code_comparison\data\1000\SDT_1000_1_0.2_8.txt decomp=adaptive memo_backend=custom use_ub=0 use_lb=0 terminal_rules=1 position_filtering_enabled=1 enable_lawler_basic_rules=1 enable_simple_lb=0 enable_lb_memo=0 enable_edd_ub=0 ub_depth_limit=-1 lb_depth_limit=-1 terminal_all_tardy_spt=1 terminal_edd_at_most_one_tardy=1 enable_memo=1 enable_exact_memo=1 memo_full_key_verification=1 memo_memory_limit_mb=12288 cost=0 time_ms=0.0241 nodes=1 max_depth=0 memo_hits=0 memo_misses=1 memo_exact_hits=0 memo_lb_hits=0 rule4=1 valid_pos=0 valid_pos_pruned_3a=0 valid_pos_pruned_3b=0 memo_rejected=0 memo_forced_evict=0 lufo_passes=0 terminal_spt=0 terminal_edd=1 memo_peak=1 memo_final=1 memo_evictions=0 memo_clean_time_ms=0 reconstruction_time_ms=0.0054 reconstruction_repairs=0 reconstruction_trace_hits=0 reconstruction_trace_fallbacks=0 memo_used_mb=0.000190735 memo_bytes_per_entry=200,1000,7,D:\test2\results\article_code_comparison\data\1000\SDT_1000_1_0.2_8.txt,adaptive,custom,0,0,1,1,1,0,0,0,-1,-1,1,1,1,1,1,12288,0,,,0.0241,1,0,0,1,0,0,1,0,0,0,0,0,0,0,1,1,1,0,0,0.0054,0,0,0,0.000190735,200,,,,,,,,,,,,,,,,,,,,,,C:\c++\test2\results\article_code_comparison\raw_results.csv,article_runner_filename_mismatch_R1_expected_1.0
1000,1.0,0.2,8,D:\test2\results\article_code_comparison\data\1000\SDT_1000_1_0.2_9.txt,D:\test2\results\article_code_comparison,generated_by_project_generator,D:\test2\x64\Release\bm_solver.exe,SOLVED,0,0.0247,62.472,,,1000,200,1888256,ERROR,,60.075,,,1814528,1.0399,,1.040632,NOT_COMPARABLE_ERROR,,,[run] n=1000 seed=8 input=D:\test2\results\article_code_comparison\data\1000\SDT_1000_1_0.2_9.txt decomp=adaptive memo_backend=custom use_ub=0 use_lb=0 terminal_rules=1 position_filtering_enabled=1 enable_lawler_basic_rules=1 enable_simple_lb=0 enable_lb_memo=0 enable_edd_ub=0 ub_depth_limit=-1 lb_depth_limit=-1 terminal_all_tardy_spt=1 terminal_edd_at_most_one_tardy=1 enable_memo=1 enable_exact_memo=1 memo_full_key_verification=1 memo_memory_limit_mb=12288 cost=0 time_ms=0.0247 nodes=1 max_depth=0 memo_hits=0 memo_misses=1 memo_exact_hits=0 memo_lb_hits=0 rule4=1 valid_pos=0 valid_pos_pruned_3a=0 valid_pos_pruned_3b=0 memo_rejected=0 memo_forced_evict=0 lufo_passes=0 terminal_spt=0 terminal_edd=1 memo_peak=1 memo_final=1 memo_evictions=0 memo_clean_time_ms=0 reconstruction_time_ms=0.0055 reconstruction_repairs=0 reconstruction_trace_hits=0 reconstruction_trace_fallbacks=0 memo_used_mb=0.000190735 memo_bytes_per_entry=200,1000,8,D:\test2\results\article_code_comparison\data\1000\SDT_1000_1_0.2_9.txt,adaptive,custom,0,0,1,1,1,0,0,0,-1,-1,1,1,1,1,1,12288,0,,,0.0247,1,0,0,1,0,0,1,0,0,0,0,0,0,0,1,1,1,0,0,0.0055,0,0,0,0.000190735,200,,,,,,,,,,,,,,,,,,,,,,C:\c++\test2\results\article_code_comparison\raw_results.csv,article_runner_filename_mismatch_R1_expected_1.0
1000,1.0,0.2,9,D:\test2\results\article_code_comparison\data\1000\SDT_1000_1_0.2_10.txt,D:\test2\results\article_code_comparison,generated_by_project_generator,D:\test2\x64\Release\bm_solver.exe,SOLVED,0,0.0237,62.677,,,1000,200,2179072,ERROR,,60.374,,,1810432,1.038146,,1.20362,NOT_COMPARABLE_ERROR,,,[run] n=1000 seed=9 input=D:\test2\results\article_code_comparison\data\1000\SDT_1000_1_0.2_10.txt decomp=adaptive memo_backend=custom use_ub=0 use_lb=0 terminal_rules=1 position_filtering_enabled=1 enable_lawler_basic_rules=1 enable_simple_lb=0 enable_lb_memo=0 enable_edd_ub=0 ub_depth_limit=-1 lb_depth_limit=-1 terminal_all_tardy_spt=1 terminal_edd_at_most_one_tardy=1 enable_memo=1 enable_exact_memo=1 memo_full_key_verification=1 memo_memory_limit_mb=12288 cost=0 time_ms=0.0237 nodes=1 max_depth=0 memo_hits=0 memo_misses=1 memo_exact_hits=0 memo_lb_hits=0 rule4=1 valid_pos=0 valid_pos_pruned_3a=0 valid_pos_pruned_3b=0 memo_rejected=0 memo_forced_evict=0 lufo_passes=0 terminal_spt=0 terminal_edd=1 memo_peak=1 memo_final=1 memo_evictions=0 memo_clean_time_ms=0 reconstruction_time_ms=0.0056 reconstruction_repairs=0 reconstruction_trace_hits=0 reconstruction_trace_fallbacks=0 memo_used_mb=0.000190735 memo_bytes_per_entry=200,1000,9,D:\test2\results\article_code_comparison\data\1000\SDT_1000_1_0.2_10.txt,adaptive,custom,0,0,1,1,1,0,0,0,-1,-1,1,1,1,1,1,12288,0,,,0.0237,1,0,0,1,0,0,1,0,0,0,0,0,0,0,1,1,1,0,0,0.0056,0,0,0,0.000190735,200,,,,,,,,,,,,,,,,,,,,,,C:\c++\test2\results\article_code_comparison\raw_results.csv,article_runner_filename_mismatch_R1_expected_1.0
1000,1.0,0.4,0,D:\test2\results\article_code_comparison\data\1000\SDT_1000_1_0.4_1.txt,D:\test2\results\article_code_comparison,generated_by_project_generator,D:\test2\x64\Release\bm_solver.exe,SOLVED,0,0.0241,62.648,,,1000,200,2179072,ERROR,,60.035,,,1814528,1.043525,,1.200903,NOT_COMPARABLE_ERROR,,,[run] n=1000 seed=0 input=D:\test2\results\article_code_comparison\data\1000\SDT_1000_1_0.4_1.txt decomp=adaptive memo_backend=custom use_ub=0 use_lb=0 terminal_rules=1 position_filtering_enabled=1 enable_lawler_basic_rules=1 enable_simple_lb=0 enable_lb_memo=0 enable_edd_ub=0 ub_depth_limit=-1 lb_depth_limit=-1 terminal_all_tardy_spt=1 terminal_edd_at_most_one_tardy=1 enable_memo=1 enable_exact_memo=1 memo_full_key_verification=1 memo_memory_limit_mb=12288 cost=0 time_ms=0.0241 nodes=1 max_depth=0 memo_hits=0 memo_misses=1 memo_exact_hits=0 memo_lb_hits=0 rule4=1 valid_pos=0 valid_pos_pruned_3a=0 valid_pos_pruned_3b=0 memo_rejected=0 memo_forced_evict=0 lufo_passes=0 terminal_spt=0 terminal_edd=1 memo_peak=1 memo_final=1 memo_evictions=0 memo_clean_time_ms=0 reconstruction_time_ms=0.0054 reconstruction_repairs=0 reconstruction_trace_hits=0 reconstruction_trace_fallbacks=0 memo_used_mb=0.000190735 memo_bytes_per_entry=200,1000,0,D:\test2\results\article_code_comparison\data\1000\SDT_1000_1_0.4_1.txt,adaptive,custom,0,0,1,1,1,0,0,0,-1,-1,1,1,1,1,1,12288,0,,,0.0241,1,0,0,1,0,0,1,0,0,0,0,0,0,0,1,1,1,0,0,0.0054,0,0,0,0.000190735,200,,,,,,,,,,,,,,,,,,,,,,C:\c++\test2\results\article_code_comparison\raw_results.csv,article_runner_filename_mismatch_R1_expected_1.0
1000,1.0,0.4,1,D:\test2\results\article_code_comparison\data\1000\SDT_1000_1_0.4_2.txt,D:\test2\results\article_code_comparison,generated_by_project_generator,D:\test2\x64\Release\bm_solver.exe,SOLVED,0,0.0259,62.636,,,1000,200,2052096,ERROR,,60.372,,,1814528,1.037501,,1.130926,NOT_COMPARABLE_ERROR,,,[run] n=1000 seed=1 input=D:\test2\results\article_code_comparison\data\1000\SDT_1000_1_0.4_2.txt decomp=adaptive memo_backend=custom use_ub=0 use_lb=0 terminal_rules=1 position_filtering_enabled=1 enable_lawler_basic_rules=1 enable_simple_lb=0 enable_lb_memo=0 enable_edd_ub=0 ub_depth_limit=-1 lb_depth_limit=-1 terminal_all_tardy_spt=1 terminal_edd_at_most_one_tardy=1 enable_memo=1 enable_exact_memo=1 memo_full_key_verification=1 memo_memory_limit_mb=12288 cost=0 time_ms=0.0259 nodes=1 max_depth=0 memo_hits=0 memo_misses=1 memo_exact_hits=0 memo_lb_hits=0 rule4=1 valid_pos=0 valid_pos_pruned_3a=0 valid_pos_pruned_3b=0 memo_rejected=0 memo_forced_evict=0 lufo_passes=0 terminal_spt=0 terminal_edd=1 memo_peak=1 memo_final=1 memo_evictions=0 memo_clean_time_ms=0 reconstruction_time_ms=0.0057 reconstruction_repairs=0 reconstruction_trace_hits=0 reconstruction_trace_fallbacks=0 memo_used_mb=0.000190735 memo_bytes_per_entry=200,1000,1,D:\test2\results\article_code_comparison\data\1000\SDT_1000_1_0.4_2.txt,adaptive,custom,0,0,1,1,1,0,0,0,-1,-1,1,1,1,1,1,12288,0,,,0.0259,1,0,0,1,0,0,1,0,0,0,0,0,0,0,1,1,1,0,0,0.0057,0,0,0,0.000190735,200,,,,,,,,,,,,,,,,,,,,,,C:\c++\test2\results\article_code_comparison\raw_results.csv,article_runner_filename_mismatch_R1_expected_1.0
1000,1.0,0.4,2,D:\test2\results\article_code_comparison\data\1000\SDT_1000_1_0.4_3.txt,D:\test2\results\article_code_comparison,generated_by_project_generator,D:\test2\x64\Release\bm_solver.exe,SOLVED,0,0.0251,62.542,,,1000,200,2019328,ERROR,,60.341,,,1810432,1.036476,,1.115385,NOT_COMPARABLE_ERROR,,,[run] n=1000 seed=2 input=D:\test2\results\article_code_comparison\data\1000\SDT_1000_1_0.4_3.txt decomp=adaptive memo_backend=custom use_ub=0 use_lb=0 terminal_rules=1 position_filtering_enabled=1 enable_lawler_basic_rules=1 enable_simple_lb=0 enable_lb_memo=0 enable_edd_ub=0 ub_depth_limit=-1 lb_depth_limit=-1 terminal_all_tardy_spt=1 terminal_edd_at_most_one_tardy=1 enable_memo=1 enable_exact_memo=1 memo_full_key_verification=1 memo_memory_limit_mb=12288 cost=0 time_ms=0.0251 nodes=1 max_depth=0 memo_hits=0 memo_misses=1 memo_exact_hits=0 memo_lb_hits=0 rule4=1 valid_pos=0 valid_pos_pruned_3a=0 valid_pos_pruned_3b=0 memo_rejected=0 memo_forced_evict=0 lufo_passes=0 terminal_spt=0 terminal_edd=1 memo_peak=1 memo_final=1 memo_evictions=0 memo_clean_time_ms=0 reconstruction_time_ms=0.0053 reconstruction_repairs=0 reconstruction_trace_hits=0 reconstruction_trace_fallbacks=0 memo_used_mb=0.000190735 memo_bytes_per_entry=200,1000,2,D:\test2\results\article_code_comparison\data\1000\SDT_1000_1_0.4_3.txt,adaptive,custom,0,0,1,1,1,0,0,0,-1,-1,1,1,1,1,1,12288,0,,,0.0251,1,0,0,1,0,0,1,0,0,0,0,0,0,0,1,1,1,0,0,0.0053,0,0,0,0.000190735,200,,,,,,,,,,,,,,,,,,,,,,C:\c++\test2\results\article_code_comparison\raw_results.csv,article_runner_filename_mismatch_R1_expected_1.0
1000,1.0,0.4,3,D:\test2\results\article_code_comparison\data\1000\SDT_1000_1_0.4_4.txt,D:\test2\results\article_code_comparison,generated_by_project_generator,D:\test2\x64\Release\bm_solver.exe,SOLVED,0,0.0249,62.257,,,1000,200,2019328,ERROR,,60.141,,,1622016,1.035184,,1.244949,NOT_COMPARABLE_ERROR,,,[run] n=1000 seed=3 input=D:\test2\results\article_code_comparison\data\1000\SDT_1000_1_0.4_4.txt decomp=adaptive memo_backend=custom use_ub=0 use_lb=0 terminal_rules=1 position_filtering_enabled=1 enable_lawler_basic_rules=1 enable_simple_lb=0 enable_lb_memo=0 enable_edd_ub=0 ub_depth_limit=-1 lb_depth_limit=-1 terminal_all_tardy_spt=1 terminal_edd_at_most_one_tardy=1 enable_memo=1 enable_exact_memo=1 memo_full_key_verification=1 memo_memory_limit_mb=12288 cost=0 time_ms=0.0249 nodes=1 max_depth=0 memo_hits=0 memo_misses=1 memo_exact_hits=0 memo_lb_hits=0 rule4=1 valid_pos=0 valid_pos_pruned_3a=0 valid_pos_pruned_3b=0 memo_rejected=0 memo_forced_evict=0 lufo_passes=0 terminal_spt=0 terminal_edd=1 memo_peak=1 memo_final=1 memo_evictions=0 memo_clean_time_ms=0 reconstruction_time_ms=0.0054 reconstruction_repairs=0 reconstruction_trace_hits=0 reconstruction_trace_fallbacks=0 memo_used_mb=0.000190735 memo_bytes_per_entry=200,1000,3,D:\test2\results\article_code_comparison\data\1000\SDT_1000_1_0.4_4.txt,adaptive,custom,0,0,1,1,1,0,0,0,-1,-1,1,1,1,1,1,12288,0,,,0.0249,1,0,0,1,0,0,1,0,0,0,0,0,0,0,1,1,1,0,0,0.0054,0,0,0,0.000190735,200,,,,,,,,,,,,,,,,,,,,,,C:\c++\test2\results\article_code_comparison\raw_results.csv,article_runner_filename_mismatch_R1_expected_1.0
1000,1.0,0.4,4,D:\test2\results\article_code_comparison\data\1000\SDT_1000_1_0.4_5.txt,D:\test2\results\article_code_comparison,generated_by_project_generator,D:\test2\x64\Release\bm_solver.exe,SOLVED,0,0.0234,59.637,,,1000,200,1798144,ERROR,,60.291,,,1785856,0.989153,,1.006881,NOT_COMPARABLE_ERROR,,,[run] n=1000 seed=4 input=D:\test2\results\article_code_comparison\data\1000\SDT_1000_1_0.4_5.txt decomp=adaptive memo_backend=custom use_ub=0 use_lb=0 terminal_rules=1 position_filtering_enabled=1 enable_lawler_basic_rules=1 enable_simple_lb=0 enable_lb_memo=0 enable_edd_ub=0 ub_depth_limit=-1 lb_depth_limit=-1 terminal_all_tardy_spt=1 terminal_edd_at_most_one_tardy=1 enable_memo=1 enable_exact_memo=1 memo_full_key_verification=1 memo_memory_limit_mb=12288 cost=0 time_ms=0.0234 nodes=1 max_depth=0 memo_hits=0 memo_misses=1 memo_exact_hits=0 memo_lb_hits=0 rule4=1 valid_pos=0 valid_pos_pruned_3a=0 valid_pos_pruned_3b=0 memo_rejected=0 memo_forced_evict=0 lufo_passes=0 terminal_spt=0 terminal_edd=1 memo_peak=1 memo_final=1 memo_evictions=0 memo_clean_time_ms=0 reconstruction_time_ms=0.0053 reconstruction_repairs=0 reconstruction_trace_hits=0 reconstruction_trace_fallbacks=0 memo_used_mb=0.000190735 memo_bytes_per_entry=200,1000,4,D:\test2\results\article_code_comparison\data\1000\SDT_1000_1_0.4_5.txt,adaptive,custom,0,0,1,1,1,0,0,0,-1,-1,1,1,1,1,1,12288,0,,,0.0234,1,0,0,1,0,0,1,0,0,0,0,0,0,0,1,1,1,0,0,0.0053,0,0,0,0.000190735,200,,,,,,,,,,,,,,,,,,,,,,C:\c++\test2\results\article_code_comparison\raw_results.csv,article_runner_filename_mismatch_R1_expected_1.0
1000,1.0,0.4,5,D:\test2\results\article_code_comparison\data\1000\SDT_1000_1_0.4_6.txt,D:\test2\results\article_code_comparison,generated_by_project_generator,D:\test2\x64\Release\bm_solver.exe,SOLVED,0,0.0265,62.831,,,1000,200,2351104,ERROR,,60.061,,,1814528,1.04612,,1.295711,NOT_COMPARABLE_ERROR,,,[run] n=1000 seed=5 input=D:\test2\results\article_code_comparison\data\1000\SDT_1000_1_0.4_6.txt decomp=adaptive memo_backend=custom use_ub=0 use_lb=0 terminal_rules=1 position_filtering_enabled=1 enable_lawler_basic_rules=1 enable_simple_lb=0 enable_lb_memo=0 enable_edd_ub=0 ub_depth_limit=-1 lb_depth_limit=-1 terminal_all_tardy_spt=1 terminal_edd_at_most_one_tardy=1 enable_memo=1 enable_exact_memo=1 memo_full_key_verification=1 memo_memory_limit_mb=12288 cost=0 time_ms=0.0265 nodes=1 max_depth=0 memo_hits=0 memo_misses=1 memo_exact_hits=0 memo_lb_hits=0 rule4=1 valid_pos=0 valid_pos_pruned_3a=0 valid_pos_pruned_3b=0 memo_rejected=0 memo_forced_evict=0 lufo_passes=0 terminal_spt=0 terminal_edd=1 memo_peak=1 memo_final=1 memo_evictions=0 memo_clean_time_ms=0 reconstruction_time_ms=0.006 reconstruction_repairs=0 reconstruction_trace_hits=0 reconstruction_trace_fallbacks=0 memo_used_mb=0.000190735 memo_bytes_per_entry=200,1000,5,D:\test2\results\article_code_comparison\data\1000\SDT_1000_1_0.4_6.txt,adaptive,custom,0,0,1,1,1,0,0,0,-1,-1,1,1,1,1,1,12288,0,,,0.0265,1,0,0,1,0,0,1,0,0,0,0,0,0,0,1,1,1,0,0,0.006,0,0,0,0.000190735,200,,,,,,,,,,,,,,,,,,,,,,C:\c++\test2\results\article_code_comparison\raw_results.csv,article_runner_filename_mismatch_R1_expected_1.0
1000,1.0,0.4,6,D:\test2\results\article_code_comparison\data\1000\SDT_1000_1_0.4_7.txt,D:\test2\results\article_code_comparison,generated_by_project_generator,D:\test2\x64\Release\bm_solver.exe,SOLVED,0,0.0237,62.835,,,1000,200,2322432,ERROR,,60.28,,,1708032,1.042386,,1.359712,NOT_COMPARABLE_ERROR,,,[run] n=1000 seed=6 input=D:\test2\results\article_code_comparison\data\1000\SDT_1000_1_0.4_7.txt decomp=adaptive memo_backend=custom use_ub=0 use_lb=0 terminal_rules=1 position_filtering_enabled=1 enable_lawler_basic_rules=1 enable_simple_lb=0 enable_lb_memo=0 enable_edd_ub=0 ub_depth_limit=-1 lb_depth_limit=-1 terminal_all_tardy_spt=1 terminal_edd_at_most_one_tardy=1 enable_memo=1 enable_exact_memo=1 memo_full_key_verification=1 memo_memory_limit_mb=12288 cost=0 time_ms=0.0237 nodes=1 max_depth=0 memo_hits=0 memo_misses=1 memo_exact_hits=0 memo_lb_hits=0 rule4=1 valid_pos=0 valid_pos_pruned_3a=0 valid_pos_pruned_3b=0 memo_rejected=0 memo_forced_evict=0 lufo_passes=0 terminal_spt=0 terminal_edd=1 memo_peak=1 memo_final=1 memo_evictions=0 memo_clean_time_ms=0 reconstruction_time_ms=0.0055 reconstruction_repairs=0 reconstruction_trace_hits=0 reconstruction_trace_fallbacks=0 memo_used_mb=0.000190735 memo_bytes_per_entry=200,1000,6,D:\test2\results\article_code_comparison\data\1000\SDT_1000_1_0.4_7.txt,adaptive,custom,0,0,1,1,1,0,0,0,-1,-1,1,1,1,1,1,12288,0,,,0.0237,1,0,0,1,0,0,1,0,0,0,0,0,0,0,1,1,1,0,0,0.0055,0,0,0,0.000190735,200,,,,,,,,,,,,,,,,,,,,,,C:\c++\test2\results\article_code_comparison\raw_results.csv,article_runner_filename_mismatch_R1_expected_1.0
1000,1.0,0.4,7,D:\test2\results\article_code_comparison\data\1000\SDT_1000_1_0.4_8.txt,D:\test2\results\article_code_comparison,generated_by_project_generator,D:\test2\x64\Release\bm_solver.exe,SOLVED,0,0.0236,62.536,,,1000,200,2019328,ERROR,,60.047,,,1814528,1.041451,,1.112867,NOT_COMPARABLE_ERROR,,,[run] n=1000 seed=7 input=D:\test2\results\article_code_comparison\data\1000\SDT_1000_1_0.4_8.txt decomp=adaptive memo_backend=custom use_ub=0 use_lb=0 terminal_rules=1 position_filtering_enabled=1 enable_lawler_basic_rules=1 enable_simple_lb=0 enable_lb_memo=0 enable_edd_ub=0 ub_depth_limit=-1 lb_depth_limit=-1 terminal_all_tardy_spt=1 terminal_edd_at_most_one_tardy=1 enable_memo=1 enable_exact_memo=1 memo_full_key_verification=1 memo_memory_limit_mb=12288 cost=0 time_ms=0.0236 nodes=1 max_depth=0 memo_hits=0 memo_misses=1 memo_exact_hits=0 memo_lb_hits=0 rule4=1 valid_pos=0 valid_pos_pruned_3a=0 valid_pos_pruned_3b=0 memo_rejected=0 memo_forced_evict=0 lufo_passes=0 terminal_spt=0 terminal_edd=1 memo_peak=1 memo_final=1 memo_evictions=0 memo_clean_time_ms=0 reconstruction_time_ms=0.0054 reconstruction_repairs=0 reconstruction_trace_hits=0 reconstruction_trace_fallbacks=0 memo_used_mb=0.000190735 memo_bytes_per_entry=200,1000,7,D:\test2\results\article_code_comparison\data\1000\SDT_1000_1_0.4_8.txt,adaptive,custom,0,0,1,1,1,0,0,0,-1,-1,1,1,1,1,1,12288,0,,,0.0236,1,0,0,1,0,0,1,0,0,0,0,0,0,0,1,1,1,0,0,0.0054,0,0,0,0.000190735,200,,,,,,,,,,,,,,,,,,,,,,C:\c++\test2\results\article_code_comparison\raw_results.csv,article_runner_filename_mismatch_R1_expected_1.0
1000,1.0,0.4,8,D:\test2\results\article_code_comparison\data\1000\SDT_1000_1_0.4_9.txt,D:\test2\results\article_code_comparison,generated_by_project_generator,D:\test2\x64\Release\bm_solver.exe,SOLVED,0,0.0255,62.412,,,1000,200,2347008,ERROR,,59.819,,,1810432,1.043347,,1.29638,NOT_COMPARABLE_ERROR,,,[run] n=1000 seed=8 input=D:\test2\results\article_code_comparison\data\1000\SDT_1000_1_0.4_9.txt decomp=adaptive memo_backend=custom use_ub=0 use_lb=0 terminal_rules=1 position_filtering_enabled=1 enable_lawler_basic_rules=1 enable_simple_lb=0 enable_lb_memo=0 enable_edd_ub=0 ub_depth_limit=-1 lb_depth_limit=-1 terminal_all_tardy_spt=1 terminal_edd_at_most_one_tardy=1 enable_memo=1 enable_exact_memo=1 memo_full_key_verification=1 memo_memory_limit_mb=12288 cost=0 time_ms=0.0255 nodes=1 max_depth=0 memo_hits=0 memo_misses=1 memo_exact_hits=0 memo_lb_hits=0 rule4=1 valid_pos=0 valid_pos_pruned_3a=0 valid_pos_pruned_3b=0 memo_rejected=0 memo_forced_evict=0 lufo_passes=0 terminal_spt=0 terminal_edd=1 memo_peak=1 memo_final=1 memo_evictions=0 memo_clean_time_ms=0 reconstruction_time_ms=0.006 reconstruction_repairs=0 reconstruction_trace_hits=0 reconstruction_trace_fallbacks=0 memo_used_mb=0.000190735 memo_bytes_per_entry=200,1000,8,D:\test2\results\article_code_comparison\data\1000\SDT_1000_1_0.4_9.txt,adaptive,custom,0,0,1,1,1,0,0,0,-1,-1,1,1,1,1,1,12288,0,,,0.0255,1,0,0,1,0,0,1,0,0,0,0,0,0,0,1,1,1,0,0,0.006,0,0,0,0.000190735,200,,,,,,,,,,,,,,,,,,,,,,C:\c++\test2\results\article_code_comparison\raw_results.csv,article_runner_filename_mismatch_R1_expected_1.0
1000,1.0,0.4,9,D:\test2\results\article_code_comparison\data\1000\SDT_1000_1_0.4_10.txt,D:\test2\results\article_code_comparison,generated_by_project_generator,D:\test2\x64\Release\bm_solver.exe,SOLVED,0,0.0233,60.723,,,1000,200,1769472,ERROR,,60.185,,,1785856,1.008939,,0.990826,NOT_COMPARABLE_ERROR,,,[run] n=1000 seed=9 input=D:\test2\results\article_code_comparison\data\1000\SDT_1000_1_0.4_10.txt decomp=adaptive memo_backend=custom use_ub=0 use_lb=0 terminal_rules=1 position_filtering_enabled=1 enable_lawler_basic_rules=1 enable_simple_lb=0 enable_lb_memo=0 enable_edd_ub=0 ub_depth_limit=-1 lb_depth_limit=-1 terminal_all_tardy_spt=1 terminal_edd_at_most_one_tardy=1 enable_memo=1 enable_exact_memo=1 memo_full_key_verification=1 memo_memory_limit_mb=12288 cost=0 time_ms=0.0233 nodes=1 max_depth=0 memo_hits=0 memo_misses=1 memo_exact_hits=0 memo_lb_hits=0 rule4=1 valid_pos=0 valid_pos_pruned_3a=0 valid_pos_pruned_3b=0 memo_rejected=0 memo_forced_evict=0 lufo_passes=0 terminal_spt=0 terminal_edd=1 memo_peak=1 memo_final=1 memo_evictions=0 memo_clean_time_ms=0 reconstruction_time_ms=0.0058 reconstruction_repairs=0 reconstruction_trace_hits=0 reconstruction_trace_fallbacks=0 memo_used_mb=0.000190735 memo_bytes_per_entry=200,1000,9,D:\test2\results\article_code_comparison\data\1000\SDT_1000_1_0.4_10.txt,adaptive,custom,0,0,1,1,1,0,0,0,-1,-1,1,1,1,1,1,12288,0,,,0.0233,1,0,0,1,0,0,1,0,0,0,0,0,0,0,1,1,1,0,0,0.0058,0,0,0,0.000190735,200,,,,,,,,,,,,,,,,,,,,,,C:\c++\test2\results\article_code_comparison\raw_results.csv,article_runner_filename_mismatch_R1_expected_1.0
1000,1.0,0.6,0,D:\test2\results\article_code_comparison\data\1000\SDT_1000_1_0.6_1.txt,D:\test2\results\article_code_comparison,generated_by_project_generator,D:\test2\x64\Release\bm_solver.exe,SOLVED,2930340,10.5357,61.07,,,1000,632800,1781760,ERROR,,60.147,,,1814528,1.015346,,0.981941,NOT_COMPARABLE_ERROR,,,[run] n=1000 seed=0 input=D:\test2\results\article_code_comparison\data\1000\SDT_1000_1_0.6_1.txt decomp=adaptive memo_backend=custom use_ub=0 use_lb=0 terminal_rules=1 position_filtering_enabled=1 enable_lawler_basic_rules=1 enable_simple_lb=0 enable_lb_memo=0 enable_edd_ub=0 ub_depth_limit=-1 lb_depth_limit=-1 terminal_all_tardy_spt=1 terminal_edd_at_most_one_tardy=1 enable_memo=1 enable_exact_memo=1 memo_full_key_verification=1 memo_memory_limit_mb=12288 cost=2930340 time_ms=10.5357 nodes=2260 max_depth=999 memo_hits=676 memo_misses=4519 memo_exact_hits=676 memo_lb_hits=0 rule4=1 valid_pos=102086 valid_pos_pruned_3a=0 valid_pos_pruned_3b=0 memo_rejected=0 memo_forced_evict=0 lufo_passes=0 terminal_spt=22 terminal_edd=614 memo_peak=2260 memo_final=2260 memo_evictions=0 memo_clean_time_ms=0 reconstruction_time_ms=2.8287 reconstruction_repairs=0 reconstruction_trace_hits=523 reconstruction_trace_fallbacks=0 memo_used_mb=0.603485 memo_bytes_per_entry=280,1000,0,D:\test2\results\article_code_comparison\data\1000\SDT_1000_1_0.6_1.txt,adaptive,custom,0,0,1,1,1,0,0,0,-1,-1,1,1,1,1,1,12288,2930340,,,10.5357,2260,999,676,4519,676,0,1,102086,0,0,0,0,0,22,614,2260,2260,0,0,2.8287,0,523,0,0.603485,280,,,,,,,,,,,,,,,,,,,,,,C:\c++\test2\results\article_code_comparison\raw_results.csv,article_runner_filename_mismatch_R1_expected_1.0
1000,1.0,0.6,1,D:\test2\results\article_code_comparison\data\1000\SDT_1000_1_0.6_2.txt,D:\test2\results\article_code_comparison,generated_by_project_generator,D:\test2\x64\Release\bm_solver.exe,SOLVED,2214821,24.1333,62.596,,,1000,2028040,2224128,ERROR,,59.906,,,1945600,1.044904,,1.143158,NOT_COMPARABLE_ERROR,,,[run] n=1000 seed=1 input=D:\test2\results\article_code_comparison\data\1000\SDT_1000_1_0.6_2.txt decomp=adaptive memo_backend=custom use_ub=0 use_lb=0 terminal_rules=1 position_filtering_enabled=1 enable_lawler_basic_rules=1 enable_simple_lb=0 enable_lb_memo=0 enable_edd_ub=0 ub_depth_limit=-1 lb_depth_limit=-1 terminal_all_tardy_spt=1 terminal_edd_at_most_one_tardy=1 enable_memo=1 enable_exact_memo=1 memo_full_key_verification=1 memo_memory_limit_mb=12288 cost=2214821 time_ms=24.1333 nodes=7243 max_depth=999 memo_hits=1936 memo_misses=14485 memo_exact_hits=1936 memo_lb_hits=0 rule4=1 valid_pos=175124 valid_pos_pruned_3a=0 valid_pos_pruned_3b=0 memo_rejected=0 memo_forced_evict=0 lufo_passes=0 terminal_spt=49 terminal_edd=1789 memo_peak=7243 memo_final=7243 memo_evictions=0 memo_clean_time_ms=0 reconstruction_time_ms=2.8672 reconstruction_repairs=0 reconstruction_trace_hits=602 reconstruction_trace_fallbacks=0 memo_used_mb=1.93409 memo_bytes_per_entry=280,1000,1,D:\test2\results\article_code_comparison\data\1000\SDT_1000_1_0.6_2.txt,adaptive,custom,0,0,1,1,1,0,0,0,-1,-1,1,1,1,1,1,12288,2214821,,,24.1333,7243,999,1936,14485,1936,0,1,175124,0,0,0,0,0,49,1789,7243,7243,0,0,2.8672,0,602,0,1.93409,280,,,,,,,,,,,,,,,,,,,,,,C:\c++\test2\results\article_code_comparison\raw_results.csv,article_runner_filename_mismatch_R1_expected_1.0
1000,1.0,0.6,2,D:\test2\results\article_code_comparison\data\1000\SDT_1000_1_0.6_3.txt,D:\test2\results\article_code_comparison,generated_by_project_generator,D:\test2\x64\Release\bm_solver.exe,SOLVED,2565199,22.1335,62.466,,,1000,1917437,2019328,ERROR,,60.103,,,1810432,1.039316,,1.115385,NOT_COMPARABLE_ERROR,,,[run] n=1000 seed=2 input=D:\test2\results\article_code_comparison\data\1000\SDT_1000_1_0.6_3.txt decomp=adaptive memo_backend=custom use_ub=0 use_lb=0 terminal_rules=1 position_filtering_enabled=1 enable_lawler_basic_rules=1 enable_simple_lb=0 enable_lb_memo=0 enable_edd_ub=0 ub_depth_limit=-1 lb_depth_limit=-1 terminal_all_tardy_spt=1 terminal_edd_at_most_one_tardy=1 enable_memo=1 enable_exact_memo=1 memo_full_key_verification=1 memo_memory_limit_mb=12288 cost=2565199 time_ms=22.1335 nodes=6848 max_depth=999 memo_hits=1920 memo_misses=13695 memo_exact_hits=1920 memo_lb_hits=0 rule4=1 valid_pos=246364 valid_pos_pruned_3a=0 valid_pos_pruned_3b=0 memo_rejected=0 memo_forced_evict=0 lufo_passes=0 terminal_spt=113 terminal_edd=1650 memo_peak=6848 memo_final=6848 memo_evictions=0 memo_clean_time_ms=0 reconstruction_time_ms=2.7596 reconstruction_repairs=0 reconstruction_trace_hits=557 reconstruction_trace_fallbacks=0 memo_used_mb=1.82861 memo_bytes_per_entry=280,1000,2,D:\test2\results\article_code_comparison\data\1000\SDT_1000_1_0.6_3.txt,adaptive,custom,0,0,1,1,1,0,0,0,-1,-1,1,1,1,1,1,12288,2565199,,,22.1335,6848,999,1920,13695,1920,0,1,246364,0,0,0,0,0,113,1650,6848,6848,0,0,2.7596,0,557,0,1.82861,280,,,,,,,,,,,,,,,,,,,,,,C:\c++\test2\results\article_code_comparison\raw_results.csv,article_runner_filename_mismatch_R1_expected_1.0
1000,1.0,0.6,3,D:\test2\results\article_code_comparison\data\1000\SDT_1000_1_0.6_4.txt,D:\test2\results\article_code_comparison,generated_by_project_generator,D:\test2\x64\Release\bm_solver.exe,SOLVED,2395647,11.707,61.285,,,1000,960120,1708032,ERROR,,60.296,,,1810432,1.016402,,0.943439,NOT_COMPARABLE_ERROR,,,[run] n=1000 seed=3 input=D:\test2\results\article_code_comparison\data\1000\SDT_1000_1_0.6_4.txt decomp=adaptive memo_backend=custom use_ub=0 use_lb=0 terminal_rules=1 position_filtering_enabled=1 enable_lawler_basic_rules=1 enable_simple_lb=0 enable_lb_memo=0 enable_edd_ub=0 ub_depth_limit=-1 lb_depth_limit=-1 terminal_all_tardy_spt=1 terminal_edd_at_most_one_tardy=1 enable_memo=1 enable_exact_memo=1 memo_full_key_verification=1 memo_memory_limit_mb=12288 cost=2395647 time_ms=11.707 nodes=3429 max_depth=999 memo_hits=965 memo_misses=6857 memo_exact_hits=965 memo_lb_hits=0 rule4=1 valid_pos=138389 valid_pos_pruned_3a=0 valid_pos_pruned_3b=0 memo_rejected=0 memo_forced_evict=0 lufo_passes=0 terminal_spt=42 terminal_edd=960 memo_peak=3429 memo_final=3429 memo_evictions=0 memo_clean_time_ms=0 reconstruction_time_ms=2.8882 reconstruction_repairs=0 reconstruction_trace_hits=554 reconstruction_trace_fallbacks=0 memo_used_mb=0.915642 memo_bytes_per_entry=280,1000,3,D:\test2\results\article_code_comparison\data\1000\SDT_1000_1_0.6_4.txt,adaptive,custom,0,0,1,1,1,0,0,0,-1,-1,1,1,1,1,1,12288,2395647,,,11.707,3429,999,965,6857,965,0,1,138389,0,0,0,0,0,42,960,3429,3429,0,0,2.8882,0,554,0,0.915642,280,,,,,,,,,,,,,,,,,,,,,,C:\c++\test2\results\article_code_comparison\raw_results.csv,article_runner_filename_mismatch_R1_expected_1.0
1000,1.0,0.6,4,D:\test2\results\article_code_comparison\data\1000\SDT_1000_1_0.6_5.txt,D:\test2\results\article_code_comparison,generated_by_project_generator,D:\test2\x64\Release\bm_solver.exe,SOLVED,2617152,16.9286,62.521,,,1000,1229204,2179072,ERROR,,59.957,,,1798144,1.042764,,1.211845,NOT_COMPARABLE_ERROR,,,[run] n=1000 seed=4 input=D:\test2\results\article_code_comparison\data\1000\SDT_1000_1_0.6_5.txt decomp=adaptive memo_backend=custom use_ub=0 use_lb=0 terminal_rules=1 position_filtering_enabled=1 enable_lawler_basic_rules=1 enable_simple_lb=0 enable_lb_memo=0 enable_edd_ub=0 ub_depth_limit=-1 lb_depth_limit=-1 terminal_all_tardy_spt=1 terminal_edd_at_most_one_tardy=1 enable_memo=1 enable_exact_memo=1 memo_full_key_verification=1 memo_memory_limit_mb=12288 cost=2617152 time_ms=16.9286 nodes=4390 max_depth=999 memo_hits=1213 memo_misses=8779 memo_exact_hits=1213 memo_lb_hits=0 rule4=1 valid_pos=172390 valid_pos_pruned_3a=0 valid_pos_pruned_3b=0 memo_rejected=0 memo_forced_evict=0 lufo_passes=0 terminal_spt=24 terminal_edd=1127 memo_peak=4390 memo_final=4390 memo_evictions=0 memo_clean_time_ms=0 reconstruction_time_ms=2.9752 reconstruction_repairs=0 reconstruction_trace_hits=545 reconstruction_trace_fallbacks=0 memo_used_mb=1.17226 memo_bytes_per_entry=280,1000,4,D:\test2\results\article_code_comparison\data\1000\SDT_1000_1_0.6_5.txt,adaptive,custom,0,0,1,1,1,0,0,0,-1,-1,1,1,1,1,1,12288,2617152,,,16.9286,4390,999,1213,8779,1213,0,1,172390,0,0,0,0,0,24,1127,4390,4390,0,0,2.9752,0,545,0,1.17226,280,,,,,,,,,,,,,,,,,,,,,,C:\c++\test2\results\article_code_comparison\raw_results.csv,article_runner_filename_mismatch_R1_expected_1.0
1000,1.0,0.6,5,D:\test2\results\article_code_comparison\data\1000\SDT_1000_1_0.6_6.txt,D:\test2\results\article_code_comparison,generated_by_project_generator,D:\test2\x64\Release\bm_solver.exe,SOLVED,2552375,10.6868,62.462,,,1000,1026480,2015232,ERROR,,60.232,,,1814528,1.037024,,1.110609,NOT_COMPARABLE_ERROR,,,[run] n=1000 seed=5 input=D:\test2\results\article_code_comparison\data\1000\SDT_1000_1_0.6_6.txt decomp=adaptive memo_backend=custom use_ub=0 use_lb=0 terminal_rules=1 position_filtering_enabled=1 enable_lawler_basic_rules=1 enable_simple_lb=0 enable_lb_memo=0 enable_edd_ub=0 ub_depth_limit=-1 lb_depth_limit=-1 terminal_all_tardy_spt=1 terminal_edd_at_most_one_tardy=1 enable_memo=1 enable_exact_memo=1 memo_full_key_verification=1 memo_memory_limit_mb=12288 cost=2552375 time_ms=10.6868 nodes=3666 max_depth=999 memo_hits=846 memo_misses=7331 memo_exact_hits=846 memo_lb_hits=0 rule4=1 valid_pos=94454 valid_pos_pruned_3a=0 valid_pos_pruned_3b=0 memo_rejected=0 memo_forced_evict=0 lufo_passes=0 terminal_spt=26 terminal_edd=1035 memo_peak=3666 memo_final=3666 memo_evictions=0 memo_clean_time_ms=0 reconstruction_time_ms=2.7736 reconstruction_repairs=0 reconstruction_trace_hits=529 reconstruction_trace_fallbacks=0 memo_used_mb=0.978928 memo_bytes_per_entry=280,1000,5,D:\test2\results\article_code_comparison\data\1000\SDT_1000_1_0.6_6.txt,adaptive,custom,0,0,1,1,1,0,0,0,-1,-1,1,1,1,1,1,12288,2552375,,,10.6868,3666,999,846,7331,846,0,1,94454,0,0,0,0,0,26,1035,3666,3666,0,0,2.7736,0,529,0,0.978928,280,,,,,,,,,,,,,,,,,,,,,,C:\c++\test2\results\article_code_comparison\raw_results.csv,article_runner_filename_mismatch_R1_expected_1.0
1000,1.0,0.6,6,D:\test2\results\article_code_comparison\data\1000\SDT_1000_1_0.6_7.txt,D:\test2\results\article_code_comparison,generated_by_project_generator,D:\test2\x64\Release\bm_solver.exe,SOLVED,2680630,15.7077,61.484,,,1000,1413155,1720320,ERROR,,59.94,,,1945600,1.025759,,0.884211,NOT_COMPARABLE_ERROR,,,[run] n=1000 seed=6 input=D:\test2\results\article_code_comparison\data\1000\SDT_1000_1_0.6_7.txt decomp=adaptive memo_backend=custom use_ub=0 use_lb=0 terminal_rules=1 position_filtering_enabled=1 enable_lawler_basic_rules=1 enable_simple_lb=0 enable_lb_memo=0 enable_edd_ub=0 ub_depth_limit=-1 lb_depth_limit=-1 terminal_all_tardy_spt=1 terminal_edd_at_most_one_tardy=1 enable_memo=1 enable_exact_memo=1 memo_full_key_verification=1 memo_memory_limit_mb=12288 cost=2680630 time_ms=15.7077 nodes=5047 max_depth=999 memo_hits=1269 memo_misses=10093 memo_exact_hits=1269 memo_lb_hits=0 rule4=1 valid_pos=130692 valid_pos_pruned_3a=0 valid_pos_pruned_3b=0 memo_rejected=0 memo_forced_evict=0 lufo_passes=0 terminal_spt=48 terminal_edd=1213 memo_peak=5047 memo_final=5047 memo_evictions=0 memo_clean_time_ms=0 reconstruction_time_ms=2.5722 reconstruction_repairs=0 reconstruction_trace_hits=528 reconstruction_trace_fallbacks=0 memo_used_mb=1.34769 memo_bytes_per_entry=280,1000,6,D:\test2\results\article_code_comparison\data\1000\SDT_1000_1_0.6_7.txt,adaptive,custom,0,0,1,1,1,0,0,0,-1,-1,1,1,1,1,1,12288,2680630,,,15.7077,5047,999,1269,10093,1269,0,1,130692,0,0,0,0,0,48,1213,5047,5047,0,0,2.5722,0,528,0,1.34769,280,,,,,,,,,,,,,,,,,,,,,,C:\c++\test2\results\article_code_comparison\raw_results.csv,article_runner_filename_mismatch_R1_expected_1.0
1000,1.0,0.6,7,D:\test2\results\article_code_comparison\data\1000\SDT_1000_1_0.6_8.txt,D:\test2\results\article_code_comparison,generated_by_project_generator,D:\test2\x64\Release\bm_solver.exe,SOLVED,2579324,17.1933,62.556,,,1000,607319,1777664,ERROR,,59.942,,,1814528,1.043609,,0.979684,NOT_COMPARABLE_ERROR,,,[run] n=1000 seed=7 input=D:\test2\results\article_code_comparison\data\1000\SDT_1000_1_0.6_8.txt decomp=adaptive memo_backend=custom use_ub=0 use_lb=0 terminal_rules=1 position_filtering_enabled=1 enable_lawler_basic_rules=1 enable_simple_lb=0 enable_lb_memo=0 enable_edd_ub=0 ub_depth_limit=-1 lb_depth_limit=-1 terminal_all_tardy_spt=1 terminal_edd_at_most_one_tardy=1 enable_memo=1 enable_exact_memo=1 memo_full_key_verification=1 memo_memory_limit_mb=12288 cost=2579324 time_ms=17.1933 nodes=2169 max_depth=999 memo_hits=705 memo_misses=4337 memo_exact_hits=705 memo_lb_hits=0 rule4=1 valid_pos=233928 valid_pos_pruned_3a=0 valid_pos_pruned_3b=0 memo_rejected=0 memo_forced_evict=0 lufo_passes=0 terminal_spt=24 terminal_edd=573 memo_peak=2169 memo_final=2169 memo_evictions=0 memo_clean_time_ms=0 reconstruction_time_ms=2.5761 reconstruction_repairs=0 reconstruction_trace_hits=512 reconstruction_trace_fallbacks=0 memo_used_mb=0.579185 memo_bytes_per_entry=280,1000,7,D:\test2\results\article_code_comparison\data\1000\SDT_1000_1_0.6_8.txt,adaptive,custom,0,0,1,1,1,0,0,0,-1,-1,1,1,1,1,1,12288,2579324,,,17.1933,2169,999,705,4337,705,0,1,233928,0,0,0,0,0,24,573,2169,2169,0,0,2.5761,0,512,0,0.579185,280,,,,,,,,,,,,,,,,,,,,,,C:\c++\test2\results\article_code_comparison\raw_results.csv,article_runner_filename_mismatch_R1_expected_1.0
1000,1.0,0.6,8,D:\test2\results\article_code_comparison\data\1000\SDT_1000_1_0.6_9.txt,D:\test2\results\article_code_comparison,generated_by_project_generator,D:\test2\x64\Release\bm_solver.exe,SOLVED,2445787,10.9568,60.854,,,1000,815360,1810432,ERROR,,60.165,,,1810432,1.011452,,1.0,NOT_COMPARABLE_ERROR,,,[run] n=1000 seed=8 input=D:\test2\results\article_code_comparison\data\1000\SDT_1000_1_0.6_9.txt decomp=adaptive memo_backend=custom use_ub=0 use_lb=0 terminal_rules=1 position_filtering_enabled=1 enable_lawler_basic_rules=1 enable_simple_lb=0 enable_lb_memo=0 enable_edd_ub=0 ub_depth_limit=-1 lb_depth_limit=-1 terminal_all_tardy_spt=1 terminal_edd_at_most_one_tardy=1 enable_memo=1 enable_exact_memo=1 memo_full_key_verification=1 memo_memory_limit_mb=12288 cost=2445787 time_ms=10.9568 nodes=2912 max_depth=999 memo_hits=1157 memo_misses=5823 memo_exact_hits=1157 memo_lb_hits=0 rule4=1 valid_pos=121719 valid_pos_pruned_3a=0 valid_pos_pruned_3b=0 memo_rejected=0 memo_forced_evict=0 lufo_passes=0 terminal_spt=36 terminal_edd=834 memo_peak=2912 memo_final=2912 memo_evictions=0 memo_clean_time_ms=0 reconstruction_time_ms=2.7185 reconstruction_repairs=0 reconstruction_trace_hits=527 reconstruction_trace_fallbacks=0 memo_used_mb=0.777588 memo_bytes_per_entry=280,1000,8,D:\test2\results\article_code_comparison\data\1000\SDT_1000_1_0.6_9.txt,adaptive,custom,0,0,1,1,1,0,0,0,-1,-1,1,1,1,1,1,12288,2445787,,,10.9568,2912,999,1157,5823,1157,0,1,121719,0,0,0,0,0,36,834,2912,2912,0,0,2.7185,0,527,0,0.777588,280,,,,,,,,,,,,,,,,,,,,,,C:\c++\test2\results\article_code_comparison\raw_results.csv,article_runner_filename_mismatch_R1_expected_1.0
1000,1.0,0.6,9,D:\test2\results\article_code_comparison\data\1000\SDT_1000_1_0.6_10.txt,D:\test2\results\article_code_comparison,generated_by_project_generator,D:\test2\x64\Release\bm_solver.exe,SOLVED,2634344,10.785,62.031,,,1000,868560,1941504,ERROR,,60.23,,,1798144,1.029902,,1.079727,NOT_COMPARABLE_ERROR,,,[run] n=1000 seed=9 input=D:\test2\results\article_code_comparison\data\1000\SDT_1000_1_0.6_10.txt decomp=adaptive memo_backend=custom use_ub=0 use_lb=0 terminal_rules=1 position_filtering_enabled=1 enable_lawler_basic_rules=1 enable_simple_lb=0 enable_lb_memo=0 enable_edd_ub=0 ub_depth_limit=-1 lb_depth_limit=-1 terminal_all_tardy_spt=1 terminal_edd_at_most_one_tardy=1 enable_memo=1 enable_exact_memo=1 memo_full_key_verification=1 memo_memory_limit_mb=12288 cost=2634344 time_ms=10.785 nodes=3102 max_depth=999 memo_hits=667 memo_misses=6203 memo_exact_hits=667 memo_lb_hits=0 rule4=1 valid_pos=137208 valid_pos_pruned_3a=0 valid_pos_pruned_3b=0 memo_rejected=0 memo_forced_evict=0 lufo_passes=0 terminal_spt=30 terminal_edd=994 memo_peak=3102 memo_final=3102 memo_evictions=0 memo_clean_time_ms=0 reconstruction_time_ms=2.8889 reconstruction_repairs=0 reconstruction_trace_hits=541 reconstruction_trace_fallbacks=0 memo_used_mb=0.828323 memo_bytes_per_entry=280,1000,9,D:\test2\results\article_code_comparison\data\1000\SDT_1000_1_0.6_10.txt,adaptive,custom,0,0,1,1,1,0,0,0,-1,-1,1,1,1,1,1,12288,2634344,,,10.785,3102,999,667,6203,667,0,1,137208,0,0,0,0,0,30,994,3102,3102,0,0,2.8889,0,541,0,0.828323,280,,,,,,,,,,,,,,,,,,,,,,C:\c++\test2\results\article_code_comparison\raw_results.csv,article_runner_filename_mismatch_R1_expected_1.0
1000,1.0,0.8,0,D:\test2\results\article_code_comparison\data\1000\SDT_1000_1_0.8_1.txt,D:\test2\results\article_code_comparison,generated_by_project_generator,D:\test2\x64\Release\bm_solver.exe,SOLVED,8038971,11.7536,62.425,,,1000,328720,2019328,ERROR,,60.18,,,1847296,1.037305,,1.093126,NOT_COMPARABLE_ERROR,,,[run] n=1000 seed=0 input=D:\test2\results\article_code_comparison\data\1000\SDT_1000_1_0.8_1.txt decomp=adaptive memo_backend=custom use_ub=0 use_lb=0 terminal_rules=1 position_filtering_enabled=1 enable_lawler_basic_rules=1 enable_simple_lb=0 enable_lb_memo=0 enable_edd_ub=0 ub_depth_limit=-1 lb_depth_limit=-1 terminal_all_tardy_spt=1 terminal_edd_at_most_one_tardy=1 enable_memo=1 enable_exact_memo=1 memo_full_key_verification=1 memo_memory_limit_mb=12288 cost=8038971 time_ms=11.7536 nodes=1174 max_depth=999 memo_hits=80 memo_misses=2347 memo_exact_hits=80 memo_lb_hits=0 rule4=1 valid_pos=198591 valid_pos_pruned_3a=0 valid_pos_pruned_3b=0 memo_rejected=0 memo_forced_evict=0 lufo_passes=0 terminal_spt=12 terminal_edd=303 memo_peak=1174 memo_final=1174 memo_evictions=0 memo_clean_time_ms=0 reconstruction_time_ms=4.8868 reconstruction_repairs=0 reconstruction_trace_hits=657 reconstruction_trace_fallbacks=0 memo_used_mb=0.313492 memo_bytes_per_entry=280,1000,0,D:\test2\results\article_code_comparison\data\1000\SDT_1000_1_0.8_1.txt,adaptive,custom,0,0,1,1,1,0,0,0,-1,-1,1,1,1,1,1,12288,8038971,,,11.7536,1174,999,80,2347,80,0,1,198591,0,0,0,0,0,12,303,1174,1174,0,0,4.8868,0,657,0,0.313492,280,,,,,,,,,,,,,,,,,,,,,,C:\c++\test2\results\article_code_comparison\raw_results.csv,article_runner_filename_mismatch_R1_expected_1.0
1000,1.0,0.8,1,D:\test2\results\article_code_comparison\data\1000\SDT_1000_1_0.8_2.txt,D:\test2\results\article_code_comparison,generated_by_project_generator,D:\test2\x64\Release\bm_solver.exe,SOLVED,7507517,10.7673,62.38,,,1000,315839,2355200,ERROR,,60.247,,,1802240,1.035404,,1.306818,NOT_COMPARABLE_ERROR,,,[run] n=1000 seed=1 input=D:\test2\results\article_code_comparison\data\1000\SDT_1000_1_0.8_2.txt decomp=adaptive memo_backend=custom use_ub=0 use_lb=0 terminal_rules=1 position_filtering_enabled=1 enable_lawler_basic_rules=1 enable_simple_lb=0 enable_lb_memo=0 enable_edd_ub=0 ub_depth_limit=-1 lb_depth_limit=-1 terminal_all_tardy_spt=1 terminal_edd_at_most_one_tardy=1 enable_memo=1 enable_exact_memo=1 memo_full_key_verification=1 memo_memory_limit_mb=12288 cost=7507517 time_ms=10.7673 nodes=1128 max_depth=999 memo_hits=101 memo_misses=2255 memo_exact_hits=101 memo_lb_hits=0 rule4=1 valid_pos=102658 valid_pos_pruned_3a=0 valid_pos_pruned_3b=0 memo_rejected=0 memo_forced_evict=0 lufo_passes=0 terminal_spt=14 terminal_edd=300 memo_peak=1128 memo_final=1128 memo_evictions=0 memo_clean_time_ms=0 reconstruction_time_ms=4.7617 reconstruction_repairs=0 reconstruction_trace_hits=653 reconstruction_trace_fallbacks=0 memo_used_mb=0.301208 memo_bytes_per_entry=280,1000,1,D:\test2\results\article_code_comparison\data\1000\SDT_1000_1_0.8_2.txt,adaptive,custom,0,0,1,1,1,0,0,0,-1,-1,1,1,1,1,1,12288,7507517,,,10.7673,1128,999,101,2255,101,0,1,102658,0,0,0,0,0,14,300,1128,1128,0,0,4.7617,0,653,0,0.301208,280,,,,,,,,,,,,,,,,,,,,,,C:\c++\test2\results\article_code_comparison\raw_results.csv,article_runner_filename_mismatch_R1_expected_1.0
1000,1.0,0.8,2,D:\test2\results\article_code_comparison\data\1000\SDT_1000_1_0.8_3.txt,D:\test2\results\article_code_comparison,generated_by_project_generator,D:\test2\x64\Release\bm_solver.exe,SOLVED,7711725,11.3973,62.261,,,1000,347480,2019328,ERROR,,60.136,,,1798144,1.035337,,1.123007,NOT_COMPARABLE_ERROR,,,[run] n=1000 seed=2 input=D:\test2\results\article_code_comparison\data\1000\SDT_1000_1_0.8_3.txt decomp=adaptive memo_backend=custom use_ub=0 use_lb=0 terminal_rules=1 position_filtering_enabled=1 enable_lawler_basic_rules=1 enable_simple_lb=0 enable_lb_memo=0 enable_edd_ub=0 ub_depth_limit=-1 lb_depth_limit=-1 terminal_all_tardy_spt=1 terminal_edd_at_most_one_tardy=1 enable_memo=1 enable_exact_memo=1 memo_full_key_verification=1 memo_memory_limit_mb=12288 cost=7711725 time_ms=11.3973 nodes=1241 max_depth=999 memo_hits=162 memo_misses=2481 memo_exact_hits=162 memo_lb_hits=0 rule4=1 valid_pos=114658 valid_pos_pruned_3a=0 valid_pos_pruned_3b=0 memo_rejected=0 memo_forced_evict=0 lufo_passes=0 terminal_spt=19 terminal_edd=318 memo_peak=1241 memo_final=1241 memo_evictions=0 memo_clean_time_ms=0 reconstruction_time_ms=4.8435 reconstruction_repairs=0 reconstruction_trace_hits=640 reconstruction_trace_fallbacks=0 memo_used_mb=0.331383 memo_bytes_per_entry=280,1000,2,D:\test2\results\article_code_comparison\data\1000\SDT_1000_1_0.8_3.txt,adaptive,custom,0,0,1,1,1,0,0,0,-1,-1,1,1,1,1,1,12288,7711725,,,11.3973,1241,999,162,2481,162,0,1,114658,0,0,0,0,0,19,318,1241,1241,0,0,4.8435,0,640,0,0.331383,280,,,,,,,,,,,,,,,,,,,,,,C:\c++\test2\results\article_code_comparison\raw_results.csv,article_runner_filename_mismatch_R1_expected_1.0
1000,1.0,0.8,3,D:\test2\results\article_code_comparison\data\1000\SDT_1000_1_0.8_4.txt,D:\test2\results\article_code_comparison,generated_by_project_generator,D:\test2\x64\Release\bm_solver.exe,SOLVED,7538375,10.9366,62.697,,,1000,321160,2342912,ERROR,,60.006,,,1875968,1.044846,,1.248908,NOT_COMPARABLE_ERROR,,,[run] n=1000 seed=3 input=D:\test2\results\article_code_comparison\data\1000\SDT_1000_1_0.8_4.txt decomp=adaptive memo_backend=custom use_ub=0 use_lb=0 terminal_rules=1 position_filtering_enabled=1 enable_lawler_basic_rules=1 enable_simple_lb=0 enable_lb_memo=0 enable_edd_ub=0 ub_depth_limit=-1 lb_depth_limit=-1 terminal_all_tardy_spt=1 terminal_edd_at_most_one_tardy=1 enable_memo=1 enable_exact_memo=1 memo_full_key_verification=1 memo_memory_limit_mb=12288 cost=7538375 time_ms=10.9366 nodes=1147 max_depth=999 memo_hits=120 memo_misses=2293 memo_exact_hits=120 memo_lb_hits=0 rule4=1 valid_pos=98072 valid_pos_pruned_3a=0 valid_pos_pruned_3b=0 memo_rejected=0 memo_forced_evict=0 lufo_passes=0 terminal_spt=19 terminal_edd=295 memo_peak=1147 memo_final=1147 memo_evictions=0 memo_clean_time_ms=0 reconstruction_time_ms=4.8419 reconstruction_repairs=0 reconstruction_trace_hits=641 reconstruction_trace_fallbacks=0 memo_used_mb=0.306282 memo_bytes_per_entry=280,1000,3,D:\test2\results\article_code_comparison\data\1000\SDT_1000_1_0.8_4.txt,adaptive,custom,0,0,1,1,1,0,0,0,-1,-1,1,1,1,1,1,12288,7538375,,,10.9366,1147,999,120,2293,120,0,1,98072,0,0,0,0,0,19,295,1147,1147,0,0,4.8419,0,641,0,0.306282,280,,,,,,,,,,,,,,,,,,,,,,C:\c++\test2\results\article_code_comparison\raw_results.csv,article_runner_filename_mismatch_R1_expected_1.0
1000,1.0,0.8,4,D:\test2\results\article_code_comparison\data\1000\SDT_1000_1_0.8_5.txt,D:\test2\results\article_code_comparison,generated_by_project_generator,D:\test2\x64\Release\bm_solver.exe,SOLVED,7855464,12.266,62.476,,,1000,304360,2342912,ERROR,,59.88,,,1785856,1.043353,,1.311927,NOT_COMPARABLE_ERROR,,,[run] n=1000 seed=4 input=D:\test2\results\article_code_comparison\data\1000\SDT_1000_1_0.8_5.txt decomp=adaptive memo_backend=custom use_ub=0 use_lb=0 terminal_rules=1 position_filtering_enabled=1 enable_lawler_basic_rules=1 enable_simple_lb=0 enable_lb_memo=0 enable_edd_ub=0 ub_depth_limit=-1 lb_depth_limit=-1 terminal_all_tardy_spt=1 terminal_edd_at_most_one_tardy=1 enable_memo=1 enable_exact_memo=1 memo_full_key_verification=1 memo_memory_limit_mb=12288 cost=7855464 time_ms=12.266 nodes=1087 max_depth=999 memo_hits=91 memo_misses=2173 memo_exact_hits=91 memo_lb_hits=0 rule4=1 valid_pos=202419 valid_pos_pruned_3a=0 valid_pos_pruned_3b=0 memo_rejected=0 memo_forced_evict=0 lufo_passes=0 terminal_spt=13 terminal_edd=281 memo_peak=1087 memo_final=1087 memo_evictions=0 memo_clean_time_ms=0 reconstruction_time_ms=4.833 reconstruction_repairs=0 reconstruction_trace_hits=646 reconstruction_trace_fallbacks=0 memo_used_mb=0.29026 memo_bytes_per_entry=280,1000,4,D:\test2\results\article_code_comparison\data\1000\SDT_1000_1_0.8_5.txt,adaptive,custom,0,0,1,1,1,0,0,0,-1,-1,1,1,1,1,1,12288,7855464,,,12.266,1087,999,91,2173,91,0,1,202419,0,0,0,0,0,13,281,1087,1087,0,0,4.833,0,646,0,0.29026,280,,,,,,,,,,,,,,,,,,,,,,C:\c++\test2\results\article_code_comparison\raw_results.csv,article_runner_filename_mismatch_R1_expected_1.0
1000,1.0,0.8,5,D:\test2\results\article_code_comparison\data\1000\SDT_1000_1_0.8_6.txt,D:\test2\results\article_code_comparison,generated_by_project_generator,D:\test2\x64\Release\bm_solver.exe,SOLVED,7737277,10.8126,62.535,,,1000,280560,2273280,ERROR,,59.909,,,1617920,1.043833,,1.405063,NOT_COMPARABLE_ERROR,,,[run] n=1000 seed=5 input=D:\test2\results\article_code_comparison\data\1000\SDT_1000_1_0.8_6.txt decomp=adaptive memo_backend=custom use_ub=0 use_lb=0 terminal_rules=1 position_filtering_enabled=1 enable_lawler_basic_rules=1 enable_simple_lb=0 enable_lb_memo=0 enable_edd_ub=0 ub_depth_limit=-1 lb_depth_limit=-1 terminal_all_tardy_spt=1 terminal_edd_at_most_one_tardy=1 enable_memo=1 enable_exact_memo=1 memo_full_key_verification=1 memo_memory_limit_mb=12288 cost=7737277 time_ms=10.8126 nodes=1002 max_depth=999 memo_hits=41 memo_misses=2003 memo_exact_hits=41 memo_lb_hits=0 rule4=1 valid_pos=131024 valid_pos_pruned_3a=0 valid_pos_pruned_3b=0 memo_rejected=0 memo_forced_evict=0 lufo_passes=0 terminal_spt=11 terminal_edd=281 memo_peak=1002 memo_final=1002 memo_evictions=0 memo_clean_time_ms=0 reconstruction_time_ms=4.8545 reconstruction_repairs=0 reconstruction_trace_hits=633 reconstruction_trace_fallbacks=0 memo_used_mb=0.267563 memo_bytes_per_entry=280,1000,5,D:\test2\results\article_code_comparison\data\1000\SDT_1000_1_0.8_6.txt,adaptive,custom,0,0,1,1,1,0,0,0,-1,-1,1,1,1,1,1,12288,7737277,,,10.8126,1002,999,41,2003,41,0,1,131024,0,0,0,0,0,11,281,1002,1002,0,0,4.8545,0,633,0,0.267563,280,,,,,,,,,,,,,,,,,,,,,,C:\c++\test2\results\article_code_comparison\raw_results.csv,article_runner_filename_mismatch_R1_expected_1.0
1000,1.0,0.8,6,D:\test2\results\article_code_comparison\data\1000\SDT_1000_1_0.8_7.txt,D:\test2\results\article_code_comparison,generated_by_project_generator,D:\test2\x64\Release\bm_solver.exe,SOLVED,7508848,11.3908,62.546,,,1000,339920,2117632,ERROR,,59.989,,,1814528,1.042624,,1.167043,NOT_COMPARABLE_ERROR,,,[run] n=1000 seed=6 input=D:\test2\results\article_code_comparison\data\1000\SDT_1000_1_0.8_7.txt decomp=adaptive memo_backend=custom use_ub=0 use_lb=0 terminal_rules=1 position_filtering_enabled=1 enable_lawler_basic_rules=1 enable_simple_lb=0 enable_lb_memo=0 enable_edd_ub=0 ub_depth_limit=-1 lb_depth_limit=-1 terminal_all_tardy_spt=1 terminal_edd_at_most_one_tardy=1 enable_memo=1 enable_exact_memo=1 memo_full_key_verification=1 memo_memory_limit_mb=12288 cost=7508848 time_ms=11.3908 nodes=1214 max_depth=999 memo_hits=120 memo_misses=2427 memo_exact_hits=120 memo_lb_hits=0 rule4=1 valid_pos=99403 valid_pos_pruned_3a=0 valid_pos_pruned_3b=0 memo_rejected=0 memo_forced_evict=0 lufo_passes=0 terminal_spt=18 terminal_edd=302 memo_peak=1214 memo_final=1214 memo_evictions=0 memo_clean_time_ms=0 reconstruction_time_ms=4.9069 reconstruction_repairs=0 reconstruction_trace_hits=646 reconstruction_trace_fallbacks=0 memo_used_mb=0.324173 memo_bytes_per_entry=280,1000,6,D:\test2\results\article_code_comparison\data\1000\SDT_1000_1_0.8_7.txt,adaptive,custom,0,0,1,1,1,0,0,0,-1,-1,1,1,1,1,1,12288,7508848,,,11.3908,1214,999,120,2427,120,0,1,99403,0,0,0,0,0,18,302,1214,1214,0,0,4.9069,0,646,0,0.324173,280,,,,,,,,,,,,,,,,,,,,,,C:\c++\test2\results\article_code_comparison\raw_results.csv,article_runner_filename_mismatch_R1_expected_1.0
1000,1.0,0.8,7,D:\test2\results\article_code_comparison\data\1000\SDT_1000_1_0.8_8.txt,D:\test2\results\article_code_comparison,generated_by_project_generator,D:\test2\x64\Release\bm_solver.exe,SOLVED,7342680,11.874,62.332,,,1000,294280,2019328,ERROR,,60.086,,,1843200,1.03738,,1.095556,NOT_COMPARABLE_ERROR,,,[run] n=1000 seed=7 input=D:\test2\results\article_code_comparison\data\1000\SDT_1000_1_0.8_8.txt decomp=adaptive memo_backend=custom use_ub=0 use_lb=0 terminal_rules=1 position_filtering_enabled=1 enable_lawler_basic_rules=1 enable_simple_lb=0 enable_lb_memo=0 enable_edd_ub=0 ub_depth_limit=-1 lb_depth_limit=-1 terminal_all_tardy_spt=1 terminal_edd_at_most_one_tardy=1 enable_memo=1 enable_exact_memo=1 memo_full_key_verification=1 memo_memory_limit_mb=12288 cost=7342680 time_ms=11.874 nodes=1051 max_depth=999 memo_hits=82 memo_misses=2101 memo_exact_hits=82 memo_lb_hits=0 rule4=1 valid_pos=182893 valid_pos_pruned_3a=0 valid_pos_pruned_3b=0 memo_rejected=0 memo_forced_evict=0 lufo_passes=0 terminal_spt=14 terminal_edd=279 memo_peak=1051 memo_final=1051 memo_evictions=0 memo_clean_time_ms=0 reconstruction_time_ms=4.7316 reconstruction_repairs=0 reconstruction_trace_hits=620 reconstruction_trace_fallbacks=0 memo_used_mb=0.280647 memo_bytes_per_entry=280,1000,7,D:\test2\results\article_code_comparison\data\1000\SDT_1000_1_0.8_8.txt,adaptive,custom,0,0,1,1,1,0,0,0,-1,-1,1,1,1,1,1,12288,7342680,,,11.874,1051,999,82,2101,82,0,1,182893,0,0,0,0,0,14,279,1051,1051,0,0,4.7316,0,620,0,0.280647,280,,,,,,,,,,,,,,,,,,,,,,C:\c++\test2\results\article_code_comparison\raw_results.csv,article_runner_filename_mismatch_R1_expected_1.0
1000,1.0,0.8,8,D:\test2\results\article_code_comparison\data\1000\SDT_1000_1_0.8_9.txt,D:\test2\results\article_code_comparison,generated_by_project_generator,D:\test2\x64\Release\bm_solver.exe,SOLVED,7473776,11.0921,62.343,,,1000,297360,1941504,ERROR,,59.886,,,1712128,1.041028,,1.133971,NOT_COMPARABLE_ERROR,,,[run] n=1000 seed=8 input=D:\test2\results\article_code_comparison\data\1000\SDT_1000_1_0.8_9.txt decomp=adaptive memo_backend=custom use_ub=0 use_lb=0 terminal_rules=1 position_filtering_enabled=1 enable_lawler_basic_rules=1 enable_simple_lb=0 enable_lb_memo=0 enable_edd_ub=0 ub_depth_limit=-1 lb_depth_limit=-1 terminal_all_tardy_spt=1 terminal_edd_at_most_one_tardy=1 enable_memo=1 enable_exact_memo=1 memo_full_key_verification=1 memo_memory_limit_mb=12288 cost=7473776 time_ms=11.0921 nodes=1062 max_depth=999 memo_hits=99 memo_misses=2123 memo_exact_hits=99 memo_lb_hits=0 rule4=1 valid_pos=135582 valid_pos_pruned_3a=0 valid_pos_pruned_3b=0 memo_rejected=0 memo_forced_evict=0 lufo_passes=0 terminal_spt=7 terminal_edd=277 memo_peak=1062 memo_final=1062 memo_evictions=0 memo_clean_time_ms=0 reconstruction_time_ms=4.9359 reconstruction_repairs=0 reconstruction_trace_hits=661 reconstruction_trace_fallbacks=0 memo_used_mb=0.283585 memo_bytes_per_entry=280,1000,8,D:\test2\results\article_code_comparison\data\1000\SDT_1000_1_0.8_9.txt,adaptive,custom,0,0,1,1,1,0,0,0,-1,-1,1,1,1,1,1,12288,7473776,,,11.0921,1062,999,99,2123,99,0,1,135582,0,0,0,0,0,7,277,1062,1062,0,0,4.9359,0,661,0,0.283585,280,,,,,,,,,,,,,,,,,,,,,,C:\c++\test2\results\article_code_comparison\raw_results.csv,article_runner_filename_mismatch_R1_expected_1.0
1000,1.0,0.8,9,D:\test2\results\article_code_comparison\data\1000\SDT_1000_1_0.8_10.txt,D:\test2\results\article_code_comparison,generated_by_project_generator,D:\test2\x64\Release\bm_solver.exe,SOLVED,7595432,13.4749,59.242,,,1000,353080,1777664,ERROR,,60.097,,,1814528,0.985773,,0.979684,NOT_COMPARABLE_ERROR,,,[run] n=1000 seed=9 input=D:\test2\results\article_code_comparison\data\1000\SDT_1000_1_0.8_10.txt decomp=adaptive memo_backend=custom use_ub=0 use_lb=0 terminal_rules=1 position_filtering_enabled=1 enable_lawler_basic_rules=1 enable_simple_lb=0 enable_lb_memo=0 enable_edd_ub=0 ub_depth_limit=-1 lb_depth_limit=-1 terminal_all_tardy_spt=1 terminal_edd_at_most_one_tardy=1 enable_memo=1 enable_exact_memo=1 memo_full_key_verification=1 memo_memory_limit_mb=12288 cost=7595432 time_ms=13.4749 nodes=1261 max_depth=999 memo_hits=118 memo_misses=2521 memo_exact_hits=118 memo_lb_hits=0 rule4=1 valid_pos=197927 valid_pos_pruned_3a=0 valid_pos_pruned_3b=0 memo_rejected=0 memo_forced_evict=0 lufo_passes=0 terminal_spt=14 terminal_edd=305 memo_peak=1261 memo_final=1261 memo_evictions=0 memo_clean_time_ms=0 reconstruction_time_ms=4.6308 reconstruction_repairs=0 reconstruction_trace_hits=616 reconstruction_trace_fallbacks=0 memo_used_mb=0.336723 memo_bytes_per_entry=280,1000,9,D:\test2\results\article_code_comparison\data\1000\SDT_1000_1_0.8_10.txt,adaptive,custom,0,0,1,1,1,0,0,0,-1,-1,1,1,1,1,1,12288,7595432,,,13.4749,1261,999,118,2521,118,0,1,197927,0,0,0,0,0,14,305,1261,1261,0,0,4.6308,0,616,0,0.336723,280,,,,,,,,,,,,,,,,,,,,,,C:\c++\test2\results\article_code_comparison\raw_results.csv,article_runner_filename_mismatch_R1_expected_1.0
1100,1.0,0.2,0,D:\test2\results\article_code_comparison\data\1100\SDT_1100_1_0.2_1.txt,D:\test2\results\article_code_comparison,generated_by_project_generator,D:\test2\x64\Release\bm_solver.exe,SOLVED,0,0.0196,61.901,,,1100,216,1867776,ERROR,,59.821,,,1781760,1.03477,,1.048276,NOT_COMPARABLE_ERROR,,,[run] n=1100 seed=0 input=D:\test2\results\article_code_comparison\data\1100\SDT_1100_1_0.2_1.txt decomp=adaptive memo_backend=custom use_ub=0 use_lb=0 terminal_rules=1 position_filtering_enabled=1 enable_lawler_basic_rules=1 enable_simple_lb=0 enable_lb_memo=0 enable_edd_ub=0 ub_depth_limit=-1 lb_depth_limit=-1 terminal_all_tardy_spt=1 terminal_edd_at_most_one_tardy=1 enable_memo=1 enable_exact_memo=1 memo_full_key_verification=1 memo_memory_limit_mb=12288 cost=0 time_ms=0.0196 nodes=1 max_depth=0 memo_hits=0 memo_misses=1 memo_exact_hits=0 memo_lb_hits=0 rule4=1 valid_pos=0 valid_pos_pruned_3a=0 valid_pos_pruned_3b=0 memo_rejected=0 memo_forced_evict=0 lufo_passes=0 terminal_spt=0 terminal_edd=1 memo_peak=1 memo_final=1 memo_evictions=0 memo_clean_time_ms=0 reconstruction_time_ms=0.0066 reconstruction_repairs=0 reconstruction_trace_hits=0 reconstruction_trace_fallbacks=0 memo_used_mb=0.000205994 memo_bytes_per_entry=216,1100,0,D:\test2\results\article_code_comparison\data\1100\SDT_1100_1_0.2_1.txt,adaptive,custom,0,0,1,1,1,0,0,0,-1,-1,1,1,1,1,1,12288,0,,,0.0196,1,0,0,1,0,0,1,0,0,0,0,0,0,0,1,1,1,0,0,0.0066,0,0,0,0.000205994,216,,,,,,,,,,,,,,,,,,,,,,C:\c++\test2\results\article_code_comparison\raw_results.csv,article_runner_filename_mismatch_R1_expected_1.0
1100,1.0,0.2,1,D:\test2\results\article_code_comparison\data\1100\SDT_1100_1_0.2_2.txt,D:\test2\results\article_code_comparison,generated_by_project_generator,D:\test2\x64\Release\bm_solver.exe,SOLVED,0,0.0191,54.496,,,1100,216,2064384,ERROR,,58.499,,,1724416,0.931571,,1.19715,NOT_COMPARABLE_ERROR,,,[run] n=1100 seed=1 input=D:\test2\results\article_code_comparison\data\1100\SDT_1100_1_0.2_2.txt decomp=adaptive memo_backend=custom use_ub=0 use_lb=0 terminal_rules=1 position_filtering_enabled=1 enable_lawler_basic_rules=1 enable_simple_lb=0 enable_lb_memo=0 enable_edd_ub=0 ub_depth_limit=-1 lb_depth_limit=-1 terminal_all_tardy_spt=1 terminal_edd_at_most_one_tardy=1 enable_memo=1 enable_exact_memo=1 memo_full_key_verification=1 memo_memory_limit_mb=12288 cost=0 time_ms=0.0191 nodes=1 max_depth=0 memo_hits=0 memo_misses=1 memo_exact_hits=0 memo_lb_hits=0 rule4=1 valid_pos=0 valid_pos_pruned_3a=0 valid_pos_pruned_3b=0 memo_rejected=0 memo_forced_evict=0 lufo_passes=0 terminal_spt=0 terminal_edd=1 memo_peak=1 memo_final=1 memo_evictions=0 memo_clean_time_ms=0 reconstruction_time_ms=0.0063 reconstruction_repairs=0 reconstruction_trace_hits=0 reconstruction_trace_fallbacks=0 memo_used_mb=0.000205994 memo_bytes_per_entry=216,1100,1,D:\test2\results\article_code_comparison\data\1100\SDT_1100_1_0.2_2.txt,adaptive,custom,0,0,1,1,1,0,0,0,-1,-1,1,1,1,1,1,12288,0,,,0.0191,1,0,0,1,0,0,1,0,0,0,0,0,0,0,1,1,1,0,0,0.0063,0,0,0,0.000205994,216,,,,,,,,,,,,,,,,,,,,,,C:\c++\test2\results\article_code_comparison\raw_results.csv,article_runner_filename_mismatch_R1_expected_1.0
1100,1.0,0.2,2,D:\test2\results\article_code_comparison\data\1100\SDT_1100_1_0.2_3.txt,D:\test2\results\article_code_comparison,generated_by_project_generator,D:\test2\x64\Release\bm_solver.exe,SOLVED,0,0.0193,63.508,,,1100,216,1884160,ERROR,,55.842,,,1765376,1.13728,,1.067285,NOT_COMPARABLE_ERROR,,,[run] n=1100 seed=2 input=D:\test2\results\article_code_comparison\data\1100\SDT_1100_1_0.2_3.txt decomp=adaptive memo_backend=custom use_ub=0 use_lb=0 terminal_rules=1 position_filtering_enabled=1 enable_lawler_basic_rules=1 enable_simple_lb=0 enable_lb_memo=0 enable_edd_ub=0 ub_depth_limit=-1 lb_depth_limit=-1 terminal_all_tardy_spt=1 terminal_edd_at_most_one_tardy=1 enable_memo=1 enable_exact_memo=1 memo_full_key_verification=1 memo_memory_limit_mb=12288 cost=0 time_ms=0.0193 nodes=1 max_depth=0 memo_hits=0 memo_misses=1 memo_exact_hits=0 memo_lb_hits=0 rule4=1 valid_pos=0 valid_pos_pruned_3a=0 valid_pos_pruned_3b=0 memo_rejected=0 memo_forced_evict=0 lufo_passes=0 terminal_spt=0 terminal_edd=1 memo_peak=1 memo_final=1 memo_evictions=0 memo_clean_time_ms=0 reconstruction_time_ms=0.0078 reconstruction_repairs=0 reconstruction_trace_hits=0 reconstruction_trace_fallbacks=0 memo_used_mb=0.000205994 memo_bytes_per_entry=216,1100,2,D:\test2\results\article_code_comparison\data\1100\SDT_1100_1_0.2_3.txt,adaptive,custom,0,0,1,1,1,0,0,0,-1,-1,1,1,1,1,1,12288,0,,,0.0193,1,0,0,1,0,0,1,0,0,0,0,0,0,0,1,1,1,0,0,0.0078,0,0,0,0.000205994,216,,,,,,,,,,,,,,,,,,,,,,C:\c++\test2\results\article_code_comparison\raw_results.csv,article_runner_filename_mismatch_R1_expected_1.0
1100,1.0,0.2,3,D:\test2\results\article_code_comparison\data\1100\SDT_1100_1_0.2_4.txt,D:\test2\results\article_code_comparison,generated_by_project_generator,D:\test2\x64\Release\bm_solver.exe,SOLVED,0,0.0183,58.943,,,1100,216,1830912,ERROR,,53.679,,,1896448,1.098064,,0.965443,NOT_COMPARABLE_ERROR,,,[run] n=1100 seed=3 input=D:\test2\results\article_code_comparison\data\1100\SDT_1100_1_0.2_4.txt decomp=adaptive memo_backend=custom use_ub=0 use_lb=0 terminal_rules=1 position_filtering_enabled=1 enable_lawler_basic_rules=1 enable_simple_lb=0 enable_lb_memo=0 enable_edd_ub=0 ub_depth_limit=-1 lb_depth_limit=-1 terminal_all_tardy_spt=1 terminal_edd_at_most_one_tardy=1 enable_memo=1 enable_exact_memo=1 memo_full_key_verification=1 memo_memory_limit_mb=12288 cost=0 time_ms=0.0183 nodes=1 max_depth=0 memo_hits=0 memo_misses=1 memo_exact_hits=0 memo_lb_hits=0 rule4=1 valid_pos=0 valid_pos_pruned_3a=0 valid_pos_pruned_3b=0 memo_rejected=0 memo_forced_evict=0 lufo_passes=0 terminal_spt=0 terminal_edd=1 memo_peak=1 memo_final=1 memo_evictions=0 memo_clean_time_ms=0 reconstruction_time_ms=0.0063 reconstruction_repairs=0 reconstruction_trace_hits=0 reconstruction_trace_fallbacks=0 memo_used_mb=0.000205994 memo_bytes_per_entry=216,1100,3,D:\test2\results\article_code_comparison\data\1100\SDT_1100_1_0.2_4.txt,adaptive,custom,0,0,1,1,1,0,0,0,-1,-1,1,1,1,1,1,12288,0,,,0.0183,1,0,0,1,0,0,1,0,0,0,0,0,0,0,1,1,1,0,0,0.0063,0,0,0,0.000205994,216,,,,,,,,,,,,,,,,,,,,,,C:\c++\test2\results\article_code_comparison\raw_results.csv,article_runner_filename_mismatch_R1_expected_1.0
1100,1.0,0.2,4,D:\test2\results\article_code_comparison\data\1100\SDT_1100_1_0.2_5.txt,D:\test2\results\article_code_comparison,generated_by_project_generator,D:\test2\x64\Release\bm_solver.exe,SOLVED,0,0.0197,54.173,,,1100,216,2035712,ERROR,,61.464,,,1744896,0.881378,,1.166667,NOT_COMPARABLE_ERROR,,,[run] n=1100 seed=4 input=D:\test2\results\article_code_comparison\data\1100\SDT_1100_1_0.2_5.txt decomp=adaptive memo_backend=custom use_ub=0 use_lb=0 terminal_rules=1 position_filtering_enabled=1 enable_lawler_basic_rules=1 enable_simple_lb=0 enable_lb_memo=0 enable_edd_ub=0 ub_depth_limit=-1 lb_depth_limit=-1 terminal_all_tardy_spt=1 terminal_edd_at_most_one_tardy=1 enable_memo=1 enable_exact_memo=1 memo_full_key_verification=1 memo_memory_limit_mb=12288 cost=0 time_ms=0.0197 nodes=1 max_depth=0 memo_hits=0 memo_misses=1 memo_exact_hits=0 memo_lb_hits=0 rule4=1 valid_pos=0 valid_pos_pruned_3a=0 valid_pos_pruned_3b=0 memo_rejected=0 memo_forced_evict=0 lufo_passes=0 terminal_spt=0 terminal_edd=1 memo_peak=1 memo_final=1 memo_evictions=0 memo_clean_time_ms=0 reconstruction_time_ms=0.006 reconstruction_repairs=0 reconstruction_trace_hits=0 reconstruction_trace_fallbacks=0 memo_used_mb=0.000205994 memo_bytes_per_entry=216,1100,4,D:\test2\results\article_code_comparison\data\1100\SDT_1100_1_0.2_5.txt,adaptive,custom,0,0,1,1,1,0,0,0,-1,-1,1,1,1,1,1,12288,0,,,0.0197,1,0,0,1,0,0,1,0,0,0,0,0,0,0,1,1,1,0,0,0.006,0,0,0,0.000205994,216,,,,,,,,,,,,,,,,,,,,,,C:\c++\test2\results\article_code_comparison\raw_results.csv,article_runner_filename_mismatch_R1_expected_1.0
1100,1.0,0.2,5,D:\test2\results\article_code_comparison\data\1100\SDT_1100_1_0.2_6.txt,D:\test2\results\article_code_comparison,generated_by_project_generator,D:\test2\x64\Release\bm_solver.exe,SOLVED,0,0.0209,56.998,,,1100,216,1810432,ERROR,,53.528,,,1777664,1.064826,,1.018433,NOT_COMPARABLE_ERROR,,,[run] n=1100 seed=5 input=D:\test2\results\article_code_comparison\data\1100\SDT_1100_1_0.2_6.txt decomp=adaptive memo_backend=custom use_ub=0 use_lb=0 terminal_rules=1 position_filtering_enabled=1 enable_lawler_basic_rules=1 enable_simple_lb=0 enable_lb_memo=0 enable_edd_ub=0 ub_depth_limit=-1 lb_depth_limit=-1 terminal_all_tardy_spt=1 terminal_edd_at_most_one_tardy=1 enable_memo=1 enable_exact_memo=1 memo_full_key_verification=1 memo_memory_limit_mb=12288 cost=0 time_ms=0.0209 nodes=1 max_depth=0 memo_hits=0 memo_misses=1 memo_exact_hits=0 memo_lb_hits=0 rule4=1 valid_pos=0 valid_pos_pruned_3a=0 valid_pos_pruned_3b=0 memo_rejected=0 memo_forced_evict=0 lufo_passes=0 terminal_spt=0 terminal_edd=1 memo_peak=1 memo_final=1 memo_evictions=0 memo_clean_time_ms=0 reconstruction_time_ms=0.0062 reconstruction_repairs=0 reconstruction_trace_hits=0 reconstruction_trace_fallbacks=0 memo_used_mb=0.000205994 memo_bytes_per_entry=216,1100,5,D:\test2\results\article_code_comparison\data\1100\SDT_1100_1_0.2_6.txt,adaptive,custom,0,0,1,1,1,0,0,0,-1,-1,1,1,1,1,1,12288,0,,,0.0209,1,0,0,1,0,0,1,0,0,0,0,0,0,0,1,1,1,0,0,0.0062,0,0,0,0.000205994,216,,,,,,,,,,,,,,,,,,,,,,C:\c++\test2\results\article_code_comparison\raw_results.csv,article_runner_filename_mismatch_R1_expected_1.0
1100,1.0,0.2,6,D:\test2\results\article_code_comparison\data\1100\SDT_1100_1_0.2_7.txt,D:\test2\results\article_code_comparison,generated_by_project_generator,D:\test2\x64\Release\bm_solver.exe,SOLVED,0,0.0198,62.487,,,1100,216,1777664,ERROR,,53.309,,,1814528,1.172166,,0.979684,NOT_COMPARABLE_ERROR,,,[run] n=1100 seed=6 input=D:\test2\results\article_code_comparison\data\1100\SDT_1100_1_0.2_7.txt decomp=adaptive memo_backend=custom use_ub=0 use_lb=0 terminal_rules=1 position_filtering_enabled=1 enable_lawler_basic_rules=1 enable_simple_lb=0 enable_lb_memo=0 enable_edd_ub=0 ub_depth_limit=-1 lb_depth_limit=-1 terminal_all_tardy_spt=1 terminal_edd_at_most_one_tardy=1 enable_memo=1 enable_exact_memo=1 memo_full_key_verification=1 memo_memory_limit_mb=12288 cost=0 time_ms=0.0198 nodes=1 max_depth=0 memo_hits=0 memo_misses=1 memo_exact_hits=0 memo_lb_hits=0 rule4=1 valid_pos=0 valid_pos_pruned_3a=0 valid_pos_pruned_3b=0 memo_rejected=0 memo_forced_evict=0 lufo_passes=0 terminal_spt=0 terminal_edd=1 memo_peak=1 memo_final=1 memo_evictions=0 memo_clean_time_ms=0 reconstruction_time_ms=0.0091 reconstruction_repairs=0 reconstruction_trace_hits=0 reconstruction_trace_fallbacks=0 memo_used_mb=0.000205994 memo_bytes_per_entry=216,1100,6,D:\test2\results\article_code_comparison\data\1100\SDT_1100_1_0.2_7.txt,adaptive,custom,0,0,1,1,1,0,0,0,-1,-1,1,1,1,1,1,12288,0,,,0.0198,1,0,0,1,0,0,1,0,0,0,0,0,0,0,1,1,1,0,0,0.0091,0,0,0,0.000205994,216,,,,,,,,,,,,,,,,,,,,,,C:\c++\test2\results\article_code_comparison\raw_results.csv,article_runner_filename_mismatch_R1_expected_1.0
1100,1.0,0.2,7,D:\test2\results\article_code_comparison\data\1100\SDT_1100_1_0.2_8.txt,D:\test2\results\article_code_comparison,generated_by_project_generator,D:\test2\x64\Release\bm_solver.exe,SOLVED,0,0.0199,54.435,,,1100,216,1810432,ERROR,,56.315,,,1765376,0.966616,,1.025522,NOT_COMPARABLE_ERROR,,,[run] n=1100 seed=7 input=D:\test2\results\article_code_comparison\data\1100\SDT_1100_1_0.2_8.txt decomp=adaptive memo_backend=custom use_ub=0 use_lb=0 terminal_rules=1 position_filtering_enabled=1 enable_lawler_basic_rules=1 enable_simple_lb=0 enable_lb_memo=0 enable_edd_ub=0 ub_depth_limit=-1 lb_depth_limit=-1 terminal_all_tardy_spt=1 terminal_edd_at_most_one_tardy=1 enable_memo=1 enable_exact_memo=1 memo_full_key_verification=1 memo_memory_limit_mb=12288 cost=0 time_ms=0.0199 nodes=1 max_depth=0 memo_hits=0 memo_misses=1 memo_exact_hits=0 memo_lb_hits=0 rule4=1 valid_pos=0 valid_pos_pruned_3a=0 valid_pos_pruned_3b=0 memo_rejected=0 memo_forced_evict=0 lufo_passes=0 terminal_spt=0 terminal_edd=1 memo_peak=1 memo_final=1 memo_evictions=0 memo_clean_time_ms=0 reconstruction_time_ms=0.0075 reconstruction_repairs=0 reconstruction_trace_hits=0 reconstruction_trace_fallbacks=0 memo_used_mb=0.000205994 memo_bytes_per_entry=216,1100,7,D:\test2\results\article_code_comparison\data\1100\SDT_1100_1_0.2_8.txt,adaptive,custom,0,0,1,1,1,0,0,0,-1,-1,1,1,1,1,1,12288,0,,,0.0199,1,0,0,1,0,0,1,0,0,0,0,0,0,0,1,1,1,0,0,0.0075,0,0,0,0.000205994,216,,,,,,,,,,,,,,,,,,,,,,C:\c++\test2\results\article_code_comparison\raw_results.csv,article_runner_filename_mismatch_R1_expected_1.0
1100,1.0,0.2,8,D:\test2\results\article_code_comparison\data\1100\SDT_1100_1_0.2_9.txt,D:\test2\results\article_code_comparison,generated_by_project_generator,D:\test2\x64\Release\bm_solver.exe,SOLVED,0,0.0192,55.018,,,1100,216,1875968,ERROR,,61.315,,,1880064,0.897301,,0.997821,NOT_COMPARABLE_ERROR,,,[run] n=1100 seed=8 input=D:\test2\results\article_code_comparison\data\1100\SDT_1100_1_0.2_9.txt decomp=adaptive memo_backend=custom use_ub=0 use_lb=0 terminal_rules=1 position_filtering_enabled=1 enable_lawler_basic_rules=1 enable_simple_lb=0 enable_lb_memo=0 enable_edd_ub=0 ub_depth_limit=-1 lb_depth_limit=-1 terminal_all_tardy_spt=1 terminal_edd_at_most_one_tardy=1 enable_memo=1 enable_exact_memo=1 memo_full_key_verification=1 memo_memory_limit_mb=12288 cost=0 time_ms=0.0192 nodes=1 max_depth=0 memo_hits=0 memo_misses=1 memo_exact_hits=0 memo_lb_hits=0 rule4=1 valid_pos=0 valid_pos_pruned_3a=0 valid_pos_pruned_3b=0 memo_rejected=0 memo_forced_evict=0 lufo_passes=0 terminal_spt=0 terminal_edd=1 memo_peak=1 memo_final=1 memo_evictions=0 memo_clean_time_ms=0 reconstruction_time_ms=0.0059 reconstruction_repairs=0 reconstruction_trace_hits=0 reconstruction_trace_fallbacks=0 memo_used_mb=0.000205994 memo_bytes_per_entry=216,1100,8,D:\test2\results\article_code_comparison\data\1100\SDT_1100_1_0.2_9.txt,adaptive,custom,0,0,1,1,1,0,0,0,-1,-1,1,1,1,1,1,12288,0,,,0.0192,1,0,0,1,0,0,1,0,0,0,0,0,0,0,1,1,1,0,0,0.0059,0,0,0,0.000205994,216,,,,,,,,,,,,,,,,,,,,,,C:\c++\test2\results\article_code_comparison\raw_results.csv,article_runner_filename_mismatch_R1_expected_1.0
1100,1.0,0.2,9,D:\test2\results\article_code_comparison\data\1100\SDT_1100_1_0.2_10.txt,D:\test2\results\article_code_comparison,generated_by_project_generator,D:\test2\x64\Release\bm_solver.exe,SOLVED,0,0.023,62.874,,,1100,216,1810432,ERROR,,53.568,,,1781760,1.173723,,1.016092,NOT_COMPARABLE_ERROR,,,[run] n=1100 seed=9 input=D:\test2\results\article_code_comparison\data\1100\SDT_1100_1_0.2_10.txt decomp=adaptive memo_backend=custom use_ub=0 use_lb=0 terminal_rules=1 position_filtering_enabled=1 enable_lawler_basic_rules=1 enable_simple_lb=0 enable_lb_memo=0 enable_edd_ub=0 ub_depth_limit=-1 lb_depth_limit=-1 terminal_all_tardy_spt=1 terminal_edd_at_most_one_tardy=1 enable_memo=1 enable_exact_memo=1 memo_full_key_verification=1 memo_memory_limit_mb=12288 cost=0 time_ms=0.023 nodes=1 max_depth=0 memo_hits=0 memo_misses=1 memo_exact_hits=0 memo_lb_hits=0 rule4=1 valid_pos=0 valid_pos_pruned_3a=0 valid_pos_pruned_3b=0 memo_rejected=0 memo_forced_evict=0 lufo_passes=0 terminal_spt=0 terminal_edd=1 memo_peak=1 memo_final=1 memo_evictions=0 memo_clean_time_ms=0 reconstruction_time_ms=0.0059 reconstruction_repairs=0 reconstruction_trace_hits=0 reconstruction_trace_fallbacks=0 memo_used_mb=0.000205994 memo_bytes_per_entry=216,1100,9,D:\test2\results\article_code_comparison\data\1100\SDT_1100_1_0.2_10.txt,adaptive,custom,0,0,1,1,1,0,0,0,-1,-1,1,1,1,1,1,12288,0,,,0.023,1,0,0,1,0,0,1,0,0,0,0,0,0,0,1,1,1,0,0,0.0059,0,0,0,0.000205994,216,,,,,,,,,,,,,,,,,,,,,,C:\c++\test2\results\article_code_comparison\raw_results.csv,article_runner_filename_mismatch_R1_expected_1.0
1100,1.0,0.4,0,D:\test2\results\article_code_comparison\data\1100\SDT_1100_1_0.4_1.txt,D:\test2\results\article_code_comparison,generated_by_project_generator,D:\test2\x64\Release\bm_solver.exe,SOLVED,0,0.02,53.426,,,1100,216,1867776,ERROR,,59.384,,,1769472,0.89967,,1.055556,NOT_COMPARABLE_ERROR,,,[run] n=1100 seed=0 input=D:\test2\results\article_code_comparison\data\1100\SDT_1100_1_0.4_1.txt decomp=adaptive memo_backend=custom use_ub=0 use_lb=0 terminal_rules=1 position_filtering_enabled=1 enable_lawler_basic_rules=1 enable_simple_lb=0 enable_lb_memo=0 enable_edd_ub=0 ub_depth_limit=-1 lb_depth_limit=-1 terminal_all_tardy_spt=1 terminal_edd_at_most_one_tardy=1 enable_memo=1 enable_exact_memo=1 memo_full_key_verification=1 memo_memory_limit_mb=12288 cost=0 time_ms=0.02 nodes=1 max_depth=0 memo_hits=0 memo_misses=1 memo_exact_hits=0 memo_lb_hits=0 rule4=1 valid_pos=0 valid_pos_pruned_3a=0 valid_pos_pruned_3b=0 memo_rejected=0 memo_forced_evict=0 lufo_passes=0 terminal_spt=0 terminal_edd=1 memo_peak=1 memo_final=1 memo_evictions=0 memo_clean_time_ms=0 reconstruction_time_ms=0.0077 reconstruction_repairs=0 reconstruction_trace_hits=0 reconstruction_trace_fallbacks=0 memo_used_mb=0.000205994 memo_bytes_per_entry=216,1100,0,D:\test2\results\article_code_comparison\data\1100\SDT_1100_1_0.4_1.txt,adaptive,custom,0,0,1,1,1,0,0,0,-1,-1,1,1,1,1,1,12288,0,,,0.02,1,0,0,1,0,0,1,0,0,0,0,0,0,0,1,1,1,0,0,0.0077,0,0,0,0.000205994,216,,,,,,,,,,,,,,,,,,,,,,C:\c++\test2\results\article_code_comparison\raw_results.csv,article_runner_filename_mismatch_R1_expected_1.0
1100,1.0,0.4,1,D:\test2\results\article_code_comparison\data\1100\SDT_1100_1_0.4_2.txt,D:\test2\results\article_code_comparison,generated_by_project_generator,D:\test2\x64\Release\bm_solver.exe,SOLVED,0,0.0196,59.601,,,1100,216,1757184,ERROR,,55.086,,,1814528,1.081963,,0.968397,NOT_COMPARABLE_ERROR,,,[run] n=1100 seed=1 input=D:\test2\results\article_code_comparison\data\1100\SDT_1100_1_0.4_2.txt decomp=adaptive memo_backend=custom use_ub=0 use_lb=0 terminal_rules=1 position_filtering_enabled=1 enable_lawler_basic_rules=1 enable_simple_lb=0 enable_lb_memo=0 enable_edd_ub=0 ub_depth_limit=-1 lb_depth_limit=-1 terminal_all_tardy_spt=1 terminal_edd_at_most_one_tardy=1 enable_memo=1 enable_exact_memo=1 memo_full_key_verification=1 memo_memory_limit_mb=12288 cost=0 time_ms=0.0196 nodes=1 max_depth=0 memo_hits=0 memo_misses=1 memo_exact_hits=0 memo_lb_hits=0 rule4=1 valid_pos=0 valid_pos_pruned_3a=0 valid_pos_pruned_3b=0 memo_rejected=0 memo_forced_evict=0 lufo_passes=0 terminal_spt=0 terminal_edd=1 memo_peak=1 memo_final=1 memo_evictions=0 memo_clean_time_ms=0 reconstruction_time_ms=0.0064 reconstruction_repairs=0 reconstruction_trace_hits=0 reconstruction_trace_fallbacks=0 memo_used_mb=0.000205994 memo_bytes_per_entry=216,1100,1,D:\test2\results\article_code_comparison\data\1100\SDT_1100_1_0.4_2.txt,adaptive,custom,0,0,1,1,1,0,0,0,-1,-1,1,1,1,1,1,12288,0,,,0.0196,1,0,0,1,0,0,1,0,0,0,0,0,0,0,1,1,1,0,0,0.0064,0,0,0,0.000205994,216,,,,,,,,,,,,,,,,,,,,,,C:\c++\test2\results\article_code_comparison\raw_results.csv,article_runner_filename_mismatch_R1_expected_1.0
1100,1.0,0.4,2,D:\test2\results\article_code_comparison\data\1100\SDT_1100_1_0.4_3.txt,D:\test2\results\article_code_comparison,generated_by_project_generator,D:\test2\x64\Release\bm_solver.exe,SOLVED,0,0.0219,59.803,,,1100,216,1777664,ERROR,,54.69,,,1810432,1.093491,,0.9819,NOT_COMPARABLE_ERROR,,,[run] n=1100 seed=2 input=D:\test2\results\article_code_comparison\data\1100\SDT_1100_1_0.4_3.txt decomp=adaptive memo_backend=custom use_ub=0 use_lb=0 terminal_rules=1 position_filtering_enabled=1 enable_lawler_basic_rules=1 enable_simple_lb=0 enable_lb_memo=0 enable_edd_ub=0 ub_depth_limit=-1 lb_depth_limit=-1 terminal_all_tardy_spt=1 terminal_edd_at_most_one_tardy=1 enable_memo=1 enable_exact_memo=1 memo_full_key_verification=1 memo_memory_limit_mb=12288 cost=0 time_ms=0.0219 nodes=1 max_depth=0 memo_hits=0 memo_misses=1 memo_exact_hits=0 memo_lb_hits=0 rule4=1 valid_pos=0 valid_pos_pruned_3a=0 valid_pos_pruned_3b=0 memo_rejected=0 memo_forced_evict=0 lufo_passes=0 terminal_spt=0 terminal_edd=1 memo_peak=1 memo_final=1 memo_evictions=0 memo_clean_time_ms=0 reconstruction_time_ms=0.006 reconstruction_repairs=0 reconstruction_trace_hits=0 reconstruction_trace_fallbacks=0 memo_used_mb=0.000205994 memo_bytes_per_entry=216,1100,2,D:\test2\results\article_code_comparison\data\1100\SDT_1100_1_0.4_3.txt,adaptive,custom,0,0,1,1,1,0,0,0,-1,-1,1,1,1,1,1,12288,0,,,0.0219,1,0,0,1,0,0,1,0,0,0,0,0,0,0,1,1,1,0,0,0.006,0,0,0,0.000205994,216,,,,,,,,,,,,,,,,,,,,,,C:\c++\test2\results\article_code_comparison\raw_results.csv,article_runner_filename_mismatch_R1_expected_1.0
1100,1.0,0.4,3,D:\test2\results\article_code_comparison\data\1100\SDT_1100_1_0.4_4.txt,D:\test2\results\article_code_comparison,generated_by_project_generator,D:\test2\x64\Release\bm_solver.exe,SOLVED,0,0.0199,53.899,,,1100,216,1744896,ERROR,,63.057,,,1945600,0.854766,,0.896842,NOT_COMPARABLE_ERROR,,,[run] n=1100 seed=3 input=D:\test2\results\article_code_comparison\data\1100\SDT_1100_1_0.4_4.txt decomp=adaptive memo_backend=custom use_ub=0 use_lb=0 terminal_rules=1 position_filtering_enabled=1 enable_lawler_basic_rules=1 enable_simple_lb=0 enable_lb_memo=0 enable_edd_ub=0 ub_depth_limit=-1 lb_depth_limit=-1 terminal_all_tardy_spt=1 terminal_edd_at_most_one_tardy=1 enable_memo=1 enable_exact_memo=1 memo_full_key_verification=1 memo_memory_limit_mb=12288 cost=0 time_ms=0.0199 nodes=1 max_depth=0 memo_hits=0 memo_misses=1 memo_exact_hits=0 memo_lb_hits=0 rule4=1 valid_pos=0 valid_pos_pruned_3a=0 valid_pos_pruned_3b=0 memo_rejected=0 memo_forced_evict=0 lufo_passes=0 terminal_spt=0 terminal_edd=1 memo_peak=1 memo_final=1 memo_evictions=0 memo_clean_time_ms=0 reconstruction_time_ms=0.006 reconstruction_repairs=0 reconstruction_trace_hits=0 reconstruction_trace_fallbacks=0 memo_used_mb=0.000205994 memo_bytes_per_entry=216,1100,3,D:\test2\results\article_code_comparison\data\1100\SDT_1100_1_0.4_4.txt,adaptive,custom,0,0,1,1,1,0,0,0,-1,-1,1,1,1,1,1,12288,0,,,0.0199,1,0,0,1,0,0,1,0,0,0,0,0,0,0,1,1,1,0,0,0.006,0,0,0,0.000205994,216,,,,,,,,,,,,,,,,,,,,,,C:\c++\test2\results\article_code_comparison\raw_results.csv,article_runner_filename_mismatch_R1_expected_1.0
1100,1.0,0.4,4,D:\test2\results\article_code_comparison\data\1100\SDT_1100_1_0.4_5.txt,D:\test2\results\article_code_comparison,generated_by_project_generator,D:\test2\x64\Release\bm_solver.exe,SOLVED,0,0.0203,56.777,,,1100,216,1814528,ERROR,,59.87,,,1871872,0.948338,,0.969365,NOT_COMPARABLE_ERROR,,,[run] n=1100 seed=4 input=D:\test2\results\article_code_comparison\data\1100\SDT_1100_1_0.4_5.txt decomp=adaptive memo_backend=custom use_ub=0 use_lb=0 terminal_rules=1 position_filtering_enabled=1 enable_lawler_basic_rules=1 enable_simple_lb=0 enable_lb_memo=0 enable_edd_ub=0 ub_depth_limit=-1 lb_depth_limit=-1 terminal_all_tardy_spt=1 terminal_edd_at_most_one_tardy=1 enable_memo=1 enable_exact_memo=1 memo_full_key_verification=1 memo_memory_limit_mb=12288 cost=0 time_ms=0.0203 nodes=1 max_depth=0 memo_hits=0 memo_misses=1 memo_exact_hits=0 memo_lb_hits=0 rule4=1 valid_pos=0 valid_pos_pruned_3a=0 valid_pos_pruned_3b=0 memo_rejected=0 memo_forced_evict=0 lufo_passes=0 terminal_spt=0 terminal_edd=1 memo_peak=1 memo_final=1 memo_evictions=0 memo_clean_time_ms=0 reconstruction_time_ms=0.006 reconstruction_repairs=0 reconstruction_trace_hits=0 reconstruction_trace_fallbacks=0 memo_used_mb=0.000205994 memo_bytes_per_entry=216,1100,4,D:\test2\results\article_code_comparison\data\1100\SDT_1100_1_0.4_5.txt,adaptive,custom,0,0,1,1,1,0,0,0,-1,-1,1,1,1,1,1,12288,0,,,0.0203,1,0,0,1,0,0,1,0,0,0,0,0,0,0,1,1,1,0,0,0.006,0,0,0,0.000205994,216,,,,,,,,,,,,,,,,,,,,,,C:\c++\test2\results\article_code_comparison\raw_results.csv,article_runner_filename_mismatch_R1_expected_1.0
1100,1.0,0.4,5,D:\test2\results\article_code_comparison\data\1100\SDT_1100_1_0.4_6.txt,D:\test2\results\article_code_comparison,generated_by_project_generator,D:\test2\x64\Release\bm_solver.exe,SOLVED,0,0.0201,53.482,,,1100,216,1728512,ERROR,,59.607,,,1814528,0.897244,,0.952596,NOT_COMPARABLE_ERROR,,,[run] n=1100 seed=5 input=D:\test2\results\article_code_comparison\data\1100\SDT_1100_1_0.4_6.txt decomp=adaptive memo_backend=custom use_ub=0 use_lb=0 terminal_rules=1 position_filtering_enabled=1 enable_lawler_basic_rules=1 enable_simple_lb=0 enable_lb_memo=0 enable_edd_ub=0 ub_depth_limit=-1 lb_depth_limit=-1 terminal_all_tardy_spt=1 terminal_edd_at_most_one_tardy=1 enable_memo=1 enable_exact_memo=1 memo_full_key_verification=1 memo_memory_limit_mb=12288 cost=0 time_ms=0.0201 nodes=1 max_depth=0 memo_hits=0 memo_misses=1 memo_exact_hits=0 memo_lb_hits=0 rule4=1 valid_pos=0 valid_pos_pruned_3a=0 valid_pos_pruned_3b=0 memo_rejected=0 memo_forced_evict=0 lufo_passes=0 terminal_spt=0 terminal_edd=1 memo_peak=1 memo_final=1 memo_evictions=0 memo_clean_time_ms=0 reconstruction_time_ms=0.0063 reconstruction_repairs=0 reconstruction_trace_hits=0 reconstruction_trace_fallbacks=0 memo_used_mb=0.000205994 memo_bytes_per_entry=216,1100,5,D:\test2\results\article_code_comparison\data\1100\SDT_1100_1_0.4_6.txt,adaptive,custom,0,0,1,1,1,0,0,0,-1,-1,1,1,1,1,1,12288,0,,,0.0201,1,0,0,1,0,0,1,0,0,0,0,0,0,0,1,1,1,0,0,0.0063,0,0,0,0.000205994,216,,,,,,,,,,,,,,,,,,,,,,C:\c++\test2\results\article_code_comparison\raw_results.csv,article_runner_filename_mismatch_R1_expected_1.0
1100,1.0,0.4,6,D:\test2\results\article_code_comparison\data\1100\SDT_1100_1_0.4_7.txt,D:\test2\results\article_code_comparison,generated_by_project_generator,D:\test2\x64\Release\bm_solver.exe,SOLVED,0,0.0192,58.985,,,1100,216,1794048,ERROR,,53.458,,,1814528,1.10339,,0.988713,NOT_COMPARABLE_ERROR,,,[run] n=1100 seed=6 input=D:\test2\results\article_code_comparison\data\1100\SDT_1100_1_0.4_7.txt decomp=adaptive memo_backend=custom use_ub=0 use_lb=0 terminal_rules=1 position_filtering_enabled=1 enable_lawler_basic_rules=1 enable_simple_lb=0 enable_lb_memo=0 enable_edd_ub=0 ub_depth_limit=-1 lb_depth_limit=-1 terminal_all_tardy_spt=1 terminal_edd_at_most_one_tardy=1 enable_memo=1 enable_exact_memo=1 memo_full_key_verification=1 memo_memory_limit_mb=12288 cost=0 time_ms=0.0192 nodes=1 max_depth=0 memo_hits=0 memo_misses=1 memo_exact_hits=0 memo_lb_hits=0 rule4=1 valid_pos=0 valid_pos_pruned_3a=0 valid_pos_pruned_3b=0 memo_rejected=0 memo_forced_evict=0 lufo_passes=0 terminal_spt=0 terminal_edd=1 memo_peak=1 memo_final=1 memo_evictions=0 memo_clean_time_ms=0 reconstruction_time_ms=0.0066 reconstruction_repairs=0 reconstruction_trace_hits=0 reconstruction_trace_fallbacks=0 memo_used_mb=0.000205994 memo_bytes_per_entry=216,1100,6,D:\test2\results\article_code_comparison\data\1100\SDT_1100_1_0.4_7.txt,adaptive,custom,0,0,1,1,1,0,0,0,-1,-1,1,1,1,1,1,12288,0,,,0.0192,1,0,0,1,0,0,1,0,0,0,0,0,0,0,1,1,1,0,0,0.0066,0,0,0,0.000205994,216,,,,,,,,,,,,,,,,,,,,,,C:\c++\test2\results\article_code_comparison\raw_results.csv,article_runner_filename_mismatch_R1_expected_1.0
1100,1.0,0.4,7,D:\test2\results\article_code_comparison\data\1100\SDT_1100_1_0.4_8.txt,D:\test2\results\article_code_comparison,generated_by_project_generator,D:\test2\x64\Release\bm_solver.exe,SOLVED,0,0.0208,62.533,,,1100,216,2396160,ERROR,,60.736,,,1798144,1.029587,,1.332574,NOT_COMPARABLE_ERROR,,,[run] n=1100 seed=7 input=D:\test2\results\article_code_comparison\data\1100\SDT_1100_1_0.4_8.txt decomp=adaptive memo_backend=custom use_ub=0 use_lb=0 terminal_rules=1 position_filtering_enabled=1 enable_lawler_basic_rules=1 enable_simple_lb=0 enable_lb_memo=0 enable_edd_ub=0 ub_depth_limit=-1 lb_depth_limit=-1 terminal_all_tardy_spt=1 terminal_edd_at_most_one_tardy=1 enable_memo=1 enable_exact_memo=1 memo_full_key_verification=1 memo_memory_limit_mb=12288 cost=0 time_ms=0.0208 nodes=1 max_depth=0 memo_hits=0 memo_misses=1 memo_exact_hits=0 memo_lb_hits=0 rule4=1 valid_pos=0 valid_pos_pruned_3a=0 valid_pos_pruned_3b=0 memo_rejected=0 memo_forced_evict=0 lufo_passes=0 terminal_spt=0 terminal_edd=1 memo_peak=1 memo_final=1 memo_evictions=0 memo_clean_time_ms=0 reconstruction_time_ms=0.0063 reconstruction_repairs=0 reconstruction_trace_hits=0 reconstruction_trace_fallbacks=0 memo_used_mb=0.000205994 memo_bytes_per_entry=216,1100,7,D:\test2\results\article_code_comparison\data\1100\SDT_1100_1_0.4_8.txt,adaptive,custom,0,0,1,1,1,0,0,0,-1,-1,1,1,1,1,1,12288,0,,,0.0208,1,0,0,1,0,0,1,0,0,0,0,0,0,0,1,1,1,0,0,0.0063,0,0,0,0.000205994,216,,,,,,,,,,,,,,,,,,,,,,C:\c++\test2\results\article_code_comparison\raw_results.csv,article_runner_filename_mismatch_R1_expected_1.0
1100,1.0,0.4,8,D:\test2\results\article_code_comparison\data\1100\SDT_1100_1_0.4_9.txt,D:\test2\results\article_code_comparison,generated_by_project_generator,D:\test2\x64\Release\bm_solver.exe,SOLVED,0,0.0192,53.815,,,1100,216,1777664,ERROR,,55.527,,,1814528,0.969168,,0.979684,NOT_COMPARABLE_ERROR,,,[run] n=1100 seed=8 input=D:\test2\results\article_code_comparison\data\1100\SDT_1100_1_0.4_9.txt decomp=adaptive memo_backend=custom use_ub=0 use_lb=0 terminal_rules=1 position_filtering_enabled=1 enable_lawler_basic_rules=1 enable_simple_lb=0 enable_lb_memo=0 enable_edd_ub=0 ub_depth_limit=-1 lb_depth_limit=-1 terminal_all_tardy_spt=1 terminal_edd_at_most_one_tardy=1 enable_memo=1 enable_exact_memo=1 memo_full_key_verification=1 memo_memory_limit_mb=12288 cost=0 time_ms=0.0192 nodes=1 max_depth=0 memo_hits=0 memo_misses=1 memo_exact_hits=0 memo_lb_hits=0 rule4=1 valid_pos=0 valid_pos_pruned_3a=0 valid_pos_pruned_3b=0 memo_rejected=0 memo_forced_evict=0 lufo_passes=0 terminal_spt=0 terminal_edd=1 memo_peak=1 memo_final=1 memo_evictions=0 memo_clean_time_ms=0 reconstruction_time_ms=0.0072 reconstruction_repairs=0 reconstruction_trace_hits=0 reconstruction_trace_fallbacks=0 memo_used_mb=0.000205994 memo_bytes_per_entry=216,1100,8,D:\test2\results\article_code_comparison\data\1100\SDT_1100_1_0.4_9.txt,adaptive,custom,0,0,1,1,1,0,0,0,-1,-1,1,1,1,1,1,12288,0,,,0.0192,1,0,0,1,0,0,1,0,0,0,0,0,0,0,1,1,1,0,0,0.0072,0,0,0,0.000205994,216,,,,,,,,,,,,,,,,,,,,,,C:\c++\test2\results\article_code_comparison\raw_results.csv,article_runner_filename_mismatch_R1_expected_1.0
1100,1.0,0.4,9,D:\test2\results\article_code_comparison\data\1100\SDT_1100_1_0.4_10.txt,D:\test2\results\article_code_comparison,generated_by_project_generator,D:\test2\x64\Release\bm_solver.exe,SOLVED,0,0.0229,62.246,,,1100,216,1769472,ERROR,,53.55,,,1728512,1.16239,,1.023697,NOT_COMPARABLE_ERROR,,,[run] n=1100 seed=9 input=D:\test2\results\article_code_comparison\data\1100\SDT_1100_1_0.4_10.txt decomp=adaptive memo_backend=custom use_ub=0 use_lb=0 terminal_rules=1 position_filtering_enabled=1 enable_lawler_basic_rules=1 enable_simple_lb=0 enable_lb_memo=0 enable_edd_ub=0 ub_depth_limit=-1 lb_depth_limit=-1 terminal_all_tardy_spt=1 terminal_edd_at_most_one_tardy=1 enable_memo=1 enable_exact_memo=1 memo_full_key_verification=1 memo_memory_limit_mb=12288 cost=0 time_ms=0.0229 nodes=1 max_depth=0 memo_hits=0 memo_misses=1 memo_exact_hits=0 memo_lb_hits=0 rule4=1 valid_pos=0 valid_pos_pruned_3a=0 valid_pos_pruned_3b=0 memo_rejected=0 memo_forced_evict=0 lufo_passes=0 terminal_spt=0 terminal_edd=1 memo_peak=1 memo_final=1 memo_evictions=0 memo_clean_time_ms=0 reconstruction_time_ms=0.0061 reconstruction_repairs=0 reconstruction_trace_hits=0 reconstruction_trace_fallbacks=0 memo_used_mb=0.000205994 memo_bytes_per_entry=216,1100,9,D:\test2\results\article_code_comparison\data\1100\SDT_1100_1_0.4_10.txt,adaptive,custom,0,0,1,1,1,0,0,0,-1,-1,1,1,1,1,1,12288,0,,,0.0229,1,0,0,1,0,0,1,0,0,0,0,0,0,0,1,1,1,0,0,0.0061,0,0,0,0.000205994,216,,,,,,,,,,,,,,,,,,,,,,C:\c++\test2\results\article_code_comparison\raw_results.csv,article_runner_filename_mismatch_R1_expected_1.0
1100,1.0,0.6,0,D:\test2\results\article_code_comparison\data\1100\SDT_1100_1_0.6_1.txt,D:\test2\results\article_code_comparison,generated_by_project_generator,D:\test2\x64\Release\bm_solver.exe,SOLVED,3461893,20.505,104.239,,,1100,1649316,20750336,ERROR,,53.258,,,1785856,1.957246,,11.619266,NOT_COMPARABLE_ERROR,,,[run] n=1100 seed=0 input=D:\test2\results\article_code_comparison\data\1100\SDT_1100_1_0.6_1.txt decomp=adaptive memo_backend=custom use_ub=0 use_lb=0 terminal_rules=1 position_filtering_enabled=1 enable_lawler_basic_rules=1 enable_simple_lb=0 enable_lb_memo=0 enable_edd_ub=0 ub_depth_limit=-1 lb_depth_limit=-1 terminal_all_tardy_spt=1 terminal_edd_at_most_one_tardy=1 enable_memo=1 enable_exact_memo=1 memo_full_key_verification=1 memo_memory_limit_mb=12288 cost=3461893 time_ms=20.505 nodes=5572 max_depth=1099 memo_hits=1588 memo_misses=11143 memo_exact_hits=1588 memo_lb_hits=0 rule4=1 valid_pos=200165 valid_pos_pruned_3a=0 valid_pos_pruned_3b=0 memo_rejected=0 memo_forced_evict=0 lufo_passes=0 terminal_spt=38 terminal_edd=1470 memo_peak=5572 memo_final=5572 memo_evictions=0 memo_clean_time_ms=0 reconstruction_time_ms=3.438 reconstruction_repairs=0 reconstruction_trace_hits=587 reconstruction_trace_fallbacks=0 memo_used_mb=1.57291 memo_bytes_per_entry=296,1100,0,D:\test2\results\article_code_comparison\data\1100\SDT_1100_1_0.6_1.txt,adaptive,custom,0,0,1,1,1,0,0,0,-1,-1,1,1,1,1,1,12288,3461893,,,20.505,5572,1099,1588,11143,1588,0,1,200165,0,0,0,0,0,38,1470,5572,5572,0,0,3.438,0,587,0,1.57291,296,,,,,,,,,,,,,,,,,,,,,,C:\c++\test2\results\article_code_comparison\raw_results.csv,article_runner_filename_mismatch_R1_expected_1.0
1100,1.0,0.6,1,D:\test2\results\article_code_comparison\data\1100\SDT_1100_1_0.6_2.txt,D:\test2\results\article_code_comparison,generated_by_project_generator,D:\test2\x64\Release\bm_solver.exe,SOLVED,3157522,19.3569,59.541,,,1100,1257998,1720320,ERROR,,53.383,,,1781760,1.115355,,0.965517,NOT_COMPARABLE_ERROR,,,[run] n=1100 seed=1 input=D:\test2\results\article_code_comparison\data\1100\SDT_1100_1_0.6_2.txt decomp=adaptive memo_backend=custom use_ub=0 use_lb=0 terminal_rules=1 position_filtering_enabled=1 enable_lawler_basic_rules=1 enable_simple_lb=0 enable_lb_memo=0 enable_edd_ub=0 ub_depth_limit=-1 lb_depth_limit=-1 terminal_all_tardy_spt=1 terminal_edd_at_most_one_tardy=1 enable_memo=1 enable_exact_memo=1 memo_full_key_verification=1 memo_memory_limit_mb=12288 cost=3157522 time_ms=19.3569 nodes=4250 max_depth=1099 memo_hits=1421 memo_misses=8499 memo_exact_hits=1421 memo_lb_hits=0 rule4=1 valid_pos=176744 valid_pos_pruned_3a=0 valid_pos_pruned_3b=0 memo_rejected=0 memo_forced_evict=0 lufo_passes=0 terminal_spt=51 terminal_edd=1168 memo_peak=4250 memo_final=4250 memo_evictions=0 memo_clean_time_ms=0 reconstruction_time_ms=3.8161 reconstruction_repairs=0 reconstruction_trace_hits=631 reconstruction_trace_fallbacks=0 memo_used_mb=1.19972 memo_bytes_per_entry=296,1100,1,D:\test2\results\article_code_comparison\data\1100\SDT_1100_1_0.6_2.txt,adaptive,custom,0,0,1,1,1,0,0,0,-1,-1,1,1,1,1,1,12288,3157522,,,19.3569,4250,1099,1421,8499,1421,0,1,176744,0,0,0,0,0,51,1168,4250,4250,0,0,3.8161,0,631,0,1.19972,296,,,,,,,,,,,,,,,,,,,,,,C:\c++\test2\results\article_code_comparison\raw_results.csv,article_runner_filename_mismatch_R1_expected_1.0
1100,1.0,0.6,2,D:\test2\results\article_code_comparison\data\1100\SDT_1100_1_0.6_3.txt,D:\test2\results\article_code_comparison,generated_by_project_generator,D:\test2\x64\Release\bm_solver.exe,SOLVED,3039494,33.3515,116.381,,,1100,1376403,39256064,ERROR,,60.164,,,1785856,1.934396,,21.981651,NOT_COMPARABLE_ERROR,,,[run] n=1100 seed=2 input=D:\test2\results\article_code_comparison\data\1100\SDT_1100_1_0.6_3.txt decomp=adaptive memo_backend=custom use_ub=0 use_lb=0 terminal_rules=1 position_filtering_enabled=1 enable_lawler_basic_rules=1 enable_simple_lb=0 enable_lb_memo=0 enable_edd_ub=0 ub_depth_limit=-1 lb_depth_limit=-1 terminal_all_tardy_spt=1 terminal_edd_at_most_one_tardy=1 enable_memo=1 enable_exact_memo=1 memo_full_key_verification=1 memo_memory_limit_mb=12288 cost=3039494 time_ms=33.3515 nodes=4650 max_depth=1099 memo_hits=1102 memo_misses=9299 memo_exact_hits=1102 memo_lb_hits=0 rule4=1 valid_pos=382382 valid_pos_pruned_3a=0 valid_pos_pruned_3b=0 memo_rejected=0 memo_forced_evict=0 lufo_passes=0 terminal_spt=37 terminal_edd=1179 memo_peak=4650 memo_final=4650 memo_evictions=0 memo_clean_time_ms=0 reconstruction_time_ms=3.3047 reconstruction_repairs=0 reconstruction_trace_hits=616 reconstruction_trace_fallbacks=0 memo_used_mb=1.31264 memo_bytes_per_entry=296,1100,2,D:\test2\results\article_code_comparison\data\1100\SDT_1100_1_0.6_3.txt,adaptive,custom,0,0,1,1,1,0,0,0,-1,-1,1,1,1,1,1,12288,3039494,,,33.3515,4650,1099,1102,9299,1102,0,1,382382,0,0,0,0,0,37,1179,4650,4650,0,0,3.3047,0,616,0,1.31264,296,,,,,,,,,,,,,,,,,,,,,,C:\c++\test2\results\article_code_comparison\raw_results.csv,article_runner_filename_mismatch_R1_expected_1.0
1100,1.0,0.6,3,D:\test2\results\article_code_comparison\data\1100\SDT_1100_1_0.6_4.txt,D:\test2\results\article_code_comparison,generated_by_project_generator,D:\test2\x64\Release\bm_solver.exe,SOLVED,3104060,12.3937,55.1,,,1100,945720,2019328,ERROR,,53.397,,,1781760,1.031893,,1.133333,NOT_COMPARABLE_ERROR,,,[run] n=1100 seed=3 input=D:\test2\results\article_code_comparison\data\1100\SDT_1100_1_0.6_4.txt decomp=adaptive memo_backend=custom use_ub=0 use_lb=0 terminal_rules=1 position_filtering_enabled=1 enable_lawler_basic_rules=1 enable_simple_lb=0 enable_lb_memo=0 enable_edd_ub=0 ub_depth_limit=-1 lb_depth_limit=-1 terminal_all_tardy_spt=1 terminal_edd_at_most_one_tardy=1 enable_memo=1 enable_exact_memo=1 memo_full_key_verification=1 memo_memory_limit_mb=12288 cost=3104060 time_ms=12.3937 nodes=3195 max_depth=1099 memo_hits=718 memo_misses=6389 memo_exact_hits=718 memo_lb_hits=0 rule4=1 valid_pos=147871 valid_pos_pruned_3a=0 valid_pos_pruned_3b=0 memo_rejected=0 memo_forced_evict=0 lufo_passes=0 terminal_spt=34 terminal_edd=894 memo_peak=3195 memo_final=3195 memo_evictions=0 memo_clean_time_ms=0 reconstruction_time_ms=3.274 reconstruction_repairs=0 reconstruction_trace_hits=618 reconstruction_trace_fallbacks=0 memo_used_mb=0.901909 memo_bytes_per_entry=296,1100,3,D:\test2\results\article_code_comparison\data\1100\SDT_1100_1_0.6_4.txt,adaptive,custom,0,0,1,1,1,0,0,0,-1,-1,1,1,1,1,1,12288,3104060,,,12.3937,3195,1099,718,6389,718,0,1,147871,0,0,0,0,0,34,894,3195,3195,0,0,3.274,0,618,0,0.901909,296,,,,,,,,,,,,,,,,,,,,,,C:\c++\test2\results\article_code_comparison\raw_results.csv,article_runner_filename_mismatch_R1_expected_1.0
1100,1.0,0.6,4,D:\test2\results\article_code_comparison\data\1100\SDT_1100_1_0.6_5.txt,D:\test2\results\article_code_comparison,generated_by_project_generator,D:\test2\x64\Release\bm_solver.exe,SOLVED,3365923,11.9436,61.015,,,1100,761608,1810432,ERROR,,60.666,,,1777664,1.005753,,1.018433,NOT_COMPARABLE_ERROR,,,[run] n=1100 seed=4 input=D:\test2\results\article_code_comparison\data\1100\SDT_1100_1_0.6_5.txt decomp=adaptive memo_backend=custom use_ub=0 use_lb=0 terminal_rules=1 position_filtering_enabled=1 enable_lawler_basic_rules=1 enable_simple_lb=0 enable_lb_memo=0 enable_edd_ub=0 ub_depth_limit=-1 lb_depth_limit=-1 terminal_all_tardy_spt=1 terminal_edd_at_most_one_tardy=1 enable_memo=1 enable_exact_memo=1 memo_full_key_verification=1 memo_memory_limit_mb=12288 cost=3365923 time_ms=11.9436 nodes=2573 max_depth=1099 memo_hits=905 memo_misses=5145 memo_exact_hits=905 memo_lb_hits=0 rule4=1 valid_pos=134077 valid_pos_pruned_3a=0 valid_pos_pruned_3b=0 memo_rejected=0 memo_forced_evict=0 lufo_passes=0 terminal_spt=14 terminal_edd=752 memo_peak=2573 memo_final=2573 memo_evictions=0 memo_clean_time_ms=0 reconstruction_time_ms=3.4802 reconstruction_repairs=0 reconstruction_trace_hits=571 reconstruction_trace_fallbacks=0 memo_used_mb=0.726326 memo_bytes_per_entry=296,1100,4,D:\test2\results\article_code_comparison\data\1100\SDT_1100_1_0.6_5.txt,adaptive,custom,0,0,1,1,1,0,0,0,-1,-1,1,1,1,1,1,12288,3365923,,,11.9436,2573,1099,905,5145,905,0,1,134077,0,0,0,0,0,14,752,2573,2573,0,0,3.4802,0,571,0,0.726326,296,,,,,,,,,,,,,,,,,,,,,,C:\c++\test2\results\article_code_comparison\raw_results.csv,article_runner_filename_mismatch_R1_expected_1.0
1100,1.0,0.6,5,D:\test2\results\article_code_comparison\data\1100\SDT_1100_1_0.6_6.txt,D:\test2\results\article_code_comparison,generated_by_project_generator,D:\test2\x64\Release\bm_solver.exe,SOLVED,3234068,16.8237,59.769,,,1100,1523214,1740800,ERROR,,59.75,,,1781760,1.000318,,0.977011,NOT_COMPARABLE_ERROR,,,[run] n=1100 seed=5 input=D:\test2\results\article_code_comparison\data\1100\SDT_1100_1_0.6_6.txt decomp=adaptive memo_backend=custom use_ub=0 use_lb=0 terminal_rules=1 position_filtering_enabled=1 enable_lawler_basic_rules=1 enable_simple_lb=0 enable_lb_memo=0 enable_edd_ub=0 ub_depth_limit=-1 lb_depth_limit=-1 terminal_all_tardy_spt=1 terminal_edd_at_most_one_tardy=1 enable_memo=1 enable_exact_memo=1 memo_full_key_verification=1 memo_memory_limit_mb=12288 cost=3234068 time_ms=16.8237 nodes=5146 max_depth=1099 memo_hits=1244 memo_misses=10291 memo_exact_hits=1244 memo_lb_hits=0 rule4=1 valid_pos=126128 valid_pos_pruned_3a=0 valid_pos_pruned_3b=0 memo_rejected=0 memo_forced_evict=0 lufo_passes=0 terminal_spt=43 terminal_edd=1393 memo_peak=5146 memo_final=5146 memo_evictions=0 memo_clean_time_ms=0 reconstruction_time_ms=3.4892 reconstruction_repairs=0 reconstruction_trace_hits=601 reconstruction_trace_fallbacks=0 memo_used_mb=1.45265 memo_bytes_per_entry=296,1100,5,D:\test2\results\article_code_comparison\data\1100\SDT_1100_1_0.6_6.txt,adaptive,custom,0,0,1,1,1,0,0,0,-1,-1,1,1,1,1,1,12288,3234068,,,16.8237,5146,1099,1244,10291,1244,0,1,126128,0,0,0,0,0,43,1393,5146,5146,0,0,3.4892,0,601,0,1.45265,296,,,,,,,,,,,,,,,,,,,,,,C:\c++\test2\results\article_code_comparison\raw_results.csv,article_runner_filename_mismatch_R1_expected_1.0
1100,1.0,0.6,6,D:\test2\results\article_code_comparison\data\1100\SDT_1100_1_0.6_7.txt,D:\test2\results\article_code_comparison,generated_by_project_generator,D:\test2\x64\Release\bm_solver.exe,SOLVED,2886041,17.5663,58.894,,,1100,1426724,2224128,ERROR,,53.344,,,1871872,1.104042,,1.188184,NOT_COMPARABLE_ERROR,,,[run] n=1100 seed=6 input=D:\test2\results\article_code_comparison\data\1100\SDT_1100_1_0.6_7.txt decomp=adaptive memo_backend=custom use_ub=0 use_lb=0 terminal_rules=1 position_filtering_enabled=1 enable_lawler_basic_rules=1 enable_simple_lb=0 enable_lb_memo=0 enable_edd_ub=0 ub_depth_limit=-1 lb_depth_limit=-1 terminal_all_tardy_spt=1 terminal_edd_at_most_one_tardy=1 enable_memo=1 enable_exact_memo=1 memo_full_key_verification=1 memo_memory_limit_mb=12288 cost=2886041 time_ms=17.5663 nodes=4820 max_depth=1099 memo_hits=1692 memo_misses=9639 memo_exact_hits=1692 memo_lb_hits=0 rule4=1 valid_pos=153008 valid_pos_pruned_3a=0 valid_pos_pruned_3b=0 memo_rejected=0 memo_forced_evict=0 lufo_passes=0 terminal_spt=62 terminal_edd=1175 memo_peak=4820 memo_final=4820 memo_evictions=0 memo_clean_time_ms=0 reconstruction_time_ms=3.2755 reconstruction_repairs=0 reconstruction_trace_hits=612 reconstruction_trace_fallbacks=0 memo_used_mb=1.36063 memo_bytes_per_entry=296,1100,6,D:\test2\results\article_code_comparison\data\1100\SDT_1100_1_0.6_7.txt,adaptive,custom,0,0,1,1,1,0,0,0,-1,-1,1,1,1,1,1,12288,2886041,,,17.5663,4820,1099,1692,9639,1692,0,1,153008,0,0,0,0,0,62,1175,4820,4820,0,0,3.2755,0,612,0,1.36063,296,,,,,,,,,,,,,,,,,,,,,,C:\c++\test2\results\article_code_comparison\raw_results.csv,article_runner_filename_mismatch_R1_expected_1.0
1100,1.0,0.6,7,D:\test2\results\article_code_comparison\data\1100\SDT_1100_1_0.6_8.txt,D:\test2\results\article_code_comparison,generated_by_project_generator,D:\test2\x64\Release\bm_solver.exe,SOLVED,3066975,11.9637,63.084,,,1100,932993,2355200,ERROR,,53.164,,,1781760,1.186592,,1.321839,NOT_COMPARABLE_ERROR,,,[run] n=1100 seed=7 input=D:\test2\results\article_code_comparison\data\1100\SDT_1100_1_0.6_8.txt decomp=adaptive memo_backend=custom use_ub=0 use_lb=0 terminal_rules=1 position_filtering_enabled=1 enable_lawler_basic_rules=1 enable_simple_lb=0 enable_lb_memo=0 enable_edd_ub=0 ub_depth_limit=-1 lb_depth_limit=-1 terminal_all_tardy_spt=1 terminal_edd_at_most_one_tardy=1 enable_memo=1 enable_exact_memo=1 memo_full_key_verification=1 memo_memory_limit_mb=12288 cost=3066975 time_ms=11.9637 nodes=3152 max_depth=1099 memo_hits=829 memo_misses=6303 memo_exact_hits=829 memo_lb_hits=0 rule4=1 valid_pos=97411 valid_pos_pruned_3a=0 valid_pos_pruned_3b=0 memo_rejected=0 memo_forced_evict=0 lufo_passes=0 terminal_spt=21 terminal_edd=942 memo_peak=3152 memo_final=3152 memo_evictions=0 memo_clean_time_ms=0 reconstruction_time_ms=3.2615 reconstruction_repairs=0 reconstruction_trace_hits=581 reconstruction_trace_fallbacks=0 memo_used_mb=0.889771 memo_bytes_per_entry=296,1100,7,D:\test2\results\article_code_comparison\data\1100\SDT_1100_1_0.6_8.txt,adaptive,custom,0,0,1,1,1,0,0,0,-1,-1,1,1,1,1,1,12288,3066975,,,11.9637,3152,1099,829,6303,829,0,1,97411,0,0,0,0,0,21,942,3152,3152,0,0,3.2615,0,581,0,0.889771,296,,,,,,,,,,,,,,,,,,,,,,C:\c++\test2\results\article_code_comparison\raw_results.csv,article_runner_filename_mismatch_R1_expected_1.0
1100,1.0,0.6,8,D:\test2\results\article_code_comparison\data\1100\SDT_1100_1_0.6_9.txt,D:\test2\results\article_code_comparison,generated_by_project_generator,D:\test2\x64\Release\bm_solver.exe,SOLVED,2759969,10.8655,61.319,,,1100,853368,1875968,ERROR,,62.694,,,1613824,0.978068,,1.162437,NOT_COMPARABLE_ERROR,,,[run] n=1100 seed=8 input=D:\test2\results\article_code_comparison\data\1100\SDT_1100_1_0.6_9.txt decomp=adaptive memo_backend=custom use_ub=0 use_lb=0 terminal_rules=1 position_filtering_enabled=1 enable_lawler_basic_rules=1 enable_simple_lb=0 enable_lb_memo=0 enable_edd_ub=0 ub_depth_limit=-1 lb_depth_limit=-1 terminal_all_tardy_spt=1 terminal_edd_at_most_one_tardy=1 enable_memo=1 enable_exact_memo=1 memo_full_key_verification=1 memo_memory_limit_mb=12288 cost=2759969 time_ms=10.8655 nodes=2883 max_depth=1099 memo_hits=788 memo_misses=5765 memo_exact_hits=788 memo_lb_hits=0 rule4=1 valid_pos=90206 valid_pos_pruned_3a=0 valid_pos_pruned_3b=0 memo_rejected=0 memo_forced_evict=0 lufo_passes=0 terminal_spt=18 terminal_edd=848 memo_peak=2883 memo_final=2883 memo_evictions=0 memo_clean_time_ms=0 reconstruction_time_ms=3.5355 reconstruction_repairs=0 reconstruction_trace_hits=594 reconstruction_trace_fallbacks=0 memo_used_mb=0.813835 memo_bytes_per_entry=296,1100,8,D:\test2\results\article_code_comparison\data\1100\SDT_1100_1_0.6_9.txt,adaptive,custom,0,0,1,1,1,0,0,0,-1,-1,1,1,1,1,1,12288,2759969,,,10.8655,2883,1099,788,5765,788,0,1,90206,0,0,0,0,0,18,848,2883,2883,0,0,3.5355,0,594,0,0.813835,296,,,,,,,,,,,,,,,,,,,,,,C:\c++\test2\results\article_code_comparison\raw_results.csv,article_runner_filename_mismatch_R1_expected_1.0
1100,1.0,0.6,9,D:\test2\results\article_code_comparison\data\1100\SDT_1100_1_0.6_10.txt,D:\test2\results\article_code_comparison,generated_by_project_generator,D:\test2\x64\Release\bm_solver.exe,SOLVED,2826943,18.2229,63.042,,,1100,869648,2408448,ERROR,,53.446,,,1814528,1.179546,,1.327314,NOT_COMPARABLE_ERROR,,,[run] n=1100 seed=9 input=D:\test2\results\article_code_comparison\data\1100\SDT_1100_1_0.6_10.txt decomp=adaptive memo_backend=custom use_ub=0 use_lb=0 terminal_rules=1 position_filtering_enabled=1 enable_lawler_basic_rules=1 enable_simple_lb=0 enable_lb_memo=0 enable_edd_ub=0 ub_depth_limit=-1 lb_depth_limit=-1 terminal_all_tardy_spt=1 terminal_edd_at_most_one_tardy=1 enable_memo=1 enable_exact_memo=1 memo_full_key_verification=1 memo_memory_limit_mb=12288 cost=2826943 time_ms=18.2229 nodes=2938 max_depth=1099 memo_hits=865 memo_misses=5875 memo_exact_hits=865 memo_lb_hits=0 rule4=1 valid_pos=182524 valid_pos_pruned_3a=0 valid_pos_pruned_3b=0 memo_rejected=0 memo_forced_evict=0 lufo_passes=0 terminal_spt=26 terminal_edd=835 memo_peak=2938 memo_final=2938 memo_evictions=0 memo_clean_time_ms=0 reconstruction_time_ms=3.7041 reconstruction_repairs=0 reconstruction_trace_hits=601 reconstruction_trace_fallbacks=0 memo_used_mb=0.829361 memo_bytes_per_entry=296,1100,9,D:\test2\results\article_code_comparison\data\1100\SDT_1100_1_0.6_10.txt,adaptive,custom,0,0,1,1,1,0,0,0,-1,-1,1,1,1,1,1,12288,2826943,,,18.2229,2938,1099,865,5875,865,0,1,182524,0,0,0,0,0,26,835,2938,2938,0,0,3.7041,0,601,0,0.829361,296,,,,,,,,,,,,,,,,,,,,,,C:\c++\test2\results\article_code_comparison\raw_results.csv,article_runner_filename_mismatch_R1_expected_1.0
1100,1.0,0.8,0,D:\test2\results\article_code_comparison\data\1100\SDT_1100_1_0.8_1.txt,D:\test2\results\article_code_comparison,generated_by_project_generator,D:\test2\x64\Release\bm_solver.exe,SOLVED,9824241,13.9835,107.432,,,1100,364376,25907200,ERROR,,60.183,,,1757184,1.785089,,14.74359,NOT_COMPARABLE_ERROR,,,[run] n=1100 seed=0 input=D:\test2\results\article_code_comparison\data\1100\SDT_1100_1_0.8_1.txt decomp=adaptive memo_backend=custom use_ub=0 use_lb=0 terminal_rules=1 position_filtering_enabled=1 enable_lawler_basic_rules=1 enable_simple_lb=0 enable_lb_memo=0 enable_edd_ub=0 ub_depth_limit=-1 lb_depth_limit=-1 terminal_all_tardy_spt=1 terminal_edd_at_most_one_tardy=1 enable_memo=1 enable_exact_memo=1 memo_full_key_verification=1 memo_memory_limit_mb=12288 cost=9824241 time_ms=13.9835 nodes=1231 max_depth=1099 memo_hits=73 memo_misses=2461 memo_exact_hits=73 memo_lb_hits=0 rule4=1 valid_pos=155017 valid_pos_pruned_3a=0 valid_pos_pruned_3b=0 memo_rejected=0 memo_forced_evict=0 lufo_passes=0 terminal_spt=20 terminal_edd=320 memo_peak=1231 memo_final=1231 memo_evictions=0 memo_clean_time_ms=0 reconstruction_time_ms=6.1552 reconstruction_repairs=0 reconstruction_trace_hits=721 reconstruction_trace_fallbacks=0 memo_used_mb=0.347496 memo_bytes_per_entry=296,1100,0,D:\test2\results\article_code_comparison\data\1100\SDT_1100_1_0.8_1.txt,adaptive,custom,0,0,1,1,1,0,0,0,-1,-1,1,1,1,1,1,12288,9824241,,,13.9835,1231,1099,73,2461,73,0,1,155017,0,0,0,0,0,20,320,1231,1231,0,0,6.1552,0,721,0,0.347496,296,,,,,,,,,,,,,,,,,,,,,,C:\c++\test2\results\article_code_comparison\raw_results.csv,article_runner_filename_mismatch_R1_expected_1.0
1100,1.0,0.8,1,D:\test2\results\article_code_comparison\data\1100\SDT_1100_1_0.8_2.txt,D:\test2\results\article_code_comparison,generated_by_project_generator,D:\test2\x64\Release\bm_solver.exe,SOLVED,9554395,17.2358,60.014,,,1100,481888,1794048,ERROR,,53.155,,,1814528,1.129038,,0.988713,NOT_COMPARABLE_ERROR,,,[run] n=1100 seed=1 input=D:\test2\results\article_code_comparison\data\1100\SDT_1100_1_0.8_2.txt decomp=adaptive memo_backend=custom use_ub=0 use_lb=0 terminal_rules=1 position_filtering_enabled=1 enable_lawler_basic_rules=1 enable_simple_lb=0 enable_lb_memo=0 enable_edd_ub=0 ub_depth_limit=-1 lb_depth_limit=-1 terminal_all_tardy_spt=1 terminal_edd_at_most_one_tardy=1 enable_memo=1 enable_exact_memo=1 memo_full_key_verification=1 memo_memory_limit_mb=12288 cost=9554395 time_ms=17.2358 nodes=1628 max_depth=1099 memo_hits=250 memo_misses=3255 memo_exact_hits=250 memo_lb_hits=0 rule4=1 valid_pos=222403 valid_pos_pruned_3a=0 valid_pos_pruned_3b=0 memo_rejected=0 memo_forced_evict=0 lufo_passes=0 terminal_spt=21 terminal_edd=381 memo_peak=1628 memo_final=1628 memo_evictions=0 memo_clean_time_ms=0 reconstruction_time_ms=7.0579 reconstruction_repairs=0 reconstruction_trace_hits=729 reconstruction_trace_fallbacks=0 memo_used_mb=0.459564 memo_bytes_per_entry=296,1100,1,D:\test2\results\article_code_comparison\data\1100\SDT_1100_1_0.8_2.txt,adaptive,custom,0,0,1,1,1,0,0,0,-1,-1,1,1,1,1,1,12288,9554395,,,17.2358,1628,1099,250,3255,250,0,1,222403,0,0,0,0,0,21,381,1628,1628,0,0,7.0579,0,729,0,0.459564,296,,,,,,,,,,,,,,,,,,,,,,C:\c++\test2\results\article_code_comparison\raw_results.csv,article_runner_filename_mismatch_R1_expected_1.0
1100,1.0,0.8,2,D:\test2\results\article_code_comparison\data\1100\SDT_1100_1_0.8_3.txt,D:\test2\results\article_code_comparison,generated_by_project_generator,D:\test2\x64\Release\bm_solver.exe,SOLVED,9266702,14.0539,61.879,,,1100,425944,1810432,ERROR,,53.469,,,1798144,1.157287,,1.006834,NOT_COMPARABLE_ERROR,,,[run] n=1100 seed=2 input=D:\test2\results\article_code_comparison\data\1100\SDT_1100_1_0.8_3.txt decomp=adaptive memo_backend=custom use_ub=0 use_lb=0 terminal_rules=1 position_filtering_enabled=1 enable_lawler_basic_rules=1 enable_simple_lb=0 enable_lb_memo=0 enable_edd_ub=0 ub_depth_limit=-1 lb_depth_limit=-1 terminal_all_tardy_spt=1 terminal_edd_at_most_one_tardy=1 enable_memo=1 enable_exact_memo=1 memo_full_key_verification=1 memo_memory_limit_mb=12288 cost=9266702 time_ms=14.0539 nodes=1439 max_depth=1099 memo_hits=93 memo_misses=2877 memo_exact_hits=93 memo_lb_hits=0 rule4=1 valid_pos=180700 valid_pos_pruned_3a=0 valid_pos_pruned_3b=0 memo_rejected=0 memo_forced_evict=0 lufo_passes=0 terminal_spt=17 terminal_edd=398 memo_peak=1439 memo_final=1439 memo_evictions=0 memo_clean_time_ms=0 reconstruction_time_ms=5.8776 reconstruction_repairs=0 reconstruction_trace_hits=723 reconstruction_trace_fallbacks=0 memo_used_mb=0.406212 memo_bytes_per_entry=296,1100,2,D:\test2\results\article_code_comparison\data\1100\SDT_1100_1_0.8_3.txt,adaptive,custom,0,0,1,1,1,0,0,0,-1,-1,1,1,1,1,1,12288,9266702,,,14.0539,1439,1099,93,2877,93,0,1,180700,0,0,0,0,0,17,398,1439,1439,0,0,5.8776,0,723,0,0.406212,296,,,,,,,,,,,,,,,,,,,,,,C:\c++\test2\results\article_code_comparison\raw_results.csv,article_runner_filename_mismatch_R1_expected_1.0
1100,1.0,0.8,3,D:\test2\results\article_code_comparison\data\1100\SDT_1100_1_0.8_4.txt,D:\test2\results\article_code_comparison,generated_by_project_generator,D:\test2\x64\Release\bm_solver.exe,SOLVED,9376768,19.2894,104.979,,,1100,404040,28798976,ERROR,,59.913,,,1753088,1.752191,,16.42757,NOT_COMPARABLE_ERROR,,,[run] n=1100 seed=3 input=D:\test2\results\article_code_comparison\data\1100\SDT_1100_1_0.8_4.txt decomp=adaptive memo_backend=custom use_ub=0 use_lb=0 terminal_rules=1 position_filtering_enabled=1 enable_lawler_basic_rules=1 enable_simple_lb=0 enable_lb_memo=0 enable_edd_ub=0 ub_depth_limit=-1 lb_depth_limit=-1 terminal_all_tardy_spt=1 terminal_edd_at_most_one_tardy=1 enable_memo=1 enable_exact_memo=1 memo_full_key_verification=1 memo_memory_limit_mb=12288 cost=9376768 time_ms=19.2894 nodes=1365 max_depth=1099 memo_hits=217 memo_misses=2729 memo_exact_hits=217 memo_lb_hits=0 rule4=1 valid_pos=304157 valid_pos_pruned_3a=0 valid_pos_pruned_3b=0 memo_rejected=0 memo_forced_evict=0 lufo_passes=0 terminal_spt=17 terminal_edd=315 memo_peak=1365 memo_final=1365 memo_evictions=0 memo_clean_time_ms=0 reconstruction_time_ms=5.88 reconstruction_repairs=0 reconstruction_trace_hits=706 reconstruction_trace_fallbacks=0 memo_used_mb=0.385323 memo_bytes_per_entry=296,1100,3,D:\test2\results\article_code_comparison\data\1100\SDT_1100_1_0.8_4.txt,adaptive,custom,0,0,1,1,1,0,0,0,-1,-1,1,1,1,1,1,12288,9376768,,,19.2894,1365,1099,217,2729,217,0,1,304157,0,0,0,0,0,17,315,1365,1365,0,0,5.88,0,706,0,0.385323,296,,,,,,,,,,,,,,,,,,,,,,C:\c++\test2\results\article_code_comparison\raw_results.csv,article_runner_filename_mismatch_R1_expected_1.0
1100,1.0,0.8,4,D:\test2\results\article_code_comparison\data\1100\SDT_1100_1_0.8_5.txt,D:\test2\results\article_code_comparison,generated_by_project_generator,D:\test2\x64\Release\bm_solver.exe,SOLVED,9520156,18.5328,108.671,,,1100,478928,6045696,ERROR,,53.45,,,1789952,2.033134,,3.377574,NOT_COMPARABLE_ERROR,,,[run] n=1100 seed=4 input=D:\test2\results\article_code_comparison\data\1100\SDT_1100_1_0.8_5.txt decomp=adaptive memo_backend=custom use_ub=0 use_lb=0 terminal_rules=1 position_filtering_enabled=1 enable_lawler_basic_rules=1 enable_simple_lb=0 enable_lb_memo=0 enable_edd_ub=0 ub_depth_limit=-1 lb_depth_limit=-1 terminal_all_tardy_spt=1 terminal_edd_at_most_one_tardy=1 enable_memo=1 enable_exact_memo=1 memo_full_key_verification=1 memo_memory_limit_mb=12288 cost=9520156 time_ms=18.5328 nodes=1618 max_depth=1099 memo_hits=351 memo_misses=3235 memo_exact_hits=351 memo_lb_hits=0 rule4=1 valid_pos=200779 valid_pos_pruned_3a=0 valid_pos_pruned_3b=0 memo_rejected=0 memo_forced_evict=0 lufo_passes=0 terminal_spt=17 terminal_edd=371 memo_peak=1618 memo_final=1618 memo_evictions=0 memo_clean_time_ms=0 reconstruction_time_ms=5.8982 reconstruction_repairs=0 reconstruction_trace_hits=706 reconstruction_trace_fallbacks=0 memo_used_mb=0.456741 memo_bytes_per_entry=296,1100,4,D:\test2\results\article_code_comparison\data\1100\SDT_1100_1_0.8_5.txt,adaptive,custom,0,0,1,1,1,0,0,0,-1,-1,1,1,1,1,1,12288,9520156,,,18.5328,1618,1099,351,3235,351,0,1,200779,0,0,0,0,0,17,371,1618,1618,0,0,5.8982,0,706,0,0.456741,296,,,,,,,,,,,,,,,,,,,,,,C:\c++\test2\results\article_code_comparison\raw_results.csv,article_runner_filename_mismatch_R1_expected_1.0
1100,1.0,0.8,5,D:\test2\results\article_code_comparison\data\1100\SDT_1100_1_0.8_6.txt,D:\test2\results\article_code_comparison,generated_by_project_generator,D:\test2\x64\Release\bm_solver.exe,SOLVED,9549402,13.8184,112.66,,,1100,359936,2248704,ERROR,,53.596,,,1798144,2.102023,,1.250569,NOT_COMPARABLE_ERROR,,,[run] n=1100 seed=5 input=D:\test2\results\article_code_comparison\data\1100\SDT_1100_1_0.8_6.txt decomp=adaptive memo_backend=custom use_ub=0 use_lb=0 terminal_rules=1 position_filtering_enabled=1 enable_lawler_basic_rules=1 enable_simple_lb=0 enable_lb_memo=0 enable_edd_ub=0 ub_depth_limit=-1 lb_depth_limit=-1 terminal_all_tardy_spt=1 terminal_edd_at_most_one_tardy=1 enable_memo=1 enable_exact_memo=1 memo_full_key_verification=1 memo_memory_limit_mb=12288 cost=9549402 time_ms=13.8184 nodes=1216 max_depth=1099 memo_hits=94 memo_misses=2431 memo_exact_hits=94 memo_lb_hits=0 rule4=1 valid_pos=188830 valid_pos_pruned_3a=0 valid_pos_pruned_3b=0 memo_rejected=0 memo_forced_evict=0 lufo_passes=0 terminal_spt=19 terminal_edd=333 memo_peak=1216 memo_final=1216 memo_evictions=0 memo_clean_time_ms=0 reconstruction_time_ms=5.681 reconstruction_repairs=0 reconstruction_trace_hits=705 reconstruction_trace_fallbacks=0 memo_used_mb=0.343262 memo_bytes_per_entry=296,1100,5,D:\test2\results\article_code_comparison\data\1100\SDT_1100_1_0.8_6.txt,adaptive,custom,0,0,1,1,1,0,0,0,-1,-1,1,1,1,1,1,12288,9549402,,,13.8184,1216,1099,94,2431,94,0,1,188830,0,0,0,0,0,19,333,1216,1216,0,0,5.681,0,705,0,0.343262,296,,,,,,,,,,,,,,,,,,,,,,C:\c++\test2\results\article_code_comparison\raw_results.csv,article_runner_filename_mismatch_R1_expected_1.0
1100,1.0,0.8,6,D:\test2\results\article_code_comparison\data\1100\SDT_1100_1_0.8_7.txt,D:\test2\results\article_code_comparison,generated_by_project_generator,D:\test2\x64\Release\bm_solver.exe,SOLVED,8725460,15.001,55.394,,,1100,402264,1875968,ERROR,,53.379,,,1773568,1.037749,,1.057737,NOT_COMPARABLE_ERROR,,,[run] n=1100 seed=6 input=D:\test2\results\article_code_comparison\data\1100\SDT_1100_1_0.8_7.txt decomp=adaptive memo_backend=custom use_ub=0 use_lb=0 terminal_rules=1 position_filtering_enabled=1 enable_lawler_basic_rules=1 enable_simple_lb=0 enable_lb_memo=0 enable_edd_ub=0 ub_depth_limit=-1 lb_depth_limit=-1 terminal_all_tardy_spt=1 terminal_edd_at_most_one_tardy=1 enable_memo=1 enable_exact_memo=1 memo_full_key_verification=1 memo_memory_limit_mb=12288 cost=8725460 time_ms=15.001 nodes=1359 max_depth=1099 memo_hits=173 memo_misses=2717 memo_exact_hits=173 memo_lb_hits=0 rule4=1 valid_pos=249503 valid_pos_pruned_3a=0 valid_pos_pruned_3b=0 memo_rejected=0 memo_forced_evict=0 lufo_passes=0 terminal_spt=14 terminal_edd=373 memo_peak=1359 memo_final=1359 memo_evictions=0 memo_clean_time_ms=0 reconstruction_time_ms=5.5944 reconstruction_repairs=0 reconstruction_trace_hits=697 reconstruction_trace_fallbacks=0 memo_used_mb=0.383629 memo_bytes_per_entry=296,1100,6,D:\test2\results\article_code_comparison\data\1100\SDT_1100_1_0.8_7.txt,adaptive,custom,0,0,1,1,1,0,0,0,-1,-1,1,1,1,1,1,12288,8725460,,,15.001,1359,1099,173,2717,173,0,1,249503,0,0,0,0,0,14,373,1359,1359,0,0,5.5944,0,697,0,0.383629,296,,,,,,,,,,,,,,,,,,,,,,C:\c++\test2\results\article_code_comparison\raw_results.csv,article_runner_filename_mismatch_R1_expected_1.0
1100,1.0,0.8,7,D:\test2\results\article_code_comparison\data\1100\SDT_1100_1_0.8_8.txt,D:\test2\results\article_code_comparison,generated_by_project_generator,D:\test2\x64\Release\bm_solver.exe,SOLVED,8845971,18.2486,104.299,,,1100,437488,10612736,ERROR,,59.884,,,1814528,1.741684,,5.848758,NOT_COMPARABLE_ERROR,,,[run] n=1100 seed=7 input=D:\test2\results\article_code_comparison\data\1100\SDT_1100_1_0.8_8.txt decomp=adaptive memo_backend=custom use_ub=0 use_lb=0 terminal_rules=1 position_filtering_enabled=1 enable_lawler_basic_rules=1 enable_simple_lb=0 enable_lb_memo=0 enable_edd_ub=0 ub_depth_limit=-1 lb_depth_limit=-1 terminal_all_tardy_spt=1 terminal_edd_at_most_one_tardy=1 enable_memo=1 enable_exact_memo=1 memo_full_key_verification=1 memo_memory_limit_mb=12288 cost=8845971 time_ms=18.2486 nodes=1478 max_depth=1099 memo_hits=419 memo_misses=2955 memo_exact_hits=419 memo_lb_hits=0 rule4=1 valid_pos=200383 valid_pos_pruned_3a=0 valid_pos_pruned_3b=0 memo_rejected=0 memo_forced_evict=0 lufo_passes=0 terminal_spt=14 terminal_edd=315 memo_peak=1478 memo_final=1478 memo_evictions=0 memo_clean_time_ms=0 reconstruction_time_ms=5.6596 reconstruction_repairs=0 reconstruction_trace_hits=677 reconstruction_trace_fallbacks=0 memo_used_mb=0.417221 memo_bytes_per_entry=296,1100,7,D:\test2\results\article_code_comparison\data\1100\SDT_1100_1_0.8_8.txt,adaptive,custom,0,0,1,1,1,0,0,0,-1,-1,1,1,1,1,1,12288,8845971,,,18.2486,1478,1099,419,2955,419,0,1,200383,0,0,0,0,0,14,315,1478,1478,0,0,5.6596,0,677,0,0.417221,296,,,,,,,,,,,,,,,,,,,,,,C:\c++\test2\results\article_code_comparison\raw_results.csv,article_runner_filename_mismatch_R1_expected_1.0
1100,1.0,0.8,8,D:\test2\results\article_code_comparison\data\1100\SDT_1100_1_0.8_9.txt,D:\test2\results\article_code_comparison,generated_by_project_generator,D:\test2\x64\Release\bm_solver.exe,SOLVED,8604308,15.41,114.167,,,1100,375328,8802304,ERROR,,53.468,,,1732608,2.13524,,5.080378,NOT_COMPARABLE_ERROR,,,[run] n=1100 seed=8 input=D:\test2\results\article_code_comparison\data\1100\SDT_1100_1_0.8_9.txt decomp=adaptive memo_backend=custom use_ub=0 use_lb=0 terminal_rules=1 position_filtering_enabled=1 enable_lawler_basic_rules=1 enable_simple_lb=0 enable_lb_memo=0 enable_edd_ub=0 ub_depth_limit=-1 lb_depth_limit=-1 terminal_all_tardy_spt=1 terminal_edd_at_most_one_tardy=1 enable_memo=1 enable_exact_memo=1 memo_full_key_verification=1 memo_memory_limit_mb=12288 cost=8604308 time_ms=15.41 nodes=1268 max_depth=1099 memo_hits=216 memo_misses=2535 memo_exact_hits=216 memo_lb_hits=0 rule4=1 valid_pos=162958 valid_pos_pruned_3a=0 valid_pos_pruned_3b=0 memo_rejected=0 memo_forced_evict=0 lufo_passes=0 terminal_spt=10 terminal_edd=323 memo_peak=1268 memo_final=1268 memo_evictions=0 memo_clean_time_ms=0 reconstruction_time_ms=6.2388 reconstruction_repairs=0 reconstruction_trace_hits=696 reconstruction_trace_fallbacks=0 memo_used_mb=0.357941 memo_bytes_per_entry=296,1100,8,D:\test2\results\article_code_comparison\data\1100\SDT_1100_1_0.8_9.txt,adaptive,custom,0,0,1,1,1,0,0,0,-1,-1,1,1,1,1,1,12288,8604308,,,15.41,1268,1099,216,2535,216,0,1,162958,0,0,0,0,0,10,323,1268,1268,0,0,6.2388,0,696,0,0.357941,296,,,,,,,,,,,,,,,,,,,,,,C:\c++\test2\results\article_code_comparison\raw_results.csv,article_runner_filename_mismatch_R1_expected_1.0
1100,1.0,0.8,9,D:\test2\results\article_code_comparison\data\1100\SDT_1100_1_0.8_10.txt,D:\test2\results\article_code_comparison,generated_by_project_generator,D:\test2\x64\Release\bm_solver.exe,SOLVED,8784847,14.2342,55.728,,,1100,391607,1736704,ERROR,,53.507,,,1802240,1.041509,,0.963636,NOT_COMPARABLE_ERROR,,,[run] n=1100 seed=9 input=D:\test2\results\article_code_comparison\data\1100\SDT_1100_1_0.8_10.txt decomp=adaptive memo_backend=custom use_ub=0 use_lb=0 terminal_rules=1 position_filtering_enabled=1 enable_lawler_basic_rules=1 enable_simple_lb=0 enable_lb_memo=0 enable_edd_ub=0 ub_depth_limit=-1 lb_depth_limit=-1 terminal_all_tardy_spt=1 terminal_edd_at_most_one_tardy=1 enable_memo=1 enable_exact_memo=1 memo_full_key_verification=1 memo_memory_limit_mb=12288 cost=8784847 time_ms=14.2342 nodes=1323 max_depth=1099 memo_hits=144 memo_misses=2645 memo_exact_hits=144 memo_lb_hits=0 rule4=1 valid_pos=235002 valid_pos_pruned_3a=0 valid_pos_pruned_3b=0 memo_rejected=0 memo_forced_evict=0 lufo_passes=0 terminal_spt=14 terminal_edd=369 memo_peak=1323 memo_final=1323 memo_evictions=0 memo_clean_time_ms=0 reconstruction_time_ms=5.6505 reconstruction_repairs=0 reconstruction_trace_hits=686 reconstruction_trace_fallbacks=0 memo_used_mb=0.373466 memo_bytes_per_entry=296,1100,9,D:\test2\results\article_code_comparison\data\1100\SDT_1100_1_0.8_10.txt,adaptive,custom,0,0,1,1,1,0,0,0,-1,-1,1,1,1,1,1,12288,8784847,,,14.2342,1323,1099,144,2645,144,0,1,235002,0,0,0,0,0,14,369,1323,1323,0,0,5.6505,0,686,0,0.373466,296,,,,,,,,,,,,,,,,,,,,,,C:\c++\test2\results\article_code_comparison\raw_results.csv,article_runner_filename_mismatch_R1_expected_1.0
