n,R,T,seed,input_path,memory_limit_mb,timeout_sec,custom_status,std_unordered_status,comparison_status,objective_match,custom_order_valid,std_unordered_order_valid,custom_order_length,std_unordered_order_length,custom_reconstructed_order_cost,std_unordered_reconstructed_order_cost,custom_objective,std_unordered_objective,custom_reported_time_ms,std_unordered_reported_time_ms,ratio_std_unordered_to_custom_reported_time,custom_wall_time_ms,std_unordered_wall_time_ms,ratio_std_unordered_to_custom_wall_time,custom_nodes,std_unordered_nodes,nodes_match,custom_memo_hits,std_unordered_memo_hits,custom_memo_misses,std_unordered_memo_misses,custom_memo_used_mb,std_unordered_memo_used_mb,custom_memo_evictions,std_unordered_memo_evictions,custom_reconstruction_time_ms,std_unordered_reconstruction_time_ms,custom_trace_fallbacks,std_unordered_trace_fallbacks,process_memory_gate,notes,custom_run_line,std_unordered_run_line,source_file,process_gated_file,time_ratio_custom_to_std,memory_ratio_custom_to_std,memo_full_key_verification_ok,exact_memo_enabled_ok
50,0.2,0.6,0,D:\test2\results\memo_backend_no_gate\data\50\SDT_50_0.2_0.6_1.txt,12288,1200,SOLVED,SOLVED,MATCH,True,True,True,50,50,12477,12477,12477,12477,3.9611,3.8724,0.977607,10.628,10.899,1.025499,2723,2723,True,197,197,5445,5445,0.415497,0.498596,0,0,0.0528,0.0499,0,0,False,,[run] n=50 seed=0 input=D:\test2\results\memo_backend_no_gate\data\50\SDT_50_0.2_0.6_1.txt decomp=adaptive memo_backend=custom use_ub=0 use_lb=0 terminal_rules=1 position_filtering_enabled=1 enable_lawler_basic_rules=1 enable_simple_lb=0 enable_lb_memo=0 enable_edd_ub=0 ub_depth_limit=-1 lb_depth_limit=-1 terminal_all_tardy_spt=1 terminal_edd_at_most_one_tardy=1 enable_memo=1 enable_exact_memo=1 memo_full_key_verification=1 memo_memory_limit_mb=12288 cost=12477 time_ms=3.9611 nodes=2723 max_depth=49 memo_hits=197 memo_misses=5445 memo_exact_hits=197 memo_lb_hits=0 rule4=1 valid_pos=23533 valid_pos_pruned_3a=0 valid_pos_pruned_3b=0 memo_rejected=0 memo_forced_evict=0 lufo_passes=0 terminal_spt=64 terminal_edd=346 memo_peak=2723 memo_final=2723 memo_evictions=0 memo_clean_time_ms=0 reconstruction_time_ms=0.0528 reconstruction_repairs=0 reconstruction_trace_hits=43 reconstruction_trace_fallbacks=0 memo_used_mb=0.415497 memo_bytes_per_entry=160,[run] n=50 seed=0 input=D:\test2\results\memo_backend_no_gate\data\50\SDT_50_0.2_0.6_1.txt decomp=adaptive memo_backend=std_unordered use_ub=0 use_lb=0 terminal_rules=1 position_filtering_enabled=1 enable_lawler_basic_rules=1 enable_simple_lb=0 enable_lb_memo=0 enable_edd_ub=0 ub_depth_limit=-1 lb_depth_limit=-1 terminal_all_tardy_spt=1 terminal_edd_at_most_one_tardy=1 enable_memo=1 enable_exact_memo=1 memo_full_key_verification=1 memo_memory_limit_mb=12288 cost=12477 time_ms=3.8724 nodes=2723 max_depth=49 memo_hits=197 memo_misses=5445 memo_exact_hits=197 memo_lb_hits=0 rule4=1 valid_pos=23533 valid_pos_pruned_3a=0 valid_pos_pruned_3b=0 memo_rejected=0 memo_forced_evict=0 lufo_passes=0 terminal_spt=64 terminal_edd=346 memo_peak=2723 memo_final=2723 memo_evictions=0 memo_clean_time_ms=0 reconstruction_time_ms=0.0499 reconstruction_repairs=0 reconstruction_trace_hits=43 reconstruction_trace_fallbacks=0 memo_used_mb=0.498596 memo_bytes_per_entry=192,C:\c++\test2\results\memo_backend_no_gate\raw_results.csv,False,1.0229056915607893,0.8333340018772715,True,True
50,0.2,0.6,1,D:\test2\results\memo_backend_no_gate\data\50\SDT_50_0.2_0.6_2.txt,12288,1200,SOLVED,SOLVED,MATCH,True,True,True,50,50,9673,9673,9673,9673,0.7826,0.7863,1.004728,9.359,7.062,0.754568,469,469,True,31,31,937,937,0.0715637,0.0858765,0,0,0.0483,0.0463,0,0,False,,[run] n=50 seed=1 input=D:\test2\results\memo_backend_no_gate\data\50\SDT_50_0.2_0.6_2.txt decomp=adaptive memo_backend=custom use_ub=0 use_lb=0 terminal_rules=1 position_filtering_enabled=1 enable_lawler_basic_rules=1 enable_simple_lb=0 enable_lb_memo=0 enable_edd_ub=0 ub_depth_limit=-1 lb_depth_limit=-1 terminal_all_tardy_spt=1 terminal_edd_at_most_one_tardy=1 enable_memo=1 enable_exact_memo=1 memo_full_key_verification=1 memo_memory_limit_mb=12288 cost=9673 time_ms=0.7826 nodes=469 max_depth=49 memo_hits=31 memo_misses=937 memo_exact_hits=31 memo_lb_hits=0 rule4=1 valid_pos=3384 valid_pos_pruned_3a=0 valid_pos_pruned_3b=0 memo_rejected=0 memo_forced_evict=0 lufo_passes=0 terminal_spt=5 terminal_edd=84 memo_peak=469 memo_final=469 memo_evictions=0 memo_clean_time_ms=0 reconstruction_time_ms=0.0483 reconstruction_repairs=0 reconstruction_trace_hits=40 reconstruction_trace_fallbacks=0 memo_used_mb=0.0715637 memo_bytes_per_entry=160,[run] n=50 seed=1 input=D:\test2\results\memo_backend_no_gate\data\50\SDT_50_0.2_0.6_2.txt decomp=adaptive memo_backend=std_unordered use_ub=0 use_lb=0 terminal_rules=1 position_filtering_enabled=1 enable_lawler_basic_rules=1 enable_simple_lb=0 enable_lb_memo=0 enable_edd_ub=0 ub_depth_limit=-1 lb_depth_limit=-1 terminal_all_tardy_spt=1 terminal_edd_at_most_one_tardy=1 enable_memo=1 enable_exact_memo=1 memo_full_key_verification=1 memo_memory_limit_mb=12288 cost=9673 time_ms=0.7863 nodes=469 max_depth=49 memo_hits=31 memo_misses=937 memo_exact_hits=31 memo_lb_hits=0 rule4=1 valid_pos=3384 valid_pos_pruned_3a=0 valid_pos_pruned_3b=0 memo_rejected=0 memo_forced_evict=0 lufo_passes=0 terminal_spt=5 terminal_edd=84 memo_peak=469 memo_final=469 memo_evictions=0 memo_clean_time_ms=0 reconstruction_time_ms=0.0463 reconstruction_repairs=0 reconstruction_trace_hits=40 reconstruction_trace_fallbacks=0 memo_used_mb=0.0858765 memo_bytes_per_entry=192,C:\c++\test2\results\memo_backend_no_gate\raw_results.csv,False,0.9952944168892279,0.833332751101873,True,True
50,0.2,0.6,2,D:\test2\results\memo_backend_no_gate\data\50\SDT_50_0.2_0.6_3.txt,12288,1200,SOLVED,SOLVED,MATCH,True,True,True,50,50,11424,11424,11424,11424,0.3309,0.331,1.000302,8.306,6.605,0.795208,127,127,True,1,1,253,253,0.0193787,0.0232544,0,0,0.0459,0.0553,0,0,False,,[run] n=50 seed=2 input=D:\test2\results\memo_backend_no_gate\data\50\SDT_50_0.2_0.6_3.txt decomp=adaptive memo_backend=custom use_ub=0 use_lb=0 terminal_rules=1 position_filtering_enabled=1 enable_lawler_basic_rules=1 enable_simple_lb=0 enable_lb_memo=0 enable_edd_ub=0 ub_depth_limit=-1 lb_depth_limit=-1 terminal_all_tardy_spt=1 terminal_edd_at_most_one_tardy=1 enable_memo=1 enable_exact_memo=1 memo_full_key_verification=1 memo_memory_limit_mb=12288 cost=11424 time_ms=0.3309 nodes=127 max_depth=49 memo_hits=1 memo_misses=253 memo_exact_hits=1 memo_lb_hits=0 rule4=1 valid_pos=1446 valid_pos_pruned_3a=0 valid_pos_pruned_3b=0 memo_rejected=0 memo_forced_evict=0 lufo_passes=0 terminal_spt=0 terminal_edd=21 memo_peak=127 memo_final=127 memo_evictions=0 memo_clean_time_ms=0 reconstruction_time_ms=0.0459 reconstruction_repairs=0 reconstruction_trace_hits=40 reconstruction_trace_fallbacks=0 memo_used_mb=0.0193787 memo_bytes_per_entry=160,[run] n=50 seed=2 input=D:\test2\results\memo_backend_no_gate\data\50\SDT_50_0.2_0.6_3.txt decomp=adaptive memo_backend=std_unordered use_ub=0 use_lb=0 terminal_rules=1 position_filtering_enabled=1 enable_lawler_basic_rules=1 enable_simple_lb=0 enable_lb_memo=0 enable_edd_ub=0 ub_depth_limit=-1 lb_depth_limit=-1 terminal_all_tardy_spt=1 terminal_edd_at_most_one_tardy=1 enable_memo=1 enable_exact_memo=1 memo_full_key_verification=1 memo_memory_limit_mb=12288 cost=11424 time_ms=0.331 nodes=127 max_depth=49 memo_hits=1 memo_misses=253 memo_exact_hits=1 memo_lb_hits=0 rule4=1 valid_pos=1446 valid_pos_pruned_3a=0 valid_pos_pruned_3b=0 memo_rejected=0 memo_forced_evict=0 lufo_passes=0 terminal_spt=0 terminal_edd=21 memo_peak=127 memo_final=127 memo_evictions=0 memo_clean_time_ms=0 reconstruction_time_ms=0.0553 reconstruction_repairs=0 reconstruction_trace_hits=40 reconstruction_trace_fallbacks=0 memo_used_mb=0.0232544 memo_bytes_per_entry=192,C:\c++\test2\results\memo_backend_no_gate\raw_results.csv,False,0.9996978851963747,0.8333347667538186,True,True
50,0.2,0.6,3,D:\test2\results\memo_backend_no_gate\data\50\SDT_50_0.2_0.6_4.txt,12288,1200,SOLVED,SOLVED,MATCH,True,True,True,50,50,13402,13402,13402,13402,4.0352,3.9139,0.96994,11.373,10.439,0.917876,2653,2653,True,337,337,5305,5305,0.404816,0.485779,0,0,0.0491,0.0453,0,0,False,,[run] n=50 seed=3 input=D:\test2\results\memo_backend_no_gate\data\50\SDT_50_0.2_0.6_4.txt decomp=adaptive memo_backend=custom use_ub=0 use_lb=0 terminal_rules=1 position_filtering_enabled=1 enable_lawler_basic_rules=1 enable_simple_lb=0 enable_lb_memo=0 enable_edd_ub=0 ub_depth_limit=-1 lb_depth_limit=-1 terminal_all_tardy_spt=1 terminal_edd_at_most_one_tardy=1 enable_memo=1 enable_exact_memo=1 memo_full_key_verification=1 memo_memory_limit_mb=12288 cost=13402 time_ms=4.0352 nodes=2653 max_depth=49 memo_hits=337 memo_misses=5305 memo_exact_hits=337 memo_lb_hits=0 rule4=1 valid_pos=23601 valid_pos_pruned_3a=0 valid_pos_pruned_3b=0 memo_rejected=0 memo_forced_evict=0 lufo_passes=0 terminal_spt=19 terminal_edd=340 memo_peak=2653 memo_final=2653 memo_evictions=0 memo_clean_time_ms=0 reconstruction_time_ms=0.0491 reconstruction_repairs=0 reconstruction_trace_hits=41 reconstruction_trace_fallbacks=0 memo_used_mb=0.404816 memo_bytes_per_entry=160,[run] n=50 seed=3 input=D:\test2\results\memo_backend_no_gate\data\50\SDT_50_0.2_0.6_4.txt decomp=adaptive memo_backend=std_unordered use_ub=0 use_lb=0 terminal_rules=1 position_filtering_enabled=1 enable_lawler_basic_rules=1 enable_simple_lb=0 enable_lb_memo=0 enable_edd_ub=0 ub_depth_limit=-1 lb_depth_limit=-1 terminal_all_tardy_spt=1 terminal_edd_at_most_one_tardy=1 enable_memo=1 enable_exact_memo=1 memo_full_key_verification=1 memo_memory_limit_mb=12288 cost=13402 time_ms=3.9139 nodes=2653 max_depth=49 memo_hits=337 memo_misses=5305 memo_exact_hits=337 memo_lb_hits=0 rule4=1 valid_pos=23601 valid_pos_pruned_3a=0 valid_pos_pruned_3b=0 memo_rejected=0 memo_forced_evict=0 lufo_passes=0 terminal_spt=19 terminal_edd=340 memo_peak=2653 memo_final=2653 memo_evictions=0 memo_clean_time_ms=0 reconstruction_time_ms=0.0453 reconstruction_repairs=0 reconstruction_trace_hits=41 reconstruction_trace_fallbacks=0 memo_used_mb=0.485779 memo_bytes_per_entry=192,C:\c++\test2\results\memo_backend_no_gate\raw_results.csv,False,1.0309921050614477,0.8333336764248763,True,True
50,0.2,0.6,4,D:\test2\results\memo_backend_no_gate\data\50\SDT_50_0.2_0.6_5.txt,12288,1200,SOLVED,SOLVED,MATCH,True,True,True,50,50,12928,12928,12928,12928,1.0481,1.0213,0.97443,8.603,7.254,0.843194,698,698,True,14,14,1395,1395,0.106506,0.127808,0,0,0.0543,0.0525,0,0,False,,[run] n=50 seed=4 input=D:\test2\results\memo_backend_no_gate\data\50\SDT_50_0.2_0.6_5.txt decomp=adaptive memo_backend=custom use_ub=0 use_lb=0 terminal_rules=1 position_filtering_enabled=1 enable_lawler_basic_rules=1 enable_simple_lb=0 enable_lb_memo=0 enable_edd_ub=0 ub_depth_limit=-1 lb_depth_limit=-1 terminal_all_tardy_spt=1 terminal_edd_at_most_one_tardy=1 enable_memo=1 enable_exact_memo=1 memo_full_key_verification=1 memo_memory_limit_mb=12288 cost=12928 time_ms=1.0481 nodes=698 max_depth=49 memo_hits=14 memo_misses=1395 memo_exact_hits=14 memo_lb_hits=0 rule4=1 valid_pos=4623 valid_pos_pruned_3a=0 valid_pos_pruned_3b=0 memo_rejected=0 memo_forced_evict=0 lufo_passes=0 terminal_spt=13 terminal_edd=106 memo_peak=698 memo_final=698 memo_evictions=0 memo_clean_time_ms=0 reconstruction_time_ms=0.0543 reconstruction_repairs=0 reconstruction_trace_hits=46 reconstruction_trace_fallbacks=0 memo_used_mb=0.106506 memo_bytes_per_entry=160,[run] n=50 seed=4 input=D:\test2\results\memo_backend_no_gate\data\50\SDT_50_0.2_0.6_5.txt decomp=adaptive memo_backend=std_unordered use_ub=0 use_lb=0 terminal_rules=1 position_filtering_enabled=1 enable_lawler_basic_rules=1 enable_simple_lb=0 enable_lb_memo=0 enable_edd_ub=0 ub_depth_limit=-1 lb_depth_limit=-1 terminal_all_tardy_spt=1 terminal_edd_at_most_one_tardy=1 enable_memo=1 enable_exact_memo=1 memo_full_key_verification=1 memo_memory_limit_mb=12288 cost=12928 time_ms=1.0213 nodes=698 max_depth=49 memo_hits=14 memo_misses=1395 memo_exact_hits=14 memo_lb_hits=0 rule4=1 valid_pos=4623 valid_pos_pruned_3a=0 valid_pos_pruned_3b=0 memo_rejected=0 memo_forced_evict=0 lufo_passes=0 terminal_spt=13 terminal_edd=106 memo_peak=698 memo_final=698 memo_evictions=0 memo_clean_time_ms=0 reconstruction_time_ms=0.0525 reconstruction_repairs=0 reconstruction_trace_hits=46 reconstruction_trace_fallbacks=0 memo_used_mb=0.127808 memo_bytes_per_entry=192,C:\c++\test2\results\memo_backend_no_gate\raw_results.csv,False,1.02624106530892,0.8333281171757636,True,True
50,0.2,0.6,5,D:\test2\results\memo_backend_no_gate\data\50\SDT_50_0.2_0.6_6.txt,12288,1200,SOLVED,SOLVED,MATCH,True,True,True,50,50,10585,10585,10585,10585,0.6226,0.6176,0.991969,7.98,6.73,0.843358,326,326,True,0,0,651,651,0.0497437,0.0596924,0,0,0.0461,0.0535,0,0,False,,[run] n=50 seed=5 input=D:\test2\results\memo_backend_no_gate\data\50\SDT_50_0.2_0.6_6.txt decomp=adaptive memo_backend=custom use_ub=0 use_lb=0 terminal_rules=1 position_filtering_enabled=1 enable_lawler_basic_rules=1 enable_simple_lb=0 enable_lb_memo=0 enable_edd_ub=0 ub_depth_limit=-1 lb_depth_limit=-1 terminal_all_tardy_spt=1 terminal_edd_at_most_one_tardy=1 enable_memo=1 enable_exact_memo=1 memo_full_key_verification=1 memo_memory_limit_mb=12288 cost=10585 time_ms=0.6226 nodes=326 max_depth=49 memo_hits=0 memo_misses=651 memo_exact_hits=0 memo_lb_hits=0 rule4=1 valid_pos=3115 valid_pos_pruned_3a=0 valid_pos_pruned_3b=0 memo_rejected=0 memo_forced_evict=0 lufo_passes=0 terminal_spt=3 terminal_edd=57 memo_peak=326 memo_final=326 memo_evictions=0 memo_clean_time_ms=0 reconstruction_time_ms=0.0461 reconstruction_repairs=0 reconstruction_trace_hits=40 reconstruction_trace_fallbacks=0 memo_used_mb=0.0497437 memo_bytes_per_entry=160,[run] n=50 seed=5 input=D:\test2\results\memo_backend_no_gate\data\50\SDT_50_0.2_0.6_6.txt decomp=adaptive memo_backend=std_unordered use_ub=0 use_lb=0 terminal_rules=1 position_filtering_enabled=1 enable_lawler_basic_rules=1 enable_simple_lb=0 enable_lb_memo=0 enable_edd_ub=0 ub_depth_limit=-1 lb_depth_limit=-1 terminal_all_tardy_spt=1 terminal_edd_at_most_one_tardy=1 enable_memo=1 enable_exact_memo=1 memo_full_key_verification=1 memo_memory_limit_mb=12288 cost=10585 time_ms=0.6176 nodes=326 max_depth=49 memo_hits=0 memo_misses=651 memo_exact_hits=0 memo_lb_hits=0 rule4=1 valid_pos=3115 valid_pos_pruned_3a=0 valid_pos_pruned_3b=0 memo_rejected=0 memo_forced_evict=0 lufo_passes=0 terminal_spt=3 terminal_edd=57 memo_peak=326 memo_final=326 memo_evictions=0 memo_clean_time_ms=0 reconstruction_time_ms=0.0535 reconstruction_repairs=0 reconstruction_trace_hits=40 reconstruction_trace_fallbacks=0 memo_used_mb=0.0596924 memo_bytes_per_entry=192,C:\c++\test2\results\memo_backend_no_gate\raw_results.csv,False,1.0080958549222798,0.8333338917517138,True,True
50,0.2,0.6,6,D:\test2\results\memo_backend_no_gate\data\50\SDT_50_0.2_0.6_7.txt,12288,1200,SOLVED,SOLVED,MATCH,True,True,True,50,50,14108,14108,14108,14108,0.7244,0.7085,0.978051,9.626,6.859,0.712549,446,446,True,6,6,891,891,0.0680542,0.081665,0,0,0.046,0.0419,0,0,False,,[run] n=50 seed=6 input=D:\test2\results\memo_backend_no_gate\data\50\SDT_50_0.2_0.6_7.txt decomp=adaptive memo_backend=custom use_ub=0 use_lb=0 terminal_rules=1 position_filtering_enabled=1 enable_lawler_basic_rules=1 enable_simple_lb=0 enable_lb_memo=0 enable_edd_ub=0 ub_depth_limit=-1 lb_depth_limit=-1 terminal_all_tardy_spt=1 terminal_edd_at_most_one_tardy=1 enable_memo=1 enable_exact_memo=1 memo_full_key_verification=1 memo_memory_limit_mb=12288 cost=14108 time_ms=0.7244 nodes=446 max_depth=49 memo_hits=6 memo_misses=891 memo_exact_hits=6 memo_lb_hits=0 rule4=1 valid_pos=3435 valid_pos_pruned_3a=0 valid_pos_pruned_3b=0 memo_rejected=0 memo_forced_evict=0 lufo_passes=0 terminal_spt=2 terminal_edd=76 memo_peak=446 memo_final=446 memo_evictions=0 memo_clean_time_ms=0 reconstruction_time_ms=0.046 reconstruction_repairs=0 reconstruction_trace_hits=38 reconstruction_trace_fallbacks=0 memo_used_mb=0.0680542 memo_bytes_per_entry=160,[run] n=50 seed=6 input=D:\test2\results\memo_backend_no_gate\data\50\SDT_50_0.2_0.6_7.txt decomp=adaptive memo_backend=std_unordered use_ub=0 use_lb=0 terminal_rules=1 position_filtering_enabled=1 enable_lawler_basic_rules=1 enable_simple_lb=0 enable_lb_memo=0 enable_edd_ub=0 ub_depth_limit=-1 lb_depth_limit=-1 terminal_all_tardy_spt=1 terminal_edd_at_most_one_tardy=1 enable_memo=1 enable_exact_memo=1 memo_full_key_verification=1 memo_memory_limit_mb=12288 cost=14108 time_ms=0.7085 nodes=446 max_depth=49 memo_hits=6 memo_misses=891 memo_exact_hits=6 memo_lb_hits=0 rule4=1 valid_pos=3435 valid_pos_pruned_3a=0 valid_pos_pruned_3b=0 memo_rejected=0 memo_forced_evict=0 lufo_passes=0 terminal_spt=2 terminal_edd=76 memo_peak=446 memo_final=446 memo_evictions=0 memo_clean_time_ms=0 reconstruction_time_ms=0.0419 reconstruction_repairs=0 reconstruction_trace_hits=38 reconstruction_trace_fallbacks=0 memo_used_mb=0.081665 memo_bytes_per_entry=192,C:\c++\test2\results\memo_backend_no_gate\raw_results.csv,False,1.0224417784050812,0.8333337415049286,True,True
50,0.2,0.6,7,D:\test2\results\memo_backend_no_gate\data\50\SDT_50_0.2_0.6_8.txt,12288,1200,SOLVED,SOLVED,MATCH,True,True,True,50,50,12464,12464,12464,12464,1.4247,1.4263,1.001123,9.911,8.019,0.809101,934,934,True,39,39,1867,1867,0.142517,0.171021,0,0,0.0372,0.0378,0,0,False,,[run] n=50 seed=7 input=D:\test2\results\memo_backend_no_gate\data\50\SDT_50_0.2_0.6_8.txt decomp=adaptive memo_backend=custom use_ub=0 use_lb=0 terminal_rules=1 position_filtering_enabled=1 enable_lawler_basic_rules=1 enable_simple_lb=0 enable_lb_memo=0 enable_edd_ub=0 ub_depth_limit=-1 lb_depth_limit=-1 terminal_all_tardy_spt=1 terminal_edd_at_most_one_tardy=1 enable_memo=1 enable_exact_memo=1 memo_full_key_verification=1 memo_memory_limit_mb=12288 cost=12464 time_ms=1.4247 nodes=934 max_depth=49 memo_hits=39 memo_misses=1867 memo_exact_hits=39 memo_lb_hits=0 rule4=1 valid_pos=7796 valid_pos_pruned_3a=0 valid_pos_pruned_3b=0 memo_rejected=0 memo_forced_evict=0 lufo_passes=0 terminal_spt=4 terminal_edd=224 memo_peak=934 memo_final=934 memo_evictions=0 memo_clean_time_ms=0 reconstruction_time_ms=0.0372 reconstruction_repairs=0 reconstruction_trace_hits=31 reconstruction_trace_fallbacks=0 memo_used_mb=0.142517 memo_bytes_per_entry=160,[run] n=50 seed=7 input=D:\test2\results\memo_backend_no_gate\data\50\SDT_50_0.2_0.6_8.txt decomp=adaptive memo_backend=std_unordered use_ub=0 use_lb=0 terminal_rules=1 position_filtering_enabled=1 enable_lawler_basic_rules=1 enable_simple_lb=0 enable_lb_memo=0 enable_edd_ub=0 ub_depth_limit=-1 lb_depth_limit=-1 terminal_all_tardy_spt=1 terminal_edd_at_most_one_tardy=1 enable_memo=1 enable_exact_memo=1 memo_full_key_verification=1 memo_memory_limit_mb=12288 cost=12464 time_ms=1.4263 nodes=934 max_depth=49 memo_hits=39 memo_misses=1867 memo_exact_hits=39 memo_lb_hits=0 rule4=1 valid_pos=7796 valid_pos_pruned_3a=0 valid_pos_pruned_3b=0 memo_rejected=0 memo_forced_evict=0 lufo_passes=0 terminal_spt=4 terminal_edd=224 memo_peak=934 memo_final=934 memo_evictions=0 memo_clean_time_ms=0 reconstruction_time_ms=0.0378 reconstruction_repairs=0 reconstruction_trace_hits=31 reconstruction_trace_fallbacks=0 memo_used_mb=0.171021 memo_bytes_per_entry=192,C:\c++\test2\results\memo_backend_no_gate\raw_results.csv,False,0.998878216364019,0.8333304097157659,True,True
50,0.2,0.6,8,D:\test2\results\memo_backend_no_gate\data\50\SDT_50_0.2_0.6_9.txt,12288,1200,SOLVED,SOLVED,MATCH,True,True,True,50,50,13510,13510,13510,13510,4.4244,4.3127,0.974754,11.871,10.824,0.911802,2979,2979,True,242,242,5957,5957,0.454559,0.545471,0,0,0.0531,0.0566,0,0,False,,[run] n=50 seed=8 input=D:\test2\results\memo_backend_no_gate\data\50\SDT_50_0.2_0.6_9.txt decomp=adaptive memo_backend=custom use_ub=0 use_lb=0 terminal_rules=1 position_filtering_enabled=1 enable_lawler_basic_rules=1 enable_simple_lb=0 enable_lb_memo=0 enable_edd_ub=0 ub_depth_limit=-1 lb_depth_limit=-1 terminal_all_tardy_spt=1 terminal_edd_at_most_one_tardy=1 enable_memo=1 enable_exact_memo=1 memo_full_key_verification=1 memo_memory_limit_mb=12288 cost=13510 time_ms=4.4244 nodes=2979 max_depth=49 memo_hits=242 memo_misses=5957 memo_exact_hits=242 memo_lb_hits=0 rule4=1 valid_pos=24951 valid_pos_pruned_3a=0 valid_pos_pruned_3b=0 memo_rejected=0 memo_forced_evict=0 lufo_passes=0 terminal_spt=22 terminal_edd=359 memo_peak=2979 memo_final=2979 memo_evictions=0 memo_clean_time_ms=0 reconstruction_time_ms=0.0531 reconstruction_repairs=0 reconstruction_trace_hits=46 reconstruction_trace_fallbacks=0 memo_used_mb=0.454559 memo_bytes_per_entry=160,[run] n=50 seed=8 input=D:\test2\results\memo_backend_no_gate\data\50\SDT_50_0.2_0.6_9.txt decomp=adaptive memo_backend=std_unordered use_ub=0 use_lb=0 terminal_rules=1 position_filtering_enabled=1 enable_lawler_basic_rules=1 enable_simple_lb=0 enable_lb_memo=0 enable_edd_ub=0 ub_depth_limit=-1 lb_depth_limit=-1 terminal_all_tardy_spt=1 terminal_edd_at_most_one_tardy=1 enable_memo=1 enable_exact_memo=1 memo_full_key_verification=1 memo_memory_limit_mb=12288 cost=13510 time_ms=4.3127 nodes=2979 max_depth=49 memo_hits=242 memo_misses=5957 memo_exact_hits=242 memo_lb_hits=0 rule4=1 valid_pos=24951 valid_pos_pruned_3a=0 valid_pos_pruned_3b=0 memo_rejected=0 memo_forced_evict=0 lufo_passes=0 terminal_spt=22 terminal_edd=359 memo_peak=2979 memo_final=2979 memo_evictions=0 memo_clean_time_ms=0 reconstruction_time_ms=0.0566 reconstruction_repairs=0 reconstruction_trace_hits=46 reconstruction_trace_fallbacks=0 memo_used_mb=0.545471 memo_bytes_per_entry=192,C:\c++\test2\results\memo_backend_no_gate\raw_results.csv,False,1.0259002481044357,0.833333027786995,True,True
50,0.2,0.6,9,D:\test2\results\memo_backend_no_gate\data\50\SDT_50_0.2_0.6_10.txt,12288,1200,SOLVED,SOLVED,MATCH,True,True,True,50,50,10883,10883,10883,10883,1.1747,1.1195,0.953009,8.695,7.335,0.843588,703,703,True,56,56,1405,1405,0.107269,0.128723,0,0,0.0472,0.0493,0,0,False,,[run] n=50 seed=9 input=D:\test2\results\memo_backend_no_gate\data\50\SDT_50_0.2_0.6_10.txt decomp=adaptive memo_backend=custom use_ub=0 use_lb=0 terminal_rules=1 position_filtering_enabled=1 enable_lawler_basic_rules=1 enable_simple_lb=0 enable_lb_memo=0 enable_edd_ub=0 ub_depth_limit=-1 lb_depth_limit=-1 terminal_all_tardy_spt=1 terminal_edd_at_most_one_tardy=1 enable_memo=1 enable_exact_memo=1 memo_full_key_verification=1 memo_memory_limit_mb=12288 cost=10883 time_ms=1.1747 nodes=703 max_depth=49 memo_hits=56 memo_misses=1405 memo_exact_hits=56 memo_lb_hits=0 rule4=1 valid_pos=6208 valid_pos_pruned_3a=0 valid_pos_pruned_3b=0 memo_rejected=0 memo_forced_evict=0 lufo_passes=0 terminal_spt=5 terminal_edd=166 memo_peak=703 memo_final=703 memo_evictions=0 memo_clean_time_ms=0 reconstruction_time_ms=0.0472 reconstruction_repairs=0 reconstruction_trace_hits=35 reconstruction_trace_fallbacks=0 memo_used_mb=0.107269 memo_bytes_per_entry=160,[run] n=50 seed=9 input=D:\test2\results\memo_backend_no_gate\data\50\SDT_50_0.2_0.6_10.txt decomp=adaptive memo_backend=std_unordered use_ub=0 use_lb=0 terminal_rules=1 position_filtering_enabled=1 enable_lawler_basic_rules=1 enable_simple_lb=0 enable_lb_memo=0 enable_edd_ub=0 ub_depth_limit=-1 lb_depth_limit=-1 terminal_all_tardy_spt=1 terminal_edd_at_most_one_tardy=1 enable_memo=1 enable_exact_memo=1 memo_full_key_verification=1 memo_memory_limit_mb=12288 cost=10883 time_ms=1.1195 nodes=703 max_depth=49 memo_hits=56 memo_misses=1405 memo_exact_hits=56 memo_lb_hits=0 rule4=1 valid_pos=6208 valid_pos_pruned_3a=0 valid_pos_pruned_3b=0 memo_rejected=0 memo_forced_evict=0 lufo_passes=0 terminal_spt=5 terminal_edd=166 memo_peak=703 memo_final=703 memo_evictions=0 memo_clean_time_ms=0 reconstruction_time_ms=0.0493 reconstruction_repairs=0 reconstruction_trace_hits=35 reconstruction_trace_fallbacks=0 memo_used_mb=0.128723 memo_bytes_per_entry=192,C:\c++\test2\results\memo_backend_no_gate\raw_results.csv,False,1.0493077266636892,0.8333320385634269,True,True
50,0.2,0.4,0,D:\test2\results\memo_backend_no_gate\data\50\SDT_50_0.2_0.4_1.txt,12288,1200,SOLVED,SOLVED,MATCH,True,True,True,50,50,5103,5103,5103,5103,4.3481,4.2538,0.978312,11.825,10.815,0.914588,2879,2879,True,245,245,5757,5757,0.439301,0.527161,0,0,0.054,0.0601,0,0,False,,[run] n=50 seed=0 input=D:\test2\results\memo_backend_no_gate\data\50\SDT_50_0.2_0.4_1.txt decomp=adaptive memo_backend=custom use_ub=0 use_lb=0 terminal_rules=1 position_filtering_enabled=1 enable_lawler_basic_rules=1 enable_simple_lb=0 enable_lb_memo=0 enable_edd_ub=0 ub_depth_limit=-1 lb_depth_limit=-1 terminal_all_tardy_spt=1 terminal_edd_at_most_one_tardy=1 enable_memo=1 enable_exact_memo=1 memo_full_key_verification=1 memo_memory_limit_mb=12288 cost=5103 time_ms=4.3481 nodes=2879 max_depth=49 memo_hits=245 memo_misses=5757 memo_exact_hits=245 memo_lb_hits=0 rule4=1 valid_pos=26695 valid_pos_pruned_3a=0 valid_pos_pruned_3b=0 memo_rejected=0 memo_forced_evict=0 lufo_passes=0 terminal_spt=53 terminal_edd=343 memo_peak=2879 memo_final=2879 memo_evictions=0 memo_clean_time_ms=0 reconstruction_time_ms=0.054 reconstruction_repairs=0 reconstruction_trace_hits=46 reconstruction_trace_fallbacks=0 memo_used_mb=0.439301 memo_bytes_per_entry=160,[run] n=50 seed=0 input=D:\test2\results\memo_backend_no_gate\data\50\SDT_50_0.2_0.4_1.txt decomp=adaptive memo_backend=std_unordered use_ub=0 use_lb=0 terminal_rules=1 position_filtering_enabled=1 enable_lawler_basic_rules=1 enable_simple_lb=0 enable_lb_memo=0 enable_edd_ub=0 ub_depth_limit=-1 lb_depth_limit=-1 terminal_all_tardy_spt=1 terminal_edd_at_most_one_tardy=1 enable_memo=1 enable_exact_memo=1 memo_full_key_verification=1 memo_memory_limit_mb=12288 cost=5103 time_ms=4.2538 nodes=2879 max_depth=49 memo_hits=245 memo_misses=5757 memo_exact_hits=245 memo_lb_hits=0 rule4=1 valid_pos=26695 valid_pos_pruned_3a=0 valid_pos_pruned_3b=0 memo_rejected=0 memo_forced_evict=0 lufo_passes=0 terminal_spt=53 terminal_edd=343 memo_peak=2879 memo_final=2879 memo_evictions=0 memo_clean_time_ms=0 reconstruction_time_ms=0.0601 reconstruction_repairs=0 reconstruction_trace_hits=46 reconstruction_trace_fallbacks=0 memo_used_mb=0.527161 memo_bytes_per_entry=192,C:\c++\test2\results\memo_backend_no_gate\raw_results.csv,False,1.022168414123842,0.8333336494922804,True,True
50,0.2,0.4,1,D:\test2\results\memo_backend_no_gate\data\50\SDT_50_0.2_0.4_2.txt,12288,1200,SOLVED,SOLVED,MATCH,True,True,True,50,50,3501,3501,3501,3501,0.4633,0.4474,0.965681,8.018,6.525,0.813794,228,228,True,3,3,455,455,0.03479,0.041748,0,0,0.0443,0.0483,0,0,False,,[run] n=50 seed=1 input=D:\test2\results\memo_backend_no_gate\data\50\SDT_50_0.2_0.4_2.txt decomp=adaptive memo_backend=custom use_ub=0 use_lb=0 terminal_rules=1 position_filtering_enabled=1 enable_lawler_basic_rules=1 enable_simple_lb=0 enable_lb_memo=0 enable_edd_ub=0 ub_depth_limit=-1 lb_depth_limit=-1 terminal_all_tardy_spt=1 terminal_edd_at_most_one_tardy=1 enable_memo=1 enable_exact_memo=1 memo_full_key_verification=1 memo_memory_limit_mb=12288 cost=3501 time_ms=0.4633 nodes=228 max_depth=49 memo_hits=3 memo_misses=455 memo_exact_hits=3 memo_lb_hits=0 rule4=1 valid_pos=1766 valid_pos_pruned_3a=0 valid_pos_pruned_3b=0 memo_rejected=0 memo_forced_evict=0 lufo_passes=0 terminal_spt=1 terminal_edd=42 memo_peak=228 memo_final=228 memo_evictions=0 memo_clean_time_ms=0 reconstruction_time_ms=0.0443 reconstruction_repairs=0 reconstruction_trace_hits=41 reconstruction_trace_fallbacks=0 memo_used_mb=0.03479 memo_bytes_per_entry=160,[run] n=50 seed=1 input=D:\test2\results\memo_backend_no_gate\data\50\SDT_50_0.2_0.4_2.txt decomp=adaptive memo_backend=std_unordered use_ub=0 use_lb=0 terminal_rules=1 position_filtering_enabled=1 enable_lawler_basic_rules=1 enable_simple_lb=0 enable_lb_memo=0 enable_edd_ub=0 ub_depth_limit=-1 lb_depth_limit=-1 terminal_all_tardy_spt=1 terminal_edd_at_most_one_tardy=1 enable_memo=1 enable_exact_memo=1 memo_full_key_verification=1 memo_memory_limit_mb=12288 cost=3501 time_ms=0.4474 nodes=228 max_depth=49 memo_hits=3 memo_misses=455 memo_exact_hits=3 memo_lb_hits=0 rule4=1 valid_pos=1766 valid_pos_pruned_3a=0 valid_pos_pruned_3b=0 memo_rejected=0 memo_forced_evict=0 lufo_passes=0 terminal_spt=1 terminal_edd=42 memo_peak=228 memo_final=228 memo_evictions=0 memo_clean_time_ms=0 reconstruction_time_ms=0.0483 reconstruction_repairs=0 reconstruction_trace_hits=41 reconstruction_trace_fallbacks=0 memo_used_mb=0.041748 memo_bytes_per_entry=192,C:\c++\test2\results\memo_backend_no_gate\raw_results.csv,False,1.0355386678587393,0.8333333333333334,True,True
50,0.2,0.4,2,D:\test2\results\memo_backend_no_gate\data\50\SDT_50_0.2_0.4_3.txt,12288,1200,SOLVED,SOLVED,MATCH,True,True,True,50,50,4285,4285,4285,4285,0.3992,0.3768,0.943888,8.067,7.282,0.90269,157,157,True,1,1,313,313,0.0239563,0.0287476,0,0,0.0323,0.0381,0,0,False,,[run] n=50 seed=2 input=D:\test2\results\memo_backend_no_gate\data\50\SDT_50_0.2_0.4_3.txt decomp=adaptive memo_backend=custom use_ub=0 use_lb=0 terminal_rules=1 position_filtering_enabled=1 enable_lawler_basic_rules=1 enable_simple_lb=0 enable_lb_memo=0 enable_edd_ub=0 ub_depth_limit=-1 lb_depth_limit=-1 terminal_all_tardy_spt=1 terminal_edd_at_most_one_tardy=1 enable_memo=1 enable_exact_memo=1 memo_full_key_verification=1 memo_memory_limit_mb=12288 cost=4285 time_ms=0.3992 nodes=157 max_depth=49 memo_hits=1 memo_misses=313 memo_exact_hits=1 memo_lb_hits=0 rule4=1 valid_pos=1153 valid_pos_pruned_3a=0 valid_pos_pruned_3b=0 memo_rejected=0 memo_forced_evict=0 lufo_passes=0 terminal_spt=1 terminal_edd=22 memo_peak=157 memo_final=157 memo_evictions=0 memo_clean_time_ms=0 reconstruction_time_ms=0.0323 reconstruction_repairs=0 reconstruction_trace_hits=29 reconstruction_trace_fallbacks=0 memo_used_mb=0.0239563 memo_bytes_per_entry=160,[run] n=50 seed=2 input=D:\test2\results\memo_backend_no_gate\data\50\SDT_50_0.2_0.4_3.txt decomp=adaptive memo_backend=std_unordered use_ub=0 use_lb=0 terminal_rules=1 position_filtering_enabled=1 enable_lawler_basic_rules=1 enable_simple_lb=0 enable_lb_memo=0 enable_edd_ub=0 ub_depth_limit=-1 lb_depth_limit=-1 terminal_all_tardy_spt=1 terminal_edd_at_most_one_tardy=1 enable_memo=1 enable_exact_memo=1 memo_full_key_verification=1 memo_memory_limit_mb=12288 cost=4285 time_ms=0.3768 nodes=157 max_depth=49 memo_hits=1 memo_misses=313 memo_exact_hits=1 memo_lb_hits=0 rule4=1 valid_pos=1153 valid_pos_pruned_3a=0 valid_pos_pruned_3b=0 memo_rejected=0 memo_forced_evict=0 lufo_passes=0 terminal_spt=1 terminal_edd=22 memo_peak=157 memo_final=157 memo_evictions=0 memo_clean_time_ms=0 reconstruction_time_ms=0.0381 reconstruction_repairs=0 reconstruction_trace_hits=29 reconstruction_trace_fallbacks=0 memo_used_mb=0.0287476 memo_bytes_per_entry=192,C:\c++\test2\results\memo_backend_no_gate\raw_results.csv,False,1.059447983014862,0.8333321738162489,True,True
50,0.2,0.4,3,D:\test2\results\memo_backend_no_gate\data\50\SDT_50_0.2_0.4_4.txt,12288,1200,SOLVED,SOLVED,MATCH,True,True,True,50,50,5158,5158,5158,5158,2.0613,2.0485,0.99379,9.335,8.3,0.889127,1376,1376,True,86,86,2751,2751,0.209961,0.251953,0,0,0.0554,0.052,0,0,False,,[run] n=50 seed=3 input=D:\test2\results\memo_backend_no_gate\data\50\SDT_50_0.2_0.4_4.txt decomp=adaptive memo_backend=custom use_ub=0 use_lb=0 terminal_rules=1 position_filtering_enabled=1 enable_lawler_basic_rules=1 enable_simple_lb=0 enable_lb_memo=0 enable_edd_ub=0 ub_depth_limit=-1 lb_depth_limit=-1 terminal_all_tardy_spt=1 terminal_edd_at_most_one_tardy=1 enable_memo=1 enable_exact_memo=1 memo_full_key_verification=1 memo_memory_limit_mb=12288 cost=5158 time_ms=2.0613 nodes=1376 max_depth=49 memo_hits=86 memo_misses=2751 memo_exact_hits=86 memo_lb_hits=0 rule4=1 valid_pos=11722 valid_pos_pruned_3a=0 valid_pos_pruned_3b=0 memo_rejected=0 memo_forced_evict=0 lufo_passes=0 terminal_spt=12 terminal_edd=197 memo_peak=1376 memo_final=1376 memo_evictions=0 memo_clean_time_ms=0 reconstruction_time_ms=0.0554 reconstruction_repairs=0 reconstruction_trace_hits=48 reconstruction_trace_fallbacks=0 memo_used_mb=0.209961 memo_bytes_per_entry=160,[run] n=50 seed=3 input=D:\test2\results\memo_backend_no_gate\data\50\SDT_50_0.2_0.4_4.txt decomp=adaptive memo_backend=std_unordered use_ub=0 use_lb=0 terminal_rules=1 position_filtering_enabled=1 enable_lawler_basic_rules=1 enable_simple_lb=0 enable_lb_memo=0 enable_edd_ub=0 ub_depth_limit=-1 lb_depth_limit=-1 terminal_all_tardy_spt=1 terminal_edd_at_most_one_tardy=1 enable_memo=1 enable_exact_memo=1 memo_full_key_verification=1 memo_memory_limit_mb=12288 cost=5158 time_ms=2.0485 nodes=1376 max_depth=49 memo_hits=86 memo_misses=2751 memo_exact_hits=86 memo_lb_hits=0 rule4=1 valid_pos=11722 valid_pos_pruned_3a=0 valid_pos_pruned_3b=0 memo_rejected=0 memo_forced_evict=0 lufo_passes=0 terminal_spt=12 terminal_edd=197 memo_peak=1376 memo_final=1376 memo_evictions=0 memo_clean_time_ms=0 reconstruction_time_ms=0.052 reconstruction_repairs=0 reconstruction_trace_hits=48 reconstruction_trace_fallbacks=0 memo_used_mb=0.251953 memo_bytes_per_entry=192,C:\c++\test2\results\memo_backend_no_gate\raw_results.csv,False,1.0062484744935318,0.8333339948323696,True,True
50,0.2,0.4,4,D:\test2\results\memo_backend_no_gate\data\50\SDT_50_0.2_0.4_5.txt,12288,1200,SOLVED,SOLVED,MATCH,True,True,True,50,50,4809,4809,4809,4809,0.5022,0.5036,1.002788,8.52,7.009,0.822653,279,279,True,3,3,557,557,0.042572,0.0510864,0,0,0.0507,0.0582,0,0,False,,[run] n=50 seed=4 input=D:\test2\results\memo_backend_no_gate\data\50\SDT_50_0.2_0.4_5.txt decomp=adaptive memo_backend=custom use_ub=0 use_lb=0 terminal_rules=1 position_filtering_enabled=1 enable_lawler_basic_rules=1 enable_simple_lb=0 enable_lb_memo=0 enable_edd_ub=0 ub_depth_limit=-1 lb_depth_limit=-1 terminal_all_tardy_spt=1 terminal_edd_at_most_one_tardy=1 enable_memo=1 enable_exact_memo=1 memo_full_key_verification=1 memo_memory_limit_mb=12288 cost=4809 time_ms=0.5022 nodes=279 max_depth=49 memo_hits=3 memo_misses=557 memo_exact_hits=3 memo_lb_hits=0 rule4=1 valid_pos=1913 valid_pos_pruned_3a=0 valid_pos_pruned_3b=0 memo_rejected=0 memo_forced_evict=0 lufo_passes=0 terminal_spt=5 terminal_edd=54 memo_peak=279 memo_final=279 memo_evictions=0 memo_clean_time_ms=0 reconstruction_time_ms=0.0507 reconstruction_repairs=0 reconstruction_trace_hits=48 reconstruction_trace_fallbacks=0 memo_used_mb=0.042572 memo_bytes_per_entry=160,[run] n=50 seed=4 input=D:\test2\results\memo_backend_no_gate\data\50\SDT_50_0.2_0.4_5.txt decomp=adaptive memo_backend=std_unordered use_ub=0 use_lb=0 terminal_rules=1 position_filtering_enabled=1 enable_lawler_basic_rules=1 enable_simple_lb=0 enable_lb_memo=0 enable_edd_ub=0 ub_depth_limit=-1 lb_depth_limit=-1 terminal_all_tardy_spt=1 terminal_edd_at_most_one_tardy=1 enable_memo=1 enable_exact_memo=1 memo_full_key_verification=1 memo_memory_limit_mb=12288 cost=4809 time_ms=0.5036 nodes=279 max_depth=49 memo_hits=3 memo_misses=557 memo_exact_hits=3 memo_lb_hits=0 rule4=1 valid_pos=1913 valid_pos_pruned_3a=0 valid_pos_pruned_3b=0 memo_rejected=0 memo_forced_evict=0 lufo_passes=0 terminal_spt=5 terminal_edd=54 memo_peak=279 memo_final=279 memo_evictions=0 memo_clean_time_ms=0 reconstruction_time_ms=0.0582 reconstruction_repairs=0 reconstruction_trace_hits=48 reconstruction_trace_fallbacks=0 memo_used_mb=0.0510864 memo_bytes_per_entry=192,C:\c++\test2\results\memo_backend_no_gate\raw_results.csv,False,0.9972200158856234,0.8333333333333334,True,True
50,0.2,0.4,5,D:\test2\results\memo_backend_no_gate\data\50\SDT_50_0.2_0.4_6.txt,12288,1200,SOLVED,SOLVED,MATCH,True,True,True,50,50,4095,4095,4095,4095,0.5302,0.5353,1.009619,7.787,6.571,0.843842,289,289,True,3,3,577,577,0.0440979,0.0529175,0,0,0.0464,0.0506,0,0,False,,[run] n=50 seed=5 input=D:\test2\results\memo_backend_no_gate\data\50\SDT_50_0.2_0.4_6.txt decomp=adaptive memo_backend=custom use_ub=0 use_lb=0 terminal_rules=1 position_filtering_enabled=1 enable_lawler_basic_rules=1 enable_simple_lb=0 enable_lb_memo=0 enable_edd_ub=0 ub_depth_limit=-1 lb_depth_limit=-1 terminal_all_tardy_spt=1 terminal_edd_at_most_one_tardy=1 enable_memo=1 enable_exact_memo=1 memo_full_key_verification=1 memo_memory_limit_mb=12288 cost=4095 time_ms=0.5302 nodes=289 max_depth=49 memo_hits=3 memo_misses=577 memo_exact_hits=3 memo_lb_hits=0 rule4=1 valid_pos=2270 valid_pos_pruned_3a=0 valid_pos_pruned_3b=0 memo_rejected=0 memo_forced_evict=0 lufo_passes=0 terminal_spt=1 terminal_edd=47 memo_peak=289 memo_final=289 memo_evictions=0 memo_clean_time_ms=0 reconstruction_time_ms=0.0464 reconstruction_repairs=0 reconstruction_trace_hits=44 reconstruction_trace_fallbacks=0 memo_used_mb=0.0440979 memo_bytes_per_entry=160,[run] n=50 seed=5 input=D:\test2\results\memo_backend_no_gate\data\50\SDT_50_0.2_0.4_6.txt decomp=adaptive memo_backend=std_unordered use_ub=0 use_lb=0 terminal_rules=1 position_filtering_enabled=1 enable_lawler_basic_rules=1 enable_simple_lb=0 enable_lb_memo=0 enable_edd_ub=0 ub_depth_limit=-1 lb_depth_limit=-1 terminal_all_tardy_spt=1 terminal_edd_at_most_one_tardy=1 enable_memo=1 enable_exact_memo=1 memo_full_key_verification=1 memo_memory_limit_mb=12288 cost=4095 time_ms=0.5353 nodes=289 max_depth=49 memo_hits=3 memo_misses=577 memo_exact_hits=3 memo_lb_hits=0 rule4=1 valid_pos=2270 valid_pos_pruned_3a=0 valid_pos_pruned_3b=0 memo_rejected=0 memo_forced_evict=0 lufo_passes=0 terminal_spt=1 terminal_edd=47 memo_peak=289 memo_final=289 memo_evictions=0 memo_clean_time_ms=0 reconstruction_time_ms=0.0506 reconstruction_repairs=0 reconstruction_trace_hits=44 reconstruction_trace_fallbacks=0 memo_used_mb=0.0529175 memo_bytes_per_entry=192,C:\c++\test2\results\memo_backend_no_gate\raw_results.csv,False,0.9904726321688773,0.8333330183776634,True,True
50,0.2,0.4,6,D:\test2\results\memo_backend_no_gate\data\50\SDT_50_0.2_0.4_7.txt,12288,1200,SOLVED,SOLVED,MATCH,True,True,True,50,50,5356,5356,5356,5356,0.6325,0.5929,0.937391,7.943,6.806,0.856855,369,369,True,10,10,737,737,0.0563049,0.0675659,0,0,0.0549,0.0592,0,0,False,,[run] n=50 seed=6 input=D:\test2\results\memo_backend_no_gate\data\50\SDT_50_0.2_0.4_7.txt decomp=adaptive memo_backend=custom use_ub=0 use_lb=0 terminal_rules=1 position_filtering_enabled=1 enable_lawler_basic_rules=1 enable_simple_lb=0 enable_lb_memo=0 enable_edd_ub=0 ub_depth_limit=-1 lb_depth_limit=-1 terminal_all_tardy_spt=1 terminal_edd_at_most_one_tardy=1 enable_memo=1 enable_exact_memo=1 memo_full_key_verification=1 memo_memory_limit_mb=12288 cost=5356 time_ms=0.6325 nodes=369 max_depth=49 memo_hits=10 memo_misses=737 memo_exact_hits=10 memo_lb_hits=0 rule4=1 valid_pos=2434 valid_pos_pruned_3a=0 valid_pos_pruned_3b=0 memo_rejected=0 memo_forced_evict=0 lufo_passes=0 terminal_spt=3 terminal_edd=77 memo_peak=369 memo_final=369 memo_evictions=0 memo_clean_time_ms=0 reconstruction_time_ms=0.0549 reconstruction_repairs=0 reconstruction_trace_hits=48 reconstruction_trace_fallbacks=0 memo_used_mb=0.0563049 memo_bytes_per_entry=160,[run] n=50 seed=6 input=D:\test2\results\memo_backend_no_gate\data\50\SDT_50_0.2_0.4_7.txt decomp=adaptive memo_backend=std_unordered use_ub=0 use_lb=0 terminal_rules=1 position_filtering_enabled=1 enable_lawler_basic_rules=1 enable_simple_lb=0 enable_lb_memo=0 enable_edd_ub=0 ub_depth_limit=-1 lb_depth_limit=-1 terminal_all_tardy_spt=1 terminal_edd_at_most_one_tardy=1 enable_memo=1 enable_exact_memo=1 memo_full_key_verification=1 memo_memory_limit_mb=12288 cost=5356 time_ms=0.5929 nodes=369 max_depth=49 memo_hits=10 memo_misses=737 memo_exact_hits=10 memo_lb_hits=0 rule4=1 valid_pos=2434 valid_pos_pruned_3a=0 valid_pos_pruned_3b=0 memo_rejected=0 memo_forced_evict=0 lufo_passes=0 terminal_spt=3 terminal_edd=77 memo_peak=369 memo_final=369 memo_evictions=0 memo_clean_time_ms=0 reconstruction_time_ms=0.0592 reconstruction_repairs=0 reconstruction_trace_hits=48 reconstruction_trace_fallbacks=0 memo_used_mb=0.0675659 memo_bytes_per_entry=192,C:\c++\test2\results\memo_backend_no_gate\raw_results.csv,False,1.0667903525046383,0.8333330866605788,True,True
50,0.2,0.4,7,D:\test2\results\memo_backend_no_gate\data\50\SDT_50_0.2_0.4_8.txt,12288,1200,SOLVED,SOLVED,MATCH,True,True,True,50,50,4799,4799,4799,4799,0.6447,0.6441,0.999069,8.278,6.98,0.843199,307,307,True,1,1,613,613,0.0468445,0.0562134,0,0,0.0324,0.0342,0,0,False,,[run] n=50 seed=7 input=D:\test2\results\memo_backend_no_gate\data\50\SDT_50_0.2_0.4_8.txt decomp=adaptive memo_backend=custom use_ub=0 use_lb=0 terminal_rules=1 position_filtering_enabled=1 enable_lawler_basic_rules=1 enable_simple_lb=0 enable_lb_memo=0 enable_edd_ub=0 ub_depth_limit=-1 lb_depth_limit=-1 terminal_all_tardy_spt=1 terminal_edd_at_most_one_tardy=1 enable_memo=1 enable_exact_memo=1 memo_full_key_verification=1 memo_memory_limit_mb=12288 cost=4799 time_ms=0.6447 nodes=307 max_depth=49 memo_hits=1 memo_misses=613 memo_exact_hits=1 memo_lb_hits=0 rule4=1 valid_pos=2929 valid_pos_pruned_3a=0 valid_pos_pruned_3b=0 memo_rejected=0 memo_forced_evict=0 lufo_passes=0 terminal_spt=0 terminal_edd=51 memo_peak=307 memo_final=307 memo_evictions=0 memo_clean_time_ms=0 reconstruction_time_ms=0.0324 reconstruction_repairs=0 reconstruction_trace_hits=29 reconstruction_trace_fallbacks=0 memo_used_mb=0.0468445 memo_bytes_per_entry=160,[run] n=50 seed=7 input=D:\test2\results\memo_backend_no_gate\data\50\SDT_50_0.2_0.4_8.txt decomp=adaptive memo_backend=std_unordered use_ub=0 use_lb=0 terminal_rules=1 position_filtering_enabled=1 enable_lawler_basic_rules=1 enable_simple_lb=0 enable_lb_memo=0 enable_edd_ub=0 ub_depth_limit=-1 lb_depth_limit=-1 terminal_all_tardy_spt=1 terminal_edd_at_most_one_tardy=1 enable_memo=1 enable_exact_memo=1 memo_full_key_verification=1 memo_memory_limit_mb=12288 cost=4799 time_ms=0.6441 nodes=307 max_depth=49 memo_hits=1 memo_misses=613 memo_exact_hits=1 memo_lb_hits=0 rule4=1 valid_pos=2929 valid_pos_pruned_3a=0 valid_pos_pruned_3b=0 memo_rejected=0 memo_forced_evict=0 lufo_passes=0 terminal_spt=0 terminal_edd=51 memo_peak=307 memo_final=307 memo_evictions=0 memo_clean_time_ms=0 reconstruction_time_ms=0.0342 reconstruction_repairs=0 reconstruction_trace_hits=29 reconstruction_trace_fallbacks=0 memo_used_mb=0.0562134 memo_bytes_per_entry=192,C:\c++\test2\results\memo_backend_no_gate\raw_results.csv,False,1.00093153237075,0.8333333333333334,True,True
50,0.2,0.4,8,D:\test2\results\memo_backend_no_gate\data\50\SDT_50_0.2_0.4_9.txt,12288,1200,SOLVED,SOLVED,MATCH,True,True,True,50,50,5292,5292,5292,5292,2.5329,2.4225,0.956414,9.885,8.65,0.875063,1711,1711,True,91,91,3421,3421,0.261078,0.313293,0,0,0.0406,0.0427,0,0,False,,[run] n=50 seed=8 input=D:\test2\results\memo_backend_no_gate\data\50\SDT_50_0.2_0.4_9.txt decomp=adaptive memo_backend=custom use_ub=0 use_lb=0 terminal_rules=1 position_filtering_enabled=1 enable_lawler_basic_rules=1 enable_simple_lb=0 enable_lb_memo=0 enable_edd_ub=0 ub_depth_limit=-1 lb_depth_limit=-1 terminal_all_tardy_spt=1 terminal_edd_at_most_one_tardy=1 enable_memo=1 enable_exact_memo=1 memo_full_key_verification=1 memo_memory_limit_mb=12288 cost=5292 time_ms=2.5329 nodes=1711 max_depth=49 memo_hits=91 memo_misses=3421 memo_exact_hits=91 memo_lb_hits=0 rule4=1 valid_pos=13289 valid_pos_pruned_3a=0 valid_pos_pruned_3b=0 memo_rejected=0 memo_forced_evict=0 lufo_passes=0 terminal_spt=20 terminal_edd=268 memo_peak=1711 memo_final=1711 memo_evictions=0 memo_clean_time_ms=0 reconstruction_time_ms=0.0406 reconstruction_repairs=0 reconstruction_trace_hits=35 reconstruction_trace_fallbacks=0 memo_used_mb=0.261078 memo_bytes_per_entry=160,[run] n=50 seed=8 input=D:\test2\results\memo_backend_no_gate\data\50\SDT_50_0.2_0.4_9.txt decomp=adaptive memo_backend=std_unordered use_ub=0 use_lb=0 terminal_rules=1 position_filtering_enabled=1 enable_lawler_basic_rules=1 enable_simple_lb=0 enable_lb_memo=0 enable_edd_ub=0 ub_depth_limit=-1 lb_depth_limit=-1 terminal_all_tardy_spt=1 terminal_edd_at_most_one_tardy=1 enable_memo=1 enable_exact_memo=1 memo_full_key_verification=1 memo_memory_limit_mb=12288 cost=5292 time_ms=2.4225 nodes=1711 max_depth=49 memo_hits=91 memo_misses=3421 memo_exact_hits=91 memo_lb_hits=0 rule4=1 valid_pos=13289 valid_pos_pruned_3a=0 valid_pos_pruned_3b=0 memo_rejected=0 memo_forced_evict=0 lufo_passes=0 terminal_spt=20 terminal_edd=268 memo_peak=1711 memo_final=1711 memo_evictions=0 memo_clean_time_ms=0 reconstruction_time_ms=0.0427 reconstruction_repairs=0 reconstruction_trace_hits=35 reconstruction_trace_fallbacks=0 memo_used_mb=0.313293 memo_bytes_per_entry=192,C:\c++\test2\results\memo_backend_no_gate\raw_results.csv,False,1.0455727554179568,0.8333349292834503,True,True
50,0.2,0.4,9,D:\test2\results\memo_backend_no_gate\data\50\SDT_50_0.2_0.4_10.txt,12288,1200,SOLVED,SOLVED,MATCH,True,True,True,50,50,4126,4126,4126,4126,0.7527,0.5814,0.772419,8.18,6.716,0.821027,314,314,True,12,12,627,627,0.0479126,0.0574951,0,0,0.04,0.0458,0,0,False,,[run] n=50 seed=9 input=D:\test2\results\memo_backend_no_gate\data\50\SDT_50_0.2_0.4_10.txt decomp=adaptive memo_backend=custom use_ub=0 use_lb=0 terminal_rules=1 position_filtering_enabled=1 enable_lawler_basic_rules=1 enable_simple_lb=0 enable_lb_memo=0 enable_edd_ub=0 ub_depth_limit=-1 lb_depth_limit=-1 terminal_all_tardy_spt=1 terminal_edd_at_most_one_tardy=1 enable_memo=1 enable_exact_memo=1 memo_full_key_verification=1 memo_memory_limit_mb=12288 cost=4126 time_ms=0.7527 nodes=314 max_depth=49 memo_hits=12 memo_misses=627 memo_exact_hits=12 memo_lb_hits=0 rule4=1 valid_pos=3074 valid_pos_pruned_3a=0 valid_pos_pruned_3b=0 memo_rejected=0 memo_forced_evict=0 lufo_passes=0 terminal_spt=2 terminal_edd=78 memo_peak=314 memo_final=314 memo_evictions=0 memo_clean_time_ms=0 reconstruction_time_ms=0.04 reconstruction_repairs=0 reconstruction_trace_hits=35 reconstruction_trace_fallbacks=0 memo_used_mb=0.0479126 memo_bytes_per_entry=160,[run] n=50 seed=9 input=D:\test2\results\memo_backend_no_gate\data\50\SDT_50_0.2_0.4_10.txt decomp=adaptive memo_backend=std_unordered use_ub=0 use_lb=0 terminal_rules=1 position_filtering_enabled=1 enable_lawler_basic_rules=1 enable_simple_lb=0 enable_lb_memo=0 enable_edd_ub=0 ub_depth_limit=-1 lb_depth_limit=-1 terminal_all_tardy_spt=1 terminal_edd_at_most_one_tardy=1 enable_memo=1 enable_exact_memo=1 memo_full_key_verification=1 memo_memory_limit_mb=12288 cost=4126 time_ms=0.5814 nodes=314 max_depth=49 memo_hits=12 memo_misses=627 memo_exact_hits=12 memo_lb_hits=0 rule4=1 valid_pos=3074 valid_pos_pruned_3a=0 valid_pos_pruned_3b=0 memo_rejected=0 memo_forced_evict=0 lufo_passes=0 terminal_spt=2 terminal_edd=78 memo_peak=314 memo_final=314 memo_evictions=0 memo_clean_time_ms=0 reconstruction_time_ms=0.0458 reconstruction_repairs=0 reconstruction_trace_hits=35 reconstruction_trace_fallbacks=0 memo_used_mb=0.0574951 memo_bytes_per_entry=192,C:\c++\test2\results\memo_backend_no_gate\raw_results.csv,False,1.2946336429308565,0.8333336232131086,True,True
50,0.2,0.8,0,D:\test2\results\memo_backend_no_gate\data\50\SDT_50_0.2_0.8_1.txt,12288,1200,SOLVED,SOLVED,MATCH,True,True,True,50,50,23831,23831,23831,23831,0.8696,0.8833,1.015754,9.389,7.222,0.769198,546,546,True,16,16,1091,1091,0.083313,0.0999756,0,0,0.0481,0.0462,0,0,False,,[run] n=50 seed=0 input=D:\test2\results\memo_backend_no_gate\data\50\SDT_50_0.2_0.8_1.txt decomp=adaptive memo_backend=custom use_ub=0 use_lb=0 terminal_rules=1 position_filtering_enabled=1 enable_lawler_basic_rules=1 enable_simple_lb=0 enable_lb_memo=0 enable_edd_ub=0 ub_depth_limit=-1 lb_depth_limit=-1 terminal_all_tardy_spt=1 terminal_edd_at_most_one_tardy=1 enable_memo=1 enable_exact_memo=1 memo_full_key_verification=1 memo_memory_limit_mb=12288 cost=23831 time_ms=0.8696 nodes=546 max_depth=49 memo_hits=16 memo_misses=1091 memo_exact_hits=16 memo_lb_hits=0 rule4=1 valid_pos=4452 valid_pos_pruned_3a=0 valid_pos_pruned_3b=0 memo_rejected=0 memo_forced_evict=0 lufo_passes=0 terminal_spt=11 terminal_edd=90 memo_peak=546 memo_final=546 memo_evictions=0 memo_clean_time_ms=0 reconstruction_time_ms=0.0481 reconstruction_repairs=0 reconstruction_trace_hits=42 reconstruction_trace_fallbacks=0 memo_used_mb=0.083313 memo_bytes_per_entry=160,[run] n=50 seed=0 input=D:\test2\results\memo_backend_no_gate\data\50\SDT_50_0.2_0.8_1.txt decomp=adaptive memo_backend=std_unordered use_ub=0 use_lb=0 terminal_rules=1 position_filtering_enabled=1 enable_lawler_basic_rules=1 enable_simple_lb=0 enable_lb_memo=0 enable_edd_ub=0 ub_depth_limit=-1 lb_depth_limit=-1 terminal_all_tardy_spt=1 terminal_edd_at_most_one_tardy=1 enable_memo=1 enable_exact_memo=1 memo_full_key_verification=1 memo_memory_limit_mb=12288 cost=23831 time_ms=0.8833 nodes=546 max_depth=49 memo_hits=16 memo_misses=1091 memo_exact_hits=16 memo_lb_hits=0 rule4=1 valid_pos=4452 valid_pos_pruned_3a=0 valid_pos_pruned_3b=0 memo_rejected=0 memo_forced_evict=0 lufo_passes=0 terminal_spt=11 terminal_edd=90 memo_peak=546 memo_final=546 memo_evictions=0 memo_clean_time_ms=0 reconstruction_time_ms=0.0462 reconstruction_repairs=0 reconstruction_trace_hits=42 reconstruction_trace_fallbacks=0 memo_used_mb=0.0999756 memo_bytes_per_entry=192,C:\c++\test2\results\memo_backend_no_gate\raw_results.csv,False,0.9844899807539907,0.8333333333333334,True,True
50,0.2,0.8,1,D:\test2\results\memo_backend_no_gate\data\50\SDT_50_0.2_0.8_2.txt,12288,1200,SOLVED,SOLVED,MATCH,True,True,True,50,50,19855,19855,19855,19855,0.9892,0.981,0.99171,8.315,7.194,0.865183,635,635,True,45,45,1269,1269,0.0968933,0.116272,0,0,0.0447,0.0434,0,0,False,,[run] n=50 seed=1 input=D:\test2\results\memo_backend_no_gate\data\50\SDT_50_0.2_0.8_2.txt decomp=adaptive memo_backend=custom use_ub=0 use_lb=0 terminal_rules=1 position_filtering_enabled=1 enable_lawler_basic_rules=1 enable_simple_lb=0 enable_lb_memo=0 enable_edd_ub=0 ub_depth_limit=-1 lb_depth_limit=-1 terminal_all_tardy_spt=1 terminal_edd_at_most_one_tardy=1 enable_memo=1 enable_exact_memo=1 memo_full_key_verification=1 memo_memory_limit_mb=12288 cost=19855 time_ms=0.9892 nodes=635 max_depth=49 memo_hits=45 memo_misses=1269 memo_exact_hits=45 memo_lb_hits=0 rule4=1 valid_pos=4600 valid_pos_pruned_3a=0 valid_pos_pruned_3b=0 memo_rejected=0 memo_forced_evict=0 lufo_passes=0 terminal_spt=9 terminal_edd=104 memo_peak=635 memo_final=635 memo_evictions=0 memo_clean_time_ms=0 reconstruction_time_ms=0.0447 reconstruction_repairs=0 reconstruction_trace_hits=34 reconstruction_trace_fallbacks=0 memo_used_mb=0.0968933 memo_bytes_per_entry=160,[run] n=50 seed=1 input=D:\test2\results\memo_backend_no_gate\data\50\SDT_50_0.2_0.8_2.txt decomp=adaptive memo_backend=std_unordered use_ub=0 use_lb=0 terminal_rules=1 position_filtering_enabled=1 enable_lawler_basic_rules=1 enable_simple_lb=0 enable_lb_memo=0 enable_edd_ub=0 ub_depth_limit=-1 lb_depth_limit=-1 terminal_all_tardy_spt=1 terminal_edd_at_most_one_tardy=1 enable_memo=1 enable_exact_memo=1 memo_full_key_verification=1 memo_memory_limit_mb=12288 cost=19855 time_ms=0.981 nodes=635 max_depth=49 memo_hits=45 memo_misses=1269 memo_exact_hits=45 memo_lb_hits=0 rule4=1 valid_pos=4600 valid_pos_pruned_3a=0 valid_pos_pruned_3b=0 memo_rejected=0 memo_forced_evict=0 lufo_passes=0 terminal_spt=9 terminal_edd=104 memo_peak=635 memo_final=635 memo_evictions=0 memo_clean_time_ms=0 reconstruction_time_ms=0.0434 reconstruction_repairs=0 reconstruction_trace_hits=34 reconstruction_trace_fallbacks=0 memo_used_mb=0.116272 memo_bytes_per_entry=192,C:\c++\test2\results\memo_backend_no_gate\raw_results.csv,False,1.0083588175331295,0.8333330466492362,True,True
50,0.2,0.8,2,D:\test2\results\memo_backend_no_gate\data\50\SDT_50_0.2_0.8_3.txt,12288,1200,SOLVED,SOLVED,MATCH,True,True,True,50,50,22793,22793,22793,22793,0.3512,0.3303,0.94049,7.904,6.38,0.807186,154,154,True,5,5,307,307,0.0234985,0.0281982,0,0,0.0372,0.0381,0,0,False,,[run] n=50 seed=2 input=D:\test2\results\memo_backend_no_gate\data\50\SDT_50_0.2_0.8_3.txt decomp=adaptive memo_backend=custom use_ub=0 use_lb=0 terminal_rules=1 position_filtering_enabled=1 enable_lawler_basic_rules=1 enable_simple_lb=0 enable_lb_memo=0 enable_edd_ub=0 ub_depth_limit=-1 lb_depth_limit=-1 terminal_all_tardy_spt=1 terminal_edd_at_most_one_tardy=1 enable_memo=1 enable_exact_memo=1 memo_full_key_verification=1 memo_memory_limit_mb=12288 cost=22793 time_ms=0.3512 nodes=154 max_depth=49 memo_hits=5 memo_misses=307 memo_exact_hits=5 memo_lb_hits=0 rule4=1 valid_pos=1346 valid_pos_pruned_3a=0 valid_pos_pruned_3b=0 memo_rejected=0 memo_forced_evict=0 lufo_passes=0 terminal_spt=0 terminal_edd=43 memo_peak=154 memo_final=154 memo_evictions=0 memo_clean_time_ms=0 reconstruction_time_ms=0.0372 reconstruction_repairs=0 reconstruction_trace_hits=35 reconstruction_trace_fallbacks=0 memo_used_mb=0.0234985 memo_bytes_per_entry=160,[run] n=50 seed=2 input=D:\test2\results\memo_backend_no_gate\data\50\SDT_50_0.2_0.8_3.txt decomp=adaptive memo_backend=std_unordered use_ub=0 use_lb=0 terminal_rules=1 position_filtering_enabled=1 enable_lawler_basic_rules=1 enable_simple_lb=0 enable_lb_memo=0 enable_edd_ub=0 ub_depth_limit=-1 lb_depth_limit=-1 terminal_all_tardy_spt=1 terminal_edd_at_most_one_tardy=1 enable_memo=1 enable_exact_memo=1 memo_full_key_verification=1 memo_memory_limit_mb=12288 cost=22793 time_ms=0.3303 nodes=154 max_depth=49 memo_hits=5 memo_misses=307 memo_exact_hits=5 memo_lb_hits=0 rule4=1 valid_pos=1346 valid_pos_pruned_3a=0 valid_pos_pruned_3b=0 memo_rejected=0 memo_forced_evict=0 lufo_passes=0 terminal_spt=0 terminal_edd=43 memo_peak=154 memo_final=154 memo_evictions=0 memo_clean_time_ms=0 reconstruction_time_ms=0.0381 reconstruction_repairs=0 reconstruction_trace_hits=35 reconstruction_trace_fallbacks=0 memo_used_mb=0.0281982 memo_bytes_per_entry=192,C:\c++\test2\results\memo_backend_no_gate\raw_results.csv,False,1.0632758098698154,0.8333333333333333,True,True
50,0.2,0.8,3,D:\test2\results\memo_backend_no_gate\data\50\SDT_50_0.2_0.8_4.txt,12288,1200,SOLVED,SOLVED,MATCH,True,True,True,50,50,25779,25779,25779,25779,1.0998,1.052,0.956538,8.712,7.34,0.842516,666,666,True,58,58,1331,1331,0.101624,0.121948,0,0,0.0564,0.0487,0,0,False,,[run] n=50 seed=3 input=D:\test2\results\memo_backend_no_gate\data\50\SDT_50_0.2_0.8_4.txt decomp=adaptive memo_backend=custom use_ub=0 use_lb=0 terminal_rules=1 position_filtering_enabled=1 enable_lawler_basic_rules=1 enable_simple_lb=0 enable_lb_memo=0 enable_edd_ub=0 ub_depth_limit=-1 lb_depth_limit=-1 terminal_all_tardy_spt=1 terminal_edd_at_most_one_tardy=1 enable_memo=1 enable_exact_memo=1 memo_full_key_verification=1 memo_memory_limit_mb=12288 cost=25779 time_ms=1.0998 nodes=666 max_depth=49 memo_hits=58 memo_misses=1331 memo_exact_hits=58 memo_lb_hits=0 rule4=1 valid_pos=5546 valid_pos_pruned_3a=0 valid_pos_pruned_3b=0 memo_rejected=0 memo_forced_evict=0 lufo_passes=0 terminal_spt=6 terminal_edd=129 memo_peak=666 memo_final=666 memo_evictions=0 memo_clean_time_ms=0 reconstruction_time_ms=0.0564 reconstruction_repairs=0 reconstruction_trace_hits=42 reconstruction_trace_fallbacks=0 memo_used_mb=0.101624 memo_bytes_per_entry=160,[run] n=50 seed=3 input=D:\test2\results\memo_backend_no_gate\data\50\SDT_50_0.2_0.8_4.txt decomp=adaptive memo_backend=std_unordered use_ub=0 use_lb=0 terminal_rules=1 position_filtering_enabled=1 enable_lawler_basic_rules=1 enable_simple_lb=0 enable_lb_memo=0 enable_edd_ub=0 ub_depth_limit=-1 lb_depth_limit=-1 terminal_all_tardy_spt=1 terminal_edd_at_most_one_tardy=1 enable_memo=1 enable_exact_memo=1 memo_full_key_verification=1 memo_memory_limit_mb=12288 cost=25779 time_ms=1.052 nodes=666 max_depth=49 memo_hits=58 memo_misses=1331 memo_exact_hits=58 memo_lb_hits=0 rule4=1 valid_pos=5546 valid_pos_pruned_3a=0 valid_pos_pruned_3b=0 memo_rejected=0 memo_forced_evict=0 lufo_passes=0 terminal_spt=6 terminal_edd=129 memo_peak=666 memo_final=666 memo_evictions=0 memo_clean_time_ms=0 reconstruction_time_ms=0.0487 reconstruction_repairs=0 reconstruction_trace_hits=42 reconstruction_trace_fallbacks=0 memo_used_mb=0.121948 memo_bytes_per_entry=192,C:\c++\test2\results\memo_backend_no_gate\raw_results.csv,False,1.0454372623574144,0.8333388001443238,True,True
50,0.2,0.8,4,D:\test2\results\memo_backend_no_gate\data\50\SDT_50_0.2_0.8_5.txt,12288,1200,SOLVED,SOLVED,MATCH,True,True,True,50,50,25215,25215,25215,25215,0.4289,0.4425,1.031709,7.701,7.338,0.952863,208,208,True,5,5,415,415,0.0317383,0.0380859,0,0,0.0466,0.056,0,0,False,,[run] n=50 seed=4 input=D:\test2\results\memo_backend_no_gate\data\50\SDT_50_0.2_0.8_5.txt decomp=adaptive memo_backend=custom use_ub=0 use_lb=0 terminal_rules=1 position_filtering_enabled=1 enable_lawler_basic_rules=1 enable_simple_lb=0 enable_lb_memo=0 enable_edd_ub=0 ub_depth_limit=-1 lb_depth_limit=-1 terminal_all_tardy_spt=1 terminal_edd_at_most_one_tardy=1 enable_memo=1 enable_exact_memo=1 memo_full_key_verification=1 memo_memory_limit_mb=12288 cost=25215 time_ms=0.4289 nodes=208 max_depth=49 memo_hits=5 memo_misses=415 memo_exact_hits=5 memo_lb_hits=0 rule4=1 valid_pos=1753 valid_pos_pruned_3a=0 valid_pos_pruned_3b=0 memo_rejected=0 memo_forced_evict=0 lufo_passes=0 terminal_spt=7 terminal_edd=32 memo_peak=208 memo_final=208 memo_evictions=0 memo_clean_time_ms=0 reconstruction_time_ms=0.0466 reconstruction_repairs=0 reconstruction_trace_hits=44 reconstruction_trace_fallbacks=0 memo_used_mb=0.0317383 memo_bytes_per_entry=160,[run] n=50 seed=4 input=D:\test2\results\memo_backend_no_gate\data\50\SDT_50_0.2_0.8_5.txt decomp=adaptive memo_backend=std_unordered use_ub=0 use_lb=0 terminal_rules=1 position_filtering_enabled=1 enable_lawler_basic_rules=1 enable_simple_lb=0 enable_lb_memo=0 enable_edd_ub=0 ub_depth_limit=-1 lb_depth_limit=-1 terminal_all_tardy_spt=1 terminal_edd_at_most_one_tardy=1 enable_memo=1 enable_exact_memo=1 memo_full_key_verification=1 memo_memory_limit_mb=12288 cost=25215 time_ms=0.4425 nodes=208 max_depth=49 memo_hits=5 memo_misses=415 memo_exact_hits=5 memo_lb_hits=0 rule4=1 valid_pos=1753 valid_pos_pruned_3a=0 valid_pos_pruned_3b=0 memo_rejected=0 memo_forced_evict=0 lufo_passes=0 terminal_spt=7 terminal_edd=32 memo_peak=208 memo_final=208 memo_evictions=0 memo_clean_time_ms=0 reconstruction_time_ms=0.056 reconstruction_repairs=0 reconstruction_trace_hits=44 reconstruction_trace_fallbacks=0 memo_used_mb=0.0380859 memo_bytes_per_entry=192,C:\c++\test2\results\memo_backend_no_gate\raw_results.csv,False,0.9692655367231638,0.8333346461551387,True,True
50,0.2,0.8,5,D:\test2\results\memo_backend_no_gate\data\50\SDT_50_0.2_0.8_6.txt,12288,1200,SOLVED,SOLVED,MATCH,True,True,True,50,50,20340,20340,20340,20340,0.3237,0.3253,1.004943,7.829,6.444,0.823094,133,133,True,1,1,265,265,0.0202942,0.024353,0,0,0.0369,0.0403,0,0,False,,[run] n=50 seed=5 input=D:\test2\results\memo_backend_no_gate\data\50\SDT_50_0.2_0.8_6.txt decomp=adaptive memo_backend=custom use_ub=0 use_lb=0 terminal_rules=1 position_filtering_enabled=1 enable_lawler_basic_rules=1 enable_simple_lb=0 enable_lb_memo=0 enable_edd_ub=0 ub_depth_limit=-1 lb_depth_limit=-1 terminal_all_tardy_spt=1 terminal_edd_at_most_one_tardy=1 enable_memo=1 enable_exact_memo=1 memo_full_key_verification=1 memo_memory_limit_mb=12288 cost=20340 time_ms=0.3237 nodes=133 max_depth=49 memo_hits=1 memo_misses=265 memo_exact_hits=1 memo_lb_hits=0 rule4=1 valid_pos=1387 valid_pos_pruned_3a=0 valid_pos_pruned_3b=0 memo_rejected=0 memo_forced_evict=0 lufo_passes=0 terminal_spt=0 terminal_edd=26 memo_peak=133 memo_final=133 memo_evictions=0 memo_clean_time_ms=0 reconstruction_time_ms=0.0369 reconstruction_repairs=0 reconstruction_trace_hits=34 reconstruction_trace_fallbacks=0 memo_used_mb=0.0202942 memo_bytes_per_entry=160,[run] n=50 seed=5 input=D:\test2\results\memo_backend_no_gate\data\50\SDT_50_0.2_0.8_6.txt decomp=adaptive memo_backend=std_unordered use_ub=0 use_lb=0 terminal_rules=1 position_filtering_enabled=1 enable_lawler_basic_rules=1 enable_simple_lb=0 enable_lb_memo=0 enable_edd_ub=0 ub_depth_limit=-1 lb_depth_limit=-1 terminal_all_tardy_spt=1 terminal_edd_at_most_one_tardy=1 enable_memo=1 enable_exact_memo=1 memo_full_key_verification=1 memo_memory_limit_mb=12288 cost=20340 time_ms=0.3253 nodes=133 max_depth=49 memo_hits=1 memo_misses=265 memo_exact_hits=1 memo_lb_hits=0 rule4=1 valid_pos=1387 valid_pos_pruned_3a=0 valid_pos_pruned_3b=0 memo_rejected=0 memo_forced_evict=0 lufo_passes=0 terminal_spt=0 terminal_edd=26 memo_peak=133 memo_final=133 memo_evictions=0 memo_clean_time_ms=0 reconstruction_time_ms=0.0403 reconstruction_repairs=0 reconstruction_trace_hits=34 reconstruction_trace_fallbacks=0 memo_used_mb=0.024353 memo_bytes_per_entry=192,C:\c++\test2\results\memo_backend_no_gate\raw_results.csv,False,0.9950814632646788,0.8333347020900915,True,True
50,0.2,0.8,6,D:\test2\results\memo_backend_no_gate\data\50\SDT_50_0.2_0.8_7.txt,12288,1200,SOLVED,SOLVED,MATCH,True,True,True,50,50,27852,27852,27852,27852,0.7165,0.6302,0.879553,8.287,6.879,0.830095,380,380,True,25,25,759,759,0.0579834,0.0695801,0,0,0.0519,0.049,0,0,False,,[run] n=50 seed=6 input=D:\test2\results\memo_backend_no_gate\data\50\SDT_50_0.2_0.8_7.txt decomp=adaptive memo_backend=custom use_ub=0 use_lb=0 terminal_rules=1 position_filtering_enabled=1 enable_lawler_basic_rules=1 enable_simple_lb=0 enable_lb_memo=0 enable_edd_ub=0 ub_depth_limit=-1 lb_depth_limit=-1 terminal_all_tardy_spt=1 terminal_edd_at_most_one_tardy=1 enable_memo=1 enable_exact_memo=1 memo_full_key_verification=1 memo_memory_limit_mb=12288 cost=27852 time_ms=0.7165 nodes=380 max_depth=49 memo_hits=25 memo_misses=759 memo_exact_hits=25 memo_lb_hits=0 rule4=1 valid_pos=2811 valid_pos_pruned_3a=0 valid_pos_pruned_3b=0 memo_rejected=0 memo_forced_evict=0 lufo_passes=0 terminal_spt=0 terminal_edd=73 memo_peak=380 memo_final=380 memo_evictions=0 memo_clean_time_ms=0 reconstruction_time_ms=0.0519 reconstruction_repairs=0 reconstruction_trace_hits=45 reconstruction_trace_fallbacks=0 memo_used_mb=0.0579834 memo_bytes_per_entry=160,[run] n=50 seed=6 input=D:\test2\results\memo_backend_no_gate\data\50\SDT_50_0.2_0.8_7.txt decomp=adaptive memo_backend=std_unordered use_ub=0 use_lb=0 terminal_rules=1 position_filtering_enabled=1 enable_lawler_basic_rules=1 enable_simple_lb=0 enable_lb_memo=0 enable_edd_ub=0 ub_depth_limit=-1 lb_depth_limit=-1 terminal_all_tardy_spt=1 terminal_edd_at_most_one_tardy=1 enable_memo=1 enable_exact_memo=1 memo_full_key_verification=1 memo_memory_limit_mb=12288 cost=27852 time_ms=0.6302 nodes=380 max_depth=49 memo_hits=25 memo_misses=759 memo_exact_hits=25 memo_lb_hits=0 rule4=1 valid_pos=2811 valid_pos_pruned_3a=0 valid_pos_pruned_3b=0 memo_rejected=0 memo_forced_evict=0 lufo_passes=0 terminal_spt=0 terminal_edd=73 memo_peak=380 memo_final=380 memo_evictions=0 memo_clean_time_ms=0 reconstruction_time_ms=0.049 reconstruction_repairs=0 reconstruction_trace_hits=45 reconstruction_trace_fallbacks=0 memo_used_mb=0.0695801 memo_bytes_per_entry=192,C:\c++\test2\results\memo_backend_no_gate\raw_results.csv,False,1.136940653760711,0.8333330938012448,True,True
50,0.2,0.8,7,D:\test2\results\memo_backend_no_gate\data\50\SDT_50_0.2_0.8_8.txt,12288,1200,SOLVED,SOLVED,MATCH,True,True,True,50,50,24351,24351,24351,24351,0.451,0.4339,0.962084,7.995,6.41,0.801751,236,236,True,13,13,471,471,0.0360107,0.0432129,0,0,0.0201,0.0221,0,0,False,,[run] n=50 seed=7 input=D:\test2\results\memo_backend_no_gate\data\50\SDT_50_0.2_0.8_8.txt decomp=adaptive memo_backend=custom use_ub=0 use_lb=0 terminal_rules=1 position_filtering_enabled=1 enable_lawler_basic_rules=1 enable_simple_lb=0 enable_lb_memo=0 enable_edd_ub=0 ub_depth_limit=-1 lb_depth_limit=-1 terminal_all_tardy_spt=1 terminal_edd_at_most_one_tardy=1 enable_memo=1 enable_exact_memo=1 memo_full_key_verification=1 memo_memory_limit_mb=12288 cost=24351 time_ms=0.451 nodes=236 max_depth=49 memo_hits=13 memo_misses=471 memo_exact_hits=13 memo_lb_hits=0 rule4=1 valid_pos=2084 valid_pos_pruned_3a=0 valid_pos_pruned_3b=0 memo_rejected=0 memo_forced_evict=0 lufo_passes=0 terminal_spt=4 terminal_edd=63 memo_peak=236 memo_final=236 memo_evictions=0 memo_clean_time_ms=0 reconstruction_time_ms=0.0201 reconstruction_repairs=0 reconstruction_trace_hits=16 reconstruction_trace_fallbacks=0 memo_used_mb=0.0360107 memo_bytes_per_entry=160,[run] n=50 seed=7 input=D:\test2\results\memo_backend_no_gate\data\50\SDT_50_0.2_0.8_8.txt decomp=adaptive memo_backend=std_unordered use_ub=0 use_lb=0 terminal_rules=1 position_filtering_enabled=1 enable_lawler_basic_rules=1 enable_simple_lb=0 enable_lb_memo=0 enable_edd_ub=0 ub_depth_limit=-1 lb_depth_limit=-1 terminal_all_tardy_spt=1 terminal_edd_at_most_one_tardy=1 enable_memo=1 enable_exact_memo=1 memo_full_key_verification=1 memo_memory_limit_mb=12288 cost=24351 time_ms=0.4339 nodes=236 max_depth=49 memo_hits=13 memo_misses=471 memo_exact_hits=13 memo_lb_hits=0 rule4=1 valid_pos=2084 valid_pos_pruned_3a=0 valid_pos_pruned_3b=0 memo_rejected=0 memo_forced_evict=0 lufo_passes=0 terminal_spt=4 terminal_edd=63 memo_peak=236 memo_final=236 memo_evictions=0 memo_clean_time_ms=0 reconstruction_time_ms=0.0221 reconstruction_repairs=0 reconstruction_trace_hits=16 reconstruction_trace_fallbacks=0 memo_used_mb=0.0432129 memo_bytes_per_entry=192,C:\c++\test2\results\memo_backend_no_gate\raw_results.csv,False,1.0394100023046786,0.8333321762714375,True,True
50,0.2,0.8,8,D:\test2\results\memo_backend_no_gate\data\50\SDT_50_0.2_0.8_9.txt,12288,1200,SOLVED,SOLVED,MATCH,True,True,True,50,50,25600,25600,25600,25600,1.1086,1.1273,1.016868,8.432,7.382,0.875474,681,681,True,46,46,1361,1361,0.103912,0.124695,0,0,0.0529,0.0521,0,0,False,,[run] n=50 seed=8 input=D:\test2\results\memo_backend_no_gate\data\50\SDT_50_0.2_0.8_9.txt decomp=adaptive memo_backend=custom use_ub=0 use_lb=0 terminal_rules=1 position_filtering_enabled=1 enable_lawler_basic_rules=1 enable_simple_lb=0 enable_lb_memo=0 enable_edd_ub=0 ub_depth_limit=-1 lb_depth_limit=-1 terminal_all_tardy_spt=1 terminal_edd_at_most_one_tardy=1 enable_memo=1 enable_exact_memo=1 memo_full_key_verification=1 memo_memory_limit_mb=12288 cost=25600 time_ms=1.1086 nodes=681 max_depth=49 memo_hits=46 memo_misses=1361 memo_exact_hits=46 memo_lb_hits=0 rule4=1 valid_pos=5868 valid_pos_pruned_3a=0 valid_pos_pruned_3b=0 memo_rejected=0 memo_forced_evict=0 lufo_passes=0 terminal_spt=4 terminal_edd=126 memo_peak=681 memo_final=681 memo_evictions=0 memo_clean_time_ms=0 reconstruction_time_ms=0.0529 reconstruction_repairs=0 reconstruction_trace_hits=47 reconstruction_trace_fallbacks=0 memo_used_mb=0.103912 memo_bytes_per_entry=160,[run] n=50 seed=8 input=D:\test2\results\memo_backend_no_gate\data\50\SDT_50_0.2_0.8_9.txt decomp=adaptive memo_backend=std_unordered use_ub=0 use_lb=0 terminal_rules=1 position_filtering_enabled=1 enable_lawler_basic_rules=1 enable_simple_lb=0 enable_lb_memo=0 enable_edd_ub=0 ub_depth_limit=-1 lb_depth_limit=-1 terminal_all_tardy_spt=1 terminal_edd_at_most_one_tardy=1 enable_memo=1 enable_exact_memo=1 memo_full_key_verification=1 memo_memory_limit_mb=12288 cost=25600 time_ms=1.1273 nodes=681 max_depth=49 memo_hits=46 memo_misses=1361 memo_exact_hits=46 memo_lb_hits=0 rule4=1 valid_pos=5868 valid_pos_pruned_3a=0 valid_pos_pruned_3b=0 memo_rejected=0 memo_forced_evict=0 lufo_passes=0 terminal_spt=4 terminal_edd=126 memo_peak=681 memo_final=681 memo_evictions=0 memo_clean_time_ms=0 reconstruction_time_ms=0.0521 reconstruction_repairs=0 reconstruction_trace_hits=47 reconstruction_trace_fallbacks=0 memo_used_mb=0.124695 memo_bytes_per_entry=192,C:\c++\test2\results\memo_backend_no_gate\raw_results.csv,False,0.9834116916526213,0.8333293235494608,True,True
50,0.2,0.8,9,D:\test2\results\memo_backend_no_gate\data\50\SDT_50_0.2_0.8_10.txt,12288,1200,SOLVED,SOLVED,MATCH,True,True,True,50,50,21860,21860,21860,21860,0.3546,0.3429,0.967005,8.031,6.602,0.822065,154,154,True,4,4,307,307,0.0234985,0.0281982,0,0,0.0426,0.0472,0,0,False,,[run] n=50 seed=9 input=D:\test2\results\memo_backend_no_gate\data\50\SDT_50_0.2_0.8_10.txt decomp=adaptive memo_backend=custom use_ub=0 use_lb=0 terminal_rules=1 position_filtering_enabled=1 enable_lawler_basic_rules=1 enable_simple_lb=0 enable_lb_memo=0 enable_edd_ub=0 ub_depth_limit=-1 lb_depth_limit=-1 terminal_all_tardy_spt=1 terminal_edd_at_most_one_tardy=1 enable_memo=1 enable_exact_memo=1 memo_full_key_verification=1 memo_memory_limit_mb=12288 cost=21860 time_ms=0.3546 nodes=154 max_depth=49 memo_hits=4 memo_misses=307 memo_exact_hits=4 memo_lb_hits=0 rule4=1 valid_pos=1498 valid_pos_pruned_3a=0 valid_pos_pruned_3b=0 memo_rejected=0 memo_forced_evict=0 lufo_passes=0 terminal_spt=2 terminal_edd=41 memo_peak=154 memo_final=154 memo_evictions=0 memo_clean_time_ms=0 reconstruction_time_ms=0.0426 reconstruction_repairs=0 reconstruction_trace_hits=40 reconstruction_trace_fallbacks=0 memo_used_mb=0.0234985 memo_bytes_per_entry=160,[run] n=50 seed=9 input=D:\test2\results\memo_backend_no_gate\data\50\SDT_50_0.2_0.8_10.txt decomp=adaptive memo_backend=std_unordered use_ub=0 use_lb=0 terminal_rules=1 position_filtering_enabled=1 enable_lawler_basic_rules=1 enable_simple_lb=0 enable_lb_memo=0 enable_edd_ub=0 ub_depth_limit=-1 lb_depth_limit=-1 terminal_all_tardy_spt=1 terminal_edd_at_most_one_tardy=1 enable_memo=1 enable_exact_memo=1 memo_full_key_verification=1 memo_memory_limit_mb=12288 cost=21860 time_ms=0.3429 nodes=154 max_depth=49 memo_hits=4 memo_misses=307 memo_exact_hits=4 memo_lb_hits=0 rule4=1 valid_pos=1498 valid_pos_pruned_3a=0 valid_pos_pruned_3b=0 memo_rejected=0 memo_forced_evict=0 lufo_passes=0 terminal_spt=2 terminal_edd=41 memo_peak=154 memo_final=154 memo_evictions=0 memo_clean_time_ms=0 reconstruction_time_ms=0.0472 reconstruction_repairs=0 reconstruction_trace_hits=40 reconstruction_trace_fallbacks=0 memo_used_mb=0.0281982 memo_bytes_per_entry=192,C:\c++\test2\results\memo_backend_no_gate\raw_results.csv,False,1.0341207349081367,0.8333333333333333,True,True
50,0.4,0.6,0,D:\test2\results\memo_backend_no_gate\data\50\SDT_50_0.4_0.6_1.txt,12288,1200,SOLVED,SOLVED,MATCH,True,True,True,50,50,11062,11062,11062,11062,2.5818,2.4975,0.967348,10.261,8.789,0.856544,1674,1674,True,152,152,3347,3347,0.255432,0.306519,0,0,0.0537,0.0512,0,0,False,,[run] n=50 seed=0 input=D:\test2\results\memo_backend_no_gate\data\50\SDT_50_0.4_0.6_1.txt decomp=adaptive memo_backend=custom use_ub=0 use_lb=0 terminal_rules=1 position_filtering_enabled=1 enable_lawler_basic_rules=1 enable_simple_lb=0 enable_lb_memo=0 enable_edd_ub=0 ub_depth_limit=-1 lb_depth_limit=-1 terminal_all_tardy_spt=1 terminal_edd_at_most_one_tardy=1 enable_memo=1 enable_exact_memo=1 memo_full_key_verification=1 memo_memory_limit_mb=12288 cost=11062 time_ms=2.5818 nodes=1674 max_depth=49 memo_hits=152 memo_misses=3347 memo_exact_hits=152 memo_lb_hits=0 rule4=1 valid_pos=15547 valid_pos_pruned_3a=0 valid_pos_pruned_3b=0 memo_rejected=0 memo_forced_evict=0 lufo_passes=0 terminal_spt=24 terminal_edd=319 memo_peak=1674 memo_final=1674 memo_evictions=0 memo_clean_time_ms=0 reconstruction_time_ms=0.0537 reconstruction_repairs=0 reconstruction_trace_hits=42 reconstruction_trace_fallbacks=0 memo_used_mb=0.255432 memo_bytes_per_entry=160,[run] n=50 seed=0 input=D:\test2\results\memo_backend_no_gate\data\50\SDT_50_0.4_0.6_1.txt decomp=adaptive memo_backend=std_unordered use_ub=0 use_lb=0 terminal_rules=1 position_filtering_enabled=1 enable_lawler_basic_rules=1 enable_simple_lb=0 enable_lb_memo=0 enable_edd_ub=0 ub_depth_limit=-1 lb_depth_limit=-1 terminal_all_tardy_spt=1 terminal_edd_at_most_one_tardy=1 enable_memo=1 enable_exact_memo=1 memo_full_key_verification=1 memo_memory_limit_mb=12288 cost=11062 time_ms=2.4975 nodes=1674 max_depth=49 memo_hits=152 memo_misses=3347 memo_exact_hits=152 memo_lb_hits=0 rule4=1 valid_pos=15547 valid_pos_pruned_3a=0 valid_pos_pruned_3b=0 memo_rejected=0 memo_forced_evict=0 lufo_passes=0 terminal_spt=24 terminal_edd=319 memo_peak=1674 memo_final=1674 memo_evictions=0 memo_clean_time_ms=0 reconstruction_time_ms=0.0512 reconstruction_repairs=0 reconstruction_trace_hits=42 reconstruction_trace_fallbacks=0 memo_used_mb=0.306519 memo_bytes_per_entry=192,C:\c++\test2\results\memo_backend_no_gate\raw_results.csv,False,1.0337537537537538,0.8333317021130827,True,True
50,0.4,0.6,1,D:\test2\results\memo_backend_no_gate\data\50\SDT_50_0.4_0.6_2.txt,12288,1200,SOLVED,SOLVED,MATCH,True,True,True,50,50,7660,7660,7660,7660,0.4839,0.4816,0.995247,7.939,7.582,0.955032,235,235,True,6,6,469,469,0.0358582,0.0430298,0,0,0.0513,0.0597,0,0,False,,[run] n=50 seed=1 input=D:\test2\results\memo_backend_no_gate\data\50\SDT_50_0.4_0.6_2.txt decomp=adaptive memo_backend=custom use_ub=0 use_lb=0 terminal_rules=1 position_filtering_enabled=1 enable_lawler_basic_rules=1 enable_simple_lb=0 enable_lb_memo=0 enable_edd_ub=0 ub_depth_limit=-1 lb_depth_limit=-1 terminal_all_tardy_spt=1 terminal_edd_at_most_one_tardy=1 enable_memo=1 enable_exact_memo=1 memo_full_key_verification=1 memo_memory_limit_mb=12288 cost=7660 time_ms=0.4839 nodes=235 max_depth=49 memo_hits=6 memo_misses=469 memo_exact_hits=6 memo_lb_hits=0 rule4=1 valid_pos=2103 valid_pos_pruned_3a=0 valid_pos_pruned_3b=0 memo_rejected=0 memo_forced_evict=0 lufo_passes=0 terminal_spt=0 terminal_edd=44 memo_peak=235 memo_final=235 memo_evictions=0 memo_clean_time_ms=0 reconstruction_time_ms=0.0513 reconstruction_repairs=0 reconstruction_trace_hits=44 reconstruction_trace_fallbacks=0 memo_used_mb=0.0358582 memo_bytes_per_entry=160,[run] n=50 seed=1 input=D:\test2\results\memo_backend_no_gate\data\50\SDT_50_0.4_0.6_2.txt decomp=adaptive memo_backend=std_unordered use_ub=0 use_lb=0 terminal_rules=1 position_filtering_enabled=1 enable_lawler_basic_rules=1 enable_simple_lb=0 enable_lb_memo=0 enable_edd_ub=0 ub_depth_limit=-1 lb_depth_limit=-1 terminal_all_tardy_spt=1 terminal_edd_at_most_one_tardy=1 enable_memo=1 enable_exact_memo=1 memo_full_key_verification=1 memo_memory_limit_mb=12288 cost=7660 time_ms=0.4816 nodes=235 max_depth=49 memo_hits=6 memo_misses=469 memo_exact_hits=6 memo_lb_hits=0 rule4=1 valid_pos=2103 valid_pos_pruned_3a=0 valid_pos_pruned_3b=0 memo_rejected=0 memo_forced_evict=0 lufo_passes=0 terminal_spt=0 terminal_edd=44 memo_peak=235 memo_final=235 memo_evictions=0 memo_clean_time_ms=0 reconstruction_time_ms=0.0597 reconstruction_repairs=0 reconstruction_trace_hits=44 reconstruction_trace_fallbacks=0 memo_used_mb=0.0430298 memo_bytes_per_entry=192,C:\c++\test2\results\memo_backend_no_gate\raw_results.csv,False,1.0047757475083057,0.8333341079902765,True,True
50,0.4,0.6,2,D:\test2\results\memo_backend_no_gate\data\50\SDT_50_0.4_0.6_3.txt,12288,1200,SOLVED,SOLVED,MATCH,True,True,True,50,50,9883,9883,9883,9883,0.2845,0.2747,0.965554,8.107,6.461,0.796966,102,102,True,0,0,203,203,0.015564,0.0186768,0,0,0.0389,0.041,0,0,False,,[run] n=50 seed=2 input=D:\test2\results\memo_backend_no_gate\data\50\SDT_50_0.4_0.6_3.txt decomp=adaptive memo_backend=custom use_ub=0 use_lb=0 terminal_rules=1 position_filtering_enabled=1 enable_lawler_basic_rules=1 enable_simple_lb=0 enable_lb_memo=0 enable_edd_ub=0 ub_depth_limit=-1 lb_depth_limit=-1 terminal_all_tardy_spt=1 terminal_edd_at_most_one_tardy=1 enable_memo=1 enable_exact_memo=1 memo_full_key_verification=1 memo_memory_limit_mb=12288 cost=9883 time_ms=0.2845 nodes=102 max_depth=49 memo_hits=0 memo_misses=203 memo_exact_hits=0 memo_lb_hits=0 rule4=1 valid_pos=1208 valid_pos_pruned_3a=0 valid_pos_pruned_3b=0 memo_rejected=0 memo_forced_evict=0 lufo_passes=0 terminal_spt=0 terminal_edd=23 memo_peak=102 memo_final=102 memo_evictions=0 memo_clean_time_ms=0 reconstruction_time_ms=0.0389 reconstruction_repairs=0 reconstruction_trace_hits=37 reconstruction_trace_fallbacks=0 memo_used_mb=0.015564 memo_bytes_per_entry=160,[run] n=50 seed=2 input=D:\test2\results\memo_backend_no_gate\data\50\SDT_50_0.4_0.6_3.txt decomp=adaptive memo_backend=std_unordered use_ub=0 use_lb=0 terminal_rules=1 position_filtering_enabled=1 enable_lawler_basic_rules=1 enable_simple_lb=0 enable_lb_memo=0 enable_edd_ub=0 ub_depth_limit=-1 lb_depth_limit=-1 terminal_all_tardy_spt=1 terminal_edd_at_most_one_tardy=1 enable_memo=1 enable_exact_memo=1 memo_full_key_verification=1 memo_memory_limit_mb=12288 cost=9883 time_ms=0.2747 nodes=102 max_depth=49 memo_hits=0 memo_misses=203 memo_exact_hits=0 memo_lb_hits=0 rule4=1 valid_pos=1208 valid_pos_pruned_3a=0 valid_pos_pruned_3b=0 memo_rejected=0 memo_forced_evict=0 lufo_passes=0 terminal_spt=0 terminal_edd=23 memo_peak=102 memo_final=102 memo_evictions=0 memo_clean_time_ms=0 reconstruction_time_ms=0.041 reconstruction_repairs=0 reconstruction_trace_hits=37 reconstruction_trace_fallbacks=0 memo_used_mb=0.0186768 memo_bytes_per_entry=192,C:\c++\test2\results\memo_backend_no_gate\raw_results.csv,False,1.0356752821259554,0.8333333333333333,True,True
50,0.4,0.6,3,D:\test2\results\memo_backend_no_gate\data\50\SDT_50_0.4_0.6_4.txt,12288,1200,SOLVED,SOLVED,MATCH,True,True,True,50,50,11598,11598,11598,11598,2.5433,2.4099,0.947548,10.117,8.855,0.875259,1636,1636,True,171,171,3271,3271,0.249634,0.299561,0,0,0.0548,0.0525,0,0,False,,[run] n=50 seed=3 input=D:\test2\results\memo_backend_no_gate\data\50\SDT_50_0.4_0.6_4.txt decomp=adaptive memo_backend=custom use_ub=0 use_lb=0 terminal_rules=1 position_filtering_enabled=1 enable_lawler_basic_rules=1 enable_simple_lb=0 enable_lb_memo=0 enable_edd_ub=0 ub_depth_limit=-1 lb_depth_limit=-1 terminal_all_tardy_spt=1 terminal_edd_at_most_one_tardy=1 enable_memo=1 enable_exact_memo=1 memo_full_key_verification=1 memo_memory_limit_mb=12288 cost=11598 time_ms=2.5433 nodes=1636 max_depth=49 memo_hits=171 memo_misses=3271 memo_exact_hits=171 memo_lb_hits=0 rule4=1 valid_pos=14284 valid_pos_pruned_3a=0 valid_pos_pruned_3b=0 memo_rejected=0 memo_forced_evict=0 lufo_passes=0 terminal_spt=44 terminal_edd=295 memo_peak=1636 memo_final=1636 memo_evictions=0 memo_clean_time_ms=0 reconstruction_time_ms=0.0548 reconstruction_repairs=0 reconstruction_trace_hits=45 reconstruction_trace_fallbacks=0 memo_used_mb=0.249634 memo_bytes_per_entry=160,[run] n=50 seed=3 input=D:\test2\results\memo_backend_no_gate\data\50\SDT_50_0.4_0.6_4.txt decomp=adaptive memo_backend=std_unordered use_ub=0 use_lb=0 terminal_rules=1 position_filtering_enabled=1 enable_lawler_basic_rules=1 enable_simple_lb=0 enable_lb_memo=0 enable_edd_ub=0 ub_depth_limit=-1 lb_depth_limit=-1 terminal_all_tardy_spt=1 terminal_edd_at_most_one_tardy=1 enable_memo=1 enable_exact_memo=1 memo_full_key_verification=1 memo_memory_limit_mb=12288 cost=11598 time_ms=2.4099 nodes=1636 max_depth=49 memo_hits=171 memo_misses=3271 memo_exact_hits=171 memo_lb_hits=0 rule4=1 valid_pos=14284 valid_pos_pruned_3a=0 valid_pos_pruned_3b=0 memo_rejected=0 memo_forced_evict=0 lufo_passes=0 terminal_spt=44 terminal_edd=295 memo_peak=1636 memo_final=1636 memo_evictions=0 memo_clean_time_ms=0 reconstruction_time_ms=0.0525 reconstruction_repairs=0 reconstruction_trace_hits=45 reconstruction_trace_fallbacks=0 memo_used_mb=0.299561 memo_bytes_per_entry=192,C:\c++\test2\results\memo_backend_no_gate\raw_results.csv,False,1.0553549939831528,0.8333327769636234,True,True
50,0.4,0.6,4,D:\test2\results\memo_backend_no_gate\data\50\SDT_50_0.4_0.6_5.txt,12288,1200,SOLVED,SOLVED,MATCH,True,True,True,50,50,10622,10622,10622,10622,0.6674,0.6668,0.999101,8.272,6.786,0.820358,394,394,True,30,30,787,787,0.0601196,0.0721436,0,0,0.0457,0.0451,0,0,False,,[run] n=50 seed=4 input=D:\test2\results\memo_backend_no_gate\data\50\SDT_50_0.4_0.6_5.txt decomp=adaptive memo_backend=custom use_ub=0 use_lb=0 terminal_rules=1 position_filtering_enabled=1 enable_lawler_basic_rules=1 enable_simple_lb=0 enable_lb_memo=0 enable_edd_ub=0 ub_depth_limit=-1 lb_depth_limit=-1 terminal_all_tardy_spt=1 terminal_edd_at_most_one_tardy=1 enable_memo=1 enable_exact_memo=1 memo_full_key_verification=1 memo_memory_limit_mb=12288 cost=10622 time_ms=0.6674 nodes=394 max_depth=49 memo_hits=30 memo_misses=787 memo_exact_hits=30 memo_lb_hits=0 rule4=1 valid_pos=2988 valid_pos_pruned_3a=0 valid_pos_pruned_3b=0 memo_rejected=0 memo_forced_evict=0 lufo_passes=0 terminal_spt=6 terminal_edd=99 memo_peak=394 memo_final=394 memo_evictions=0 memo_clean_time_ms=0 reconstruction_time_ms=0.0457 reconstruction_repairs=0 reconstruction_trace_hits=39 reconstruction_trace_fallbacks=0 memo_used_mb=0.0601196 memo_bytes_per_entry=160,[run] n=50 seed=4 input=D:\test2\results\memo_backend_no_gate\data\50\SDT_50_0.4_0.6_5.txt decomp=adaptive memo_backend=std_unordered use_ub=0 use_lb=0 terminal_rules=1 position_filtering_enabled=1 enable_lawler_basic_rules=1 enable_simple_lb=0 enable_lb_memo=0 enable_edd_ub=0 ub_depth_limit=-1 lb_depth_limit=-1 terminal_all_tardy_spt=1 terminal_edd_at_most_one_tardy=1 enable_memo=1 enable_exact_memo=1 memo_full_key_verification=1 memo_memory_limit_mb=12288 cost=10622 time_ms=0.6668 nodes=394 max_depth=49 memo_hits=30 memo_misses=787 memo_exact_hits=30 memo_lb_hits=0 rule4=1 valid_pos=2988 valid_pos_pruned_3a=0 valid_pos_pruned_3b=0 memo_rejected=0 memo_forced_evict=0 lufo_passes=0 terminal_spt=6 terminal_edd=99 memo_peak=394 memo_final=394 memo_evictions=0 memo_clean_time_ms=0 reconstruction_time_ms=0.0451 reconstruction_repairs=0 reconstruction_trace_hits=39 reconstruction_trace_fallbacks=0 memo_used_mb=0.0721436 memo_bytes_per_entry=192,C:\c++\test2\results\memo_backend_no_gate\raw_results.csv,False,1.0008998200359929,0.8333324092504394,True,True
50,0.4,0.6,5,D:\test2\results\memo_backend_no_gate\data\50\SDT_50_0.4_0.6_6.txt,12288,1200,SOLVED,SOLVED,MATCH,True,True,True,50,50,9370,9370,9370,9370,0.5058,0.4946,0.977857,9.176,6.763,0.737031,238,238,True,4,4,475,475,0.0363159,0.0435791,0,0,0.0449,0.0568,0,0,False,,[run] n=50 seed=5 input=D:\test2\results\memo_backend_no_gate\data\50\SDT_50_0.4_0.6_6.txt decomp=adaptive memo_backend=custom use_ub=0 use_lb=0 terminal_rules=1 position_filtering_enabled=1 enable_lawler_basic_rules=1 enable_simple_lb=0 enable_lb_memo=0 enable_edd_ub=0 ub_depth_limit=-1 lb_depth_limit=-1 terminal_all_tardy_spt=1 terminal_edd_at_most_one_tardy=1 enable_memo=1 enable_exact_memo=1 memo_full_key_verification=1 memo_memory_limit_mb=12288 cost=9370 time_ms=0.5058 nodes=238 max_depth=49 memo_hits=4 memo_misses=475 memo_exact_hits=4 memo_lb_hits=0 rule4=1 valid_pos=2629 valid_pos_pruned_3a=0 valid_pos_pruned_3b=0 memo_rejected=0 memo_forced_evict=0 lufo_passes=0 terminal_spt=0 terminal_edd=50 memo_peak=238 memo_final=238 memo_evictions=0 memo_clean_time_ms=0 reconstruction_time_ms=0.0449 reconstruction_repairs=0 reconstruction_trace_hits=38 reconstruction_trace_fallbacks=0 memo_used_mb=0.0363159 memo_bytes_per_entry=160,[run] n=50 seed=5 input=D:\test2\results\memo_backend_no_gate\data\50\SDT_50_0.4_0.6_6.txt decomp=adaptive memo_backend=std_unordered use_ub=0 use_lb=0 terminal_rules=1 position_filtering_enabled=1 enable_lawler_basic_rules=1 enable_simple_lb=0 enable_lb_memo=0 enable_edd_ub=0 ub_depth_limit=-1 lb_depth_limit=-1 terminal_all_tardy_spt=1 terminal_edd_at_most_one_tardy=1 enable_memo=1 enable_exact_memo=1 memo_full_key_verification=1 memo_memory_limit_mb=12288 cost=9370 time_ms=0.4946 nodes=238 max_depth=49 memo_hits=4 memo_misses=475 memo_exact_hits=4 memo_lb_hits=0 rule4=1 valid_pos=2629 valid_pos_pruned_3a=0 valid_pos_pruned_3b=0 memo_rejected=0 memo_forced_evict=0 lufo_passes=0 terminal_spt=0 terminal_edd=50 memo_peak=238 memo_final=238 memo_evictions=0 memo_clean_time_ms=0 reconstruction_time_ms=0.0568 reconstruction_repairs=0 reconstruction_trace_hits=38 reconstruction_trace_fallbacks=0 memo_used_mb=0.0435791 memo_bytes_per_entry=192,C:\c++\test2\results\memo_backend_no_gate\raw_results.csv,False,1.0226445612616257,0.8333329508870077,True,True
50,0.4,0.6,6,D:\test2\results\memo_backend_no_gate\data\50\SDT_50_0.4_0.6_7.txt,12288,1200,SOLVED,SOLVED,MATCH,True,True,True,50,50,12000,12000,12000,12000,0.5055,0.4972,0.983581,7.744,6.706,0.865961,281,281,True,15,15,561,561,0.0428772,0.0514526,0,0,0.0492,0.0572,0,0,False,,[run] n=50 seed=6 input=D:\test2\results\memo_backend_no_gate\data\50\SDT_50_0.4_0.6_7.txt decomp=adaptive memo_backend=custom use_ub=0 use_lb=0 terminal_rules=1 position_filtering_enabled=1 enable_lawler_basic_rules=1 enable_simple_lb=0 enable_lb_memo=0 enable_edd_ub=0 ub_depth_limit=-1 lb_depth_limit=-1 terminal_all_tardy_spt=1 terminal_edd_at_most_one_tardy=1 enable_memo=1 enable_exact_memo=1 memo_full_key_verification=1 memo_memory_limit_mb=12288 cost=12000 time_ms=0.5055 nodes=281 max_depth=49 memo_hits=15 memo_misses=561 memo_exact_hits=15 memo_lb_hits=0 rule4=1 valid_pos=2167 valid_pos_pruned_3a=0 valid_pos_pruned_3b=0 memo_rejected=0 memo_forced_evict=0 lufo_passes=0 terminal_spt=2 terminal_edd=64 memo_peak=281 memo_final=281 memo_evictions=0 memo_clean_time_ms=0 reconstruction_time_ms=0.0492 reconstruction_repairs=0 reconstruction_trace_hits=46 reconstruction_trace_fallbacks=0 memo_used_mb=0.0428772 memo_bytes_per_entry=160,[run] n=50 seed=6 input=D:\test2\results\memo_backend_no_gate\data\50\SDT_50_0.4_0.6_7.txt decomp=adaptive memo_backend=std_unordered use_ub=0 use_lb=0 terminal_rules=1 position_filtering_enabled=1 enable_lawler_basic_rules=1 enable_simple_lb=0 enable_lb_memo=0 enable_edd_ub=0 ub_depth_limit=-1 lb_depth_limit=-1 terminal_all_tardy_spt=1 terminal_edd_at_most_one_tardy=1 enable_memo=1 enable_exact_memo=1 memo_full_key_verification=1 memo_memory_limit_mb=12288 cost=12000 time_ms=0.4972 nodes=281 max_depth=49 memo_hits=15 memo_misses=561 memo_exact_hits=15 memo_lb_hits=0 rule4=1 valid_pos=2167 valid_pos_pruned_3a=0 valid_pos_pruned_3b=0 memo_rejected=0 memo_forced_evict=0 lufo_passes=0 terminal_spt=2 terminal_edd=64 memo_peak=281 memo_final=281 memo_evictions=0 memo_clean_time_ms=0 reconstruction_time_ms=0.0572 reconstruction_repairs=0 reconstruction_trace_hits=46 reconstruction_trace_fallbacks=0 memo_used_mb=0.0514526 memo_bytes_per_entry=192,C:\c++\test2\results\memo_backend_no_gate\raw_results.csv,False,1.0166934835076427,0.8333339811787936,True,True
50,0.4,0.6,7,D:\test2\results\memo_backend_no_gate\data\50\SDT_50_0.4_0.6_8.txt,12288,1200,SOLVED,SOLVED,MATCH,True,True,True,50,50,12015,12015,12015,12015,0.6573,0.6342,0.964856,9.418,6.939,0.736781,369,369,True,59,59,737,737,0.0563049,0.0675659,0,0,0.0437,0.0526,0,0,False,,[run] n=50 seed=7 input=D:\test2\results\memo_backend_no_gate\data\50\SDT_50_0.4_0.6_8.txt decomp=adaptive memo_backend=custom use_ub=0 use_lb=0 terminal_rules=1 position_filtering_enabled=1 enable_lawler_basic_rules=1 enable_simple_lb=0 enable_lb_memo=0 enable_edd_ub=0 ub_depth_limit=-1 lb_depth_limit=-1 terminal_all_tardy_spt=1 terminal_edd_at_most_one_tardy=1 enable_memo=1 enable_exact_memo=1 memo_full_key_verification=1 memo_memory_limit_mb=12288 cost=12015 time_ms=0.6573 nodes=369 max_depth=49 memo_hits=59 memo_misses=737 memo_exact_hits=59 memo_lb_hits=0 rule4=1 valid_pos=3420 valid_pos_pruned_3a=0 valid_pos_pruned_3b=0 memo_rejected=0 memo_forced_evict=0 lufo_passes=0 terminal_spt=2 terminal_edd=111 memo_peak=369 memo_final=369 memo_evictions=0 memo_clean_time_ms=0 reconstruction_time_ms=0.0437 reconstruction_repairs=0 reconstruction_trace_hits=36 reconstruction_trace_fallbacks=0 memo_used_mb=0.0563049 memo_bytes_per_entry=160,[run] n=50 seed=7 input=D:\test2\results\memo_backend_no_gate\data\50\SDT_50_0.4_0.6_8.txt decomp=adaptive memo_backend=std_unordered use_ub=0 use_lb=0 terminal_rules=1 position_filtering_enabled=1 enable_lawler_basic_rules=1 enable_simple_lb=0 enable_lb_memo=0 enable_edd_ub=0 ub_depth_limit=-1 lb_depth_limit=-1 terminal_all_tardy_spt=1 terminal_edd_at_most_one_tardy=1 enable_memo=1 enable_exact_memo=1 memo_full_key_verification=1 memo_memory_limit_mb=12288 cost=12015 time_ms=0.6342 nodes=369 max_depth=49 memo_hits=59 memo_misses=737 memo_exact_hits=59 memo_lb_hits=0 rule4=1 valid_pos=3420 valid_pos_pruned_3a=0 valid_pos_pruned_3b=0 memo_rejected=0 memo_forced_evict=0 lufo_passes=0 terminal_spt=2 terminal_edd=111 memo_peak=369 memo_final=369 memo_evictions=0 memo_clean_time_ms=0 reconstruction_time_ms=0.0526 reconstruction_repairs=0 reconstruction_trace_hits=36 reconstruction_trace_fallbacks=0 memo_used_mb=0.0675659 memo_bytes_per_entry=192,C:\c++\test2\results\memo_backend_no_gate\raw_results.csv,False,1.0364238410596027,0.8333330866605788,True,True
50,0.4,0.6,8,D:\test2\results\memo_backend_no_gate\data\50\SDT_50_0.4_0.6_9.txt,12288,1200,SOLVED,SOLVED,MATCH,True,True,True,50,50,11442,11442,11442,11442,2.9386,2.7759,0.944633,11.46,9.115,0.795375,1843,1843,True,184,184,3685,3685,0.281219,0.337463,0,0,0.0544,0.0466,0,0,False,,[run] n=50 seed=8 input=D:\test2\results\memo_backend_no_gate\data\50\SDT_50_0.4_0.6_9.txt decomp=adaptive memo_backend=custom use_ub=0 use_lb=0 terminal_rules=1 position_filtering_enabled=1 enable_lawler_basic_rules=1 enable_simple_lb=0 enable_lb_memo=0 enable_edd_ub=0 ub_depth_limit=-1 lb_depth_limit=-1 terminal_all_tardy_spt=1 terminal_edd_at_most_one_tardy=1 enable_memo=1 enable_exact_memo=1 memo_full_key_verification=1 memo_memory_limit_mb=12288 cost=11442 time_ms=2.9386 nodes=1843 max_depth=49 memo_hits=184 memo_misses=3685 memo_exact_hits=184 memo_lb_hits=0 rule4=1 valid_pos=16082 valid_pos_pruned_3a=0 valid_pos_pruned_3b=0 memo_rejected=0 memo_forced_evict=0 lufo_passes=0 terminal_spt=43 terminal_edd=275 memo_peak=1843 memo_final=1843 memo_evictions=0 memo_clean_time_ms=0 reconstruction_time_ms=0.0544 reconstruction_repairs=0 reconstruction_trace_hits=41 reconstruction_trace_fallbacks=0 memo_used_mb=0.281219 memo_bytes_per_entry=160,[run] n=50 seed=8 input=D:\test2\results\memo_backend_no_gate\data\50\SDT_50_0.4_0.6_9.txt decomp=adaptive memo_backend=std_unordered use_ub=0 use_lb=0 terminal_rules=1 position_filtering_enabled=1 enable_lawler_basic_rules=1 enable_simple_lb=0 enable_lb_memo=0 enable_edd_ub=0 ub_depth_limit=-1 lb_depth_limit=-1 terminal_all_tardy_spt=1 terminal_edd_at_most_one_tardy=1 enable_memo=1 enable_exact_memo=1 memo_full_key_verification=1 memo_memory_limit_mb=12288 cost=11442 time_ms=2.7759 nodes=1843 max_depth=49 memo_hits=184 memo_misses=3685 memo_exact_hits=184 memo_lb_hits=0 rule4=1 valid_pos=16082 valid_pos_pruned_3a=0 valid_pos_pruned_3b=0 memo_rejected=0 memo_forced_evict=0 lufo_passes=0 terminal_spt=43 terminal_edd=275 memo_peak=1843 memo_final=1843 memo_evictions=0 memo_clean_time_ms=0 reconstruction_time_ms=0.0466 reconstruction_repairs=0 reconstruction_trace_hits=41 reconstruction_trace_fallbacks=0 memo_used_mb=0.337463 memo_bytes_per_entry=192,C:\c++\test2\results\memo_backend_no_gate\raw_results.csv,False,1.0586116214561043,0.8333328394520287,True,True
50,0.4,0.6,9,D:\test2\results\memo_backend_no_gate\data\50\SDT_50_0.4_0.6_10.txt,12288,1200,SOLVED,SOLVED,MATCH,True,True,True,50,50,10180,10180,10180,10180,0.3743,0.3804,1.016297,8.972,6.863,0.764935,207,207,True,6,6,413,413,0.0315857,0.0379028,0,0,0.0401,0.0426,0,0,False,,[run] n=50 seed=9 input=D:\test2\results\memo_backend_no_gate\data\50\SDT_50_0.4_0.6_10.txt decomp=adaptive memo_backend=custom use_ub=0 use_lb=0 terminal_rules=1 position_filtering_enabled=1 enable_lawler_basic_rules=1 enable_simple_lb=0 enable_lb_memo=0 enable_edd_ub=0 ub_depth_limit=-1 lb_depth_limit=-1 terminal_all_tardy_spt=1 terminal_edd_at_most_one_tardy=1 enable_memo=1 enable_exact_memo=1 memo_full_key_verification=1 memo_memory_limit_mb=12288 cost=10180 time_ms=0.3743 nodes=207 max_depth=49 memo_hits=6 memo_misses=413 memo_exact_hits=6 memo_lb_hits=0 rule4=1 valid_pos=1626 valid_pos_pruned_3a=0 valid_pos_pruned_3b=0 memo_rejected=0 memo_forced_evict=0 lufo_passes=0 terminal_spt=0 terminal_edd=71 memo_peak=207 memo_final=207 memo_evictions=0 memo_clean_time_ms=0 reconstruction_time_ms=0.0401 reconstruction_repairs=0 reconstruction_trace_hits=39 reconstruction_trace_fallbacks=0 memo_used_mb=0.0315857 memo_bytes_per_entry=160,[run] n=50 seed=9 input=D:\test2\results\memo_backend_no_gate\data\50\SDT_50_0.4_0.6_10.txt decomp=adaptive memo_backend=std_unordered use_ub=0 use_lb=0 terminal_rules=1 position_filtering_enabled=1 enable_lawler_basic_rules=1 enable_simple_lb=0 enable_lb_memo=0 enable_edd_ub=0 ub_depth_limit=-1 lb_depth_limit=-1 terminal_all_tardy_spt=1 terminal_edd_at_most_one_tardy=1 enable_memo=1 enable_exact_memo=1 memo_full_key_verification=1 memo_memory_limit_mb=12288 cost=10180 time_ms=0.3804 nodes=207 max_depth=49 memo_hits=6 memo_misses=413 memo_exact_hits=6 memo_lb_hits=0 rule4=1 valid_pos=1626 valid_pos_pruned_3a=0 valid_pos_pruned_3b=0 memo_rejected=0 memo_forced_evict=0 lufo_passes=0 terminal_spt=0 terminal_edd=71 memo_peak=207 memo_final=207 memo_evictions=0 memo_clean_time_ms=0 reconstruction_time_ms=0.0426 reconstruction_repairs=0 reconstruction_trace_hits=39 reconstruction_trace_fallbacks=0 memo_used_mb=0.0379028 memo_bytes_per_entry=192,C:\c++\test2\results\memo_backend_no_gate\raw_results.csv,False,0.9839642481598317,0.8333342127758372,True,True
100,0.2,0.6,0,D:\test2\results\memo_backend_no_gate\data\100\SDT_100_0.2_0.6_1.txt,12288,1200,SOLVED,SOLVED,MATCH,True,True,True,100,100,47816,47816,47816,47816,19.3193,20.7146,1.072223,27.899,28.792,1.032008,10854,10854,True,1919,1919,21707,21707,1.739,2.07024,0,0,0.1257,0.1268,0,0,False,,[run] n=100 seed=0 input=D:\test2\results\memo_backend_no_gate\data\100\SDT_100_0.2_0.6_1.txt decomp=adaptive memo_backend=custom use_ub=0 use_lb=0 terminal_rules=1 position_filtering_enabled=1 enable_lawler_basic_rules=1 enable_simple_lb=0 enable_lb_memo=0 enable_edd_ub=0 ub_depth_limit=-1 lb_depth_limit=-1 terminal_all_tardy_spt=1 terminal_edd_at_most_one_tardy=1 enable_memo=1 enable_exact_memo=1 memo_full_key_verification=1 memo_memory_limit_mb=12288 cost=47816 time_ms=19.3193 nodes=10854 max_depth=99 memo_hits=1919 memo_misses=21707 memo_exact_hits=1919 memo_lb_hits=0 rule4=1 valid_pos=185393 valid_pos_pruned_3a=0 valid_pos_pruned_3b=0 memo_rejected=0 memo_forced_evict=0 lufo_passes=0 terminal_spt=112 terminal_edd=1091 memo_peak=10854 memo_final=10854 memo_evictions=0 memo_clean_time_ms=0 reconstruction_time_ms=0.1257 reconstruction_repairs=0 reconstruction_trace_hits=85 reconstruction_trace_fallbacks=0 memo_used_mb=1.739 memo_bytes_per_entry=168,[run] n=100 seed=0 input=D:\test2\results\memo_backend_no_gate\data\100\SDT_100_0.2_0.6_1.txt decomp=adaptive memo_backend=std_unordered use_ub=0 use_lb=0 terminal_rules=1 position_filtering_enabled=1 enable_lawler_basic_rules=1 enable_simple_lb=0 enable_lb_memo=0 enable_edd_ub=0 ub_depth_limit=-1 lb_depth_limit=-1 terminal_all_tardy_spt=1 terminal_edd_at_most_one_tardy=1 enable_memo=1 enable_exact_memo=1 memo_full_key_verification=1 memo_memory_limit_mb=12288 cost=47816 time_ms=20.7146 nodes=10854 max_depth=99 memo_hits=1919 memo_misses=21707 memo_exact_hits=1919 memo_lb_hits=0 rule4=1 valid_pos=185393 valid_pos_pruned_3a=0 valid_pos_pruned_3b=0 memo_rejected=0 memo_forced_evict=0 lufo_passes=0 terminal_spt=112 terminal_edd=1091 memo_peak=10854 memo_final=10854 memo_evictions=0 memo_clean_time_ms=0 reconstruction_time_ms=0.1268 reconstruction_repairs=0 reconstruction_trace_hits=85 reconstruction_trace_fallbacks=0 memo_used_mb=2.07024 memo_bytes_per_entry=200,C:\c++\test2\results\memo_backend_no_gate\raw_results.csv,False,0.9326417116429957,0.8399992271427468,True,True
100,0.2,0.6,1,D:\test2\results\memo_backend_no_gate\data\100\SDT_100_0.2_0.6_2.txt,12288,1200,SOLVED,SOLVED,MATCH,True,True,True,100,100,47998,47998,47998,47998,30.5206,31.8319,1.042964,38.028,41.334,1.086936,16355,16355,True,2111,2111,32709,32709,2.62035,3.11947,0,0,0.1462,0.1272,0,0,False,,[run] n=100 seed=1 input=D:\test2\results\memo_backend_no_gate\data\100\SDT_100_0.2_0.6_2.txt decomp=adaptive memo_backend=custom use_ub=0 use_lb=0 terminal_rules=1 position_filtering_enabled=1 enable_lawler_basic_rules=1 enable_simple_lb=0 enable_lb_memo=0 enable_edd_ub=0 ub_depth_limit=-1 lb_depth_limit=-1 terminal_all_tardy_spt=1 terminal_edd_at_most_one_tardy=1 enable_memo=1 enable_exact_memo=1 memo_full_key_verification=1 memo_memory_limit_mb=12288 cost=47998 time_ms=30.5206 nodes=16355 max_depth=99 memo_hits=2111 memo_misses=32709 memo_exact_hits=2111 memo_lb_hits=0 rule4=1 valid_pos=298305 valid_pos_pruned_3a=0 valid_pos_pruned_3b=0 memo_rejected=0 memo_forced_evict=0 lufo_passes=0 terminal_spt=322 terminal_edd=1202 memo_peak=16355 memo_final=16355 memo_evictions=0 memo_clean_time_ms=0 reconstruction_time_ms=0.1462 reconstruction_repairs=0 reconstruction_trace_hits=81 reconstruction_trace_fallbacks=0 memo_used_mb=2.62035 memo_bytes_per_entry=168,[run] n=100 seed=1 input=D:\test2\results\memo_backend_no_gate\data\100\SDT_100_0.2_0.6_2.txt decomp=adaptive memo_backend=std_unordered use_ub=0 use_lb=0 terminal_rules=1 position_filtering_enabled=1 enable_lawler_basic_rules=1 enable_simple_lb=0 enable_lb_memo=0 enable_edd_ub=0 ub_depth_limit=-1 lb_depth_limit=-1 terminal_all_tardy_spt=1 terminal_edd_at_most_one_tardy=1 enable_memo=1 enable_exact_memo=1 memo_full_key_verification=1 memo_memory_limit_mb=12288 cost=47998 time_ms=31.8319 nodes=16355 max_depth=99 memo_hits=2111 memo_misses=32709 memo_exact_hits=2111 memo_lb_hits=0 rule4=1 valid_pos=298305 valid_pos_pruned_3a=0 valid_pos_pruned_3b=0 memo_rejected=0 memo_forced_evict=0 lufo_passes=0 terminal_spt=322 terminal_edd=1202 memo_peak=16355 memo_final=16355 memo_evictions=0 memo_clean_time_ms=0 reconstruction_time_ms=0.1272 reconstruction_repairs=0 reconstruction_trace_hits=81 reconstruction_trace_fallbacks=0 memo_used_mb=3.11947 memo_bytes_per_entry=200,C:\c++\test2\results\memo_backend_no_gate\raw_results.csv,False,0.9588054750109167,0.8399984612770759,True,True
100,0.2,0.6,2,D:\test2\results\memo_backend_no_gate\data\100\SDT_100_0.2_0.6_3.txt,12288,1200,SOLVED,SOLVED,MATCH,True,True,True,100,100,43329,43329,43329,43329,11.9795,13.5488,1.130999,20.438,21.667,1.060133,6514,6514,True,683,683,13027,13027,1.04366,1.24245,0,0,0.1051,0.1243,0,0,False,,[run] n=100 seed=2 input=D:\test2\results\memo_backend_no_gate\data\100\SDT_100_0.2_0.6_3.txt decomp=adaptive memo_backend=custom use_ub=0 use_lb=0 terminal_rules=1 position_filtering_enabled=1 enable_lawler_basic_rules=1 enable_simple_lb=0 enable_lb_memo=0 enable_edd_ub=0 ub_depth_limit=-1 lb_depth_limit=-1 terminal_all_tardy_spt=1 terminal_edd_at_most_one_tardy=1 enable_memo=1 enable_exact_memo=1 memo_full_key_verification=1 memo_memory_limit_mb=12288 cost=43329 time_ms=11.9795 nodes=6514 max_depth=99 memo_hits=683 memo_misses=13027 memo_exact_hits=683 memo_lb_hits=0 rule4=1 valid_pos=98370 valid_pos_pruned_3a=0 valid_pos_pruned_3b=0 memo_rejected=0 memo_forced_evict=0 lufo_passes=0 terminal_spt=31 terminal_edd=586 memo_peak=6514 memo_final=6514 memo_evictions=0 memo_clean_time_ms=0 reconstruction_time_ms=0.1051 reconstruction_repairs=0 reconstruction_trace_hits=76 reconstruction_trace_fallbacks=0 memo_used_mb=1.04366 memo_bytes_per_entry=168,[run] n=100 seed=2 input=D:\test2\results\memo_backend_no_gate\data\100\SDT_100_0.2_0.6_3.txt decomp=adaptive memo_backend=std_unordered use_ub=0 use_lb=0 terminal_rules=1 position_filtering_enabled=1 enable_lawler_basic_rules=1 enable_simple_lb=0 enable_lb_memo=0 enable_edd_ub=0 ub_depth_limit=-1 lb_depth_limit=-1 terminal_all_tardy_spt=1 terminal_edd_at_most_one_tardy=1 enable_memo=1 enable_exact_memo=1 memo_full_key_verification=1 memo_memory_limit_mb=12288 cost=43329 time_ms=13.5488 nodes=6514 max_depth=99 memo_hits=683 memo_misses=13027 memo_exact_hits=683 memo_lb_hits=0 rule4=1 valid_pos=98370 valid_pos_pruned_3a=0 valid_pos_pruned_3b=0 memo_rejected=0 memo_forced_evict=0 lufo_passes=0 terminal_spt=31 terminal_edd=586 memo_peak=6514 memo_final=6514 memo_evictions=0 memo_clean_time_ms=0 reconstruction_time_ms=0.1243 reconstruction_repairs=0 reconstruction_trace_hits=76 reconstruction_trace_fallbacks=0 memo_used_mb=1.24245 memo_bytes_per_entry=200,C:\c++\test2\results\memo_backend_no_gate\raw_results.csv,False,0.8841742442135097,0.8400016097227252,True,True
100,0.2,0.6,3,D:\test2\results\memo_backend_no_gate\data\100\SDT_100_0.2_0.6_4.txt,12288,1200,SOLVED,SOLVED,MATCH,True,True,True,100,100,55559,55559,55559,55559,15.3045,17.2292,1.12576,22.544,25.939,1.150594,8624,8624,True,1491,1491,17247,17247,1.38171,1.6449,0,0,0.1359,0.136,0,0,False,,[run] n=100 seed=3 input=D:\test2\results\memo_backend_no_gate\data\100\SDT_100_0.2_0.6_4.txt decomp=adaptive memo_backend=custom use_ub=0 use_lb=0 terminal_rules=1 position_filtering_enabled=1 enable_lawler_basic_rules=1 enable_simple_lb=0 enable_lb_memo=0 enable_edd_ub=0 ub_depth_limit=-1 lb_depth_limit=-1 terminal_all_tardy_spt=1 terminal_edd_at_most_one_tardy=1 enable_memo=1 enable_exact_memo=1 memo_full_key_verification=1 memo_memory_limit_mb=12288 cost=55559 time_ms=15.3045 nodes=8624 max_depth=99 memo_hits=1491 memo_misses=17247 memo_exact_hits=1491 memo_lb_hits=0 rule4=1 valid_pos=127908 valid_pos_pruned_3a=0 valid_pos_pruned_3b=0 memo_rejected=0 memo_forced_evict=0 lufo_passes=0 terminal_spt=101 terminal_edd=868 memo_peak=8624 memo_final=8624 memo_evictions=0 memo_clean_time_ms=0 reconstruction_time_ms=0.1359 reconstruction_repairs=0 reconstruction_trace_hits=94 reconstruction_trace_fallbacks=0 memo_used_mb=1.38171 memo_bytes_per_entry=168,[run] n=100 seed=3 input=D:\test2\results\memo_backend_no_gate\data\100\SDT_100_0.2_0.6_4.txt decomp=adaptive memo_backend=std_unordered use_ub=0 use_lb=0 terminal_rules=1 position_filtering_enabled=1 enable_lawler_basic_rules=1 enable_simple_lb=0 enable_lb_memo=0 enable_edd_ub=0 ub_depth_limit=-1 lb_depth_limit=-1 terminal_all_tardy_spt=1 terminal_edd_at_most_one_tardy=1 enable_memo=1 enable_exact_memo=1 memo_full_key_verification=1 memo_memory_limit_mb=12288 cost=55559 time_ms=17.2292 nodes=8624 max_depth=99 memo_hits=1491 memo_misses=17247 memo_exact_hits=1491 memo_lb_hits=0 rule4=1 valid_pos=127908 valid_pos_pruned_3a=0 valid_pos_pruned_3b=0 memo_rejected=0 memo_forced_evict=0 lufo_passes=0 terminal_spt=101 terminal_edd=868 memo_peak=8624 memo_final=8624 memo_evictions=0 memo_clean_time_ms=0 reconstruction_time_ms=0.136 reconstruction_repairs=0 reconstruction_trace_hits=94 reconstruction_trace_fallbacks=0 memo_used_mb=1.6449 memo_bytes_per_entry=200,C:\c++\test2\results\memo_backend_no_gate\raw_results.csv,False,0.8882884869872079,0.8399963523618457,True,True
100,0.2,0.6,4,D:\test2\results\memo_backend_no_gate\data\100\SDT_100_0.2_0.6_5.txt,12288,1200,SOLVED,SOLVED,MATCH,True,True,True,100,100,55704,55704,55704,55704,64.6118,67.7838,1.049093,71.929,78.897,1.096873,29564,29564,True,5330,5330,59127,59127,4.73666,5.63889,0,0,0.1326,0.1634,0,0,False,,[run] n=100 seed=4 input=D:\test2\results\memo_backend_no_gate\data\100\SDT_100_0.2_0.6_5.txt decomp=adaptive memo_backend=custom use_ub=0 use_lb=0 terminal_rules=1 position_filtering_enabled=1 enable_lawler_basic_rules=1 enable_simple_lb=0 enable_lb_memo=0 enable_edd_ub=0 ub_depth_limit=-1 lb_depth_limit=-1 terminal_all_tardy_spt=1 terminal_edd_at_most_one_tardy=1 enable_memo=1 enable_exact_memo=1 memo_full_key_verification=1 memo_memory_limit_mb=12288 cost=55704 time_ms=64.6118 nodes=29564 max_depth=99 memo_hits=5330 memo_misses=59127 memo_exact_hits=5330 memo_lb_hits=0 rule4=1 valid_pos=603265 valid_pos_pruned_3a=0 valid_pos_pruned_3b=0 memo_rejected=0 memo_forced_evict=0 lufo_passes=0 terminal_spt=316 terminal_edd=2277 memo_peak=29564 memo_final=29564 memo_evictions=0 memo_clean_time_ms=0 reconstruction_time_ms=0.1326 reconstruction_repairs=0 reconstruction_trace_hits=77 reconstruction_trace_fallbacks=0 memo_used_mb=4.73666 memo_bytes_per_entry=168,[run] n=100 seed=4 input=D:\test2\results\memo_backend_no_gate\data\100\SDT_100_0.2_0.6_5.txt decomp=adaptive memo_backend=std_unordered use_ub=0 use_lb=0 terminal_rules=1 position_filtering_enabled=1 enable_lawler_basic_rules=1 enable_simple_lb=0 enable_lb_memo=0 enable_edd_ub=0 ub_depth_limit=-1 lb_depth_limit=-1 terminal_all_tardy_spt=1 terminal_edd_at_most_one_tardy=1 enable_memo=1 enable_exact_memo=1 memo_full_key_verification=1 memo_memory_limit_mb=12288 cost=55704 time_ms=67.7838 nodes=29564 max_depth=99 memo_hits=5330 memo_misses=59127 memo_exact_hits=5330 memo_lb_hits=0 rule4=1 valid_pos=603265 valid_pos_pruned_3a=0 valid_pos_pruned_3b=0 memo_rejected=0 memo_forced_evict=0 lufo_passes=0 terminal_spt=316 terminal_edd=2277 memo_peak=29564 memo_final=29564 memo_evictions=0 memo_clean_time_ms=0 reconstruction_time_ms=0.1634 reconstruction_repairs=0 reconstruction_trace_hits=77 reconstruction_trace_fallbacks=0 memo_used_mb=5.63889 memo_bytes_per_entry=200,C:\c++\test2\results\memo_backend_no_gate\raw_results.csv,False,0.9532041579256401,0.8399986522170143,True,True
100,0.2,0.6,5,D:\test2\results\memo_backend_no_gate\data\100\SDT_100_0.2_0.6_6.txt,12288,1200,SOLVED,SOLVED,MATCH,True,True,True,100,100,42398,42398,42398,42398,15.2732,16.2574,1.06444,23.59,24.295,1.029886,7905,7905,True,1863,1863,15809,15809,1.26652,1.50776,0,0,0.1291,0.1578,0,0,False,,[run] n=100 seed=5 input=D:\test2\results\memo_backend_no_gate\data\100\SDT_100_0.2_0.6_6.txt decomp=adaptive memo_backend=custom use_ub=0 use_lb=0 terminal_rules=1 position_filtering_enabled=1 enable_lawler_basic_rules=1 enable_simple_lb=0 enable_lb_memo=0 enable_edd_ub=0 ub_depth_limit=-1 lb_depth_limit=-1 terminal_all_tardy_spt=1 terminal_edd_at_most_one_tardy=1 enable_memo=1 enable_exact_memo=1 memo_full_key_verification=1 memo_memory_limit_mb=12288 cost=42398 time_ms=15.2732 nodes=7905 max_depth=99 memo_hits=1863 memo_misses=15809 memo_exact_hits=1863 memo_lb_hits=0 rule4=1 valid_pos=130431 valid_pos_pruned_3a=0 valid_pos_pruned_3b=0 memo_rejected=0 memo_forced_evict=0 lufo_passes=0 terminal_spt=48 terminal_edd=934 memo_peak=7905 memo_final=7905 memo_evictions=0 memo_clean_time_ms=0 reconstruction_time_ms=0.1291 reconstruction_repairs=0 reconstruction_trace_hits=86 reconstruction_trace_fallbacks=0 memo_used_mb=1.26652 memo_bytes_per_entry=168,[run] n=100 seed=5 input=D:\test2\results\memo_backend_no_gate\data\100\SDT_100_0.2_0.6_6.txt decomp=adaptive memo_backend=std_unordered use_ub=0 use_lb=0 terminal_rules=1 position_filtering_enabled=1 enable_lawler_basic_rules=1 enable_simple_lb=0 enable_lb_memo=0 enable_edd_ub=0 ub_depth_limit=-1 lb_depth_limit=-1 terminal_all_tardy_spt=1 terminal_edd_at_most_one_tardy=1 enable_memo=1 enable_exact_memo=1 memo_full_key_verification=1 memo_memory_limit_mb=12288 cost=42398 time_ms=16.2574 nodes=7905 max_depth=99 memo_hits=1863 memo_misses=15809 memo_exact_hits=1863 memo_lb_hits=0 rule4=1 valid_pos=130431 valid_pos_pruned_3a=0 valid_pos_pruned_3b=0 memo_rejected=0 memo_forced_evict=0 lufo_passes=0 terminal_spt=48 terminal_edd=934 memo_peak=7905 memo_final=7905 memo_evictions=0 memo_clean_time_ms=0 reconstruction_time_ms=0.1578 reconstruction_repairs=0 reconstruction_trace_hits=86 reconstruction_trace_fallbacks=0 memo_used_mb=1.50776 memo_bytes_per_entry=200,C:\c++\test2\results\memo_backend_no_gate\raw_results.csv,False,0.9394614144943225,0.8400010611768451,True,True
100,0.2,0.6,6,D:\test2\results\memo_backend_no_gate\data\100\SDT_100_0.2_0.6_7.txt,12288,1200,SOLVED,SOLVED,MATCH,True,True,True,100,100,48653,48653,48653,48653,20.6412,22.518,1.090925,28.951,31.236,1.078926,11073,11073,True,1743,1743,22145,22145,1.77409,2.11201,0,0,0.2239,0.0985,0,0,False,,[run] n=100 seed=6 input=D:\test2\results\memo_backend_no_gate\data\100\SDT_100_0.2_0.6_7.txt decomp=adaptive memo_backend=custom use_ub=0 use_lb=0 terminal_rules=1 position_filtering_enabled=1 enable_lawler_basic_rules=1 enable_simple_lb=0 enable_lb_memo=0 enable_edd_ub=0 ub_depth_limit=-1 lb_depth_limit=-1 terminal_all_tardy_spt=1 terminal_edd_at_most_one_tardy=1 enable_memo=1 enable_exact_memo=1 memo_full_key_verification=1 memo_memory_limit_mb=12288 cost=48653 time_ms=20.6412 nodes=11073 max_depth=99 memo_hits=1743 memo_misses=22145 memo_exact_hits=1743 memo_lb_hits=0 rule4=1 valid_pos=156056 valid_pos_pruned_3a=0 valid_pos_pruned_3b=0 memo_rejected=0 memo_forced_evict=0 lufo_passes=0 terminal_spt=70 terminal_edd=1025 memo_peak=11073 memo_final=11073 memo_evictions=0 memo_clean_time_ms=0 reconstruction_time_ms=0.2239 reconstruction_repairs=0 reconstruction_trace_hits=64 reconstruction_trace_fallbacks=0 memo_used_mb=1.77409 memo_bytes_per_entry=168,[run] n=100 seed=6 input=D:\test2\results\memo_backend_no_gate\data\100\SDT_100_0.2_0.6_7.txt decomp=adaptive memo_backend=std_unordered use_ub=0 use_lb=0 terminal_rules=1 position_filtering_enabled=1 enable_lawler_basic_rules=1 enable_simple_lb=0 enable_lb_memo=0 enable_edd_ub=0 ub_depth_limit=-1 lb_depth_limit=-1 terminal_all_tardy_spt=1 terminal_edd_at_most_one_tardy=1 enable_memo=1 enable_exact_memo=1 memo_full_key_verification=1 memo_memory_limit_mb=12288 cost=48653 time_ms=22.518 nodes=11073 max_depth=99 memo_hits=1743 memo_misses=22145 memo_exact_hits=1743 memo_lb_hits=0 rule4=1 valid_pos=156056 valid_pos_pruned_3a=0 valid_pos_pruned_3b=0 memo_rejected=0 memo_forced_evict=0 lufo_passes=0 terminal_spt=70 terminal_edd=1025 memo_peak=11073 memo_final=11073 memo_evictions=0 memo_clean_time_ms=0 reconstruction_time_ms=0.0985 reconstruction_repairs=0 reconstruction_trace_hits=64 reconstruction_trace_fallbacks=0 memo_used_mb=2.11201 memo_bytes_per_entry=200,C:\c++\test2\results\memo_backend_no_gate\raw_results.csv,False,0.9166533439914735,0.8400007575721705,True,True
100,0.2,0.6,7,D:\test2\results\memo_backend_no_gate\data\100\SDT_100_0.2_0.6_8.txt,12288,1200,SOLVED,SOLVED,MATCH,True,True,True,100,100,39528,39528,39528,39528,31.6007,33.4719,1.059214,40.896,42.704,1.04421,15673,15673,True,1948,1948,31345,31345,2.51109,2.98939,0,0,0.1554,0.1319,0,0,False,,[run] n=100 seed=7 input=D:\test2\results\memo_backend_no_gate\data\100\SDT_100_0.2_0.6_8.txt decomp=adaptive memo_backend=custom use_ub=0 use_lb=0 terminal_rules=1 position_filtering_enabled=1 enable_lawler_basic_rules=1 enable_simple_lb=0 enable_lb_memo=0 enable_edd_ub=0 ub_depth_limit=-1 lb_depth_limit=-1 terminal_all_tardy_spt=1 terminal_edd_at_most_one_tardy=1 enable_memo=1 enable_exact_memo=1 memo_full_key_verification=1 memo_memory_limit_mb=12288 cost=39528 time_ms=31.6007 nodes=15673 max_depth=99 memo_hits=1948 memo_misses=31345 memo_exact_hits=1948 memo_lb_hits=0 rule4=1 valid_pos=300855 valid_pos_pruned_3a=0 valid_pos_pruned_3b=0 memo_rejected=0 memo_forced_evict=0 lufo_passes=0 terminal_spt=191 terminal_edd=1132 memo_peak=15673 memo_final=15673 memo_evictions=0 memo_clean_time_ms=0 reconstruction_time_ms=0.1554 reconstruction_repairs=0 reconstruction_trace_hits=81 reconstruction_trace_fallbacks=0 memo_used_mb=2.51109 memo_bytes_per_entry=168,[run] n=100 seed=7 input=D:\test2\results\memo_backend_no_gate\data\100\SDT_100_0.2_0.6_8.txt decomp=adaptive memo_backend=std_unordered use_ub=0 use_lb=0 terminal_rules=1 position_filtering_enabled=1 enable_lawler_basic_rules=1 enable_simple_lb=0 enable_lb_memo=0 enable_edd_ub=0 ub_depth_limit=-1 lb_depth_limit=-1 terminal_all_tardy_spt=1 terminal_edd_at_most_one_tardy=1 enable_memo=1 enable_exact_memo=1 memo_full_key_verification=1 memo_memory_limit_mb=12288 cost=39528 time_ms=33.4719 nodes=15673 max_depth=99 memo_hits=1948 memo_misses=31345 memo_exact_hits=1948 memo_lb_hits=0 rule4=1 valid_pos=300855 valid_pos_pruned_3a=0 valid_pos_pruned_3b=0 memo_rejected=0 memo_forced_evict=0 lufo_passes=0 terminal_spt=191 terminal_edd=1132 memo_peak=15673 memo_final=15673 memo_evictions=0 memo_clean_time_ms=0 reconstruction_time_ms=0.1319 reconstruction_repairs=0 reconstruction_trace_hits=81 reconstruction_trace_fallbacks=0 memo_used_mb=2.98939 memo_bytes_per_entry=200,C:\c++\test2\results\memo_backend_no_gate\raw_results.csv,False,0.9440963913013602,0.8400008028393752,True,True
100,0.2,0.6,8,D:\test2\results\memo_backend_no_gate\data\100\SDT_100_0.2_0.6_9.txt,12288,1200,SOLVED,SOLVED,MATCH,True,True,True,100,100,51695,51695,51695,51695,37.62,40.0414,1.064365,46.34,49.924,1.077341,19991,19991,True,2749,2749,39981,39981,3.2029,3.81298,0,0,0.1562,0.1172,0,0,False,,[run] n=100 seed=8 input=D:\test2\results\memo_backend_no_gate\data\100\SDT_100_0.2_0.6_9.txt decomp=adaptive memo_backend=custom use_ub=0 use_lb=0 terminal_rules=1 position_filtering_enabled=1 enable_lawler_basic_rules=1 enable_simple_lb=0 enable_lb_memo=0 enable_edd_ub=0 ub_depth_limit=-1 lb_depth_limit=-1 terminal_all_tardy_spt=1 terminal_edd_at_most_one_tardy=1 enable_memo=1 enable_exact_memo=1 memo_full_key_verification=1 memo_memory_limit_mb=12288 cost=51695 time_ms=37.62 nodes=19991 max_depth=99 memo_hits=2749 memo_misses=39981 memo_exact_hits=2749 memo_lb_hits=0 rule4=1 valid_pos=343192 valid_pos_pruned_3a=0 valid_pos_pruned_3b=0 memo_rejected=0 memo_forced_evict=0 lufo_passes=0 terminal_spt=207 terminal_edd=1246 memo_peak=19991 memo_final=19991 memo_evictions=0 memo_clean_time_ms=0 reconstruction_time_ms=0.1562 reconstruction_repairs=0 reconstruction_trace_hits=68 reconstruction_trace_fallbacks=0 memo_used_mb=3.2029 memo_bytes_per_entry=168,[run] n=100 seed=8 input=D:\test2\results\memo_backend_no_gate\data\100\SDT_100_0.2_0.6_9.txt decomp=adaptive memo_backend=std_unordered use_ub=0 use_lb=0 terminal_rules=1 position_filtering_enabled=1 enable_lawler_basic_rules=1 enable_simple_lb=0 enable_lb_memo=0 enable_edd_ub=0 ub_depth_limit=-1 lb_depth_limit=-1 terminal_all_tardy_spt=1 terminal_edd_at_most_one_tardy=1 enable_memo=1 enable_exact_memo=1 memo_full_key_verification=1 memo_memory_limit_mb=12288 cost=51695 time_ms=40.0414 nodes=19991 max_depth=99 memo_hits=2749 memo_misses=39981 memo_exact_hits=2749 memo_lb_hits=0 rule4=1 valid_pos=343192 valid_pos_pruned_3a=0 valid_pos_pruned_3b=0 memo_rejected=0 memo_forced_evict=0 lufo_passes=0 terminal_spt=207 terminal_edd=1246 memo_peak=19991 memo_final=19991 memo_evictions=0 memo_clean_time_ms=0 reconstruction_time_ms=0.1172 reconstruction_repairs=0 reconstruction_trace_hits=68 reconstruction_trace_fallbacks=0 memo_used_mb=3.81298 memo_bytes_per_entry=200,C:\c++\test2\results\memo_backend_no_gate\raw_results.csv,False,0.9395275889454413,0.8399991607613992,True,True
100,0.2,0.6,9,D:\test2\results\memo_backend_no_gate\data\100\SDT_100_0.2_0.6_10.txt,12288,1200,SOLVED,SOLVED,MATCH,True,True,True,100,100,37879,37879,37879,37879,8.6581,9.1037,1.051466,16.739,16.329,0.975506,4602,4602,True,598,598,9203,9203,0.73732,0.877762,0,0,0.1088,0.1147,0,0,False,,[run] n=100 seed=9 input=D:\test2\results\memo_backend_no_gate\data\100\SDT_100_0.2_0.6_10.txt decomp=adaptive memo_backend=custom use_ub=0 use_lb=0 terminal_rules=1 position_filtering_enabled=1 enable_lawler_basic_rules=1 enable_simple_lb=0 enable_lb_memo=0 enable_edd_ub=0 ub_depth_limit=-1 lb_depth_limit=-1 terminal_all_tardy_spt=1 terminal_edd_at_most_one_tardy=1 enable_memo=1 enable_exact_memo=1 memo_full_key_verification=1 memo_memory_limit_mb=12288 cost=37879 time_ms=8.6581 nodes=4602 max_depth=99 memo_hits=598 memo_misses=9203 memo_exact_hits=598 memo_lb_hits=0 rule4=1 valid_pos=68695 valid_pos_pruned_3a=0 valid_pos_pruned_3b=0 memo_rejected=0 memo_forced_evict=0 lufo_passes=0 terminal_spt=55 terminal_edd=706 memo_peak=4602 memo_final=4602 memo_evictions=0 memo_clean_time_ms=0 reconstruction_time_ms=0.1088 reconstruction_repairs=0 reconstruction_trace_hits=74 reconstruction_trace_fallbacks=0 memo_used_mb=0.73732 memo_bytes_per_entry=168,[run] n=100 seed=9 input=D:\test2\results\memo_backend_no_gate\data\100\SDT_100_0.2_0.6_10.txt decomp=adaptive memo_backend=std_unordered use_ub=0 use_lb=0 terminal_rules=1 position_filtering_enabled=1 enable_lawler_basic_rules=1 enable_simple_lb=0 enable_lb_memo=0 enable_edd_ub=0 ub_depth_limit=-1 lb_depth_limit=-1 terminal_all_tardy_spt=1 terminal_edd_at_most_one_tardy=1 enable_memo=1 enable_exact_memo=1 memo_full_key_verification=1 memo_memory_limit_mb=12288 cost=37879 time_ms=9.1037 nodes=4602 max_depth=99 memo_hits=598 memo_misses=9203 memo_exact_hits=598 memo_lb_hits=0 rule4=1 valid_pos=68695 valid_pos_pruned_3a=0 valid_pos_pruned_3b=0 memo_rejected=0 memo_forced_evict=0 lufo_passes=0 terminal_spt=55 terminal_edd=706 memo_peak=4602 memo_final=4602 memo_evictions=0 memo_clean_time_ms=0 reconstruction_time_ms=0.1147 reconstruction_repairs=0 reconstruction_trace_hits=74 reconstruction_trace_fallbacks=0 memo_used_mb=0.877762 memo_bytes_per_entry=200,C:\c++\test2\results\memo_backend_no_gate\raw_results.csv,False,0.9510528686138602,0.8399999088591212,True,True
100,0.2,0.4,0,D:\test2\results\memo_backend_no_gate\data\100\SDT_100_0.2_0.4_1.txt,12288,1200,SOLVED,SOLVED,MATCH,True,True,True,100,100,17705,17705,17705,17705,7.6775,8.0897,1.053689,15.925,15.494,0.972936,4194,4194,True,356,356,8387,8387,0.671951,0.799942,0,0,0.1022,0.1037,0,0,False,,[run] n=100 seed=0 input=D:\test2\results\memo_backend_no_gate\data\100\SDT_100_0.2_0.4_1.txt decomp=adaptive memo_backend=custom use_ub=0 use_lb=0 terminal_rules=1 position_filtering_enabled=1 enable_lawler_basic_rules=1 enable_simple_lb=0 enable_lb_memo=0 enable_edd_ub=0 ub_depth_limit=-1 lb_depth_limit=-1 terminal_all_tardy_spt=1 terminal_edd_at_most_one_tardy=1 enable_memo=1 enable_exact_memo=1 memo_full_key_verification=1 memo_memory_limit_mb=12288 cost=17705 time_ms=7.6775 nodes=4194 max_depth=99 memo_hits=356 memo_misses=8387 memo_exact_hits=356 memo_lb_hits=0 rule4=1 valid_pos=54420 valid_pos_pruned_3a=0 valid_pos_pruned_3b=0 memo_rejected=0 memo_forced_evict=0 lufo_passes=0 terminal_spt=45 terminal_edd=469 memo_peak=4194 memo_final=4194 memo_evictions=0 memo_clean_time_ms=0 reconstruction_time_ms=0.1022 reconstruction_repairs=0 reconstruction_trace_hits=77 reconstruction_trace_fallbacks=0 memo_used_mb=0.671951 memo_bytes_per_entry=168,[run] n=100 seed=0 input=D:\test2\results\memo_backend_no_gate\data\100\SDT_100_0.2_0.4_1.txt decomp=adaptive memo_backend=std_unordered use_ub=0 use_lb=0 terminal_rules=1 position_filtering_enabled=1 enable_lawler_basic_rules=1 enable_simple_lb=0 enable_lb_memo=0 enable_edd_ub=0 ub_depth_limit=-1 lb_depth_limit=-1 terminal_all_tardy_spt=1 terminal_edd_at_most_one_tardy=1 enable_memo=1 enable_exact_memo=1 memo_full_key_verification=1 memo_memory_limit_mb=12288 cost=17705 time_ms=8.0897 nodes=4194 max_depth=99 memo_hits=356 memo_misses=8387 memo_exact_hits=356 memo_lb_hits=0 rule4=1 valid_pos=54420 valid_pos_pruned_3a=0 valid_pos_pruned_3b=0 memo_rejected=0 memo_forced_evict=0 lufo_passes=0 terminal_spt=45 terminal_edd=469 memo_peak=4194 memo_final=4194 memo_evictions=0 memo_clean_time_ms=0 reconstruction_time_ms=0.1037 reconstruction_repairs=0 reconstruction_trace_hits=77 reconstruction_trace_fallbacks=0 memo_used_mb=0.799942 memo_bytes_per_entry=200,C:\c++\test2\results\memo_backend_no_gate\raw_results.csv,False,0.9490463181576573,0.8399996499746231,True,True
100,0.2,0.4,1,D:\test2\results\memo_backend_no_gate\data\100\SDT_100_0.2_0.4_2.txt,12288,1200,SOLVED,SOLVED,MATCH,True,True,True,100,100,18567,18567,18567,18567,11.6077,12.013,1.034916,20.101,19.546,0.972389,6489,6489,True,650,650,12977,12977,1.03965,1.23768,0,0,0.1046,0.1184,0,0,False,,[run] n=100 seed=1 input=D:\test2\results\memo_backend_no_gate\data\100\SDT_100_0.2_0.4_2.txt decomp=adaptive memo_backend=custom use_ub=0 use_lb=0 terminal_rules=1 position_filtering_enabled=1 enable_lawler_basic_rules=1 enable_simple_lb=0 enable_lb_memo=0 enable_edd_ub=0 ub_depth_limit=-1 lb_depth_limit=-1 terminal_all_tardy_spt=1 terminal_edd_at_most_one_tardy=1 enable_memo=1 enable_exact_memo=1 memo_full_key_verification=1 memo_memory_limit_mb=12288 cost=18567 time_ms=11.6077 nodes=6489 max_depth=99 memo_hits=650 memo_misses=12977 memo_exact_hits=650 memo_lb_hits=0 rule4=1 valid_pos=94161 valid_pos_pruned_3a=0 valid_pos_pruned_3b=0 memo_rejected=0 memo_forced_evict=0 lufo_passes=0 terminal_spt=56 terminal_edd=666 memo_peak=6489 memo_final=6489 memo_evictions=0 memo_clean_time_ms=0 reconstruction_time_ms=0.1046 reconstruction_repairs=0 reconstruction_trace_hits=73 reconstruction_trace_fallbacks=0 memo_used_mb=1.03965 memo_bytes_per_entry=168,[run] n=100 seed=1 input=D:\test2\results\memo_backend_no_gate\data\100\SDT_100_0.2_0.4_2.txt decomp=adaptive memo_backend=std_unordered use_ub=0 use_lb=0 terminal_rules=1 position_filtering_enabled=1 enable_lawler_basic_rules=1 enable_simple_lb=0 enable_lb_memo=0 enable_edd_ub=0 ub_depth_limit=-1 lb_depth_limit=-1 terminal_all_tardy_spt=1 terminal_edd_at_most_one_tardy=1 enable_memo=1 enable_exact_memo=1 memo_full_key_verification=1 memo_memory_limit_mb=12288 cost=18567 time_ms=12.013 nodes=6489 max_depth=99 memo_hits=650 memo_misses=12977 memo_exact_hits=650 memo_lb_hits=0 rule4=1 valid_pos=94161 valid_pos_pruned_3a=0 valid_pos_pruned_3b=0 memo_rejected=0 memo_forced_evict=0 lufo_passes=0 terminal_spt=56 terminal_edd=666 memo_peak=6489 memo_final=6489 memo_evictions=0 memo_clean_time_ms=0 reconstruction_time_ms=0.1184 reconstruction_repairs=0 reconstruction_trace_hits=73 reconstruction_trace_fallbacks=0 memo_used_mb=1.23768 memo_bytes_per_entry=200,C:\c++\test2\results\memo_backend_no_gate\raw_results.csv,False,0.9662615499875135,0.8399990304440567,True,True
100,0.2,0.4,2,D:\test2\results\memo_backend_no_gate\data\100\SDT_100_0.2_0.4_3.txt,12288,1200,SOLVED,SOLVED,MATCH,True,True,True,100,100,16120,16120,16120,16120,6.8961,7.3843,1.070794,13.964,14.799,1.059797,4479,4479,True,568,568,8957,8957,0.717613,0.854301,0,0,0.1184,0.1249,0,0,False,,[run] n=100 seed=2 input=D:\test2\results\memo_backend_no_gate\data\100\SDT_100_0.2_0.4_3.txt decomp=adaptive memo_backend=custom use_ub=0 use_lb=0 terminal_rules=1 position_filtering_enabled=1 enable_lawler_basic_rules=1 enable_simple_lb=0 enable_lb_memo=0 enable_edd_ub=0 ub_depth_limit=-1 lb_depth_limit=-1 terminal_all_tardy_spt=1 terminal_edd_at_most_one_tardy=1 enable_memo=1 enable_exact_memo=1 memo_full_key_verification=1 memo_memory_limit_mb=12288 cost=16120 time_ms=6.8961 nodes=4479 max_depth=99 memo_hits=568 memo_misses=8957 memo_exact_hits=568 memo_lb_hits=0 rule4=1 valid_pos=50631 valid_pos_pruned_3a=0 valid_pos_pruned_3b=0 memo_rejected=0 memo_forced_evict=0 lufo_passes=0 terminal_spt=57 terminal_edd=637 memo_peak=4479 memo_final=4479 memo_evictions=0 memo_clean_time_ms=0 reconstruction_time_ms=0.1184 reconstruction_repairs=0 reconstruction_trace_hits=80 reconstruction_trace_fallbacks=0 memo_used_mb=0.717613 memo_bytes_per_entry=168,[run] n=100 seed=2 input=D:\test2\results\memo_backend_no_gate\data\100\SDT_100_0.2_0.4_3.txt decomp=adaptive memo_backend=std_unordered use_ub=0 use_lb=0 terminal_rules=1 position_filtering_enabled=1 enable_lawler_basic_rules=1 enable_simple_lb=0 enable_lb_memo=0 enable_edd_ub=0 ub_depth_limit=-1 lb_depth_limit=-1 terminal_all_tardy_spt=1 terminal_edd_at_most_one_tardy=1 enable_memo=1 enable_exact_memo=1 memo_full_key_verification=1 memo_memory_limit_mb=12288 cost=16120 time_ms=7.3843 nodes=4479 max_depth=99 memo_hits=568 memo_misses=8957 memo_exact_hits=568 memo_lb_hits=0 rule4=1 valid_pos=50631 valid_pos_pruned_3a=0 valid_pos_pruned_3b=0 memo_rejected=0 memo_forced_evict=0 lufo_passes=0 terminal_spt=57 terminal_edd=637 memo_peak=4479 memo_final=4479 memo_evictions=0 memo_clean_time_ms=0 reconstruction_time_ms=0.1249 reconstruction_repairs=0 reconstruction_trace_hits=80 reconstruction_trace_fallbacks=0 memo_used_mb=0.854301 memo_bytes_per_entry=200,C:\c++\test2\results\memo_backend_no_gate\raw_results.csv,False,0.9338867597470308,0.8400001872876187,True,True
100,0.2,0.4,3,D:\test2\results\memo_backend_no_gate\data\100\SDT_100_0.2_0.4_4.txt,12288,1200,SOLVED,SOLVED,MATCH,True,True,True,100,100,20747,20747,20747,20747,9.0557,9.479,1.046744,16.484,18.714,1.135283,5110,5110,True,680,680,10219,10219,0.81871,0.974655,0,0,0.1259,0.146,0,0,False,,[run] n=100 seed=3 input=D:\test2\results\memo_backend_no_gate\data\100\SDT_100_0.2_0.4_4.txt decomp=adaptive memo_backend=custom use_ub=0 use_lb=0 terminal_rules=1 position_filtering_enabled=1 enable_lawler_basic_rules=1 enable_simple_lb=0 enable_lb_memo=0 enable_edd_ub=0 ub_depth_limit=-1 lb_depth_limit=-1 terminal_all_tardy_spt=1 terminal_edd_at_most_one_tardy=1 enable_memo=1 enable_exact_memo=1 memo_full_key_verification=1 memo_memory_limit_mb=12288 cost=20747 time_ms=9.0557 nodes=5110 max_depth=99 memo_hits=680 memo_misses=10219 memo_exact_hits=680 memo_lb_hits=0 rule4=1 valid_pos=64105 valid_pos_pruned_3a=0 valid_pos_pruned_3b=0 memo_rejected=0 memo_forced_evict=0 lufo_passes=0 terminal_spt=18 terminal_edd=606 memo_peak=5110 memo_final=5110 memo_evictions=0 memo_clean_time_ms=0 reconstruction_time_ms=0.1259 reconstruction_repairs=0 reconstruction_trace_hits=84 reconstruction_trace_fallbacks=0 memo_used_mb=0.81871 memo_bytes_per_entry=168,[run] n=100 seed=3 input=D:\test2\results\memo_backend_no_gate\data\100\SDT_100_0.2_0.4_4.txt decomp=adaptive memo_backend=std_unordered use_ub=0 use_lb=0 terminal_rules=1 position_filtering_enabled=1 enable_lawler_basic_rules=1 enable_simple_lb=0 enable_lb_memo=0 enable_edd_ub=0 ub_depth_limit=-1 lb_depth_limit=-1 terminal_all_tardy_spt=1 terminal_edd_at_most_one_tardy=1 enable_memo=1 enable_exact_memo=1 memo_full_key_verification=1 memo_memory_limit_mb=12288 cost=20747 time_ms=9.479 nodes=5110 max_depth=99 memo_hits=680 memo_misses=10219 memo_exact_hits=680 memo_lb_hits=0 rule4=1 valid_pos=64105 valid_pos_pruned_3a=0 valid_pos_pruned_3b=0 memo_rejected=0 memo_forced_evict=0 lufo_passes=0 terminal_spt=18 terminal_edd=606 memo_peak=5110 memo_final=5110 memo_evictions=0 memo_clean_time_ms=0 reconstruction_time_ms=0.146 reconstruction_repairs=0 reconstruction_trace_hits=84 reconstruction_trace_fallbacks=0 memo_used_mb=0.974655 memo_bytes_per_entry=200,C:\c++\test2\results\memo_backend_no_gate\raw_results.csv,False,0.9553433906530225,0.8399997947991854,True,True
100,0.2,0.4,4,D:\test2\results\memo_backend_no_gate\data\100\SDT_100_0.2_0.4_5.txt,12288,1200,SOLVED,SOLVED,MATCH,True,True,True,100,100,21447,21447,21447,21447,25.4333,27.0058,1.061828,33.368,36.481,1.093293,12123,12123,True,1502,1502,24245,24245,1.94231,2.31228,0,0,0.1441,0.1265,0,0,False,,[run] n=100 seed=4 input=D:\test2\results\memo_backend_no_gate\data\100\SDT_100_0.2_0.4_5.txt decomp=adaptive memo_backend=custom use_ub=0 use_lb=0 terminal_rules=1 position_filtering_enabled=1 enable_lawler_basic_rules=1 enable_simple_lb=0 enable_lb_memo=0 enable_edd_ub=0 ub_depth_limit=-1 lb_depth_limit=-1 terminal_all_tardy_spt=1 terminal_edd_at_most_one_tardy=1 enable_memo=1 enable_exact_memo=1 memo_full_key_verification=1 memo_memory_limit_mb=12288 cost=21447 time_ms=25.4333 nodes=12123 max_depth=99 memo_hits=1502 memo_misses=24245 memo_exact_hits=1502 memo_lb_hits=0 rule4=1 valid_pos=201465 valid_pos_pruned_3a=0 valid_pos_pruned_3b=0 memo_rejected=0 memo_forced_evict=0 lufo_passes=0 terminal_spt=38 terminal_edd=1158 memo_peak=12123 memo_final=12123 memo_evictions=0 memo_clean_time_ms=0 reconstruction_time_ms=0.1441 reconstruction_repairs=0 reconstruction_trace_hits=80 reconstruction_trace_fallbacks=0 memo_used_mb=1.94231 memo_bytes_per_entry=168,[run] n=100 seed=4 input=D:\test2\results\memo_backend_no_gate\data\100\SDT_100_0.2_0.4_5.txt decomp=adaptive memo_backend=std_unordered use_ub=0 use_lb=0 terminal_rules=1 position_filtering_enabled=1 enable_lawler_basic_rules=1 enable_simple_lb=0 enable_lb_memo=0 enable_edd_ub=0 ub_depth_limit=-1 lb_depth_limit=-1 terminal_all_tardy_spt=1 terminal_edd_at_most_one_tardy=1 enable_memo=1 enable_exact_memo=1 memo_full_key_verification=1 memo_memory_limit_mb=12288 cost=21447 time_ms=27.0058 nodes=12123 max_depth=99 memo_hits=1502 memo_misses=24245 memo_exact_hits=1502 memo_lb_hits=0 rule4=1 valid_pos=201465 valid_pos_pruned_3a=0 valid_pos_pruned_3b=0 memo_rejected=0 memo_forced_evict=0 lufo_passes=0 terminal_spt=38 terminal_edd=1158 memo_peak=12123 memo_final=12123 memo_evictions=0 memo_clean_time_ms=0 reconstruction_time_ms=0.1265 reconstruction_repairs=0 reconstruction_trace_hits=80 reconstruction_trace_fallbacks=0 memo_used_mb=2.31228 memo_bytes_per_entry=200,C:\c++\test2\results\memo_backend_no_gate\raw_results.csv,False,0.9417717675462307,0.8399977511374055,True,True
100,0.2,0.4,5,D:\test2\results\memo_backend_no_gate\data\100\SDT_100_0.2_0.4_6.txt,12288,1200,SOLVED,SOLVED,MATCH,True,True,True,100,100,15938,15938,15938,15938,5.7817,6.1596,1.065361,15.408,13.47,0.874221,3230,3230,True,236,236,6459,6459,0.517502,0.616074,0,0,0.078,0.0914,0,0,False,,[run] n=100 seed=5 input=D:\test2\results\memo_backend_no_gate\data\100\SDT_100_0.2_0.4_6.txt decomp=adaptive memo_backend=custom use_ub=0 use_lb=0 terminal_rules=1 position_filtering_enabled=1 enable_lawler_basic_rules=1 enable_simple_lb=0 enable_lb_memo=0 enable_edd_ub=0 ub_depth_limit=-1 lb_depth_limit=-1 terminal_all_tardy_spt=1 terminal_edd_at_most_one_tardy=1 enable_memo=1 enable_exact_memo=1 memo_full_key_verification=1 memo_memory_limit_mb=12288 cost=15938 time_ms=5.7817 nodes=3230 max_depth=99 memo_hits=236 memo_misses=6459 memo_exact_hits=236 memo_lb_hits=0 rule4=1 valid_pos=43489 valid_pos_pruned_3a=0 valid_pos_pruned_3b=0 memo_rejected=0 memo_forced_evict=0 lufo_passes=0 terminal_spt=3 terminal_edd=499 memo_peak=3230 memo_final=3230 memo_evictions=0 memo_clean_time_ms=0 reconstruction_time_ms=0.078 reconstruction_repairs=0 reconstruction_trace_hits=54 reconstruction_trace_fallbacks=0 memo_used_mb=0.517502 memo_bytes_per_entry=168,[run] n=100 seed=5 input=D:\test2\results\memo_backend_no_gate\data\100\SDT_100_0.2_0.4_6.txt decomp=adaptive memo_backend=std_unordered use_ub=0 use_lb=0 terminal_rules=1 position_filtering_enabled=1 enable_lawler_basic_rules=1 enable_simple_lb=0 enable_lb_memo=0 enable_edd_ub=0 ub_depth_limit=-1 lb_depth_limit=-1 terminal_all_tardy_spt=1 terminal_edd_at_most_one_tardy=1 enable_memo=1 enable_exact_memo=1 memo_full_key_verification=1 memo_memory_limit_mb=12288 cost=15938 time_ms=6.1596 nodes=3230 max_depth=99 memo_hits=236 memo_misses=6459 memo_exact_hits=236 memo_lb_hits=0 rule4=1 valid_pos=43489 valid_pos_pruned_3a=0 valid_pos_pruned_3b=0 memo_rejected=0 memo_forced_evict=0 lufo_passes=0 terminal_spt=3 terminal_edd=499 memo_peak=3230 memo_final=3230 memo_evictions=0 memo_clean_time_ms=0 reconstruction_time_ms=0.0914 reconstruction_repairs=0 reconstruction_trace_hits=54 reconstruction_trace_fallbacks=0 memo_used_mb=0.616074 memo_bytes_per_entry=200,C:\c++\test2\results\memo_backend_no_gate\raw_results.csv,False,0.9386486135463341,0.839999740290939,True,True
100,0.2,0.4,6,D:\test2\results\memo_backend_no_gate\data\100\SDT_100_0.2_0.4_7.txt,12288,1200,SOLVED,SOLVED,MATCH,True,True,True,100,100,17117,17117,17117,17117,3.9356,4.0638,1.032574,12.228,11.183,0.91454,2198,2198,True,179,179,4395,4395,0.352158,0.419235,0,0,0.101,0.1119,0,0,False,,[run] n=100 seed=6 input=D:\test2\results\memo_backend_no_gate\data\100\SDT_100_0.2_0.4_7.txt decomp=adaptive memo_backend=custom use_ub=0 use_lb=0 terminal_rules=1 position_filtering_enabled=1 enable_lawler_basic_rules=1 enable_simple_lb=0 enable_lb_memo=0 enable_edd_ub=0 ub_depth_limit=-1 lb_depth_limit=-1 terminal_all_tardy_spt=1 terminal_edd_at_most_one_tardy=1 enable_memo=1 enable_exact_memo=1 memo_full_key_verification=1 memo_memory_limit_mb=12288 cost=17117 time_ms=3.9356 nodes=2198 max_depth=99 memo_hits=179 memo_misses=4395 memo_exact_hits=179 memo_lb_hits=0 rule4=1 valid_pos=21639 valid_pos_pruned_3a=0 valid_pos_pruned_3b=0 memo_rejected=0 memo_forced_evict=0 lufo_passes=0 terminal_spt=16 terminal_edd=358 memo_peak=2198 memo_final=2198 memo_evictions=0 memo_clean_time_ms=0 reconstruction_time_ms=0.101 reconstruction_repairs=0 reconstruction_trace_hits=67 reconstruction_trace_fallbacks=0 memo_used_mb=0.352158 memo_bytes_per_entry=168,[run] n=100 seed=6 input=D:\test2\results\memo_backend_no_gate\data\100\SDT_100_0.2_0.4_7.txt decomp=adaptive memo_backend=std_unordered use_ub=0 use_lb=0 terminal_rules=1 position_filtering_enabled=1 enable_lawler_basic_rules=1 enable_simple_lb=0 enable_lb_memo=0 enable_edd_ub=0 ub_depth_limit=-1 lb_depth_limit=-1 terminal_all_tardy_spt=1 terminal_edd_at_most_one_tardy=1 enable_memo=1 enable_exact_memo=1 memo_full_key_verification=1 memo_memory_limit_mb=12288 cost=17117 time_ms=4.0638 nodes=2198 max_depth=99 memo_hits=179 memo_misses=4395 memo_exact_hits=179 memo_lb_hits=0 rule4=1 valid_pos=21639 valid_pos_pruned_3a=0 valid_pos_pruned_3b=0 memo_rejected=0 memo_forced_evict=0 lufo_passes=0 terminal_spt=16 terminal_edd=358 memo_peak=2198 memo_final=2198 memo_evictions=0 memo_clean_time_ms=0 reconstruction_time_ms=0.1119 reconstruction_repairs=0 reconstruction_trace_hits=67 reconstruction_trace_fallbacks=0 memo_used_mb=0.419235 memo_bytes_per_entry=200,C:\c++\test2\results\memo_backend_no_gate\raw_results.csv,False,0.9684531719080665,0.8400014311782175,True,True
100,0.2,0.4,7,D:\test2\results\memo_backend_no_gate\data\100\SDT_100_0.2_0.4_8.txt,12288,1200,SOLVED,SOLVED,MATCH,True,True,True,100,100,14038,14038,14038,14038,7.4013,7.6758,1.037088,16.448,14.904,0.906128,4033,4033,True,323,323,8065,8065,0.646156,0.769234,0,0,0.1275,0.1692,0,0,False,,[run] n=100 seed=7 input=D:\test2\results\memo_backend_no_gate\data\100\SDT_100_0.2_0.4_8.txt decomp=adaptive memo_backend=custom use_ub=0 use_lb=0 terminal_rules=1 position_filtering_enabled=1 enable_lawler_basic_rules=1 enable_simple_lb=0 enable_lb_memo=0 enable_edd_ub=0 ub_depth_limit=-1 lb_depth_limit=-1 terminal_all_tardy_spt=1 terminal_edd_at_most_one_tardy=1 enable_memo=1 enable_exact_memo=1 memo_full_key_verification=1 memo_memory_limit_mb=12288 cost=14038 time_ms=7.4013 nodes=4033 max_depth=99 memo_hits=323 memo_misses=8065 memo_exact_hits=323 memo_lb_hits=0 rule4=1 valid_pos=53526 valid_pos_pruned_3a=0 valid_pos_pruned_3b=0 memo_rejected=0 memo_forced_evict=0 lufo_passes=0 terminal_spt=28 terminal_edd=424 memo_peak=4033 memo_final=4033 memo_evictions=0 memo_clean_time_ms=0 reconstruction_time_ms=0.1275 reconstruction_repairs=0 reconstruction_trace_hits=90 reconstruction_trace_fallbacks=0 memo_used_mb=0.646156 memo_bytes_per_entry=168,[run] n=100 seed=7 input=D:\test2\results\memo_backend_no_gate\data\100\SDT_100_0.2_0.4_8.txt decomp=adaptive memo_backend=std_unordered use_ub=0 use_lb=0 terminal_rules=1 position_filtering_enabled=1 enable_lawler_basic_rules=1 enable_simple_lb=0 enable_lb_memo=0 enable_edd_ub=0 ub_depth_limit=-1 lb_depth_limit=-1 terminal_all_tardy_spt=1 terminal_edd_at_most_one_tardy=1 enable_memo=1 enable_exact_memo=1 memo_full_key_verification=1 memo_memory_limit_mb=12288 cost=14038 time_ms=7.6758 nodes=4033 max_depth=99 memo_hits=323 memo_misses=8065 memo_exact_hits=323 memo_lb_hits=0 rule4=1 valid_pos=53526 valid_pos_pruned_3a=0 valid_pos_pruned_3b=0 memo_rejected=0 memo_forced_evict=0 lufo_passes=0 terminal_spt=28 terminal_edd=424 memo_peak=4033 memo_final=4033 memo_evictions=0 memo_clean_time_ms=0 reconstruction_time_ms=0.1692 reconstruction_repairs=0 reconstruction_trace_hits=90 reconstruction_trace_fallbacks=0 memo_used_mb=0.769234 memo_bytes_per_entry=200,C:\c++\test2\results\memo_backend_no_gate\raw_results.csv,False,0.9642382552958649,0.8399992720030576,True,True
100,0.2,0.4,8,D:\test2\results\memo_backend_no_gate\data\100\SDT_100_0.2_0.4_9.txt,12288,1200,SOLVED,SOLVED,MATCH,True,True,True,100,100,18952,18952,18952,18952,23.4329,24.3152,1.037652,33.086,33.712,1.01892,13424,13424,True,1848,1848,26847,26847,2.15076,2.56042,0,0,0.1249,0.1109,0,0,False,,[run] n=100 seed=8 input=D:\test2\results\memo_backend_no_gate\data\100\SDT_100_0.2_0.4_9.txt decomp=adaptive memo_backend=custom use_ub=0 use_lb=0 terminal_rules=1 position_filtering_enabled=1 enable_lawler_basic_rules=1 enable_simple_lb=0 enable_lb_memo=0 enable_edd_ub=0 ub_depth_limit=-1 lb_depth_limit=-1 terminal_all_tardy_spt=1 terminal_edd_at_most_one_tardy=1 enable_memo=1 enable_exact_memo=1 memo_full_key_verification=1 memo_memory_limit_mb=12288 cost=18952 time_ms=23.4329 nodes=13424 max_depth=99 memo_hits=1848 memo_misses=26847 memo_exact_hits=1848 memo_lb_hits=0 rule4=1 valid_pos=179074 valid_pos_pruned_3a=0 valid_pos_pruned_3b=0 memo_rejected=0 memo_forced_evict=0 lufo_passes=0 terminal_spt=169 terminal_edd=881 memo_peak=13424 memo_final=13424 memo_evictions=0 memo_clean_time_ms=0 reconstruction_time_ms=0.1249 reconstruction_repairs=0 reconstruction_trace_hits=74 reconstruction_trace_fallbacks=0 memo_used_mb=2.15076 memo_bytes_per_entry=168,[run] n=100 seed=8 input=D:\test2\results\memo_backend_no_gate\data\100\SDT_100_0.2_0.4_9.txt decomp=adaptive memo_backend=std_unordered use_ub=0 use_lb=0 terminal_rules=1 position_filtering_enabled=1 enable_lawler_basic_rules=1 enable_simple_lb=0 enable_lb_memo=0 enable_edd_ub=0 ub_depth_limit=-1 lb_depth_limit=-1 terminal_all_tardy_spt=1 terminal_edd_at_most_one_tardy=1 enable_memo=1 enable_exact_memo=1 memo_full_key_verification=1 memo_memory_limit_mb=12288 cost=18952 time_ms=24.3152 nodes=13424 max_depth=99 memo_hits=1848 memo_misses=26847 memo_exact_hits=1848 memo_lb_hits=0 rule4=1 valid_pos=179074 valid_pos_pruned_3a=0 valid_pos_pruned_3b=0 memo_rejected=0 memo_forced_evict=0 lufo_passes=0 terminal_spt=169 terminal_edd=881 memo_peak=13424 memo_final=13424 memo_evictions=0 memo_clean_time_ms=0 reconstruction_time_ms=0.1109 reconstruction_repairs=0 reconstruction_trace_hits=74 reconstruction_trace_fallbacks=0 memo_used_mb=2.56042 memo_bytes_per_entry=200,C:\c++\test2\results\memo_backend_no_gate\raw_results.csv,False,0.9637140554056721,0.8400028120386499,True,True
100,0.2,0.4,9,D:\test2\results\memo_backend_no_gate\data\100\SDT_100_0.2_0.4_10.txt,12288,1200,SOLVED,SOLVED,MATCH,True,True,True,100,100,13959,13959,13959,13959,4.569,4.8519,1.061917,12.783,12.093,0.946022,2639,2639,True,207,207,5277,5277,0.422813,0.503349,0,0,0.1561,0.1474,0,0,False,,[run] n=100 seed=9 input=D:\test2\results\memo_backend_no_gate\data\100\SDT_100_0.2_0.4_10.txt decomp=adaptive memo_backend=custom use_ub=0 use_lb=0 terminal_rules=1 position_filtering_enabled=1 enable_lawler_basic_rules=1 enable_simple_lb=0 enable_lb_memo=0 enable_edd_ub=0 ub_depth_limit=-1 lb_depth_limit=-1 terminal_all_tardy_spt=1 terminal_edd_at_most_one_tardy=1 enable_memo=1 enable_exact_memo=1 memo_full_key_verification=1 memo_memory_limit_mb=12288 cost=13959 time_ms=4.569 nodes=2639 max_depth=99 memo_hits=207 memo_misses=5277 memo_exact_hits=207 memo_lb_hits=0 rule4=1 valid_pos=33182 valid_pos_pruned_3a=0 valid_pos_pruned_3b=0 memo_rejected=0 memo_forced_evict=0 lufo_passes=0 terminal_spt=33 terminal_edd=332 memo_peak=2639 memo_final=2639 memo_evictions=0 memo_clean_time_ms=0 reconstruction_time_ms=0.1561 reconstruction_repairs=0 reconstruction_trace_hits=86 reconstruction_trace_fallbacks=0 memo_used_mb=0.422813 memo_bytes_per_entry=168,[run] n=100 seed=9 input=D:\test2\results\memo_backend_no_gate\data\100\SDT_100_0.2_0.4_10.txt decomp=adaptive memo_backend=std_unordered use_ub=0 use_lb=0 terminal_rules=1 position_filtering_enabled=1 enable_lawler_basic_rules=1 enable_simple_lb=0 enable_lb_memo=0 enable_edd_ub=0 ub_depth_limit=-1 lb_depth_limit=-1 terminal_all_tardy_spt=1 terminal_edd_at_most_one_tardy=1 enable_memo=1 enable_exact_memo=1 memo_full_key_verification=1 memo_memory_limit_mb=12288 cost=13959 time_ms=4.8519 nodes=2639 max_depth=99 memo_hits=207 memo_misses=5277 memo_exact_hits=207 memo_lb_hits=0 rule4=1 valid_pos=33182 valid_pos_pruned_3a=0 valid_pos_pruned_3b=0 memo_rejected=0 memo_forced_evict=0 lufo_passes=0 terminal_spt=33 terminal_edd=332 memo_peak=2639 memo_final=2639 memo_evictions=0 memo_clean_time_ms=0 reconstruction_time_ms=0.1474 reconstruction_repairs=0 reconstruction_trace_hits=86 reconstruction_trace_fallbacks=0 memo_used_mb=0.503349 memo_bytes_per_entry=200,C:\c++\test2\results\memo_backend_no_gate\raw_results.csv,False,0.9416929450318432,0.8399996821290993,True,True
100,0.2,0.8,0,D:\test2\results\memo_backend_no_gate\data\100\SDT_100_0.2_0.8_1.txt,12288,1200,SOLVED,SOLVED,MATCH,True,True,True,100,100,93918,93918,93918,93918,2.5165,2.6404,1.049235,11.213,9.813,0.875145,1236,1236,True,89,89,2471,2471,0.198029,0.235748,0,0,0.149,0.1857,0,0,False,,[run] n=100 seed=0 input=D:\test2\results\memo_backend_no_gate\data\100\SDT_100_0.2_0.8_1.txt decomp=adaptive memo_backend=custom use_ub=0 use_lb=0 terminal_rules=1 position_filtering_enabled=1 enable_lawler_basic_rules=1 enable_simple_lb=0 enable_lb_memo=0 enable_edd_ub=0 ub_depth_limit=-1 lb_depth_limit=-1 terminal_all_tardy_spt=1 terminal_edd_at_most_one_tardy=1 enable_memo=1 enable_exact_memo=1 memo_full_key_verification=1 memo_memory_limit_mb=12288 cost=93918 time_ms=2.5165 nodes=1236 max_depth=99 memo_hits=89 memo_misses=2471 memo_exact_hits=89 memo_lb_hits=0 rule4=1 valid_pos=20463 valid_pos_pruned_3a=0 valid_pos_pruned_3b=0 memo_rejected=0 memo_forced_evict=0 lufo_passes=0 terminal_spt=17 terminal_edd=192 memo_peak=1236 memo_final=1236 memo_evictions=0 memo_clean_time_ms=0 reconstruction_time_ms=0.149 reconstruction_repairs=0 reconstruction_trace_hits=93 reconstruction_trace_fallbacks=0 memo_used_mb=0.198029 memo_bytes_per_entry=168,[run] n=100 seed=0 input=D:\test2\results\memo_backend_no_gate\data\100\SDT_100_0.2_0.8_1.txt decomp=adaptive memo_backend=std_unordered use_ub=0 use_lb=0 terminal_rules=1 position_filtering_enabled=1 enable_lawler_basic_rules=1 enable_simple_lb=0 enable_lb_memo=0 enable_edd_ub=0 ub_depth_limit=-1 lb_depth_limit=-1 terminal_all_tardy_spt=1 terminal_edd_at_most_one_tardy=1 enable_memo=1 enable_exact_memo=1 memo_full_key_verification=1 memo_memory_limit_mb=12288 cost=93918 time_ms=2.6404 nodes=1236 max_depth=99 memo_hits=89 memo_misses=2471 memo_exact_hits=89 memo_lb_hits=0 rule4=1 valid_pos=20463 valid_pos_pruned_3a=0 valid_pos_pruned_3b=0 memo_rejected=0 memo_forced_evict=0 lufo_passes=0 terminal_spt=17 terminal_edd=192 memo_peak=1236 memo_final=1236 memo_evictions=0 memo_clean_time_ms=0 reconstruction_time_ms=0.1857 reconstruction_repairs=0 reconstruction_trace_hits=93 reconstruction_trace_fallbacks=0 memo_used_mb=0.235748 memo_bytes_per_entry=200,C:\c++\test2\results\memo_backend_no_gate\raw_results.csv,False,0.9530752916224815,0.8400028844359231,True,True
100,0.2,0.8,1,D:\test2\results\memo_backend_no_gate\data\100\SDT_100_0.2_0.8_2.txt,12288,1200,SOLVED,SOLVED,MATCH,True,True,True,100,100,92305,92305,92305,92305,11.1651,12.1636,1.08943,20.605,20.347,0.987479,6088,6088,True,718,718,12175,12175,0.975403,1.16119,0,0,0.126,0.1522,0,0,False,,[run] n=100 seed=1 input=D:\test2\results\memo_backend_no_gate\data\100\SDT_100_0.2_0.8_2.txt decomp=adaptive memo_backend=custom use_ub=0 use_lb=0 terminal_rules=1 position_filtering_enabled=1 enable_lawler_basic_rules=1 enable_simple_lb=0 enable_lb_memo=0 enable_edd_ub=0 ub_depth_limit=-1 lb_depth_limit=-1 terminal_all_tardy_spt=1 terminal_edd_at_most_one_tardy=1 enable_memo=1 enable_exact_memo=1 memo_full_key_verification=1 memo_memory_limit_mb=12288 cost=92305 time_ms=11.1651 nodes=6088 max_depth=99 memo_hits=718 memo_misses=12175 memo_exact_hits=718 memo_lb_hits=0 rule4=1 valid_pos=97246 valid_pos_pruned_3a=0 valid_pos_pruned_3b=0 memo_rejected=0 memo_forced_evict=0 lufo_passes=0 terminal_spt=88 terminal_edd=640 memo_peak=6088 memo_final=6088 memo_evictions=0 memo_clean_time_ms=0 reconstruction_time_ms=0.126 reconstruction_repairs=0 reconstruction_trace_hits=78 reconstruction_trace_fallbacks=0 memo_used_mb=0.975403 memo_bytes_per_entry=168,[run] n=100 seed=1 input=D:\test2\results\memo_backend_no_gate\data\100\SDT_100_0.2_0.8_2.txt decomp=adaptive memo_backend=std_unordered use_ub=0 use_lb=0 terminal_rules=1 position_filtering_enabled=1 enable_lawler_basic_rules=1 enable_simple_lb=0 enable_lb_memo=0 enable_edd_ub=0 ub_depth_limit=-1 lb_depth_limit=-1 terminal_all_tardy_spt=1 terminal_edd_at_most_one_tardy=1 enable_memo=1 enable_exact_memo=1 memo_full_key_verification=1 memo_memory_limit_mb=12288 cost=92305 time_ms=12.1636 nodes=6088 max_depth=99 memo_hits=718 memo_misses=12175 memo_exact_hits=718 memo_lb_hits=0 rule4=1 valid_pos=97246 valid_pos_pruned_3a=0 valid_pos_pruned_3b=0 memo_rejected=0 memo_forced_evict=0 lufo_passes=0 terminal_spt=88 terminal_edd=640 memo_peak=6088 memo_final=6088 memo_evictions=0 memo_clean_time_ms=0 reconstruction_time_ms=0.1522 reconstruction_repairs=0 reconstruction_trace_hits=78 reconstruction_trace_fallbacks=0 memo_used_mb=1.16119 memo_bytes_per_entry=200,C:\c++\test2\results\memo_backend_no_gate\raw_results.csv,False,0.9179108158768786,0.8400029280307272,True,True
100,0.2,0.8,2,D:\test2\results\memo_backend_no_gate\data\100\SDT_100_0.2_0.8_3.txt,12288,1200,SOLVED,SOLVED,MATCH,True,True,True,100,100,87433,87433,87433,87433,11.9804,12.873,1.074505,20.798,20.957,1.007645,6217,6217,True,1008,1008,12433,12433,0.996071,1.1858,0,0,0.1186,0.1431,0,0,False,,[run] n=100 seed=2 input=D:\test2\results\memo_backend_no_gate\data\100\SDT_100_0.2_0.8_3.txt decomp=adaptive memo_backend=custom use_ub=0 use_lb=0 terminal_rules=1 position_filtering_enabled=1 enable_lawler_basic_rules=1 enable_simple_lb=0 enable_lb_memo=0 enable_edd_ub=0 ub_depth_limit=-1 lb_depth_limit=-1 terminal_all_tardy_spt=1 terminal_edd_at_most_one_tardy=1 enable_memo=1 enable_exact_memo=1 memo_full_key_verification=1 memo_memory_limit_mb=12288 cost=87433 time_ms=11.9804 nodes=6217 max_depth=99 memo_hits=1008 memo_misses=12433 memo_exact_hits=1008 memo_lb_hits=0 rule4=1 valid_pos=97334 valid_pos_pruned_3a=0 valid_pos_pruned_3b=0 memo_rejected=0 memo_forced_evict=0 lufo_passes=0 terminal_spt=62 terminal_edd=622 memo_peak=6217 memo_final=6217 memo_evictions=0 memo_clean_time_ms=0 reconstruction_time_ms=0.1186 reconstruction_repairs=0 reconstruction_trace_hits=81 reconstruction_trace_fallbacks=0 memo_used_mb=0.996071 memo_bytes_per_entry=168,[run] n=100 seed=2 input=D:\test2\results\memo_backend_no_gate\data\100\SDT_100_0.2_0.8_3.txt decomp=adaptive memo_backend=std_unordered use_ub=0 use_lb=0 terminal_rules=1 position_filtering_enabled=1 enable_lawler_basic_rules=1 enable_simple_lb=0 enable_lb_memo=0 enable_edd_ub=0 ub_depth_limit=-1 lb_depth_limit=-1 terminal_all_tardy_spt=1 terminal_edd_at_most_one_tardy=1 enable_memo=1 enable_exact_memo=1 memo_full_key_verification=1 memo_memory_limit_mb=12288 cost=87433 time_ms=12.873 nodes=6217 max_depth=99 memo_hits=1008 memo_misses=12433 memo_exact_hits=1008 memo_lb_hits=0 rule4=1 valid_pos=97334 valid_pos_pruned_3a=0 valid_pos_pruned_3b=0 memo_rejected=0 memo_forced_evict=0 lufo_passes=0 terminal_spt=62 terminal_edd=622 memo_peak=6217 memo_final=6217 memo_evictions=0 memo_clean_time_ms=0 reconstruction_time_ms=0.1431 reconstruction_repairs=0 reconstruction_trace_hits=81 reconstruction_trace_fallbacks=0 memo_used_mb=1.1858 memo_bytes_per_entry=200,C:\c++\test2\results\memo_backend_no_gate\raw_results.csv,False,0.9306610735648256,0.8399991566874684,True,True
100,0.2,0.8,3,D:\test2\results\memo_backend_no_gate\data\100\SDT_100_0.2_0.8_4.txt,12288,1200,SOLVED,SOLVED,MATCH,True,True,True,100,100,112204,112204,112204,112204,6.8041,8.807,1.294367,16.002,16.68,1.04237,4015,4015,True,817,817,8029,8029,0.643272,0.7658,0,0,0.1002,0.1448,0,0,False,,[run] n=100 seed=3 input=D:\test2\results\memo_backend_no_gate\data\100\SDT_100_0.2_0.8_4.txt decomp=adaptive memo_backend=custom use_ub=0 use_lb=0 terminal_rules=1 position_filtering_enabled=1 enable_lawler_basic_rules=1 enable_simple_lb=0 enable_lb_memo=0 enable_edd_ub=0 ub_depth_limit=-1 lb_depth_limit=-1 terminal_all_tardy_spt=1 terminal_edd_at_most_one_tardy=1 enable_memo=1 enable_exact_memo=1 memo_full_key_verification=1 memo_memory_limit_mb=12288 cost=112204 time_ms=6.8041 nodes=4015 max_depth=99 memo_hits=817 memo_misses=8029 memo_exact_hits=817 memo_lb_hits=0 rule4=1 valid_pos=53320 valid_pos_pruned_3a=0 valid_pos_pruned_3b=0 memo_rejected=0 memo_forced_evict=0 lufo_passes=0 terminal_spt=41 terminal_edd=643 memo_peak=4015 memo_final=4015 memo_evictions=0 memo_clean_time_ms=0 reconstruction_time_ms=0.1002 reconstruction_repairs=0 reconstruction_trace_hits=66 reconstruction_trace_fallbacks=0 memo_used_mb=0.643272 memo_bytes_per_entry=168,[run] n=100 seed=3 input=D:\test2\results\memo_backend_no_gate\data\100\SDT_100_0.2_0.8_4.txt decomp=adaptive memo_backend=std_unordered use_ub=0 use_lb=0 terminal_rules=1 position_filtering_enabled=1 enable_lawler_basic_rules=1 enable_simple_lb=0 enable_lb_memo=0 enable_edd_ub=0 ub_depth_limit=-1 lb_depth_limit=-1 terminal_all_tardy_spt=1 terminal_edd_at_most_one_tardy=1 enable_memo=1 enable_exact_memo=1 memo_full_key_verification=1 memo_memory_limit_mb=12288 cost=112204 time_ms=8.807 nodes=4015 max_depth=99 memo_hits=817 memo_misses=8029 memo_exact_hits=817 memo_lb_hits=0 rule4=1 valid_pos=53320 valid_pos_pruned_3a=0 valid_pos_pruned_3b=0 memo_rejected=0 memo_forced_evict=0 lufo_passes=0 terminal_spt=41 terminal_edd=643 memo_peak=4015 memo_final=4015 memo_evictions=0 memo_clean_time_ms=0 reconstruction_time_ms=0.1448 reconstruction_repairs=0 reconstruction_trace_hits=66 reconstruction_trace_fallbacks=0 memo_used_mb=0.7658 memo_bytes_per_entry=200,C:\c++\test2\results\memo_backend_no_gate\raw_results.csv,False,0.7725786306347223,0.8399999999999999,True,True
100,0.2,0.8,4,D:\test2\results\memo_backend_no_gate\data\100\SDT_100_0.2_0.8_5.txt,12288,1200,SOLVED,SOLVED,MATCH,True,True,True,100,100,106555,106555,106555,106555,14.6421,15.57,1.063372,23.113,23.588,1.020551,7436,7436,True,2353,2353,14871,14871,1.19138,1.4183,0,0,0.1087,0.1337,0,0,False,,[run] n=100 seed=4 input=D:\test2\results\memo_backend_no_gate\data\100\SDT_100_0.2_0.8_5.txt decomp=adaptive memo_backend=custom use_ub=0 use_lb=0 terminal_rules=1 position_filtering_enabled=1 enable_lawler_basic_rules=1 enable_simple_lb=0 enable_lb_memo=0 enable_edd_ub=0 ub_depth_limit=-1 lb_depth_limit=-1 terminal_all_tardy_spt=1 terminal_edd_at_most_one_tardy=1 enable_memo=1 enable_exact_memo=1 memo_full_key_verification=1 memo_memory_limit_mb=12288 cost=106555 time_ms=14.6421 nodes=7436 max_depth=99 memo_hits=2353 memo_misses=14871 memo_exact_hits=2353 memo_lb_hits=0 rule4=1 valid_pos=136491 valid_pos_pruned_3a=0 valid_pos_pruned_3b=0 memo_rejected=0 memo_forced_evict=0 lufo_passes=0 terminal_spt=86 terminal_edd=910 memo_peak=7436 memo_final=7436 memo_evictions=0 memo_clean_time_ms=0 reconstruction_time_ms=0.1087 reconstruction_repairs=0 reconstruction_trace_hits=72 reconstruction_trace_fallbacks=0 memo_used_mb=1.19138 memo_bytes_per_entry=168,[run] n=100 seed=4 input=D:\test2\results\memo_backend_no_gate\data\100\SDT_100_0.2_0.8_5.txt decomp=adaptive memo_backend=std_unordered use_ub=0 use_lb=0 terminal_rules=1 position_filtering_enabled=1 enable_lawler_basic_rules=1 enable_simple_lb=0 enable_lb_memo=0 enable_edd_ub=0 ub_depth_limit=-1 lb_depth_limit=-1 terminal_all_tardy_spt=1 terminal_edd_at_most_one_tardy=1 enable_memo=1 enable_exact_memo=1 memo_full_key_verification=1 memo_memory_limit_mb=12288 cost=106555 time_ms=15.57 nodes=7436 max_depth=99 memo_hits=2353 memo_misses=14871 memo_exact_hits=2353 memo_lb_hits=0 rule4=1 valid_pos=136491 valid_pos_pruned_3a=0 valid_pos_pruned_3b=0 memo_rejected=0 memo_forced_evict=0 lufo_passes=0 terminal_spt=86 terminal_edd=910 memo_peak=7436 memo_final=7436 memo_evictions=0 memo_clean_time_ms=0 reconstruction_time_ms=0.1337 reconstruction_repairs=0 reconstruction_trace_hits=72 reconstruction_trace_fallbacks=0 memo_used_mb=1.4183 memo_bytes_per_entry=200,C:\c++\test2\results\memo_backend_no_gate\raw_results.csv,False,0.9404046242774566,0.8400056405555949,True,True
100,0.2,0.8,5,D:\test2\results\memo_backend_no_gate\data\100\SDT_100_0.2_0.8_6.txt,12288,1200,SOLVED,SOLVED,MATCH,True,True,True,100,100,83562,83562,83562,83562,7.0773,7.4736,1.055996,16.563,14.834,0.895611,3673,3673,True,1033,1033,7345,7345,0.588478,0.700569,0,0,0.1225,0.1584,0,0,False,,[run] n=100 seed=5 input=D:\test2\results\memo_backend_no_gate\data\100\SDT_100_0.2_0.8_6.txt decomp=adaptive memo_backend=custom use_ub=0 use_lb=0 terminal_rules=1 position_filtering_enabled=1 enable_lawler_basic_rules=1 enable_simple_lb=0 enable_lb_memo=0 enable_edd_ub=0 ub_depth_limit=-1 lb_depth_limit=-1 terminal_all_tardy_spt=1 terminal_edd_at_most_one_tardy=1 enable_memo=1 enable_exact_memo=1 memo_full_key_verification=1 memo_memory_limit_mb=12288 cost=83562 time_ms=7.0773 nodes=3673 max_depth=99 memo_hits=1033 memo_misses=7345 memo_exact_hits=1033 memo_lb_hits=0 rule4=1 valid_pos=63384 valid_pos_pruned_3a=0 valid_pos_pruned_3b=0 memo_rejected=0 memo_forced_evict=0 lufo_passes=0 terminal_spt=10 terminal_edd=642 memo_peak=3673 memo_final=3673 memo_evictions=0 memo_clean_time_ms=0 reconstruction_time_ms=0.1225 reconstruction_repairs=0 reconstruction_trace_hits=84 reconstruction_trace_fallbacks=0 memo_used_mb=0.588478 memo_bytes_per_entry=168,[run] n=100 seed=5 input=D:\test2\results\memo_backend_no_gate\data\100\SDT_100_0.2_0.8_6.txt decomp=adaptive memo_backend=std_unordered use_ub=0 use_lb=0 terminal_rules=1 position_filtering_enabled=1 enable_lawler_basic_rules=1 enable_simple_lb=0 enable_lb_memo=0 enable_edd_ub=0 ub_depth_limit=-1 lb_depth_limit=-1 terminal_all_tardy_spt=1 terminal_edd_at_most_one_tardy=1 enable_memo=1 enable_exact_memo=1 memo_full_key_verification=1 memo_memory_limit_mb=12288 cost=83562 time_ms=7.4736 nodes=3673 max_depth=99 memo_hits=1033 memo_misses=7345 memo_exact_hits=1033 memo_lb_hits=0 rule4=1 valid_pos=63384 valid_pos_pruned_3a=0 valid_pos_pruned_3b=0 memo_rejected=0 memo_forced_evict=0 lufo_passes=0 terminal_spt=10 terminal_edd=642 memo_peak=3673 memo_final=3673 memo_evictions=0 memo_clean_time_ms=0 reconstruction_time_ms=0.1584 reconstruction_repairs=0 reconstruction_trace_hits=84 reconstruction_trace_fallbacks=0 memo_used_mb=0.700569 memo_bytes_per_entry=200,C:\c++\test2\results\memo_backend_no_gate\raw_results.csv,False,0.9469733461785484,0.8400000570964458,True,True
100,0.2,0.8,6,D:\test2\results\memo_backend_no_gate\data\100\SDT_100_0.2_0.8_7.txt,12288,1200,SOLVED,SOLVED,MATCH,True,True,True,100,100,98304,98304,98304,98304,7.0485,7.4583,1.05814,14.363,14.766,1.028058,4026,4026,True,1008,1008,8051,8051,0.645035,0.767899,0,0,0.1325,0.1689,0,0,False,,[run] n=100 seed=6 input=D:\test2\results\memo_backend_no_gate\data\100\SDT_100_0.2_0.8_7.txt decomp=adaptive memo_backend=custom use_ub=0 use_lb=0 terminal_rules=1 position_filtering_enabled=1 enable_lawler_basic_rules=1 enable_simple_lb=0 enable_lb_memo=0 enable_edd_ub=0 ub_depth_limit=-1 lb_depth_limit=-1 terminal_all_tardy_spt=1 terminal_edd_at_most_one_tardy=1 enable_memo=1 enable_exact_memo=1 memo_full_key_verification=1 memo_memory_limit_mb=12288 cost=98304 time_ms=7.0485 nodes=4026 max_depth=99 memo_hits=1008 memo_misses=8051 memo_exact_hits=1008 memo_lb_hits=0 rule4=1 valid_pos=65597 valid_pos_pruned_3a=0 valid_pos_pruned_3b=0 memo_rejected=0 memo_forced_evict=0 lufo_passes=0 terminal_spt=35 terminal_edd=620 memo_peak=4026 memo_final=4026 memo_evictions=0 memo_clean_time_ms=0 reconstruction_time_ms=0.1325 reconstruction_repairs=0 reconstruction_trace_hits=86 reconstruction_trace_fallbacks=0 memo_used_mb=0.645035 memo_bytes_per_entry=168,[run] n=100 seed=6 input=D:\test2\results\memo_backend_no_gate\data\100\SDT_100_0.2_0.8_7.txt decomp=adaptive memo_backend=std_unordered use_ub=0 use_lb=0 terminal_rules=1 position_filtering_enabled=1 enable_lawler_basic_rules=1 enable_simple_lb=0 enable_lb_memo=0 enable_edd_ub=0 ub_depth_limit=-1 lb_depth_limit=-1 terminal_all_tardy_spt=1 terminal_edd_at_most_one_tardy=1 enable_memo=1 enable_exact_memo=1 memo_full_key_verification=1 memo_memory_limit_mb=12288 cost=98304 time_ms=7.4583 nodes=4026 max_depth=99 memo_hits=1008 memo_misses=8051 memo_exact_hits=1008 memo_lb_hits=0 rule4=1 valid_pos=65597 valid_pos_pruned_3a=0 valid_pos_pruned_3b=0 memo_rejected=0 memo_forced_evict=0 lufo_passes=0 terminal_spt=35 terminal_edd=620 memo_peak=4026 memo_final=4026 memo_evictions=0 memo_clean_time_ms=0 reconstruction_time_ms=0.1689 reconstruction_repairs=0 reconstruction_trace_hits=86 reconstruction_trace_fallbacks=0 memo_used_mb=0.767899 memo_bytes_per_entry=200,C:\c++\test2\results\memo_backend_no_gate\raw_results.csv,False,0.945054503036885,0.8399997916392651,True,True
100,0.2,0.8,7,D:\test2\results\memo_backend_no_gate\data\100\SDT_100_0.2_0.8_8.txt,12288,1200,SOLVED,SOLVED,MATCH,True,True,True,100,100,78940,78940,78940,78940,8.9376,9.4457,1.05685,18.807,16.878,0.897432,4536,4536,True,460,460,9071,9071,0.726746,0.865173,0,0,0.1342,0.1448,0,0,False,,[run] n=100 seed=7 input=D:\test2\results\memo_backend_no_gate\data\100\SDT_100_0.2_0.8_8.txt decomp=adaptive memo_backend=custom use_ub=0 use_lb=0 terminal_rules=1 position_filtering_enabled=1 enable_lawler_basic_rules=1 enable_simple_lb=0 enable_lb_memo=0 enable_edd_ub=0 ub_depth_limit=-1 lb_depth_limit=-1 terminal_all_tardy_spt=1 terminal_edd_at_most_one_tardy=1 enable_memo=1 enable_exact_memo=1 memo_full_key_verification=1 memo_memory_limit_mb=12288 cost=78940 time_ms=8.9376 nodes=4536 max_depth=99 memo_hits=460 memo_misses=9071 memo_exact_hits=460 memo_lb_hits=0 rule4=1 valid_pos=72326 valid_pos_pruned_3a=0 valid_pos_pruned_3b=0 memo_rejected=0 memo_forced_evict=0 lufo_passes=0 terminal_spt=44 terminal_edd=543 memo_peak=4536 memo_final=4536 memo_evictions=0 memo_clean_time_ms=0 reconstruction_time_ms=0.1342 reconstruction_repairs=0 reconstruction_trace_hits=90 reconstruction_trace_fallbacks=0 memo_used_mb=0.726746 memo_bytes_per_entry=168,[run] n=100 seed=7 input=D:\test2\results\memo_backend_no_gate\data\100\SDT_100_0.2_0.8_8.txt decomp=adaptive memo_backend=std_unordered use_ub=0 use_lb=0 terminal_rules=1 position_filtering_enabled=1 enable_lawler_basic_rules=1 enable_simple_lb=0 enable_lb_memo=0 enable_edd_ub=0 ub_depth_limit=-1 lb_depth_limit=-1 terminal_all_tardy_spt=1 terminal_edd_at_most_one_tardy=1 enable_memo=1 enable_exact_memo=1 memo_full_key_verification=1 memo_memory_limit_mb=12288 cost=78940 time_ms=9.4457 nodes=4536 max_depth=99 memo_hits=460 memo_misses=9071 memo_exact_hits=460 memo_lb_hits=0 rule4=1 valid_pos=72326 valid_pos_pruned_3a=0 valid_pos_pruned_3b=0 memo_rejected=0 memo_forced_evict=0 lufo_passes=0 terminal_spt=44 terminal_edd=543 memo_peak=4536 memo_final=4536 memo_evictions=0 memo_clean_time_ms=0 reconstruction_time_ms=0.1448 reconstruction_repairs=0 reconstruction_trace_hits=90 reconstruction_trace_fallbacks=0 memo_used_mb=0.865173 memo_bytes_per_entry=200,C:\c++\test2\results\memo_backend_no_gate\raw_results.csv,False,0.9462083275988015,0.8400007859699736,True,True
100,0.2,0.8,8,D:\test2\results\memo_backend_no_gate\data\100\SDT_100_0.2_0.8_9.txt,12288,1200,SOLVED,SOLVED,MATCH,True,True,True,100,100,102565,102565,102565,102565,17.482,18.8653,1.079127,25.721,26.743,1.039734,9185,9185,True,1555,1555,18369,18369,1.4716,1.7519,0,0,0.1423,0.1257,0,0,False,,[run] n=100 seed=8 input=D:\test2\results\memo_backend_no_gate\data\100\SDT_100_0.2_0.8_9.txt decomp=adaptive memo_backend=custom use_ub=0 use_lb=0 terminal_rules=1 position_filtering_enabled=1 enable_lawler_basic_rules=1 enable_simple_lb=0 enable_lb_memo=0 enable_edd_ub=0 ub_depth_limit=-1 lb_depth_limit=-1 terminal_all_tardy_spt=1 terminal_edd_at_most_one_tardy=1 enable_memo=1 enable_exact_memo=1 memo_full_key_verification=1 memo_memory_limit_mb=12288 cost=102565 time_ms=17.482 nodes=9185 max_depth=99 memo_hits=1555 memo_misses=18369 memo_exact_hits=1555 memo_lb_hits=0 rule4=1 valid_pos=147927 valid_pos_pruned_3a=0 valid_pos_pruned_3b=0 memo_rejected=0 memo_forced_evict=0 lufo_passes=0 terminal_spt=86 terminal_edd=944 memo_peak=9185 memo_final=9185 memo_evictions=0 memo_clean_time_ms=0 reconstruction_time_ms=0.1423 reconstruction_repairs=0 reconstruction_trace_hits=86 reconstruction_trace_fallbacks=0 memo_used_mb=1.4716 memo_bytes_per_entry=168,[run] n=100 seed=8 input=D:\test2\results\memo_backend_no_gate\data\100\SDT_100_0.2_0.8_9.txt decomp=adaptive memo_backend=std_unordered use_ub=0 use_lb=0 terminal_rules=1 position_filtering_enabled=1 enable_lawler_basic_rules=1 enable_simple_lb=0 enable_lb_memo=0 enable_edd_ub=0 ub_depth_limit=-1 lb_depth_limit=-1 terminal_all_tardy_spt=1 terminal_edd_at_most_one_tardy=1 enable_memo=1 enable_exact_memo=1 memo_full_key_verification=1 memo_memory_limit_mb=12288 cost=102565 time_ms=18.8653 nodes=9185 max_depth=99 memo_hits=1555 memo_misses=18369 memo_exact_hits=1555 memo_lb_hits=0 rule4=1 valid_pos=147927 valid_pos_pruned_3a=0 valid_pos_pruned_3b=0 memo_rejected=0 memo_forced_evict=0 lufo_passes=0 terminal_spt=86 terminal_edd=944 memo_peak=9185 memo_final=9185 memo_evictions=0 memo_clean_time_ms=0 reconstruction_time_ms=0.1257 reconstruction_repairs=0 reconstruction_trace_hits=86 reconstruction_trace_fallbacks=0 memo_used_mb=1.7519 memo_bytes_per_entry=200,C:\c++\test2\results\memo_backend_no_gate\raw_results.csv,False,0.9266749004786565,0.8400022832353445,True,True
100,0.2,0.8,9,D:\test2\results\memo_backend_no_gate\data\100\SDT_100_0.2_0.8_10.txt,12288,1200,SOLVED,SOLVED,MATCH,True,True,True,100,100,78156,78156,78156,78156,5.7934,6.1142,1.055373,13.823,13.405,0.969761,3044,3044,True,533,533,6087,6087,0.487701,0.580597,0,0,0.1604,0.1476,0,0,False,,[run] n=100 seed=9 input=D:\test2\results\memo_backend_no_gate\data\100\SDT_100_0.2_0.8_10.txt decomp=adaptive memo_backend=custom use_ub=0 use_lb=0 terminal_rules=1 position_filtering_enabled=1 enable_lawler_basic_rules=1 enable_simple_lb=0 enable_lb_memo=0 enable_edd_ub=0 ub_depth_limit=-1 lb_depth_limit=-1 terminal_all_tardy_spt=1 terminal_edd_at_most_one_tardy=1 enable_memo=1 enable_exact_memo=1 memo_full_key_verification=1 memo_memory_limit_mb=12288 cost=78156 time_ms=5.7934 nodes=3044 max_depth=99 memo_hits=533 memo_misses=6087 memo_exact_hits=533 memo_lb_hits=0 rule4=1 valid_pos=44106 valid_pos_pruned_3a=0 valid_pos_pruned_3b=0 memo_rejected=0 memo_forced_evict=0 lufo_passes=0 terminal_spt=33 terminal_edd=540 memo_peak=3044 memo_final=3044 memo_evictions=0 memo_clean_time_ms=0 reconstruction_time_ms=0.1604 reconstruction_repairs=0 reconstruction_trace_hits=84 reconstruction_trace_fallbacks=0 memo_used_mb=0.487701 memo_bytes_per_entry=168,[run] n=100 seed=9 input=D:\test2\results\memo_backend_no_gate\data\100\SDT_100_0.2_0.8_10.txt decomp=adaptive memo_backend=std_unordered use_ub=0 use_lb=0 terminal_rules=1 position_filtering_enabled=1 enable_lawler_basic_rules=1 enable_simple_lb=0 enable_lb_memo=0 enable_edd_ub=0 ub_depth_limit=-1 lb_depth_limit=-1 terminal_all_tardy_spt=1 terminal_edd_at_most_one_tardy=1 enable_memo=1 enable_exact_memo=1 memo_full_key_verification=1 memo_memory_limit_mb=12288 cost=78156 time_ms=6.1142 nodes=3044 max_depth=99 memo_hits=533 memo_misses=6087 memo_exact_hits=533 memo_lb_hits=0 rule4=1 valid_pos=44106 valid_pos_pruned_3a=0 valid_pos_pruned_3b=0 memo_rejected=0 memo_forced_evict=0 lufo_passes=0 terminal_spt=33 terminal_edd=540 memo_peak=3044 memo_final=3044 memo_evictions=0 memo_clean_time_ms=0 reconstruction_time_ms=0.1476 reconstruction_repairs=0 reconstruction_trace_hits=84 reconstruction_trace_fallbacks=0 memo_used_mb=0.580597 memo_bytes_per_entry=200,C:\c++\test2\results\memo_backend_no_gate\raw_results.csv,False,0.9475319747473095,0.8399991732647601,True,True
100,0.4,0.6,0,D:\test2\results\memo_backend_no_gate\data\100\SDT_100_0.4_0.6_1.txt,12288,1200,SOLVED,SOLVED,MATCH,True,True,True,100,100,40401,40401,40401,40401,11.0006,11.8678,1.078832,19.175,19.506,1.017262,6230,6230,True,1684,1684,12459,12459,0.998154,1.18828,0,0,0.1153,0.1391,0,0,False,,[run] n=100 seed=0 input=D:\test2\results\memo_backend_no_gate\data\100\SDT_100_0.4_0.6_1.txt decomp=adaptive memo_backend=custom use_ub=0 use_lb=0 terminal_rules=1 position_filtering_enabled=1 enable_lawler_basic_rules=1 enable_simple_lb=0 enable_lb_memo=0 enable_edd_ub=0 ub_depth_limit=-1 lb_depth_limit=-1 terminal_all_tardy_spt=1 terminal_edd_at_most_one_tardy=1 enable_memo=1 enable_exact_memo=1 memo_full_key_verification=1 memo_memory_limit_mb=12288 cost=40401 time_ms=11.0006 nodes=6230 max_depth=99 memo_hits=1684 memo_misses=12459 memo_exact_hits=1684 memo_lb_hits=0 rule4=1 valid_pos=91649 valid_pos_pruned_3a=0 valid_pos_pruned_3b=0 memo_rejected=0 memo_forced_evict=0 lufo_passes=0 terminal_spt=39 terminal_edd=882 memo_peak=6230 memo_final=6230 memo_evictions=0 memo_clean_time_ms=0 reconstruction_time_ms=0.1153 reconstruction_repairs=0 reconstruction_trace_hits=79 reconstruction_trace_fallbacks=0 memo_used_mb=0.998154 memo_bytes_per_entry=168,[run] n=100 seed=0 input=D:\test2\results\memo_backend_no_gate\data\100\SDT_100_0.4_0.6_1.txt decomp=adaptive memo_backend=std_unordered use_ub=0 use_lb=0 terminal_rules=1 position_filtering_enabled=1 enable_lawler_basic_rules=1 enable_simple_lb=0 enable_lb_memo=0 enable_edd_ub=0 ub_depth_limit=-1 lb_depth_limit=-1 terminal_all_tardy_spt=1 terminal_edd_at_most_one_tardy=1 enable_memo=1 enable_exact_memo=1 memo_full_key_verification=1 memo_memory_limit_mb=12288 cost=40401 time_ms=11.8678 nodes=6230 max_depth=99 memo_hits=1684 memo_misses=12459 memo_exact_hits=1684 memo_lb_hits=0 rule4=1 valid_pos=91649 valid_pos_pruned_3a=0 valid_pos_pruned_3b=0 memo_rejected=0 memo_forced_evict=0 lufo_passes=0 terminal_spt=39 terminal_edd=882 memo_peak=6230 memo_final=6230 memo_evictions=0 memo_clean_time_ms=0 reconstruction_time_ms=0.1391 reconstruction_repairs=0 reconstruction_trace_hits=79 reconstruction_trace_fallbacks=0 memo_used_mb=1.18828 memo_bytes_per_entry=200,C:\c++\test2\results\memo_backend_no_gate\raw_results.csv,False,0.9269283270698866,0.8399989901370047,True,True
100,0.4,0.6,1,D:\test2\results\memo_backend_no_gate\data\100\SDT_100_0.4_0.6_2.txt,12288,1200,SOLVED,SOLVED,MATCH,True,True,True,100,100,43606,43606,43606,43606,12.5606,13.3314,1.061366,19.769,22.055,1.115636,6441,6441,True,1702,1702,12881,12881,1.03196,1.22852,0,0,0.1057,0.1307,0,0,False,,[run] n=100 seed=1 input=D:\test2\results\memo_backend_no_gate\data\100\SDT_100_0.4_0.6_2.txt decomp=adaptive memo_backend=custom use_ub=0 use_lb=0 terminal_rules=1 position_filtering_enabled=1 enable_lawler_basic_rules=1 enable_simple_lb=0 enable_lb_memo=0 enable_edd_ub=0 ub_depth_limit=-1 lb_depth_limit=-1 terminal_all_tardy_spt=1 terminal_edd_at_most_one_tardy=1 enable_memo=1 enable_exact_memo=1 memo_full_key_verification=1 memo_memory_limit_mb=12288 cost=43606 time_ms=12.5606 nodes=6441 max_depth=99 memo_hits=1702 memo_misses=12881 memo_exact_hits=1702 memo_lb_hits=0 rule4=1 valid_pos=118680 valid_pos_pruned_3a=0 valid_pos_pruned_3b=0 memo_rejected=0 memo_forced_evict=0 lufo_passes=0 terminal_spt=38 terminal_edd=1119 memo_peak=6441 memo_final=6441 memo_evictions=0 memo_clean_time_ms=0 reconstruction_time_ms=0.1057 reconstruction_repairs=0 reconstruction_trace_hits=72 reconstruction_trace_fallbacks=0 memo_used_mb=1.03196 memo_bytes_per_entry=168,[run] n=100 seed=1 input=D:\test2\results\memo_backend_no_gate\data\100\SDT_100_0.4_0.6_2.txt decomp=adaptive memo_backend=std_unordered use_ub=0 use_lb=0 terminal_rules=1 position_filtering_enabled=1 enable_lawler_basic_rules=1 enable_simple_lb=0 enable_lb_memo=0 enable_edd_ub=0 ub_depth_limit=-1 lb_depth_limit=-1 terminal_all_tardy_spt=1 terminal_edd_at_most_one_tardy=1 enable_memo=1 enable_exact_memo=1 memo_full_key_verification=1 memo_memory_limit_mb=12288 cost=43606 time_ms=13.3314 nodes=6441 max_depth=99 memo_hits=1702 memo_misses=12881 memo_exact_hits=1702 memo_lb_hits=0 rule4=1 valid_pos=118680 valid_pos_pruned_3a=0 valid_pos_pruned_3b=0 memo_rejected=0 memo_forced_evict=0 lufo_passes=0 terminal_spt=38 terminal_edd=1119 memo_peak=6441 memo_final=6441 memo_evictions=0 memo_clean_time_ms=0 reconstruction_time_ms=0.1307 reconstruction_repairs=0 reconstruction_trace_hits=72 reconstruction_trace_fallbacks=0 memo_used_mb=1.22852 memo_bytes_per_entry=200,C:\c++\test2\results\memo_backend_no_gate\raw_results.csv,False,0.9421816163343685,0.8400026047601992,True,True
100,0.4,0.6,2,D:\test2\results\memo_backend_no_gate\data\100\SDT_100_0.4_0.6_3.txt,12288,1200,SOLVED,SOLVED,MATCH,True,True,True,100,100,36078,36078,36078,36078,3.2767,3.4423,1.050539,10.357,10.574,1.020952,1788,1788,True,202,202,3575,3575,0.286469,0.341034,0,0,0.104,0.1277,0,0,False,,[run] n=100 seed=2 input=D:\test2\results\memo_backend_no_gate\data\100\SDT_100_0.4_0.6_3.txt decomp=adaptive memo_backend=custom use_ub=0 use_lb=0 terminal_rules=1 position_filtering_enabled=1 enable_lawler_basic_rules=1 enable_simple_lb=0 enable_lb_memo=0 enable_edd_ub=0 ub_depth_limit=-1 lb_depth_limit=-1 terminal_all_tardy_spt=1 terminal_edd_at_most_one_tardy=1 enable_memo=1 enable_exact_memo=1 memo_full_key_verification=1 memo_memory_limit_mb=12288 cost=36078 time_ms=3.2767 nodes=1788 max_depth=99 memo_hits=202 memo_misses=3575 memo_exact_hits=202 memo_lb_hits=0 rule4=1 valid_pos=24117 valid_pos_pruned_3a=0 valid_pos_pruned_3b=0 memo_rejected=0 memo_forced_evict=0 lufo_passes=0 terminal_spt=10 terminal_edd=371 memo_peak=1788 memo_final=1788 memo_evictions=0 memo_clean_time_ms=0 reconstruction_time_ms=0.104 reconstruction_repairs=0 reconstruction_trace_hits=75 reconstruction_trace_fallbacks=0 memo_used_mb=0.286469 memo_bytes_per_entry=168,[run] n=100 seed=2 input=D:\test2\results\memo_backend_no_gate\data\100\SDT_100_0.4_0.6_3.txt decomp=adaptive memo_backend=std_unordered use_ub=0 use_lb=0 terminal_rules=1 position_filtering_enabled=1 enable_lawler_basic_rules=1 enable_simple_lb=0 enable_lb_memo=0 enable_edd_ub=0 ub_depth_limit=-1 lb_depth_limit=-1 terminal_all_tardy_spt=1 terminal_edd_at_most_one_tardy=1 enable_memo=1 enable_exact_memo=1 memo_full_key_verification=1 memo_memory_limit_mb=12288 cost=36078 time_ms=3.4423 nodes=1788 max_depth=99 memo_hits=202 memo_misses=3575 memo_exact_hits=202 memo_lb_hits=0 rule4=1 valid_pos=24117 valid_pos_pruned_3a=0 valid_pos_pruned_3b=0 memo_rejected=0 memo_forced_evict=0 lufo_passes=0 terminal_spt=10 terminal_edd=371 memo_peak=1788 memo_final=1788 memo_evictions=0 memo_clean_time_ms=0 reconstruction_time_ms=0.1277 reconstruction_repairs=0 reconstruction_trace_hits=75 reconstruction_trace_fallbacks=0 memo_used_mb=0.341034 memo_bytes_per_entry=200,C:\c++\test2\results\memo_backend_no_gate\raw_results.csv,False,0.9518926299276647,0.8400012901939395,True,True
100,0.4,0.6,3,D:\test2\results\memo_backend_no_gate\data\100\SDT_100_0.4_0.6_4.txt,12288,1200,SOLVED,SOLVED,MATCH,True,True,True,100,100,51100,51100,51100,51100,3.4109,3.5442,1.039081,10.506,10.919,1.039311,1847,1847,True,356,356,3693,3693,0.295921,0.352287,0,0,0.1505,0.1583,0,0,False,,[run] n=100 seed=3 input=D:\test2\results\memo_backend_no_gate\data\100\SDT_100_0.4_0.6_4.txt decomp=adaptive memo_backend=custom use_ub=0 use_lb=0 terminal_rules=1 position_filtering_enabled=1 enable_lawler_basic_rules=1 enable_simple_lb=0 enable_lb_memo=0 enable_edd_ub=0 ub_depth_limit=-1 lb_depth_limit=-1 terminal_all_tardy_spt=1 terminal_edd_at_most_one_tardy=1 enable_memo=1 enable_exact_memo=1 memo_full_key_verification=1 memo_memory_limit_mb=12288 cost=51100 time_ms=3.4109 nodes=1847 max_depth=99 memo_hits=356 memo_misses=3693 memo_exact_hits=356 memo_lb_hits=0 rule4=1 valid_pos=26131 valid_pos_pruned_3a=0 valid_pos_pruned_3b=0 memo_rejected=0 memo_forced_evict=0 lufo_passes=0 terminal_spt=6 terminal_edd=463 memo_peak=1847 memo_final=1847 memo_evictions=0 memo_clean_time_ms=0 reconstruction_time_ms=0.1505 reconstruction_repairs=0 reconstruction_trace_hits=86 reconstruction_trace_fallbacks=0 memo_used_mb=0.295921 memo_bytes_per_entry=168,[run] n=100 seed=3 input=D:\test2\results\memo_backend_no_gate\data\100\SDT_100_0.4_0.6_4.txt decomp=adaptive memo_backend=std_unordered use_ub=0 use_lb=0 terminal_rules=1 position_filtering_enabled=1 enable_lawler_basic_rules=1 enable_simple_lb=0 enable_lb_memo=0 enable_edd_ub=0 ub_depth_limit=-1 lb_depth_limit=-1 terminal_all_tardy_spt=1 terminal_edd_at_most_one_tardy=1 enable_memo=1 enable_exact_memo=1 memo_full_key_verification=1 memo_memory_limit_mb=12288 cost=51100 time_ms=3.5442 nodes=1847 max_depth=99 memo_hits=356 memo_misses=3693 memo_exact_hits=356 memo_lb_hits=0 rule4=1 valid_pos=26131 valid_pos_pruned_3a=0 valid_pos_pruned_3b=0 memo_rejected=0 memo_forced_evict=0 lufo_passes=0 terminal_spt=6 terminal_edd=463 memo_peak=1847 memo_final=1847 memo_evictions=0 memo_clean_time_ms=0 reconstruction_time_ms=0.1583 reconstruction_repairs=0 reconstruction_trace_hits=86 reconstruction_trace_fallbacks=0 memo_used_mb=0.352287 memo_bytes_per_entry=200,C:\c++\test2\results\memo_backend_no_gate\raw_results.csv,False,0.9623892556853451,0.8399997729124264,True,True
100,0.4,0.6,4,D:\test2\results\memo_backend_no_gate\data\100\SDT_100_0.4_0.6_5.txt,12288,1200,SOLVED,SOLVED,MATCH,True,True,True,100,100,52544,52544,52544,52544,32.9242,34.7549,1.055603,40.04,44.21,1.104146,15537,15537,True,7347,7347,31073,31073,2.4893,2.96345,0,0,0.1461,0.1314,0,0,False,,[run] n=100 seed=4 input=D:\test2\results\memo_backend_no_gate\data\100\SDT_100_0.4_0.6_5.txt decomp=adaptive memo_backend=custom use_ub=0 use_lb=0 terminal_rules=1 position_filtering_enabled=1 enable_lawler_basic_rules=1 enable_simple_lb=0 enable_lb_memo=0 enable_edd_ub=0 ub_depth_limit=-1 lb_depth_limit=-1 terminal_all_tardy_spt=1 terminal_edd_at_most_one_tardy=1 enable_memo=1 enable_exact_memo=1 memo_full_key_verification=1 memo_memory_limit_mb=12288 cost=52544 time_ms=32.9242 nodes=15537 max_depth=99 memo_hits=7347 memo_misses=31073 memo_exact_hits=7347 memo_lb_hits=0 rule4=1 valid_pos=275627 valid_pos_pruned_3a=0 valid_pos_pruned_3b=0 memo_rejected=0 memo_forced_evict=0 lufo_passes=0 terminal_spt=86 terminal_edd=1680 memo_peak=15537 memo_final=15537 memo_evictions=0 memo_clean_time_ms=0 reconstruction_time_ms=0.1461 reconstruction_repairs=0 reconstruction_trace_hits=71 reconstruction_trace_fallbacks=0 memo_used_mb=2.4893 memo_bytes_per_entry=168,[run] n=100 seed=4 input=D:\test2\results\memo_backend_no_gate\data\100\SDT_100_0.4_0.6_5.txt decomp=adaptive memo_backend=std_unordered use_ub=0 use_lb=0 terminal_rules=1 position_filtering_enabled=1 enable_lawler_basic_rules=1 enable_simple_lb=0 enable_lb_memo=0 enable_edd_ub=0 ub_depth_limit=-1 lb_depth_limit=-1 terminal_all_tardy_spt=1 terminal_edd_at_most_one_tardy=1 enable_memo=1 enable_exact_memo=1 memo_full_key_verification=1 memo_memory_limit_mb=12288 cost=52544 time_ms=34.7549 nodes=15537 max_depth=99 memo_hits=7347 memo_misses=31073 memo_exact_hits=7347 memo_lb_hits=0 rule4=1 valid_pos=275627 valid_pos_pruned_3a=0 valid_pos_pruned_3b=0 memo_rejected=0 memo_forced_evict=0 lufo_passes=0 terminal_spt=86 terminal_edd=1680 memo_peak=15537 memo_final=15537 memo_evictions=0 memo_clean_time_ms=0 reconstruction_time_ms=0.1314 reconstruction_repairs=0 reconstruction_trace_hits=71 reconstruction_trace_fallbacks=0 memo_used_mb=2.96345 memo_bytes_per_entry=200,C:\c++\test2\results\memo_backend_no_gate\raw_results.csv,False,0.9473254131072165,0.8400006748890652,True,True
100,0.4,0.6,5,D:\test2\results\memo_backend_no_gate\data\100\SDT_100_0.4_0.6_6.txt,12288,1200,SOLVED,SOLVED,MATCH,True,True,True,100,100,38499,38499,38499,38499,7.095,7.5241,1.060479,15.83,14.892,0.940745,3996,3996,True,926,926,7991,7991,0.640228,0.762177,0,0,0.1047,0.1413,0,0,False,,[run] n=100 seed=5 input=D:\test2\results\memo_backend_no_gate\data\100\SDT_100_0.4_0.6_6.txt decomp=adaptive memo_backend=custom use_ub=0 use_lb=0 terminal_rules=1 position_filtering_enabled=1 enable_lawler_basic_rules=1 enable_simple_lb=0 enable_lb_memo=0 enable_edd_ub=0 ub_depth_limit=-1 lb_depth_limit=-1 terminal_all_tardy_spt=1 terminal_edd_at_most_one_tardy=1 enable_memo=1 enable_exact_memo=1 memo_full_key_verification=1 memo_memory_limit_mb=12288 cost=38499 time_ms=7.095 nodes=3996 max_depth=99 memo_hits=926 memo_misses=7991 memo_exact_hits=926 memo_lb_hits=0 rule4=1 valid_pos=55397 valid_pos_pruned_3a=0 valid_pos_pruned_3b=0 memo_rejected=0 memo_forced_evict=0 lufo_passes=0 terminal_spt=3 terminal_edd=849 memo_peak=3996 memo_final=3996 memo_evictions=0 memo_clean_time_ms=0 reconstruction_time_ms=0.1047 reconstruction_repairs=0 reconstruction_trace_hits=72 reconstruction_trace_fallbacks=0 memo_used_mb=0.640228 memo_bytes_per_entry=168,[run] n=100 seed=5 input=D:\test2\results\memo_backend_no_gate\data\100\SDT_100_0.4_0.6_6.txt decomp=adaptive memo_backend=std_unordered use_ub=0 use_lb=0 terminal_rules=1 position_filtering_enabled=1 enable_lawler_basic_rules=1 enable_simple_lb=0 enable_lb_memo=0 enable_edd_ub=0 ub_depth_limit=-1 lb_depth_limit=-1 terminal_all_tardy_spt=1 terminal_edd_at_most_one_tardy=1 enable_memo=1 enable_exact_memo=1 memo_full_key_verification=1 memo_memory_limit_mb=12288 cost=38499 time_ms=7.5241 nodes=3996 max_depth=99 memo_hits=926 memo_misses=7991 memo_exact_hits=926 memo_lb_hits=0 rule4=1 valid_pos=55397 valid_pos_pruned_3a=0 valid_pos_pruned_3b=0 memo_rejected=0 memo_forced_evict=0 lufo_passes=0 terminal_spt=3 terminal_edd=849 memo_peak=3996 memo_final=3996 memo_evictions=0 memo_clean_time_ms=0 reconstruction_time_ms=0.1413 reconstruction_repairs=0 reconstruction_trace_hits=72 reconstruction_trace_fallbacks=0 memo_used_mb=0.762177 memo_bytes_per_entry=200,C:\c++\test2\results\memo_backend_no_gate\raw_results.csv,False,0.9429699233130873,0.8399991078187875,True,True
100,0.4,0.6,6,D:\test2\results\memo_backend_no_gate\data\100\SDT_100_0.4_0.6_7.txt,12288,1200,SOLVED,SOLVED,MATCH,True,True,True,100,100,38907,38907,38907,38907,4.9737,5.0781,1.02099,13.523,12.578,0.930119,2703,2703,True,408,408,5405,5405,0.433067,0.515556,0,0,0.1054,0.1195,0,0,False,,[run] n=100 seed=6 input=D:\test2\results\memo_backend_no_gate\data\100\SDT_100_0.4_0.6_7.txt decomp=adaptive memo_backend=custom use_ub=0 use_lb=0 terminal_rules=1 position_filtering_enabled=1 enable_lawler_basic_rules=1 enable_simple_lb=0 enable_lb_memo=0 enable_edd_ub=0 ub_depth_limit=-1 lb_depth_limit=-1 terminal_all_tardy_spt=1 terminal_edd_at_most_one_tardy=1 enable_memo=1 enable_exact_memo=1 memo_full_key_verification=1 memo_memory_limit_mb=12288 cost=38907 time_ms=4.9737 nodes=2703 max_depth=99 memo_hits=408 memo_misses=5405 memo_exact_hits=408 memo_lb_hits=0 rule4=1 valid_pos=31272 valid_pos_pruned_3a=0 valid_pos_pruned_3b=0 memo_rejected=0 memo_forced_evict=0 lufo_passes=0 terminal_spt=12 terminal_edd=567 memo_peak=2703 memo_final=2703 memo_evictions=0 memo_clean_time_ms=0 reconstruction_time_ms=0.1054 reconstruction_repairs=0 reconstruction_trace_hits=71 reconstruction_trace_fallbacks=0 memo_used_mb=0.433067 memo_bytes_per_entry=168,[run] n=100 seed=6 input=D:\test2\results\memo_backend_no_gate\data\100\SDT_100_0.4_0.6_7.txt decomp=adaptive memo_backend=std_unordered use_ub=0 use_lb=0 terminal_rules=1 position_filtering_enabled=1 enable_lawler_basic_rules=1 enable_simple_lb=0 enable_lb_memo=0 enable_edd_ub=0 ub_depth_limit=-1 lb_depth_limit=-1 terminal_all_tardy_spt=1 terminal_edd_at_most_one_tardy=1 enable_memo=1 enable_exact_memo=1 memo_full_key_verification=1 memo_memory_limit_mb=12288 cost=38907 time_ms=5.0781 nodes=2703 max_depth=99 memo_hits=408 memo_misses=5405 memo_exact_hits=408 memo_lb_hits=0 rule4=1 valid_pos=31272 valid_pos_pruned_3a=0 valid_pos_pruned_3b=0 memo_rejected=0 memo_forced_evict=0 lufo_passes=0 terminal_spt=12 terminal_edd=567 memo_peak=2703 memo_final=2703 memo_evictions=0 memo_clean_time_ms=0 reconstruction_time_ms=0.1195 reconstruction_repairs=0 reconstruction_trace_hits=71 reconstruction_trace_fallbacks=0 memo_used_mb=0.515556 memo_bytes_per_entry=200,C:\c++\test2\results\memo_backend_no_gate\raw_results.csv,False,0.9794411295563301,0.8399999224138599,True,True
100,0.4,0.6,7,D:\test2\results\memo_backend_no_gate\data\100\SDT_100_0.4_0.6_8.txt,12288,1200,SOLVED,SOLVED,MATCH,True,True,True,100,100,32502,32502,32502,32502,15.2545,16.0526,1.052319,25.895,26.541,1.024947,7109,7109,True,1315,1315,14217,14217,1.13898,1.35593,0,0,0.1163,0.1515,0,0,False,,[run] n=100 seed=7 input=D:\test2\results\memo_backend_no_gate\data\100\SDT_100_0.4_0.6_8.txt decomp=adaptive memo_backend=custom use_ub=0 use_lb=0 terminal_rules=1 position_filtering_enabled=1 enable_lawler_basic_rules=1 enable_simple_lb=0 enable_lb_memo=0 enable_edd_ub=0 ub_depth_limit=-1 lb_depth_limit=-1 terminal_all_tardy_spt=1 terminal_edd_at_most_one_tardy=1 enable_memo=1 enable_exact_memo=1 memo_full_key_verification=1 memo_memory_limit_mb=12288 cost=32502 time_ms=15.2545 nodes=7109 max_depth=99 memo_hits=1315 memo_misses=14217 memo_exact_hits=1315 memo_lb_hits=0 rule4=1 valid_pos=152748 valid_pos_pruned_3a=0 valid_pos_pruned_3b=0 memo_rejected=0 memo_forced_evict=0 lufo_passes=0 terminal_spt=32 terminal_edd=775 memo_peak=7109 memo_final=7109 memo_evictions=0 memo_clean_time_ms=0 reconstruction_time_ms=0.1163 reconstruction_repairs=0 reconstruction_trace_hits=74 reconstruction_trace_fallbacks=0 memo_used_mb=1.13898 memo_bytes_per_entry=168,[run] n=100 seed=7 input=D:\test2\results\memo_backend_no_gate\data\100\SDT_100_0.4_0.6_8.txt decomp=adaptive memo_backend=std_unordered use_ub=0 use_lb=0 terminal_rules=1 position_filtering_enabled=1 enable_lawler_basic_rules=1 enable_simple_lb=0 enable_lb_memo=0 enable_edd_ub=0 ub_depth_limit=-1 lb_depth_limit=-1 terminal_all_tardy_spt=1 terminal_edd_at_most_one_tardy=1 enable_memo=1 enable_exact_memo=1 memo_full_key_verification=1 memo_memory_limit_mb=12288 cost=32502 time_ms=16.0526 nodes=7109 max_depth=99 memo_hits=1315 memo_misses=14217 memo_exact_hits=1315 memo_lb_hits=0 rule4=1 valid_pos=152748 valid_pos_pruned_3a=0 valid_pos_pruned_3b=0 memo_rejected=0 memo_forced_evict=0 lufo_passes=0 terminal_spt=32 terminal_edd=775 memo_peak=7109 memo_final=7109 memo_evictions=0 memo_clean_time_ms=0 reconstruction_time_ms=0.1515 reconstruction_repairs=0 reconstruction_trace_hits=74 reconstruction_trace_fallbacks=0 memo_used_mb=1.35593 memo_bytes_per_entry=200,C:\c++\test2\results\memo_backend_no_gate\raw_results.csv,False,0.9502821972764536,0.839999114998562,True,True
100,0.4,0.6,8,D:\test2\results\memo_backend_no_gate\data\100\SDT_100_0.4_0.6_9.txt,12288,1200,SOLVED,SOLVED,MATCH,True,True,True,100,100,41965,41965,41965,41965,15.9223,16.7831,1.054063,24.868,24.726,0.99429,8357,8357,True,1538,1538,16713,16713,1.33894,1.59397,0,0,0.1296,0.1204,0,0,False,,[run] n=100 seed=8 input=D:\test2\results\memo_backend_no_gate\data\100\SDT_100_0.4_0.6_9.txt decomp=adaptive memo_backend=custom use_ub=0 use_lb=0 terminal_rules=1 position_filtering_enabled=1 enable_lawler_basic_rules=1 enable_simple_lb=0 enable_lb_memo=0 enable_edd_ub=0 ub_depth_limit=-1 lb_depth_limit=-1 terminal_all_tardy_spt=1 terminal_edd_at_most_one_tardy=1 enable_memo=1 enable_exact_memo=1 memo_full_key_verification=1 memo_memory_limit_mb=12288 cost=41965 time_ms=15.9223 nodes=8357 max_depth=99 memo_hits=1538 memo_misses=16713 memo_exact_hits=1538 memo_lb_hits=0 rule4=1 valid_pos=140057 valid_pos_pruned_3a=0 valid_pos_pruned_3b=0 memo_rejected=0 memo_forced_evict=0 lufo_passes=0 terminal_spt=36 terminal_edd=1054 memo_peak=8357 memo_final=8357 memo_evictions=0 memo_clean_time_ms=0 reconstruction_time_ms=0.1296 reconstruction_repairs=0 reconstruction_trace_hits=85 reconstruction_trace_fallbacks=0 memo_used_mb=1.33894 memo_bytes_per_entry=168,[run] n=100 seed=8 input=D:\test2\results\memo_backend_no_gate\data\100\SDT_100_0.4_0.6_9.txt decomp=adaptive memo_backend=std_unordered use_ub=0 use_lb=0 terminal_rules=1 position_filtering_enabled=1 enable_lawler_basic_rules=1 enable_simple_lb=0 enable_lb_memo=0 enable_edd_ub=0 ub_depth_limit=-1 lb_depth_limit=-1 terminal_all_tardy_spt=1 terminal_edd_at_most_one_tardy=1 enable_memo=1 enable_exact_memo=1 memo_full_key_verification=1 memo_memory_limit_mb=12288 cost=41965 time_ms=16.7831 nodes=8357 max_depth=99 memo_hits=1538 memo_misses=16713 memo_exact_hits=1538 memo_lb_hits=0 rule4=1 valid_pos=140057 valid_pos_pruned_3a=0 valid_pos_pruned_3b=0 memo_rejected=0 memo_forced_evict=0 lufo_passes=0 terminal_spt=36 terminal_edd=1054 memo_peak=8357 memo_final=8357 memo_evictions=0 memo_clean_time_ms=0 reconstruction_time_ms=0.1204 reconstruction_repairs=0 reconstruction_trace_hits=85 reconstruction_trace_fallbacks=0 memo_used_mb=1.59397 memo_bytes_per_entry=200,C:\c++\test2\results\memo_backend_no_gate\raw_results.csv,False,0.9487103097759054,0.8400032622947734,True,True
100,0.4,0.6,9,D:\test2\results\memo_backend_no_gate\data\100\SDT_100_0.4_0.6_10.txt,12288,1200,SOLVED,SOLVED,MATCH,True,True,True,100,100,31670,31670,31670,31670,2.7141,2.8282,1.04204,11.616,9.886,0.851067,1445,1445,True,270,270,2889,2889,0.231514,0.275612,0,0,0.132,0.1642,0,0,False,,[run] n=100 seed=9 input=D:\test2\results\memo_backend_no_gate\data\100\SDT_100_0.4_0.6_10.txt decomp=adaptive memo_backend=custom use_ub=0 use_lb=0 terminal_rules=1 position_filtering_enabled=1 enable_lawler_basic_rules=1 enable_simple_lb=0 enable_lb_memo=0 enable_edd_ub=0 ub_depth_limit=-1 lb_depth_limit=-1 terminal_all_tardy_spt=1 terminal_edd_at_most_one_tardy=1 enable_memo=1 enable_exact_memo=1 memo_full_key_verification=1 memo_memory_limit_mb=12288 cost=31670 time_ms=2.7141 nodes=1445 max_depth=99 memo_hits=270 memo_misses=2889 memo_exact_hits=270 memo_lb_hits=0 rule4=1 valid_pos=17334 valid_pos_pruned_3a=0 valid_pos_pruned_3b=0 memo_rejected=0 memo_forced_evict=0 lufo_passes=0 terminal_spt=4 terminal_edd=333 memo_peak=1445 memo_final=1445 memo_evictions=0 memo_clean_time_ms=0 reconstruction_time_ms=0.132 reconstruction_repairs=0 reconstruction_trace_hits=80 reconstruction_trace_fallbacks=0 memo_used_mb=0.231514 memo_bytes_per_entry=168,[run] n=100 seed=9 input=D:\test2\results\memo_backend_no_gate\data\100\SDT_100_0.4_0.6_10.txt decomp=adaptive memo_backend=std_unordered use_ub=0 use_lb=0 terminal_rules=1 position_filtering_enabled=1 enable_lawler_basic_rules=1 enable_simple_lb=0 enable_lb_memo=0 enable_edd_ub=0 ub_depth_limit=-1 lb_depth_limit=-1 terminal_all_tardy_spt=1 terminal_edd_at_most_one_tardy=1 enable_memo=1 enable_exact_memo=1 memo_full_key_verification=1 memo_memory_limit_mb=12288 cost=31670 time_ms=2.8282 nodes=1445 max_depth=99 memo_hits=270 memo_misses=2889 memo_exact_hits=270 memo_lb_hits=0 rule4=1 valid_pos=17334 valid_pos_pruned_3a=0 valid_pos_pruned_3b=0 memo_rejected=0 memo_forced_evict=0 lufo_passes=0 terminal_spt=4 terminal_edd=333 memo_peak=1445 memo_final=1445 memo_evictions=0 memo_clean_time_ms=0 reconstruction_time_ms=0.1642 reconstruction_repairs=0 reconstruction_trace_hits=80 reconstruction_trace_fallbacks=0 memo_used_mb=0.275612 memo_bytes_per_entry=200,C:\c++\test2\results\memo_backend_no_gate\raw_results.csv,False,0.9596563185064707,0.8399997097368764,True,True
200,0.2,0.6,0,D:\test2\results\memo_backend_no_gate\data\200\SDT_200_0.2_0.6_1.txt,12288,1200,SOLVED,SOLVED,MATCH,True,True,True,200,200,188181,188181,188181,188181,518.683,568.787,1.096599,530.84,604.917,1.139547,156082,156082,True,29326,29326,312163,312163,27.3887,32.1519,0,0,0.5598,0.4756,0,0,False,,[run] n=200 seed=0 input=D:\test2\results\memo_backend_no_gate\data\200\SDT_200_0.2_0.6_1.txt decomp=adaptive memo_backend=custom use_ub=0 use_lb=0 terminal_rules=1 position_filtering_enabled=1 enable_lawler_basic_rules=1 enable_simple_lb=0 enable_lb_memo=0 enable_edd_ub=0 ub_depth_limit=-1 lb_depth_limit=-1 terminal_all_tardy_spt=1 terminal_edd_at_most_one_tardy=1 enable_memo=1 enable_exact_memo=1 memo_full_key_verification=1 memo_memory_limit_mb=12288 cost=188181 time_ms=518.683 nodes=156082 max_depth=199 memo_hits=29326 memo_misses=312163 memo_exact_hits=29326 memo_lb_hits=0 rule4=1 valid_pos=6240139 valid_pos_pruned_3a=0 valid_pos_pruned_3b=0 memo_rejected=0 memo_forced_evict=0 lufo_passes=0 terminal_spt=4852 terminal_edd=10433 memo_peak=156082 memo_final=156082 memo_evictions=0 memo_clean_time_ms=0 reconstruction_time_ms=0.5598 reconstruction_repairs=0 reconstruction_trace_hits=171 reconstruction_trace_fallbacks=0 memo_used_mb=27.3887 memo_bytes_per_entry=184,[run] n=200 seed=0 input=D:\test2\results\memo_backend_no_gate\data\200\SDT_200_0.2_0.6_1.txt decomp=adaptive memo_backend=std_unordered use_ub=0 use_lb=0 terminal_rules=1 position_filtering_enabled=1 enable_lawler_basic_rules=1 enable_simple_lb=0 enable_lb_memo=0 enable_edd_ub=0 ub_depth_limit=-1 lb_depth_limit=-1 terminal_all_tardy_spt=1 terminal_edd_at_most_one_tardy=1 enable_memo=1 enable_exact_memo=1 memo_full_key_verification=1 memo_memory_limit_mb=12288 cost=188181 time_ms=568.787 nodes=156082 max_depth=199 memo_hits=29326 memo_misses=312163 memo_exact_hits=29326 memo_lb_hits=0 rule4=1 valid_pos=6240139 valid_pos_pruned_3a=0 valid_pos_pruned_3b=0 memo_rejected=0 memo_forced_evict=0 lufo_passes=0 terminal_spt=4852 terminal_edd=10433 memo_peak=156082 memo_final=156082 memo_evictions=0 memo_clean_time_ms=0 reconstruction_time_ms=0.4756 reconstruction_repairs=0 reconstruction_trace_hits=171 reconstruction_trace_fallbacks=0 memo_used_mb=32.1519 memo_bytes_per_entry=216,C:\c++\test2\results\memo_backend_no_gate\raw_results.csv,False,0.9119107855840587,0.8518532341790066,True,True
200,0.2,0.6,1,D:\test2\results\memo_backend_no_gate\data\200\SDT_200_0.2_0.6_2.txt,12288,1200,SOLVED,SOLVED,MATCH,True,True,True,200,200,175119,175119,175119,175119,403.077,436.233,1.082257,414.873,466.672,1.124855,124356,124356,True,18243,18243,248711,248711,21.8215,25.6165,0,0,0.409,0.3537,0,0,False,,[run] n=200 seed=1 input=D:\test2\results\memo_backend_no_gate\data\200\SDT_200_0.2_0.6_2.txt decomp=adaptive memo_backend=custom use_ub=0 use_lb=0 terminal_rules=1 position_filtering_enabled=1 enable_lawler_basic_rules=1 enable_simple_lb=0 enable_lb_memo=0 enable_edd_ub=0 ub_depth_limit=-1 lb_depth_limit=-1 terminal_all_tardy_spt=1 terminal_edd_at_most_one_tardy=1 enable_memo=1 enable_exact_memo=1 memo_full_key_verification=1 memo_memory_limit_mb=12288 cost=175119 time_ms=403.077 nodes=124356 max_depth=199 memo_hits=18243 memo_misses=248711 memo_exact_hits=18243 memo_lb_hits=0 rule4=1 valid_pos=4974103 valid_pos_pruned_3a=0 valid_pos_pruned_3b=0 memo_rejected=0 memo_forced_evict=0 lufo_passes=0 terminal_spt=1372 terminal_edd=7783 memo_peak=124356 memo_final=124356 memo_evictions=0 memo_clean_time_ms=0 reconstruction_time_ms=0.409 reconstruction_repairs=0 reconstruction_trace_hits=128 reconstruction_trace_fallbacks=0 memo_used_mb=21.8215 memo_bytes_per_entry=184,[run] n=200 seed=1 input=D:\test2\results\memo_backend_no_gate\data\200\SDT_200_0.2_0.6_2.txt decomp=adaptive memo_backend=std_unordered use_ub=0 use_lb=0 terminal_rules=1 position_filtering_enabled=1 enable_lawler_basic_rules=1 enable_simple_lb=0 enable_lb_memo=0 enable_edd_ub=0 ub_depth_limit=-1 lb_depth_limit=-1 terminal_all_tardy_spt=1 terminal_edd_at_most_one_tardy=1 enable_memo=1 enable_exact_memo=1 memo_full_key_verification=1 memo_memory_limit_mb=12288 cost=175119 time_ms=436.233 nodes=124356 max_depth=199 memo_hits=18243 memo_misses=248711 memo_exact_hits=18243 memo_lb_hits=0 rule4=1 valid_pos=4974103 valid_pos_pruned_3a=0 valid_pos_pruned_3b=0 memo_rejected=0 memo_forced_evict=0 lufo_passes=0 terminal_spt=1372 terminal_edd=7783 memo_peak=124356 memo_final=124356 memo_evictions=0 memo_clean_time_ms=0 reconstruction_time_ms=0.3537 reconstruction_repairs=0 reconstruction_trace_hits=128 reconstruction_trace_fallbacks=0 memo_used_mb=25.6165 memo_bytes_per_entry=216,C:\c++\test2\results\memo_backend_no_gate\raw_results.csv,False,0.9239947459270619,0.8518532976792302,True,True
200,0.2,0.6,2,D:\test2\results\memo_backend_no_gate\data\200\SDT_200_0.2_0.6_3.txt,12288,1200,SOLVED,SOLVED,MATCH,True,True,True,200,200,180295,180295,180295,180295,363.025,391.911,1.07957,374.859,419.512,1.119119,108433,108433,True,16762,16762,216865,216865,19.0274,22.3365,0,0,0.5575,0.4688,0,0,False,,[run] n=200 seed=2 input=D:\test2\results\memo_backend_no_gate\data\200\SDT_200_0.2_0.6_3.txt decomp=adaptive memo_backend=custom use_ub=0 use_lb=0 terminal_rules=1 position_filtering_enabled=1 enable_lawler_basic_rules=1 enable_simple_lb=0 enable_lb_memo=0 enable_edd_ub=0 ub_depth_limit=-1 lb_depth_limit=-1 terminal_all_tardy_spt=1 terminal_edd_at_most_one_tardy=1 enable_memo=1 enable_exact_memo=1 memo_full_key_verification=1 memo_memory_limit_mb=12288 cost=180295 time_ms=363.025 nodes=108433 max_depth=199 memo_hits=16762 memo_misses=216865 memo_exact_hits=16762 memo_lb_hits=0 rule4=1 valid_pos=4270474 valid_pos_pruned_3a=0 valid_pos_pruned_3b=0 memo_rejected=0 memo_forced_evict=0 lufo_passes=0 terminal_spt=1456 terminal_edd=5986 memo_peak=108433 memo_final=108433 memo_evictions=0 memo_clean_time_ms=0 reconstruction_time_ms=0.5575 reconstruction_repairs=0 reconstruction_trace_hits=171 reconstruction_trace_fallbacks=0 memo_used_mb=19.0274 memo_bytes_per_entry=184,[run] n=200 seed=2 input=D:\test2\results\memo_backend_no_gate\data\200\SDT_200_0.2_0.6_3.txt decomp=adaptive memo_backend=std_unordered use_ub=0 use_lb=0 terminal_rules=1 position_filtering_enabled=1 enable_lawler_basic_rules=1 enable_simple_lb=0 enable_lb_memo=0 enable_edd_ub=0 ub_depth_limit=-1 lb_depth_limit=-1 terminal_all_tardy_spt=1 terminal_edd_at_most_one_tardy=1 enable_memo=1 enable_exact_memo=1 memo_full_key_verification=1 memo_memory_limit_mb=12288 cost=180295 time_ms=391.911 nodes=108433 max_depth=199 memo_hits=16762 memo_misses=216865 memo_exact_hits=16762 memo_lb_hits=0 rule4=1 valid_pos=4270474 valid_pos_pruned_3a=0 valid_pos_pruned_3b=0 memo_rejected=0 memo_forced_evict=0 lufo_passes=0 terminal_spt=1456 terminal_edd=5986 memo_peak=108433 memo_final=108433 memo_evictions=0 memo_clean_time_ms=0 reconstruction_time_ms=0.4688 reconstruction_repairs=0 reconstruction_trace_hits=171 reconstruction_trace_fallbacks=0 memo_used_mb=22.3365 memo_bytes_per_entry=216,C:\c++\test2\results\memo_backend_no_gate\raw_results.csv,False,0.9262944903307128,0.8518523492937569,True,True
200,0.2,0.6,3,D:\test2\results\memo_backend_no_gate\data\200\SDT_200_0.2_0.6_4.txt,12288,1200,SOLVED,SOLVED,MATCH,True,True,True,200,200,171947,171947,171947,171947,346.313,373.919,1.079714,357.716,401.534,1.122494,107358,107358,True,13229,13229,214715,214715,18.8388,22.1151,0,0,0.5598,0.459,0,0,False,,[run] n=200 seed=3 input=D:\test2\results\memo_backend_no_gate\data\200\SDT_200_0.2_0.6_4.txt decomp=adaptive memo_backend=custom use_ub=0 use_lb=0 terminal_rules=1 position_filtering_enabled=1 enable_lawler_basic_rules=1 enable_simple_lb=0 enable_lb_memo=0 enable_edd_ub=0 ub_depth_limit=-1 lb_depth_limit=-1 terminal_all_tardy_spt=1 terminal_edd_at_most_one_tardy=1 enable_memo=1 enable_exact_memo=1 memo_full_key_verification=1 memo_memory_limit_mb=12288 cost=171947 time_ms=346.313 nodes=107358 max_depth=199 memo_hits=13229 memo_misses=214715 memo_exact_hits=13229 memo_lb_hits=0 rule4=1 valid_pos=4091850 valid_pos_pruned_3a=0 valid_pos_pruned_3b=0 memo_rejected=0 memo_forced_evict=0 lufo_passes=0 terminal_spt=1173 terminal_edd=5206 memo_peak=107358 memo_final=107358 memo_evictions=0 memo_clean_time_ms=0 reconstruction_time_ms=0.5598 reconstruction_repairs=0 reconstruction_trace_hits=169 reconstruction_trace_fallbacks=0 memo_used_mb=18.8388 memo_bytes_per_entry=184,[run] n=200 seed=3 input=D:\test2\results\memo_backend_no_gate\data\200\SDT_200_0.2_0.6_4.txt decomp=adaptive memo_backend=std_unordered use_ub=0 use_lb=0 terminal_rules=1 position_filtering_enabled=1 enable_lawler_basic_rules=1 enable_simple_lb=0 enable_lb_memo=0 enable_edd_ub=0 ub_depth_limit=-1 lb_depth_limit=-1 terminal_all_tardy_spt=1 terminal_edd_at_most_one_tardy=1 enable_memo=1 enable_exact_memo=1 memo_full_key_verification=1 memo_memory_limit_mb=12288 cost=171947 time_ms=373.919 nodes=107358 max_depth=199 memo_hits=13229 memo_misses=214715 memo_exact_hits=13229 memo_lb_hits=0 rule4=1 valid_pos=4091850 valid_pos_pruned_3a=0 valid_pos_pruned_3b=0 memo_rejected=0 memo_forced_evict=0 lufo_passes=0 terminal_spt=1173 terminal_edd=5206 memo_peak=107358 memo_final=107358 memo_evictions=0 memo_clean_time_ms=0 reconstruction_time_ms=0.459 reconstruction_repairs=0 reconstruction_trace_hits=169 reconstruction_trace_fallbacks=0 memo_used_mb=22.1151 memo_bytes_per_entry=216,C:\c++\test2\results\memo_backend_no_gate\raw_results.csv,False,0.9261711761103341,0.8518523542737766,True,True
200,0.2,0.6,4,D:\test2\results\memo_backend_no_gate\data\200\SDT_200_0.2_0.6_5.txt,12288,1200,SOLVED,SOLVED,MATCH,True,True,True,200,200,179761,179761,179761,179761,467.275,524.418,1.12229,478.736,561.603,1.173095,155454,155454,True,16191,16191,310907,310907,27.2785,32.0225,0,0,0.5062,0.3874,0,0,False,,[run] n=200 seed=4 input=D:\test2\results\memo_backend_no_gate\data\200\SDT_200_0.2_0.6_5.txt decomp=adaptive memo_backend=custom use_ub=0 use_lb=0 terminal_rules=1 position_filtering_enabled=1 enable_lawler_basic_rules=1 enable_simple_lb=0 enable_lb_memo=0 enable_edd_ub=0 ub_depth_limit=-1 lb_depth_limit=-1 terminal_all_tardy_spt=1 terminal_edd_at_most_one_tardy=1 enable_memo=1 enable_exact_memo=1 memo_full_key_verification=1 memo_memory_limit_mb=12288 cost=179761 time_ms=467.275 nodes=155454 max_depth=199 memo_hits=16191 memo_misses=310907 memo_exact_hits=16191 memo_lb_hits=0 rule4=1 valid_pos=5081542 valid_pos_pruned_3a=0 valid_pos_pruned_3b=0 memo_rejected=0 memo_forced_evict=0 lufo_passes=0 terminal_spt=2307 terminal_edd=6965 memo_peak=155454 memo_final=155454 memo_evictions=0 memo_clean_time_ms=0 reconstruction_time_ms=0.5062 reconstruction_repairs=0 reconstruction_trace_hits=147 reconstruction_trace_fallbacks=0 memo_used_mb=27.2785 memo_bytes_per_entry=184,[run] n=200 seed=4 input=D:\test2\results\memo_backend_no_gate\data\200\SDT_200_0.2_0.6_5.txt decomp=adaptive memo_backend=std_unordered use_ub=0 use_lb=0 terminal_rules=1 position_filtering_enabled=1 enable_lawler_basic_rules=1 enable_simple_lb=0 enable_lb_memo=0 enable_edd_ub=0 ub_depth_limit=-1 lb_depth_limit=-1 terminal_all_tardy_spt=1 terminal_edd_at_most_one_tardy=1 enable_memo=1 enable_exact_memo=1 memo_full_key_verification=1 memo_memory_limit_mb=12288 cost=179761 time_ms=524.418 nodes=155454 max_depth=199 memo_hits=16191 memo_misses=310907 memo_exact_hits=16191 memo_lb_hits=0 rule4=1 valid_pos=5081542 valid_pos_pruned_3a=0 valid_pos_pruned_3b=0 memo_rejected=0 memo_forced_evict=0 lufo_passes=0 terminal_spt=2307 terminal_edd=6965 memo_peak=155454 memo_final=155454 memo_evictions=0 memo_clean_time_ms=0 reconstruction_time_ms=0.3874 reconstruction_repairs=0 reconstruction_trace_hits=147 reconstruction_trace_fallbacks=0 memo_used_mb=32.0225 memo_bytes_per_entry=216,C:\c++\test2\results\memo_backend_no_gate\raw_results.csv,False,0.8910353954288373,0.8518541650402062,True,True
200,0.2,0.6,5,D:\test2\results\memo_backend_no_gate\data\200\SDT_200_0.2_0.6_6.txt,12288,1200,SOLVED,SOLVED,MATCH,True,True,True,200,200,159779,159779,159779,159779,475.419,522.77,1.099598,487.725,557.865,1.143811,145327,145327,True,18976,18976,290653,290653,25.5014,29.9364,0,0,0.5048,0.411,0,0,False,,[run] n=200 seed=5 input=D:\test2\results\memo_backend_no_gate\data\200\SDT_200_0.2_0.6_6.txt decomp=adaptive memo_backend=custom use_ub=0 use_lb=0 terminal_rules=1 position_filtering_enabled=1 enable_lawler_basic_rules=1 enable_simple_lb=0 enable_lb_memo=0 enable_edd_ub=0 ub_depth_limit=-1 lb_depth_limit=-1 terminal_all_tardy_spt=1 terminal_edd_at_most_one_tardy=1 enable_memo=1 enable_exact_memo=1 memo_full_key_verification=1 memo_memory_limit_mb=12288 cost=159779 time_ms=475.419 nodes=145327 max_depth=199 memo_hits=18976 memo_misses=290653 memo_exact_hits=18976 memo_lb_hits=0 rule4=1 valid_pos=5456305 valid_pos_pruned_3a=0 valid_pos_pruned_3b=0 memo_rejected=0 memo_forced_evict=0 lufo_passes=0 terminal_spt=1747 terminal_edd=9794 memo_peak=145327 memo_final=145327 memo_evictions=0 memo_clean_time_ms=0 reconstruction_time_ms=0.5048 reconstruction_repairs=0 reconstruction_trace_hits=159 reconstruction_trace_fallbacks=0 memo_used_mb=25.5014 memo_bytes_per_entry=184,[run] n=200 seed=5 input=D:\test2\results\memo_backend_no_gate\data\200\SDT_200_0.2_0.6_6.txt decomp=adaptive memo_backend=std_unordered use_ub=0 use_lb=0 terminal_rules=1 position_filtering_enabled=1 enable_lawler_basic_rules=1 enable_simple_lb=0 enable_lb_memo=0 enable_edd_ub=0 ub_depth_limit=-1 lb_depth_limit=-1 terminal_all_tardy_spt=1 terminal_edd_at_most_one_tardy=1 enable_memo=1 enable_exact_memo=1 memo_full_key_verification=1 memo_memory_limit_mb=12288 cost=159779 time_ms=522.77 nodes=145327 max_depth=199 memo_hits=18976 memo_misses=290653 memo_exact_hits=18976 memo_lb_hits=0 rule4=1 valid_pos=5456305 valid_pos_pruned_3a=0 valid_pos_pruned_3b=0 memo_rejected=0 memo_forced_evict=0 lufo_passes=0 terminal_spt=1747 terminal_edd=9794 memo_peak=145327 memo_final=145327 memo_evictions=0 memo_clean_time_ms=0 reconstruction_time_ms=0.411 reconstruction_repairs=0 reconstruction_trace_hits=159 reconstruction_trace_fallbacks=0 memo_used_mb=29.9364 memo_bytes_per_entry=216,C:\c++\test2\results\memo_backend_no_gate\raw_results.csv,False,0.9094228819557358,0.8518525941662992,True,True
200,0.2,0.6,6,D:\test2\results\memo_backend_no_gate\data\200\SDT_200_0.2_0.6_7.txt,12288,1200,SOLVED,SOLVED,MATCH,True,True,True,200,200,203774,203774,203774,203774,270.344,297.082,1.098904,282.128,321.349,1.139018,91973,91973,True,13239,13239,183945,183945,16.1391,18.9459,0,0,0.4372,0.3439,0,0,False,,[run] n=200 seed=6 input=D:\test2\results\memo_backend_no_gate\data\200\SDT_200_0.2_0.6_7.txt decomp=adaptive memo_backend=custom use_ub=0 use_lb=0 terminal_rules=1 position_filtering_enabled=1 enable_lawler_basic_rules=1 enable_simple_lb=0 enable_lb_memo=0 enable_edd_ub=0 ub_depth_limit=-1 lb_depth_limit=-1 terminal_all_tardy_spt=1 terminal_edd_at_most_one_tardy=1 enable_memo=1 enable_exact_memo=1 memo_full_key_verification=1 memo_memory_limit_mb=12288 cost=203774 time_ms=270.344 nodes=91973 max_depth=199 memo_hits=13239 memo_misses=183945 memo_exact_hits=13239 memo_lb_hits=0 rule4=1 valid_pos=2842288 valid_pos_pruned_3a=0 valid_pos_pruned_3b=0 memo_rejected=0 memo_forced_evict=0 lufo_passes=0 terminal_spt=523 terminal_edd=3991 memo_peak=91973 memo_final=91973 memo_evictions=0 memo_clean_time_ms=0 reconstruction_time_ms=0.4372 reconstruction_repairs=0 reconstruction_trace_hits=145 reconstruction_trace_fallbacks=0 memo_used_mb=16.1391 memo_bytes_per_entry=184,[run] n=200 seed=6 input=D:\test2\results\memo_backend_no_gate\data\200\SDT_200_0.2_0.6_7.txt decomp=adaptive memo_backend=std_unordered use_ub=0 use_lb=0 terminal_rules=1 position_filtering_enabled=1 enable_lawler_basic_rules=1 enable_simple_lb=0 enable_lb_memo=0 enable_edd_ub=0 ub_depth_limit=-1 lb_depth_limit=-1 terminal_all_tardy_spt=1 terminal_edd_at_most_one_tardy=1 enable_memo=1 enable_exact_memo=1 memo_full_key_verification=1 memo_memory_limit_mb=12288 cost=203774 time_ms=297.082 nodes=91973 max_depth=199 memo_hits=13239 memo_misses=183945 memo_exact_hits=13239 memo_lb_hits=0 rule4=1 valid_pos=2842288 valid_pos_pruned_3a=0 valid_pos_pruned_3b=0 memo_rejected=0 memo_forced_evict=0 lufo_passes=0 terminal_spt=523 terminal_edd=3991 memo_peak=91973 memo_final=91973 memo_evictions=0 memo_clean_time_ms=0 reconstruction_time_ms=0.3439 reconstruction_repairs=0 reconstruction_trace_hits=145 reconstruction_trace_fallbacks=0 memo_used_mb=18.9459 memo_bytes_per_entry=216,C:\c++\test2\results\memo_backend_no_gate\raw_results.csv,False,0.9099979130341118,0.8518518518518517,True,True
200,0.2,0.6,7,D:\test2\results\memo_backend_no_gate\data\200\SDT_200_0.2_0.6_8.txt,12288,1200,SOLVED,SOLVED,MATCH,True,True,True,200,200,172597,172597,172597,172597,151.677,164.687,1.085774,162.83,182.6,1.121415,52988,52988,True,9636,9636,105975,105975,9.29813,10.9152,0,0,0.4418,0.3559,0,0,False,,[run] n=200 seed=7 input=D:\test2\results\memo_backend_no_gate\data\200\SDT_200_0.2_0.6_8.txt decomp=adaptive memo_backend=custom use_ub=0 use_lb=0 terminal_rules=1 position_filtering_enabled=1 enable_lawler_basic_rules=1 enable_simple_lb=0 enable_lb_memo=0 enable_edd_ub=0 ub_depth_limit=-1 lb_depth_limit=-1 terminal_all_tardy_spt=1 terminal_edd_at_most_one_tardy=1 enable_memo=1 enable_exact_memo=1 memo_full_key_verification=1 memo_memory_limit_mb=12288 cost=172597 time_ms=151.677 nodes=52988 max_depth=199 memo_hits=9636 memo_misses=105975 memo_exact_hits=9636 memo_lb_hits=0 rule4=1 valid_pos=1548244 valid_pos_pruned_3a=0 valid_pos_pruned_3b=0 memo_rejected=0 memo_forced_evict=0 lufo_passes=0 terminal_spt=361 terminal_edd=3149 memo_peak=52988 memo_final=52988 memo_evictions=0 memo_clean_time_ms=0 reconstruction_time_ms=0.4418 reconstruction_repairs=0 reconstruction_trace_hits=138 reconstruction_trace_fallbacks=0 memo_used_mb=9.29813 memo_bytes_per_entry=184,[run] n=200 seed=7 input=D:\test2\results\memo_backend_no_gate\data\200\SDT_200_0.2_0.6_8.txt decomp=adaptive memo_backend=std_unordered use_ub=0 use_lb=0 terminal_rules=1 position_filtering_enabled=1 enable_lawler_basic_rules=1 enable_simple_lb=0 enable_lb_memo=0 enable_edd_ub=0 ub_depth_limit=-1 lb_depth_limit=-1 terminal_all_tardy_spt=1 terminal_edd_at_most_one_tardy=1 enable_memo=1 enable_exact_memo=1 memo_full_key_verification=1 memo_memory_limit_mb=12288 cost=172597 time_ms=164.687 nodes=52988 max_depth=199 memo_hits=9636 memo_misses=105975 memo_exact_hits=9636 memo_lb_hits=0 rule4=1 valid_pos=1548244 valid_pos_pruned_3a=0 valid_pos_pruned_3b=0 memo_rejected=0 memo_forced_evict=0 lufo_passes=0 terminal_spt=361 terminal_edd=3149 memo_peak=52988 memo_final=52988 memo_evictions=0 memo_clean_time_ms=0 reconstruction_time_ms=0.3559 reconstruction_repairs=0 reconstruction_trace_hits=138 reconstruction_trace_fallbacks=0 memo_used_mb=10.9152 memo_bytes_per_entry=216,C:\c++\test2\results\memo_backend_no_gate\raw_results.csv,False,0.9210016576900422,0.8518515464673116,True,True
200,0.2,0.6,8,D:\test2\results\memo_backend_no_gate\data\200\SDT_200_0.2_0.6_9.txt,12288,1200,SOLVED,SOLVED,MATCH,True,True,True,200,200,207916,207916,207916,207916,487.748,550.073,1.127781,500.789,587.534,1.173217,156513,156513,True,20979,20979,313025,313025,27.4643,32.2407,0,0,0.5116,0.415,0,0,False,,[run] n=200 seed=8 input=D:\test2\results\memo_backend_no_gate\data\200\SDT_200_0.2_0.6_9.txt decomp=adaptive memo_backend=custom use_ub=0 use_lb=0 terminal_rules=1 position_filtering_enabled=1 enable_lawler_basic_rules=1 enable_simple_lb=0 enable_lb_memo=0 enable_edd_ub=0 ub_depth_limit=-1 lb_depth_limit=-1 terminal_all_tardy_spt=1 terminal_edd_at_most_one_tardy=1 enable_memo=1 enable_exact_memo=1 memo_full_key_verification=1 memo_memory_limit_mb=12288 cost=207916 time_ms=487.748 nodes=156513 max_depth=199 memo_hits=20979 memo_misses=313025 memo_exact_hits=20979 memo_lb_hits=0 rule4=1 valid_pos=6237629 valid_pos_pruned_3a=0 valid_pos_pruned_3b=0 memo_rejected=0 memo_forced_evict=0 lufo_passes=0 terminal_spt=3378 terminal_edd=8806 memo_peak=156513 memo_final=156513 memo_evictions=0 memo_clean_time_ms=0 reconstruction_time_ms=0.5116 reconstruction_repairs=0 reconstruction_trace_hits=175 reconstruction_trace_fallbacks=0 memo_used_mb=27.4643 memo_bytes_per_entry=184,[run] n=200 seed=8 input=D:\test2\results\memo_backend_no_gate\data\200\SDT_200_0.2_0.6_9.txt decomp=adaptive memo_backend=std_unordered use_ub=0 use_lb=0 terminal_rules=1 position_filtering_enabled=1 enable_lawler_basic_rules=1 enable_simple_lb=0 enable_lb_memo=0 enable_edd_ub=0 ub_depth_limit=-1 lb_depth_limit=-1 terminal_all_tardy_spt=1 terminal_edd_at_most_one_tardy=1 enable_memo=1 enable_exact_memo=1 memo_full_key_verification=1 memo_memory_limit_mb=12288 cost=207916 time_ms=550.073 nodes=156513 max_depth=199 memo_hits=20979 memo_misses=313025 memo_exact_hits=20979 memo_lb_hits=0 rule4=1 valid_pos=6237629 valid_pos_pruned_3a=0 valid_pos_pruned_3b=0 memo_rejected=0 memo_forced_evict=0 lufo_passes=0 terminal_spt=3378 terminal_edd=8806 memo_peak=156513 memo_final=156513 memo_evictions=0 memo_clean_time_ms=0 reconstruction_time_ms=0.415 reconstruction_repairs=0 reconstruction_trace_hits=175 reconstruction_trace_fallbacks=0 memo_used_mb=32.2407 memo_bytes_per_entry=216,C:\c++\test2\results\memo_backend_no_gate\raw_results.csv,False,0.8866968565990332,0.851851851851852,True,True
200,0.2,0.6,9,D:\test2\results\memo_backend_no_gate\data\200\SDT_200_0.2_0.6_10.txt,12288,1200,SOLVED,SOLVED,MATCH,True,True,True,200,200,182011,182011,182011,182011,678.864,751.378,1.106817,691.351,800.028,1.157195,201221,201221,True,22460,22460,402441,402441,35.3095,41.4502,0,0,0.3408,0.2801,0,0,False,,[run] n=200 seed=9 input=D:\test2\results\memo_backend_no_gate\data\200\SDT_200_0.2_0.6_10.txt decomp=adaptive memo_backend=custom use_ub=0 use_lb=0 terminal_rules=1 position_filtering_enabled=1 enable_lawler_basic_rules=1 enable_simple_lb=0 enable_lb_memo=0 enable_edd_ub=0 ub_depth_limit=-1 lb_depth_limit=-1 terminal_all_tardy_spt=1 terminal_edd_at_most_one_tardy=1 enable_memo=1 enable_exact_memo=1 memo_full_key_verification=1 memo_memory_limit_mb=12288 cost=182011 time_ms=678.864 nodes=201221 max_depth=199 memo_hits=22460 memo_misses=402441 memo_exact_hits=22460 memo_lb_hits=0 rule4=1 valid_pos=8438275 valid_pos_pruned_3a=0 valid_pos_pruned_3b=0 memo_rejected=0 memo_forced_evict=0 lufo_passes=0 terminal_spt=1741 terminal_edd=9679 memo_peak=201221 memo_final=201221 memo_evictions=0 memo_clean_time_ms=0 reconstruction_time_ms=0.3408 reconstruction_repairs=0 reconstruction_trace_hits=115 reconstruction_trace_fallbacks=0 memo_used_mb=35.3095 memo_bytes_per_entry=184,[run] n=200 seed=9 input=D:\test2\results\memo_backend_no_gate\data\200\SDT_200_0.2_0.6_10.txt decomp=adaptive memo_backend=std_unordered use_ub=0 use_lb=0 terminal_rules=1 position_filtering_enabled=1 enable_lawler_basic_rules=1 enable_simple_lb=0 enable_lb_memo=0 enable_edd_ub=0 ub_depth_limit=-1 lb_depth_limit=-1 terminal_all_tardy_spt=1 terminal_edd_at_most_one_tardy=1 enable_memo=1 enable_exact_memo=1 memo_full_key_verification=1 memo_memory_limit_mb=12288 cost=182011 time_ms=751.378 nodes=201221 max_depth=199 memo_hits=22460 memo_misses=402441 memo_exact_hits=22460 memo_lb_hits=0 rule4=1 valid_pos=8438275 valid_pos_pruned_3a=0 valid_pos_pruned_3b=0 memo_rejected=0 memo_forced_evict=0 lufo_passes=0 terminal_spt=1741 terminal_edd=9679 memo_peak=201221 memo_final=201221 memo_evictions=0 memo_clean_time_ms=0 reconstruction_time_ms=0.2801 reconstruction_repairs=0 reconstruction_trace_hits=115 reconstruction_trace_fallbacks=0 memo_used_mb=41.4502 memo_bytes_per_entry=216,C:\c++\test2\results\memo_backend_no_gate\raw_results.csv,False,0.9034919840612847,0.8518535495606776,True,True
200,0.2,0.4,0,D:\test2\results\memo_backend_no_gate\data\200\SDT_200_0.2_0.4_1.txt,12288,1200,SOLVED,SOLVED,MATCH,True,True,True,200,200,64251,64251,64251,64251,132.132,139.949,1.059161,142.974,156.198,1.092492,48906,48906,True,6032,6032,97811,97811,8.58183,10.0743,0,0,0.1352,0.1457,0,0,False,,[run] n=200 seed=0 input=D:\test2\results\memo_backend_no_gate\data\200\SDT_200_0.2_0.4_1.txt decomp=adaptive memo_backend=custom use_ub=0 use_lb=0 terminal_rules=1 position_filtering_enabled=1 enable_lawler_basic_rules=1 enable_simple_lb=0 enable_lb_memo=0 enable_edd_ub=0 ub_depth_limit=-1 lb_depth_limit=-1 terminal_all_tardy_spt=1 terminal_edd_at_most_one_tardy=1 enable_memo=1 enable_exact_memo=1 memo_full_key_verification=1 memo_memory_limit_mb=12288 cost=64251 time_ms=132.132 nodes=48906 max_depth=199 memo_hits=6032 memo_misses=97811 memo_exact_hits=6032 memo_lb_hits=0 rule4=1 valid_pos=1247475 valid_pos_pruned_3a=0 valid_pos_pruned_3b=0 memo_rejected=0 memo_forced_evict=0 lufo_passes=0 terminal_spt=406 terminal_edd=2866 memo_peak=48906 memo_final=48906 memo_evictions=0 memo_clean_time_ms=0 reconstruction_time_ms=0.1352 reconstruction_repairs=0 reconstruction_trace_hits=67 reconstruction_trace_fallbacks=0 memo_used_mb=8.58183 memo_bytes_per_entry=184,[run] n=200 seed=0 input=D:\test2\results\memo_backend_no_gate\data\200\SDT_200_0.2_0.4_1.txt decomp=adaptive memo_backend=std_unordered use_ub=0 use_lb=0 terminal_rules=1 position_filtering_enabled=1 enable_lawler_basic_rules=1 enable_simple_lb=0 enable_lb_memo=0 enable_edd_ub=0 ub_depth_limit=-1 lb_depth_limit=-1 terminal_all_tardy_spt=1 terminal_edd_at_most_one_tardy=1 enable_memo=1 enable_exact_memo=1 memo_full_key_verification=1 memo_memory_limit_mb=12288 cost=64251 time_ms=139.949 nodes=48906 max_depth=199 memo_hits=6032 memo_misses=97811 memo_exact_hits=6032 memo_lb_hits=0 rule4=1 valid_pos=1247475 valid_pos_pruned_3a=0 valid_pos_pruned_3b=0 memo_rejected=0 memo_forced_evict=0 lufo_passes=0 terminal_spt=406 terminal_edd=2866 memo_peak=48906 memo_final=48906 memo_evictions=0 memo_clean_time_ms=0 reconstruction_time_ms=0.1457 reconstruction_repairs=0 reconstruction_trace_hits=67 reconstruction_trace_fallbacks=0 memo_used_mb=10.0743 memo_bytes_per_entry=216,C:\c++\test2\results\memo_backend_no_gate\raw_results.csv,False,0.9441439381488971,0.8518537268098032,True,True
200,0.2,0.4,1,D:\test2\results\memo_backend_no_gate\data\200\SDT_200_0.2_0.4_2.txt,12288,1200,SOLVED,SOLVED,MATCH,True,True,True,200,200,63404,63404,63404,63404,206.481,231.142,1.119435,217.878,252.848,1.160503,72488,72488,True,8081,8081,144975,144975,12.7199,14.9321,0,0,0.3579,0.2958,0,0,False,,[run] n=200 seed=1 input=D:\test2\results\memo_backend_no_gate\data\200\SDT_200_0.2_0.4_2.txt decomp=adaptive memo_backend=custom use_ub=0 use_lb=0 terminal_rules=1 position_filtering_enabled=1 enable_lawler_basic_rules=1 enable_simple_lb=0 enable_lb_memo=0 enable_edd_ub=0 ub_depth_limit=-1 lb_depth_limit=-1 terminal_all_tardy_spt=1 terminal_edd_at_most_one_tardy=1 enable_memo=1 enable_exact_memo=1 memo_full_key_verification=1 memo_memory_limit_mb=12288 cost=63404 time_ms=206.481 nodes=72488 max_depth=199 memo_hits=8081 memo_misses=144975 memo_exact_hits=8081 memo_lb_hits=0 rule4=1 valid_pos=2146600 valid_pos_pruned_3a=0 valid_pos_pruned_3b=0 memo_rejected=0 memo_forced_evict=0 lufo_passes=0 terminal_spt=864 terminal_edd=3608 memo_peak=72488 memo_final=72488 memo_evictions=0 memo_clean_time_ms=0 reconstruction_time_ms=0.3579 reconstruction_repairs=0 reconstruction_trace_hits=128 reconstruction_trace_fallbacks=0 memo_used_mb=12.7199 memo_bytes_per_entry=184,[run] n=200 seed=1 input=D:\test2\results\memo_backend_no_gate\data\200\SDT_200_0.2_0.4_2.txt decomp=adaptive memo_backend=std_unordered use_ub=0 use_lb=0 terminal_rules=1 position_filtering_enabled=1 enable_lawler_basic_rules=1 enable_simple_lb=0 enable_lb_memo=0 enable_edd_ub=0 ub_depth_limit=-1 lb_depth_limit=-1 terminal_all_tardy_spt=1 terminal_edd_at_most_one_tardy=1 enable_memo=1 enable_exact_memo=1 memo_full_key_verification=1 memo_memory_limit_mb=12288 cost=63404 time_ms=231.142 nodes=72488 max_depth=199 memo_hits=8081 memo_misses=144975 memo_exact_hits=8081 memo_lb_hits=0 rule4=1 valid_pos=2146600 valid_pos_pruned_3a=0 valid_pos_pruned_3b=0 memo_rejected=0 memo_forced_evict=0 lufo_passes=0 terminal_spt=864 terminal_edd=3608 memo_peak=72488 memo_final=72488 memo_evictions=0 memo_clean_time_ms=0 reconstruction_time_ms=0.2958 reconstruction_repairs=0 reconstruction_trace_hits=128 reconstruction_trace_fallbacks=0 memo_used_mb=14.9321 memo_bytes_per_entry=216,C:\c++\test2\results\memo_backend_no_gate\raw_results.csv,False,0.8933080097948447,0.8518493714882703,True,True
200,0.2,0.4,2,D:\test2\results\memo_backend_no_gate\data\200\SDT_200_0.2_0.4_3.txt,12288,1200,SOLVED,SOLVED,MATCH,True,True,True,200,200,65716,65716,65716,65716,266.385,289.707,1.08755,277.341,315.103,1.136157,88732,88732,True,13009,13009,177463,177463,15.5703,18.2782,0,0,0.2506,0.2205,0,0,False,,[run] n=200 seed=2 input=D:\test2\results\memo_backend_no_gate\data\200\SDT_200_0.2_0.4_3.txt decomp=adaptive memo_backend=custom use_ub=0 use_lb=0 terminal_rules=1 position_filtering_enabled=1 enable_lawler_basic_rules=1 enable_simple_lb=0 enable_lb_memo=0 enable_edd_ub=0 ub_depth_limit=-1 lb_depth_limit=-1 terminal_all_tardy_spt=1 terminal_edd_at_most_one_tardy=1 enable_memo=1 enable_exact_memo=1 memo_full_key_verification=1 memo_memory_limit_mb=12288 cost=65716 time_ms=266.385 nodes=88732 max_depth=199 memo_hits=13009 memo_misses=177463 memo_exact_hits=13009 memo_lb_hits=0 rule4=1 valid_pos=2577077 valid_pos_pruned_3a=0 valid_pos_pruned_3b=0 memo_rejected=0 memo_forced_evict=0 lufo_passes=0 terminal_spt=1691 terminal_edd=6872 memo_peak=88732 memo_final=88732 memo_evictions=0 memo_clean_time_ms=0 reconstruction_time_ms=0.2506 reconstruction_repairs=0 reconstruction_trace_hits=92 reconstruction_trace_fallbacks=0 memo_used_mb=15.5703 memo_bytes_per_entry=184,[run] n=200 seed=2 input=D:\test2\results\memo_backend_no_gate\data\200\SDT_200_0.2_0.4_3.txt decomp=adaptive memo_backend=std_unordered use_ub=0 use_lb=0 terminal_rules=1 position_filtering_enabled=1 enable_lawler_basic_rules=1 enable_simple_lb=0 enable_lb_memo=0 enable_edd_ub=0 ub_depth_limit=-1 lb_depth_limit=-1 terminal_all_tardy_spt=1 terminal_edd_at_most_one_tardy=1 enable_memo=1 enable_exact_memo=1 memo_full_key_verification=1 memo_memory_limit_mb=12288 cost=65716 time_ms=289.707 nodes=88732 max_depth=199 memo_hits=13009 memo_misses=177463 memo_exact_hits=13009 memo_lb_hits=0 rule4=1 valid_pos=2577077 valid_pos_pruned_3a=0 valid_pos_pruned_3b=0 memo_rejected=0 memo_forced_evict=0 lufo_passes=0 terminal_spt=1691 terminal_edd=6872 memo_peak=88732 memo_final=88732 memo_evictions=0 memo_clean_time_ms=0 reconstruction_time_ms=0.2205 reconstruction_repairs=0 reconstruction_trace_hits=92 reconstruction_trace_fallbacks=0 memo_used_mb=18.2782 memo_bytes_per_entry=216,C:\c++\test2\results\memo_backend_no_gate\raw_results.csv,False,0.919497975540805,0.85185083870403,True,True
200,0.2,0.4,3,D:\test2\results\memo_backend_no_gate\data\200\SDT_200_0.2_0.4_4.txt,12288,1200,SOLVED,SOLVED,MATCH,True,True,True,200,200,62619,62619,62619,62619,174.066,195.487,1.123063,185.64,216.506,1.166268,66314,66314,True,9035,9035,132627,132627,11.6365,13.6603,0,0,0.3495,0.281,0,0,False,,[run] n=200 seed=3 input=D:\test2\results\memo_backend_no_gate\data\200\SDT_200_0.2_0.4_4.txt decomp=adaptive memo_backend=custom use_ub=0 use_lb=0 terminal_rules=1 position_filtering_enabled=1 enable_lawler_basic_rules=1 enable_simple_lb=0 enable_lb_memo=0 enable_edd_ub=0 ub_depth_limit=-1 lb_depth_limit=-1 terminal_all_tardy_spt=1 terminal_edd_at_most_one_tardy=1 enable_memo=1 enable_exact_memo=1 memo_full_key_verification=1 memo_memory_limit_mb=12288 cost=62619 time_ms=174.066 nodes=66314 max_depth=199 memo_hits=9035 memo_misses=132627 memo_exact_hits=9035 memo_lb_hits=0 rule4=1 valid_pos=1616098 valid_pos_pruned_3a=0 valid_pos_pruned_3b=0 memo_rejected=0 memo_forced_evict=0 lufo_passes=0 terminal_spt=433 terminal_edd=4855 memo_peak=66314 memo_final=66314 memo_evictions=0 memo_clean_time_ms=0 reconstruction_time_ms=0.3495 reconstruction_repairs=0 reconstruction_trace_hits=122 reconstruction_trace_fallbacks=0 memo_used_mb=11.6365 memo_bytes_per_entry=184,[run] n=200 seed=3 input=D:\test2\results\memo_backend_no_gate\data\200\SDT_200_0.2_0.4_4.txt decomp=adaptive memo_backend=std_unordered use_ub=0 use_lb=0 terminal_rules=1 position_filtering_enabled=1 enable_lawler_basic_rules=1 enable_simple_lb=0 enable_lb_memo=0 enable_edd_ub=0 ub_depth_limit=-1 lb_depth_limit=-1 terminal_all_tardy_spt=1 terminal_edd_at_most_one_tardy=1 enable_memo=1 enable_exact_memo=1 memo_full_key_verification=1 memo_memory_limit_mb=12288 cost=62619 time_ms=195.487 nodes=66314 max_depth=199 memo_hits=9035 memo_misses=132627 memo_exact_hits=9035 memo_lb_hits=0 rule4=1 valid_pos=1616098 valid_pos_pruned_3a=0 valid_pos_pruned_3b=0 memo_rejected=0 memo_forced_evict=0 lufo_passes=0 terminal_spt=433 terminal_edd=4855 memo_peak=66314 memo_final=66314 memo_evictions=0 memo_clean_time_ms=0 reconstruction_time_ms=0.281 reconstruction_repairs=0 reconstruction_trace_hits=122 reconstruction_trace_fallbacks=0 memo_used_mb=13.6603 memo_bytes_per_entry=216,C:\c++\test2\results\memo_backend_no_gate\raw_results.csv,False,0.8904223810278945,0.8518480560456213,True,True
200,0.2,0.4,4,D:\test2\results\memo_backend_no_gate\data\200\SDT_200_0.2_0.4_5.txt,12288,1200,SOLVED,SOLVED,MATCH,True,True,True,200,200,63259,63259,63259,63259,136.691,147.852,1.081651,147.701,166.32,1.126059,54626,54626,True,5579,5579,109251,109251,9.58556,11.2526,0,0,0.299,0.2366,0,0,False,,[run] n=200 seed=4 input=D:\test2\results\memo_backend_no_gate\data\200\SDT_200_0.2_0.4_5.txt decomp=adaptive memo_backend=custom use_ub=0 use_lb=0 terminal_rules=1 position_filtering_enabled=1 enable_lawler_basic_rules=1 enable_simple_lb=0 enable_lb_memo=0 enable_edd_ub=0 ub_depth_limit=-1 lb_depth_limit=-1 terminal_all_tardy_spt=1 terminal_edd_at_most_one_tardy=1 enable_memo=1 enable_exact_memo=1 memo_full_key_verification=1 memo_memory_limit_mb=12288 cost=63259 time_ms=136.691 nodes=54626 max_depth=199 memo_hits=5579 memo_misses=109251 memo_exact_hits=5579 memo_lb_hits=0 rule4=1 valid_pos=1243289 valid_pos_pruned_3a=0 valid_pos_pruned_3b=0 memo_rejected=0 memo_forced_evict=0 lufo_passes=0 terminal_spt=207 terminal_edd=2690 memo_peak=54626 memo_final=54626 memo_evictions=0 memo_clean_time_ms=0 reconstruction_time_ms=0.299 reconstruction_repairs=0 reconstruction_trace_hits=119 reconstruction_trace_fallbacks=0 memo_used_mb=9.58556 memo_bytes_per_entry=184,[run] n=200 seed=4 input=D:\test2\results\memo_backend_no_gate\data\200\SDT_200_0.2_0.4_5.txt decomp=adaptive memo_backend=std_unordered use_ub=0 use_lb=0 terminal_rules=1 position_filtering_enabled=1 enable_lawler_basic_rules=1 enable_simple_lb=0 enable_lb_memo=0 enable_edd_ub=0 ub_depth_limit=-1 lb_depth_limit=-1 terminal_all_tardy_spt=1 terminal_edd_at_most_one_tardy=1 enable_memo=1 enable_exact_memo=1 memo_full_key_verification=1 memo_memory_limit_mb=12288 cost=63259 time_ms=147.852 nodes=54626 max_depth=199 memo_hits=5579 memo_misses=109251 memo_exact_hits=5579 memo_lb_hits=0 rule4=1 valid_pos=1243289 valid_pos_pruned_3a=0 valid_pos_pruned_3b=0 memo_rejected=0 memo_forced_evict=0 lufo_passes=0 terminal_spt=207 terminal_edd=2690 memo_peak=54626 memo_final=54626 memo_evictions=0 memo_clean_time_ms=0 reconstruction_time_ms=0.2366 reconstruction_repairs=0 reconstruction_trace_hits=119 reconstruction_trace_fallbacks=0 memo_used_mb=11.2526 memo_bytes_per_entry=216,C:\c++\test2\results\memo_backend_no_gate\raw_results.csv,False,0.9245123501880259,0.8518529051063753,True,True
200,0.2,0.4,5,D:\test2\results\memo_backend_no_gate\data\200\SDT_200_0.2_0.4_6.txt,12288,1200,SOLVED,SOLVED,MATCH,True,True,True,200,200,58493,58493,58493,58493,192.897,215.799,1.118727,203.954,236.685,1.160482,72031,72031,True,10980,10980,144061,144061,12.6397,14.8379,0,0,0.1834,0.1916,0,0,False,,[run] n=200 seed=5 input=D:\test2\results\memo_backend_no_gate\data\200\SDT_200_0.2_0.4_6.txt decomp=adaptive memo_backend=custom use_ub=0 use_lb=0 terminal_rules=1 position_filtering_enabled=1 enable_lawler_basic_rules=1 enable_simple_lb=0 enable_lb_memo=0 enable_edd_ub=0 ub_depth_limit=-1 lb_depth_limit=-1 terminal_all_tardy_spt=1 terminal_edd_at_most_one_tardy=1 enable_memo=1 enable_exact_memo=1 memo_full_key_verification=1 memo_memory_limit_mb=12288 cost=58493 time_ms=192.897 nodes=72031 max_depth=199 memo_hits=10980 memo_misses=144061 memo_exact_hits=10980 memo_lb_hits=0 rule4=1 valid_pos=2002086 valid_pos_pruned_3a=0 valid_pos_pruned_3b=0 memo_rejected=0 memo_forced_evict=0 lufo_passes=0 terminal_spt=647 terminal_edd=5472 memo_peak=72031 memo_final=72031 memo_evictions=0 memo_clean_time_ms=0 reconstruction_time_ms=0.1834 reconstruction_repairs=0 reconstruction_trace_hits=87 reconstruction_trace_fallbacks=0 memo_used_mb=12.6397 memo_bytes_per_entry=184,[run] n=200 seed=5 input=D:\test2\results\memo_backend_no_gate\data\200\SDT_200_0.2_0.4_6.txt decomp=adaptive memo_backend=std_unordered use_ub=0 use_lb=0 terminal_rules=1 position_filtering_enabled=1 enable_lawler_basic_rules=1 enable_simple_lb=0 enable_lb_memo=0 enable_edd_ub=0 ub_depth_limit=-1 lb_depth_limit=-1 terminal_all_tardy_spt=1 terminal_edd_at_most_one_tardy=1 enable_memo=1 enable_exact_memo=1 memo_full_key_verification=1 memo_memory_limit_mb=12288 cost=58493 time_ms=215.799 nodes=72031 max_depth=199 memo_hits=10980 memo_misses=144061 memo_exact_hits=10980 memo_lb_hits=0 rule4=1 valid_pos=2002086 valid_pos_pruned_3a=0 valid_pos_pruned_3b=0 memo_rejected=0 memo_forced_evict=0 lufo_passes=0 terminal_spt=647 terminal_edd=5472 memo_peak=72031 memo_final=72031 memo_evictions=0 memo_clean_time_ms=0 reconstruction_time_ms=0.1916 reconstruction_repairs=0 reconstruction_trace_hits=87 reconstruction_trace_fallbacks=0 memo_used_mb=14.8379 memo_bytes_per_entry=216,C:\c++\test2\results\memo_backend_no_gate\raw_results.csv,False,0.8938734655860314,0.8518523510739391,True,True
200,0.2,0.4,6,D:\test2\results\memo_backend_no_gate\data\200\SDT_200_0.2_0.4_7.txt,12288,1200,SOLVED,SOLVED,MATCH,True,True,True,200,200,75313,75313,75313,75313,186.708,209.98,1.124644,197.917,231.707,1.170728,73157,73157,True,8516,8516,146313,146313,12.8373,15.0699,0,0,0.3528,0.2472,0,0,False,,[run] n=200 seed=6 input=D:\test2\results\memo_backend_no_gate\data\200\SDT_200_0.2_0.4_7.txt decomp=adaptive memo_backend=custom use_ub=0 use_lb=0 terminal_rules=1 position_filtering_enabled=1 enable_lawler_basic_rules=1 enable_simple_lb=0 enable_lb_memo=0 enable_edd_ub=0 ub_depth_limit=-1 lb_depth_limit=-1 terminal_all_tardy_spt=1 terminal_edd_at_most_one_tardy=1 enable_memo=1 enable_exact_memo=1 memo_full_key_verification=1 memo_memory_limit_mb=12288 cost=75313 time_ms=186.708 nodes=73157 max_depth=199 memo_hits=8516 memo_misses=146313 memo_exact_hits=8516 memo_lb_hits=0 rule4=1 valid_pos=1894333 valid_pos_pruned_3a=0 valid_pos_pruned_3b=0 memo_rejected=0 memo_forced_evict=0 lufo_passes=0 terminal_spt=225 terminal_edd=4268 memo_peak=73157 memo_final=73157 memo_evictions=0 memo_clean_time_ms=0 reconstruction_time_ms=0.3528 reconstruction_repairs=0 reconstruction_trace_hits=104 reconstruction_trace_fallbacks=0 memo_used_mb=12.8373 memo_bytes_per_entry=184,[run] n=200 seed=6 input=D:\test2\results\memo_backend_no_gate\data\200\SDT_200_0.2_0.4_7.txt decomp=adaptive memo_backend=std_unordered use_ub=0 use_lb=0 terminal_rules=1 position_filtering_enabled=1 enable_lawler_basic_rules=1 enable_simple_lb=0 enable_lb_memo=0 enable_edd_ub=0 ub_depth_limit=-1 lb_depth_limit=-1 terminal_all_tardy_spt=1 terminal_edd_at_most_one_tardy=1 enable_memo=1 enable_exact_memo=1 memo_full_key_verification=1 memo_memory_limit_mb=12288 cost=75313 time_ms=209.98 nodes=73157 max_depth=199 memo_hits=8516 memo_misses=146313 memo_exact_hits=8516 memo_lb_hits=0 rule4=1 valid_pos=1894333 valid_pos_pruned_3a=0 valid_pos_pruned_3b=0 memo_rejected=0 memo_forced_evict=0 lufo_passes=0 terminal_spt=225 terminal_edd=4268 memo_peak=73157 memo_final=73157 memo_evictions=0 memo_clean_time_ms=0 reconstruction_time_ms=0.2472 reconstruction_repairs=0 reconstruction_trace_hits=104 reconstruction_trace_fallbacks=0 memo_used_mb=15.0699 memo_bytes_per_entry=216,C:\c++\test2\results\memo_backend_no_gate\raw_results.csv,False,0.8891703971806839,0.851850377242052,True,True
200,0.2,0.4,7,D:\test2\results\memo_backend_no_gate\data\200\SDT_200_0.2_0.4_8.txt,12288,1200,SOLVED,SOLVED,MATCH,True,True,True,200,200,62336,62336,62336,62336,90.7652,99.4123,1.095269,101.191,113.879,1.125387,38154,38154,True,5597,5597,76307,76307,6.69511,7.85948,0,0,0.2814,0.2036,0,0,False,,[run] n=200 seed=7 input=D:\test2\results\memo_backend_no_gate\data\200\SDT_200_0.2_0.4_8.txt decomp=adaptive memo_backend=custom use_ub=0 use_lb=0 terminal_rules=1 position_filtering_enabled=1 enable_lawler_basic_rules=1 enable_simple_lb=0 enable_lb_memo=0 enable_edd_ub=0 ub_depth_limit=-1 lb_depth_limit=-1 terminal_all_tardy_spt=1 terminal_edd_at_most_one_tardy=1 enable_memo=1 enable_exact_memo=1 memo_full_key_verification=1 memo_memory_limit_mb=12288 cost=62336 time_ms=90.7652 nodes=38154 max_depth=199 memo_hits=5597 memo_misses=76307 memo_exact_hits=5597 memo_lb_hits=0 rule4=1 valid_pos=782197 valid_pos_pruned_3a=0 valid_pos_pruned_3b=0 memo_rejected=0 memo_forced_evict=0 lufo_passes=0 terminal_spt=363 terminal_edd=2621 memo_peak=38154 memo_final=38154 memo_evictions=0 memo_clean_time_ms=0 reconstruction_time_ms=0.2814 reconstruction_repairs=0 reconstruction_trace_hits=99 reconstruction_trace_fallbacks=0 memo_used_mb=6.69511 memo_bytes_per_entry=184,[run] n=200 seed=7 input=D:\test2\results\memo_backend_no_gate\data\200\SDT_200_0.2_0.4_8.txt decomp=adaptive memo_backend=std_unordered use_ub=0 use_lb=0 terminal_rules=1 position_filtering_enabled=1 enable_lawler_basic_rules=1 enable_simple_lb=0 enable_lb_memo=0 enable_edd_ub=0 ub_depth_limit=-1 lb_depth_limit=-1 terminal_all_tardy_spt=1 terminal_edd_at_most_one_tardy=1 enable_memo=1 enable_exact_memo=1 memo_full_key_verification=1 memo_memory_limit_mb=12288 cost=62336 time_ms=99.4123 nodes=38154 max_depth=199 memo_hits=5597 memo_misses=76307 memo_exact_hits=5597 memo_lb_hits=0 rule4=1 valid_pos=782197 valid_pos_pruned_3a=0 valid_pos_pruned_3b=0 memo_rejected=0 memo_forced_evict=0 lufo_passes=0 terminal_spt=363 terminal_edd=2621 memo_peak=38154 memo_final=38154 memo_evictions=0 memo_clean_time_ms=0 reconstruction_time_ms=0.2036 reconstruction_repairs=0 reconstruction_trace_hits=99 reconstruction_trace_fallbacks=0 memo_used_mb=7.85948 memo_bytes_per_entry=216,C:\c++\test2\results\memo_backend_no_gate\raw_results.csv,False,0.9130178056437683,0.8518515219836427,True,True
200,0.2,0.4,8,D:\test2\results\memo_backend_no_gate\data\200\SDT_200_0.2_0.4_9.txt,12288,1200,SOLVED,SOLVED,MATCH,True,True,True,200,200,75596,75596,75596,75596,216.926,241.001,1.110983,228.026,263.983,1.157688,81121,81121,True,9807,9807,162241,162241,14.2348,16.7104,0,0,0.2644,0.2759,0,0,False,,[run] n=200 seed=8 input=D:\test2\results\memo_backend_no_gate\data\200\SDT_200_0.2_0.4_9.txt decomp=adaptive memo_backend=custom use_ub=0 use_lb=0 terminal_rules=1 position_filtering_enabled=1 enable_lawler_basic_rules=1 enable_simple_lb=0 enable_lb_memo=0 enable_edd_ub=0 ub_depth_limit=-1 lb_depth_limit=-1 terminal_all_tardy_spt=1 terminal_edd_at_most_one_tardy=1 enable_memo=1 enable_exact_memo=1 memo_full_key_verification=1 memo_memory_limit_mb=12288 cost=75596 time_ms=216.926 nodes=81121 max_depth=199 memo_hits=9807 memo_misses=162241 memo_exact_hits=9807 memo_lb_hits=0 rule4=1 valid_pos=2227678 valid_pos_pruned_3a=0 valid_pos_pruned_3b=0 memo_rejected=0 memo_forced_evict=0 lufo_passes=0 terminal_spt=567 terminal_edd=4940 memo_peak=81121 memo_final=81121 memo_evictions=0 memo_clean_time_ms=0 reconstruction_time_ms=0.2644 reconstruction_repairs=0 reconstruction_trace_hits=111 reconstruction_trace_fallbacks=0 memo_used_mb=14.2348 memo_bytes_per_entry=184,[run] n=200 seed=8 input=D:\test2\results\memo_backend_no_gate\data\200\SDT_200_0.2_0.4_9.txt decomp=adaptive memo_backend=std_unordered use_ub=0 use_lb=0 terminal_rules=1 position_filtering_enabled=1 enable_lawler_basic_rules=1 enable_simple_lb=0 enable_lb_memo=0 enable_edd_ub=0 ub_depth_limit=-1 lb_depth_limit=-1 terminal_all_tardy_spt=1 terminal_edd_at_most_one_tardy=1 enable_memo=1 enable_exact_memo=1 memo_full_key_verification=1 memo_memory_limit_mb=12288 cost=75596 time_ms=241.001 nodes=81121 max_depth=199 memo_hits=9807 memo_misses=162241 memo_exact_hits=9807 memo_lb_hits=0 rule4=1 valid_pos=2227678 valid_pos_pruned_3a=0 valid_pos_pruned_3b=0 memo_rejected=0 memo_forced_evict=0 lufo_passes=0 terminal_spt=567 terminal_edd=4940 memo_peak=81121 memo_final=81121 memo_evictions=0 memo_clean_time_ms=0 reconstruction_time_ms=0.2759 reconstruction_repairs=0 reconstruction_trace_hits=111 reconstruction_trace_fallbacks=0 memo_used_mb=16.7104 memo_bytes_per_entry=216,C:\c++\test2\results\memo_backend_no_gate\raw_results.csv,False,0.90010414894544,0.8518527384144006,True,True
200,0.2,0.4,9,D:\test2\results\memo_backend_no_gate\data\200\SDT_200_0.2_0.4_10.txt,12288,1200,SOLVED,SOLVED,MATCH,True,True,True,200,200,68083,68083,68083,68083,326.052,349.703,1.072538,337.393,376.636,1.116312,108960,108960,True,12406,12406,217919,217919,19.1199,22.4451,0,0,0.332,0.2459,0,0,False,,[run] n=200 seed=9 input=D:\test2\results\memo_backend_no_gate\data\200\SDT_200_0.2_0.4_10.txt decomp=adaptive memo_backend=custom use_ub=0 use_lb=0 terminal_rules=1 position_filtering_enabled=1 enable_lawler_basic_rules=1 enable_simple_lb=0 enable_lb_memo=0 enable_edd_ub=0 ub_depth_limit=-1 lb_depth_limit=-1 terminal_all_tardy_spt=1 terminal_edd_at_most_one_tardy=1 enable_memo=1 enable_exact_memo=1 memo_full_key_verification=1 memo_memory_limit_mb=12288 cost=68083 time_ms=326.052 nodes=108960 max_depth=199 memo_hits=12406 memo_misses=217919 memo_exact_hits=12406 memo_lb_hits=0 rule4=1 valid_pos=3670189 valid_pos_pruned_3a=0 valid_pos_pruned_3b=0 memo_rejected=0 memo_forced_evict=0 lufo_passes=0 terminal_spt=1101 terminal_edd=6064 memo_peak=108960 memo_final=108960 memo_evictions=0 memo_clean_time_ms=0 reconstruction_time_ms=0.332 reconstruction_repairs=0 reconstruction_trace_hits=115 reconstruction_trace_fallbacks=0 memo_used_mb=19.1199 memo_bytes_per_entry=184,[run] n=200 seed=9 input=D:\test2\results\memo_backend_no_gate\data\200\SDT_200_0.2_0.4_10.txt decomp=adaptive memo_backend=std_unordered use_ub=0 use_lb=0 terminal_rules=1 position_filtering_enabled=1 enable_lawler_basic_rules=1 enable_simple_lb=0 enable_lb_memo=0 enable_edd_ub=0 ub_depth_limit=-1 lb_depth_limit=-1 terminal_all_tardy_spt=1 terminal_edd_at_most_one_tardy=1 enable_memo=1 enable_exact_memo=1 memo_full_key_verification=1 memo_memory_limit_mb=12288 cost=68083 time_ms=349.703 nodes=108960 max_depth=199 memo_hits=12406 memo_misses=217919 memo_exact_hits=12406 memo_lb_hits=0 rule4=1 valid_pos=3670189 valid_pos_pruned_3a=0 valid_pos_pruned_3b=0 memo_rejected=0 memo_forced_evict=0 lufo_passes=0 terminal_spt=1101 terminal_edd=6064 memo_peak=108960 memo_final=108960 memo_evictions=0 memo_clean_time_ms=0 reconstruction_time_ms=0.2459 reconstruction_repairs=0 reconstruction_trace_hits=115 reconstruction_trace_fallbacks=0 memo_used_mb=22.4451 memo_bytes_per_entry=216,C:\c++\test2\results\memo_backend_no_gate\raw_results.csv,False,0.9323683239777756,0.8518518518518519,True,True
200,0.2,0.8,0,D:\test2\results\memo_backend_no_gate\data\200\SDT_200_0.2_0.8_1.txt,12288,1200,SOLVED,SOLVED,MATCH,True,True,True,200,200,381286,381286,381286,381286,177.42,191.821,1.081169,189.223,211.026,1.115224,58952,58952,True,12166,12166,117903,117903,10.3447,12.1437,0,0,0.4636,0.3838,0,0,False,,[run] n=200 seed=0 input=D:\test2\results\memo_backend_no_gate\data\200\SDT_200_0.2_0.8_1.txt decomp=adaptive memo_backend=custom use_ub=0 use_lb=0 terminal_rules=1 position_filtering_enabled=1 enable_lawler_basic_rules=1 enable_simple_lb=0 enable_lb_memo=0 enable_edd_ub=0 ub_depth_limit=-1 lb_depth_limit=-1 terminal_all_tardy_spt=1 terminal_edd_at_most_one_tardy=1 enable_memo=1 enable_exact_memo=1 memo_full_key_verification=1 memo_memory_limit_mb=12288 cost=381286 time_ms=177.42 nodes=58952 max_depth=199 memo_hits=12166 memo_misses=117903 memo_exact_hits=12166 memo_lb_hits=0 rule4=1 valid_pos=2323113 valid_pos_pruned_3a=0 valid_pos_pruned_3b=0 memo_rejected=0 memo_forced_evict=0 lufo_passes=0 terminal_spt=1211 terminal_edd=4139 memo_peak=58952 memo_final=58952 memo_evictions=0 memo_clean_time_ms=0 reconstruction_time_ms=0.4636 reconstruction_repairs=0 reconstruction_trace_hits=146 reconstruction_trace_fallbacks=0 memo_used_mb=10.3447 memo_bytes_per_entry=184,[run] n=200 seed=0 input=D:\test2\results\memo_backend_no_gate\data\200\SDT_200_0.2_0.8_1.txt decomp=adaptive memo_backend=std_unordered use_ub=0 use_lb=0 terminal_rules=1 position_filtering_enabled=1 enable_lawler_basic_rules=1 enable_simple_lb=0 enable_lb_memo=0 enable_edd_ub=0 ub_depth_limit=-1 lb_depth_limit=-1 terminal_all_tardy_spt=1 terminal_edd_at_most_one_tardy=1 enable_memo=1 enable_exact_memo=1 memo_full_key_verification=1 memo_memory_limit_mb=12288 cost=381286 time_ms=191.821 nodes=58952 max_depth=199 memo_hits=12166 memo_misses=117903 memo_exact_hits=12166 memo_lb_hits=0 rule4=1 valid_pos=2323113 valid_pos_pruned_3a=0 valid_pos_pruned_3b=0 memo_rejected=0 memo_forced_evict=0 lufo_passes=0 terminal_spt=1211 terminal_edd=4139 memo_peak=58952 memo_final=58952 memo_evictions=0 memo_clean_time_ms=0 reconstruction_time_ms=0.3838 reconstruction_repairs=0 reconstruction_trace_hits=146 reconstruction_trace_fallbacks=0 memo_used_mb=12.1437 memo_bytes_per_entry=216,C:\c++\test2\results\memo_backend_no_gate\raw_results.csv,False,0.9249247996830378,0.8518573416668724,True,True
200,0.2,0.8,1,D:\test2\results\memo_backend_no_gate\data\200\SDT_200_0.2_0.8_2.txt,12288,1200,SOLVED,SOLVED,MATCH,True,True,True,200,200,354029,354029,354029,354029,200.098,210.32,1.051085,211.289,229.371,1.085579,63783,63783,True,11672,11672,127565,127565,11.1924,13.1389,0,0,0.4044,0.4063,0,0,False,,[run] n=200 seed=1 input=D:\test2\results\memo_backend_no_gate\data\200\SDT_200_0.2_0.8_2.txt decomp=adaptive memo_backend=custom use_ub=0 use_lb=0 terminal_rules=1 position_filtering_enabled=1 enable_lawler_basic_rules=1 enable_simple_lb=0 enable_lb_memo=0 enable_edd_ub=0 ub_depth_limit=-1 lb_depth_limit=-1 terminal_all_tardy_spt=1 terminal_edd_at_most_one_tardy=1 enable_memo=1 enable_exact_memo=1 memo_full_key_verification=1 memo_memory_limit_mb=12288 cost=354029 time_ms=200.098 nodes=63783 max_depth=199 memo_hits=11672 memo_misses=127565 memo_exact_hits=11672 memo_lb_hits=0 rule4=1 valid_pos=2485943 valid_pos_pruned_3a=0 valid_pos_pruned_3b=0 memo_rejected=0 memo_forced_evict=0 lufo_passes=0 terminal_spt=985 terminal_edd=2784 memo_peak=63783 memo_final=63783 memo_evictions=0 memo_clean_time_ms=0 reconstruction_time_ms=0.4044 reconstruction_repairs=0 reconstruction_trace_hits=139 reconstruction_trace_fallbacks=0 memo_used_mb=11.1924 memo_bytes_per_entry=184,[run] n=200 seed=1 input=D:\test2\results\memo_backend_no_gate\data\200\SDT_200_0.2_0.8_2.txt decomp=adaptive memo_backend=std_unordered use_ub=0 use_lb=0 terminal_rules=1 position_filtering_enabled=1 enable_lawler_basic_rules=1 enable_simple_lb=0 enable_lb_memo=0 enable_edd_ub=0 ub_depth_limit=-1 lb_depth_limit=-1 terminal_all_tardy_spt=1 terminal_edd_at_most_one_tardy=1 enable_memo=1 enable_exact_memo=1 memo_full_key_verification=1 memo_memory_limit_mb=12288 cost=354029 time_ms=210.32 nodes=63783 max_depth=199 memo_hits=11672 memo_misses=127565 memo_exact_hits=11672 memo_lb_hits=0 rule4=1 valid_pos=2485943 valid_pos_pruned_3a=0 valid_pos_pruned_3b=0 memo_rejected=0 memo_forced_evict=0 lufo_passes=0 terminal_spt=985 terminal_edd=2784 memo_peak=63783 memo_final=63783 memo_evictions=0 memo_clean_time_ms=0 reconstruction_time_ms=0.4063 reconstruction_repairs=0 reconstruction_trace_hits=139 reconstruction_trace_fallbacks=0 memo_used_mb=13.1389 memo_bytes_per_entry=216,C:\c++\test2\results\memo_backend_no_gate\raw_results.csv,False,0.9513978699125144,0.8518521337402675,True,True
200,0.2,0.8,2,D:\test2\results\memo_backend_no_gate\data\200\SDT_200_0.2_0.8_3.txt,12288,1200,SOLVED,SOLVED,MATCH,True,True,True,200,200,365502,365502,365502,365502,198.652,213.208,1.073274,209.574,232.286,1.108372,57851,57851,True,16048,16048,115701,115701,10.1515,11.9169,0,0,0.2113,0.2542,0,0,False,,[run] n=200 seed=2 input=D:\test2\results\memo_backend_no_gate\data\200\SDT_200_0.2_0.8_3.txt decomp=adaptive memo_backend=custom use_ub=0 use_lb=0 terminal_rules=1 position_filtering_enabled=1 enable_lawler_basic_rules=1 enable_simple_lb=0 enable_lb_memo=0 enable_edd_ub=0 ub_depth_limit=-1 lb_depth_limit=-1 terminal_all_tardy_spt=1 terminal_edd_at_most_one_tardy=1 enable_memo=1 enable_exact_memo=1 memo_full_key_verification=1 memo_memory_limit_mb=12288 cost=365502 time_ms=198.652 nodes=57851 max_depth=199 memo_hits=16048 memo_misses=115701 memo_exact_hits=16048 memo_lb_hits=0 rule4=1 valid_pos=2508818 valid_pos_pruned_3a=0 valid_pos_pruned_3b=0 memo_rejected=0 memo_forced_evict=0 lufo_passes=0 terminal_spt=438 terminal_edd=3576 memo_peak=57851 memo_final=57851 memo_evictions=0 memo_clean_time_ms=0 reconstruction_time_ms=0.2113 reconstruction_repairs=0 reconstruction_trace_hits=102 reconstruction_trace_fallbacks=0 memo_used_mb=10.1515 memo_bytes_per_entry=184,[run] n=200 seed=2 input=D:\test2\results\memo_backend_no_gate\data\200\SDT_200_0.2_0.8_3.txt decomp=adaptive memo_backend=std_unordered use_ub=0 use_lb=0 terminal_rules=1 position_filtering_enabled=1 enable_lawler_basic_rules=1 enable_simple_lb=0 enable_lb_memo=0 enable_edd_ub=0 ub_depth_limit=-1 lb_depth_limit=-1 terminal_all_tardy_spt=1 terminal_edd_at_most_one_tardy=1 enable_memo=1 enable_exact_memo=1 memo_full_key_verification=1 memo_memory_limit_mb=12288 cost=365502 time_ms=213.208 nodes=57851 max_depth=199 memo_hits=16048 memo_misses=115701 memo_exact_hits=16048 memo_lb_hits=0 rule4=1 valid_pos=2508818 valid_pos_pruned_3a=0 valid_pos_pruned_3b=0 memo_rejected=0 memo_forced_evict=0 lufo_passes=0 terminal_spt=438 terminal_edd=3576 memo_peak=57851 memo_final=57851 memo_evictions=0 memo_clean_time_ms=0 reconstruction_time_ms=0.2542 reconstruction_repairs=0 reconstruction_trace_hits=102 reconstruction_trace_fallbacks=0 memo_used_mb=11.9169 memo_bytes_per_entry=216,C:\c++\test2\results\memo_backend_no_gate\raw_results.csv,False,0.9317286405763385,0.8518574461479076,True,True
200,0.2,0.8,3,D:\test2\results\memo_backend_no_gate\data\200\SDT_200_0.2_0.8_4.txt,12288,1200,SOLVED,SOLVED,MATCH,True,True,True,200,200,346327,346327,346327,346327,114.203,123.649,1.082712,126.005,138.406,1.098417,36821,36821,True,8031,8031,73641,73641,6.4612,7.58489,0,0,0.4556,0.358,0,0,False,,[run] n=200 seed=3 input=D:\test2\results\memo_backend_no_gate\data\200\SDT_200_0.2_0.8_4.txt decomp=adaptive memo_backend=custom use_ub=0 use_lb=0 terminal_rules=1 position_filtering_enabled=1 enable_lawler_basic_rules=1 enable_simple_lb=0 enable_lb_memo=0 enable_edd_ub=0 ub_depth_limit=-1 lb_depth_limit=-1 terminal_all_tardy_spt=1 terminal_edd_at_most_one_tardy=1 enable_memo=1 enable_exact_memo=1 memo_full_key_verification=1 memo_memory_limit_mb=12288 cost=346327 time_ms=114.203 nodes=36821 max_depth=199 memo_hits=8031 memo_misses=73641 memo_exact_hits=8031 memo_lb_hits=0 rule4=1 valid_pos=1339239 valid_pos_pruned_3a=0 valid_pos_pruned_3b=0 memo_rejected=0 memo_forced_evict=0 lufo_passes=0 terminal_spt=404 terminal_edd=2439 memo_peak=36821 memo_final=36821 memo_evictions=0 memo_clean_time_ms=0 reconstruction_time_ms=0.4556 reconstruction_repairs=0 reconstruction_trace_hits=146 reconstruction_trace_fallbacks=0 memo_used_mb=6.4612 memo_bytes_per_entry=184,[run] n=200 seed=3 input=D:\test2\results\memo_backend_no_gate\data\200\SDT_200_0.2_0.8_4.txt decomp=adaptive memo_backend=std_unordered use_ub=0 use_lb=0 terminal_rules=1 position_filtering_enabled=1 enable_lawler_basic_rules=1 enable_simple_lb=0 enable_lb_memo=0 enable_edd_ub=0 ub_depth_limit=-1 lb_depth_limit=-1 terminal_all_tardy_spt=1 terminal_edd_at_most_one_tardy=1 enable_memo=1 enable_exact_memo=1 memo_full_key_verification=1 memo_memory_limit_mb=12288 cost=346327 time_ms=123.649 nodes=36821 max_depth=199 memo_hits=8031 memo_misses=73641 memo_exact_hits=8031 memo_lb_hits=0 rule4=1 valid_pos=1339239 valid_pos_pruned_3a=0 valid_pos_pruned_3b=0 memo_rejected=0 memo_forced_evict=0 lufo_passes=0 terminal_spt=404 terminal_edd=2439 memo_peak=36821 memo_final=36821 memo_evictions=0 memo_clean_time_ms=0 reconstruction_time_ms=0.358 reconstruction_repairs=0 reconstruction_trace_hits=146 reconstruction_trace_fallbacks=0 memo_used_mb=7.58489 memo_bytes_per_entry=216,C:\c++\test2\results\memo_backend_no_gate\raw_results.csv,False,0.9236063372934679,0.8518515100416749,True,True
200,0.2,0.8,4,D:\test2\results\memo_backend_no_gate\data\200\SDT_200_0.2_0.8_5.txt,12288,1200,SOLVED,SOLVED,MATCH,True,True,True,200,200,360596,360596,360596,360596,146.281,157.527,1.076879,157.515,174.618,1.10858,47123,47123,True,6823,6823,94245,94245,8.26896,9.70704,0,0,0.389,0.2949,0,0,False,,[run] n=200 seed=4 input=D:\test2\results\memo_backend_no_gate\data\200\SDT_200_0.2_0.8_5.txt decomp=adaptive memo_backend=custom use_ub=0 use_lb=0 terminal_rules=1 position_filtering_enabled=1 enable_lawler_basic_rules=1 enable_simple_lb=0 enable_lb_memo=0 enable_edd_ub=0 ub_depth_limit=-1 lb_depth_limit=-1 terminal_all_tardy_spt=1 terminal_edd_at_most_one_tardy=1 enable_memo=1 enable_exact_memo=1 memo_full_key_verification=1 memo_memory_limit_mb=12288 cost=360596 time_ms=146.281 nodes=47123 max_depth=199 memo_hits=6823 memo_misses=94245 memo_exact_hits=6823 memo_lb_hits=0 rule4=1 valid_pos=1655880 valid_pos_pruned_3a=0 valid_pos_pruned_3b=0 memo_rejected=0 memo_forced_evict=0 lufo_passes=0 terminal_spt=578 terminal_edd=2455 memo_peak=47123 memo_final=47123 memo_evictions=0 memo_clean_time_ms=0 reconstruction_time_ms=0.389 reconstruction_repairs=0 reconstruction_trace_hits=132 reconstruction_trace_fallbacks=0 memo_used_mb=8.26896 memo_bytes_per_entry=184,[run] n=200 seed=4 input=D:\test2\results\memo_backend_no_gate\data\200\SDT_200_0.2_0.8_5.txt decomp=adaptive memo_backend=std_unordered use_ub=0 use_lb=0 terminal_rules=1 position_filtering_enabled=1 enable_lawler_basic_rules=1 enable_simple_lb=0 enable_lb_memo=0 enable_edd_ub=0 ub_depth_limit=-1 lb_depth_limit=-1 terminal_all_tardy_spt=1 terminal_edd_at_most_one_tardy=1 enable_memo=1 enable_exact_memo=1 memo_full_key_verification=1 memo_memory_limit_mb=12288 cost=360596 time_ms=157.527 nodes=47123 max_depth=199 memo_hits=6823 memo_misses=94245 memo_exact_hits=6823 memo_lb_hits=0 rule4=1 valid_pos=1655880 valid_pos_pruned_3a=0 valid_pos_pruned_3b=0 memo_rejected=0 memo_forced_evict=0 lufo_passes=0 terminal_spt=578 terminal_edd=2455 memo_peak=47123 memo_final=47123 memo_evictions=0 memo_clean_time_ms=0 reconstruction_time_ms=0.2949 reconstruction_repairs=0 reconstruction_trace_hits=132 reconstruction_trace_fallbacks=0 memo_used_mb=9.70704 memo_bytes_per_entry=216,C:\c++\test2\results\memo_backend_no_gate\raw_results.csv,False,0.9286090638430239,0.8518518518518519,True,True
200,0.2,0.8,5,D:\test2\results\memo_backend_no_gate\data\200\SDT_200_0.2_0.8_6.txt,12288,1200,SOLVED,SOLVED,MATCH,True,True,True,200,200,319437,319437,319437,319437,129.465,140.442,1.084787,140.458,155.488,1.107007,39974,39974,True,6365,6365,79947,79947,7.01448,8.23439,0,0,0.4033,0.3064,0,0,False,,[run] n=200 seed=5 input=D:\test2\results\memo_backend_no_gate\data\200\SDT_200_0.2_0.8_6.txt decomp=adaptive memo_backend=custom use_ub=0 use_lb=0 terminal_rules=1 position_filtering_enabled=1 enable_lawler_basic_rules=1 enable_simple_lb=0 enable_lb_memo=0 enable_edd_ub=0 ub_depth_limit=-1 lb_depth_limit=-1 terminal_all_tardy_spt=1 terminal_edd_at_most_one_tardy=1 enable_memo=1 enable_exact_memo=1 memo_full_key_verification=1 memo_memory_limit_mb=12288 cost=319437 time_ms=129.465 nodes=39974 max_depth=199 memo_hits=6365 memo_misses=79947 memo_exact_hits=6365 memo_lb_hits=0 rule4=1 valid_pos=1671532 valid_pos_pruned_3a=0 valid_pos_pruned_3b=0 memo_rejected=0 memo_forced_evict=0 lufo_passes=0 terminal_spt=347 terminal_edd=2062 memo_peak=39974 memo_final=39974 memo_evictions=0 memo_clean_time_ms=0 reconstruction_time_ms=0.4033 reconstruction_repairs=0 reconstruction_trace_hits=133 reconstruction_trace_fallbacks=0 memo_used_mb=7.01448 memo_bytes_per_entry=184,[run] n=200 seed=5 input=D:\test2\results\memo_backend_no_gate\data\200\SDT_200_0.2_0.8_6.txt decomp=adaptive memo_backend=std_unordered use_ub=0 use_lb=0 terminal_rules=1 position_filtering_enabled=1 enable_lawler_basic_rules=1 enable_simple_lb=0 enable_lb_memo=0 enable_edd_ub=0 ub_depth_limit=-1 lb_depth_limit=-1 terminal_all_tardy_spt=1 terminal_edd_at_most_one_tardy=1 enable_memo=1 enable_exact_memo=1 memo_full_key_verification=1 memo_memory_limit_mb=12288 cost=319437 time_ms=140.442 nodes=39974 max_depth=199 memo_hits=6365 memo_misses=79947 memo_exact_hits=6365 memo_lb_hits=0 rule4=1 valid_pos=1671532 valid_pos_pruned_3a=0 valid_pos_pruned_3b=0 memo_rejected=0 memo_forced_evict=0 lufo_passes=0 terminal_spt=347 terminal_edd=2062 memo_peak=39974 memo_final=39974 memo_evictions=0 memo_clean_time_ms=0 reconstruction_time_ms=0.3064 reconstruction_repairs=0 reconstruction_trace_hits=133 reconstruction_trace_fallbacks=0 memo_used_mb=8.23439 memo_bytes_per_entry=216,C:\c++\test2\results\memo_backend_no_gate\raw_results.csv,False,0.9218396206263083,0.8518518068733689,True,True
200,0.2,0.8,6,D:\test2\results\memo_backend_no_gate\data\200\SDT_200_0.2_0.8_7.txt,12288,1200,SOLVED,SOLVED,MATCH,True,True,True,200,200,404716,404716,404716,404716,135.28,146.815,1.085268,146.041,162.936,1.115687,43982,43982,True,10288,10288,87963,87963,7.71779,9.06001,0,0,0.499,0.4754,0,0,False,,[run] n=200 seed=6 input=D:\test2\results\memo_backend_no_gate\data\200\SDT_200_0.2_0.8_7.txt decomp=adaptive memo_backend=custom use_ub=0 use_lb=0 terminal_rules=1 position_filtering_enabled=1 enable_lawler_basic_rules=1 enable_simple_lb=0 enable_lb_memo=0 enable_edd_ub=0 ub_depth_limit=-1 lb_depth_limit=-1 terminal_all_tardy_spt=1 terminal_edd_at_most_one_tardy=1 enable_memo=1 enable_exact_memo=1 memo_full_key_verification=1 memo_memory_limit_mb=12288 cost=404716 time_ms=135.28 nodes=43982 max_depth=199 memo_hits=10288 memo_misses=87963 memo_exact_hits=10288 memo_lb_hits=0 rule4=1 valid_pos=1514018 valid_pos_pruned_3a=0 valid_pos_pruned_3b=0 memo_rejected=0 memo_forced_evict=0 lufo_passes=0 terminal_spt=831 terminal_edd=2607 memo_peak=43982 memo_final=43982 memo_evictions=0 memo_clean_time_ms=0 reconstruction_time_ms=0.499 reconstruction_repairs=0 reconstruction_trace_hits=169 reconstruction_trace_fallbacks=0 memo_used_mb=7.71779 memo_bytes_per_entry=184,[run] n=200 seed=6 input=D:\test2\results\memo_backend_no_gate\data\200\SDT_200_0.2_0.8_7.txt decomp=adaptive memo_backend=std_unordered use_ub=0 use_lb=0 terminal_rules=1 position_filtering_enabled=1 enable_lawler_basic_rules=1 enable_simple_lb=0 enable_lb_memo=0 enable_edd_ub=0 ub_depth_limit=-1 lb_depth_limit=-1 terminal_all_tardy_spt=1 terminal_edd_at_most_one_tardy=1 enable_memo=1 enable_exact_memo=1 memo_full_key_verification=1 memo_memory_limit_mb=12288 cost=404716 time_ms=146.815 nodes=43982 max_depth=199 memo_hits=10288 memo_misses=87963 memo_exact_hits=10288 memo_lb_hits=0 rule4=1 valid_pos=1514018 valid_pos_pruned_3a=0 valid_pos_pruned_3b=0 memo_rejected=0 memo_forced_evict=0 lufo_passes=0 terminal_spt=831 terminal_edd=2607 memo_peak=43982 memo_final=43982 memo_evictions=0 memo_clean_time_ms=0 reconstruction_time_ms=0.4754 reconstruction_repairs=0 reconstruction_trace_hits=169 reconstruction_trace_fallbacks=0 memo_used_mb=9.06001 memo_bytes_per_entry=216,C:\c++\test2\results\memo_backend_no_gate\raw_results.csv,False,0.9214317338146647,0.8518522606487189,True,True
200,0.2,0.8,7,D:\test2\results\memo_backend_no_gate\data\200\SDT_200_0.2_0.8_8.txt,12288,1200,SOLVED,SOLVED,MATCH,True,True,True,200,200,349706,349706,349706,349706,152.72,165.601,1.084344,163.947,184.42,1.124876,49264,49264,True,14480,14480,98527,98527,8.64465,10.1481,0,0,0.4937,0.4261,0,0,False,,[run] n=200 seed=7 input=D:\test2\results\memo_backend_no_gate\data\200\SDT_200_0.2_0.8_8.txt decomp=adaptive memo_backend=custom use_ub=0 use_lb=0 terminal_rules=1 position_filtering_enabled=1 enable_lawler_basic_rules=1 enable_simple_lb=0 enable_lb_memo=0 enable_edd_ub=0 ub_depth_limit=-1 lb_depth_limit=-1 terminal_all_tardy_spt=1 terminal_edd_at_most_one_tardy=1 enable_memo=1 enable_exact_memo=1 memo_full_key_verification=1 memo_memory_limit_mb=12288 cost=349706 time_ms=152.72 nodes=49264 max_depth=199 memo_hits=14480 memo_misses=98527 memo_exact_hits=14480 memo_lb_hits=0 rule4=1 valid_pos=1618629 valid_pos_pruned_3a=0 valid_pos_pruned_3b=0 memo_rejected=0 memo_forced_evict=0 lufo_passes=0 terminal_spt=491 terminal_edd=2773 memo_peak=49264 memo_final=49264 memo_evictions=0 memo_clean_time_ms=0 reconstruction_time_ms=0.4937 reconstruction_repairs=0 reconstruction_trace_hits=152 reconstruction_trace_fallbacks=0 memo_used_mb=8.64465 memo_bytes_per_entry=184,[run] n=200 seed=7 input=D:\test2\results\memo_backend_no_gate\data\200\SDT_200_0.2_0.8_8.txt decomp=adaptive memo_backend=std_unordered use_ub=0 use_lb=0 terminal_rules=1 position_filtering_enabled=1 enable_lawler_basic_rules=1 enable_simple_lb=0 enable_lb_memo=0 enable_edd_ub=0 ub_depth_limit=-1 lb_depth_limit=-1 terminal_all_tardy_spt=1 terminal_edd_at_most_one_tardy=1 enable_memo=1 enable_exact_memo=1 memo_full_key_verification=1 memo_memory_limit_mb=12288 cost=349706 time_ms=165.601 nodes=49264 max_depth=199 memo_hits=14480 memo_misses=98527 memo_exact_hits=14480 memo_lb_hits=0 rule4=1 valid_pos=1618629 valid_pos_pruned_3a=0 valid_pos_pruned_3b=0 memo_rejected=0 memo_forced_evict=0 lufo_passes=0 terminal_spt=491 terminal_edd=2773 memo_peak=49264 memo_final=49264 memo_evictions=0 memo_clean_time_ms=0 reconstruction_time_ms=0.4261 reconstruction_repairs=0 reconstruction_trace_hits=152 reconstruction_trace_fallbacks=0 memo_used_mb=10.1481 memo_bytes_per_entry=216,C:\c++\test2\results\memo_backend_no_gate\raw_results.csv,False,0.9222166532810793,0.8518491146125876,True,True
200,0.2,0.8,8,D:\test2\results\memo_backend_no_gate\data\200\SDT_200_0.2_0.8_9.txt,12288,1200,SOLVED,SOLVED,MATCH,True,True,True,200,200,410391,410391,410391,410391,203.89,223.796,1.097631,216.148,244.743,1.132294,65755,65755,True,10497,10497,131509,131509,11.5384,13.5451,0,0,0.4666,0.456,0,0,False,,[run] n=200 seed=8 input=D:\test2\results\memo_backend_no_gate\data\200\SDT_200_0.2_0.8_9.txt decomp=adaptive memo_backend=custom use_ub=0 use_lb=0 terminal_rules=1 position_filtering_enabled=1 enable_lawler_basic_rules=1 enable_simple_lb=0 enable_lb_memo=0 enable_edd_ub=0 ub_depth_limit=-1 lb_depth_limit=-1 terminal_all_tardy_spt=1 terminal_edd_at_most_one_tardy=1 enable_memo=1 enable_exact_memo=1 memo_full_key_verification=1 memo_memory_limit_mb=12288 cost=410391 time_ms=203.89 nodes=65755 max_depth=199 memo_hits=10497 memo_misses=131509 memo_exact_hits=10497 memo_lb_hits=0 rule4=1 valid_pos=2500030 valid_pos_pruned_3a=0 valid_pos_pruned_3b=0 memo_rejected=0 memo_forced_evict=0 lufo_passes=0 terminal_spt=990 terminal_edd=3430 memo_peak=65755 memo_final=65755 memo_evictions=0 memo_clean_time_ms=0 reconstruction_time_ms=0.4666 reconstruction_repairs=0 reconstruction_trace_hits=165 reconstruction_trace_fallbacks=0 memo_used_mb=11.5384 memo_bytes_per_entry=184,[run] n=200 seed=8 input=D:\test2\results\memo_backend_no_gate\data\200\SDT_200_0.2_0.8_9.txt decomp=adaptive memo_backend=std_unordered use_ub=0 use_lb=0 terminal_rules=1 position_filtering_enabled=1 enable_lawler_basic_rules=1 enable_simple_lb=0 enable_lb_memo=0 enable_edd_ub=0 ub_depth_limit=-1 lb_depth_limit=-1 terminal_all_tardy_spt=1 terminal_edd_at_most_one_tardy=1 enable_memo=1 enable_exact_memo=1 memo_full_key_verification=1 memo_memory_limit_mb=12288 cost=410391 time_ms=223.796 nodes=65755 max_depth=199 memo_hits=10497 memo_misses=131509 memo_exact_hits=10497 memo_lb_hits=0 rule4=1 valid_pos=2500030 valid_pos_pruned_3a=0 valid_pos_pruned_3b=0 memo_rejected=0 memo_forced_evict=0 lufo_passes=0 terminal_spt=990 terminal_edd=3430 memo_peak=65755 memo_final=65755 memo_evictions=0 memo_clean_time_ms=0 reconstruction_time_ms=0.456 reconstruction_repairs=0 reconstruction_trace_hits=165 reconstruction_trace_fallbacks=0 memo_used_mb=13.5451 memo_bytes_per_entry=216,C:\c++\test2\results\memo_backend_no_gate\raw_results.csv,False,0.9110529231979123,0.8518504846771157,True,True
200,0.2,0.8,9,D:\test2\results\memo_backend_no_gate\data\200\SDT_200_0.2_0.8_10.txt,12288,1200,SOLVED,SOLVED,MATCH,True,True,True,200,200,359582,359582,359582,359582,225.415,243.929,1.082133,236.304,264.62,1.119829,66398,66398,True,12446,12446,132795,132795,11.6513,13.6776,0,0,0.3836,0.3296,0,0,False,,[run] n=200 seed=9 input=D:\test2\results\memo_backend_no_gate\data\200\SDT_200_0.2_0.8_10.txt decomp=adaptive memo_backend=custom use_ub=0 use_lb=0 terminal_rules=1 position_filtering_enabled=1 enable_lawler_basic_rules=1 enable_simple_lb=0 enable_lb_memo=0 enable_edd_ub=0 ub_depth_limit=-1 lb_depth_limit=-1 terminal_all_tardy_spt=1 terminal_edd_at_most_one_tardy=1 enable_memo=1 enable_exact_memo=1 memo_full_key_verification=1 memo_memory_limit_mb=12288 cost=359582 time_ms=225.415 nodes=66398 max_depth=199 memo_hits=12446 memo_misses=132795 memo_exact_hits=12446 memo_lb_hits=0 rule4=1 valid_pos=2616682 valid_pos_pruned_3a=0 valid_pos_pruned_3b=0 memo_rejected=0 memo_forced_evict=0 lufo_passes=0 terminal_spt=737 terminal_edd=2800 memo_peak=66398 memo_final=66398 memo_evictions=0 memo_clean_time_ms=0 reconstruction_time_ms=0.3836 reconstruction_repairs=0 reconstruction_trace_hits=131 reconstruction_trace_fallbacks=0 memo_used_mb=11.6513 memo_bytes_per_entry=184,[run] n=200 seed=9 input=D:\test2\results\memo_backend_no_gate\data\200\SDT_200_0.2_0.8_10.txt decomp=adaptive memo_backend=std_unordered use_ub=0 use_lb=0 terminal_rules=1 position_filtering_enabled=1 enable_lawler_basic_rules=1 enable_simple_lb=0 enable_lb_memo=0 enable_edd_ub=0 ub_depth_limit=-1 lb_depth_limit=-1 terminal_all_tardy_spt=1 terminal_edd_at_most_one_tardy=1 enable_memo=1 enable_exact_memo=1 memo_full_key_verification=1 memo_memory_limit_mb=12288 cost=359582 time_ms=243.929 nodes=66398 max_depth=199 memo_hits=12446 memo_misses=132795 memo_exact_hits=12446 memo_lb_hits=0 rule4=1 valid_pos=2616682 valid_pos_pruned_3a=0 valid_pos_pruned_3b=0 memo_rejected=0 memo_forced_evict=0 lufo_passes=0 terminal_spt=737 terminal_edd=2800 memo_peak=66398 memo_final=66398 memo_evictions=0 memo_clean_time_ms=0 reconstruction_time_ms=0.3296 reconstruction_repairs=0 reconstruction_trace_hits=131 reconstruction_trace_fallbacks=0 memo_used_mb=13.6776 memo_bytes_per_entry=216,C:\c++\test2\results\memo_backend_no_gate\raw_results.csv,False,0.9241008654157562,0.8518526642100954,True,True
200,0.4,0.6,0,D:\test2\results\memo_backend_no_gate\data\200\SDT_200_0.4_0.6_1.txt,12288,1200,SOLVED,SOLVED,MATCH,True,True,True,200,200,150861,150861,150861,150861,309.086,333.78,1.079894,320.292,359.108,1.121189,91231,91231,True,30095,30095,182461,182461,16.0089,18.793,0,0,0.4735,0.4244,0,0,False,,[run] n=200 seed=0 input=D:\test2\results\memo_backend_no_gate\data\200\SDT_200_0.4_0.6_1.txt decomp=adaptive memo_backend=custom use_ub=0 use_lb=0 terminal_rules=1 position_filtering_enabled=1 enable_lawler_basic_rules=1 enable_simple_lb=0 enable_lb_memo=0 enable_edd_ub=0 ub_depth_limit=-1 lb_depth_limit=-1 terminal_all_tardy_spt=1 terminal_edd_at_most_one_tardy=1 enable_memo=1 enable_exact_memo=1 memo_full_key_verification=1 memo_memory_limit_mb=12288 cost=150861 time_ms=309.086 nodes=91231 max_depth=199 memo_hits=30095 memo_misses=182461 memo_exact_hits=30095 memo_lb_hits=0 rule4=1 valid_pos=3494130 valid_pos_pruned_3a=0 valid_pos_pruned_3b=0 memo_rejected=0 memo_forced_evict=0 lufo_passes=0 terminal_spt=804 terminal_edd=5326 memo_peak=91231 memo_final=91231 memo_evictions=0 memo_clean_time_ms=0 reconstruction_time_ms=0.4735 reconstruction_repairs=0 reconstruction_trace_hits=147 reconstruction_trace_fallbacks=0 memo_used_mb=16.0089 memo_bytes_per_entry=184,[run] n=200 seed=0 input=D:\test2\results\memo_backend_no_gate\data\200\SDT_200_0.4_0.6_1.txt decomp=adaptive memo_backend=std_unordered use_ub=0 use_lb=0 terminal_rules=1 position_filtering_enabled=1 enable_lawler_basic_rules=1 enable_simple_lb=0 enable_lb_memo=0 enable_edd_ub=0 ub_depth_limit=-1 lb_depth_limit=-1 terminal_all_tardy_spt=1 terminal_edd_at_most_one_tardy=1 enable_memo=1 enable_exact_memo=1 memo_full_key_verification=1 memo_memory_limit_mb=12288 cost=150861 time_ms=333.78 nodes=91231 max_depth=199 memo_hits=30095 memo_misses=182461 memo_exact_hits=30095 memo_lb_hits=0 rule4=1 valid_pos=3494130 valid_pos_pruned_3a=0 valid_pos_pruned_3b=0 memo_rejected=0 memo_forced_evict=0 lufo_passes=0 terminal_spt=804 terminal_edd=5326 memo_peak=91231 memo_final=91231 memo_evictions=0 memo_clean_time_ms=0 reconstruction_time_ms=0.4244 reconstruction_repairs=0 reconstruction_trace_hits=147 reconstruction_trace_fallbacks=0 memo_used_mb=18.793 memo_bytes_per_entry=216,C:\c++\test2\results\memo_backend_no_gate\raw_results.csv,False,0.9260171370363713,0.8518544138775076,True,True
200,0.4,0.6,1,D:\test2\results\memo_backend_no_gate\data\200\SDT_200_0.4_0.6_2.txt,12288,1200,SOLVED,SOLVED,MATCH,True,True,True,200,200,143107,143107,143107,143107,179.455,188.078,1.048051,190.69,205.923,1.079884,55531,55531,True,12475,12475,111061,111061,9.74436,11.439,0,0,0.3676,0.2584,0,0,False,,[run] n=200 seed=1 input=D:\test2\results\memo_backend_no_gate\data\200\SDT_200_0.4_0.6_2.txt decomp=adaptive memo_backend=custom use_ub=0 use_lb=0 terminal_rules=1 position_filtering_enabled=1 enable_lawler_basic_rules=1 enable_simple_lb=0 enable_lb_memo=0 enable_edd_ub=0 ub_depth_limit=-1 lb_depth_limit=-1 terminal_all_tardy_spt=1 terminal_edd_at_most_one_tardy=1 enable_memo=1 enable_exact_memo=1 memo_full_key_verification=1 memo_memory_limit_mb=12288 cost=143107 time_ms=179.455 nodes=55531 max_depth=199 memo_hits=12475 memo_misses=111061 memo_exact_hits=12475 memo_lb_hits=0 rule4=1 valid_pos=2012490 valid_pos_pruned_3a=0 valid_pos_pruned_3b=0 memo_rejected=0 memo_forced_evict=0 lufo_passes=0 terminal_spt=438 terminal_edd=3303 memo_peak=55531 memo_final=55531 memo_evictions=0 memo_clean_time_ms=0 reconstruction_time_ms=0.3676 reconstruction_repairs=0 reconstruction_trace_hits=114 reconstruction_trace_fallbacks=0 memo_used_mb=9.74436 memo_bytes_per_entry=184,[run] n=200 seed=1 input=D:\test2\results\memo_backend_no_gate\data\200\SDT_200_0.4_0.6_2.txt decomp=adaptive memo_backend=std_unordered use_ub=0 use_lb=0 terminal_rules=1 position_filtering_enabled=1 enable_lawler_basic_rules=1 enable_simple_lb=0 enable_lb_memo=0 enable_edd_ub=0 ub_depth_limit=-1 lb_depth_limit=-1 terminal_all_tardy_spt=1 terminal_edd_at_most_one_tardy=1 enable_memo=1 enable_exact_memo=1 memo_full_key_verification=1 memo_memory_limit_mb=12288 cost=143107 time_ms=188.078 nodes=55531 max_depth=199 memo_hits=12475 memo_misses=111061 memo_exact_hits=12475 memo_lb_hits=0 rule4=1 valid_pos=2012490 valid_pos_pruned_3a=0 valid_pos_pruned_3b=0 memo_rejected=0 memo_forced_evict=0 lufo_passes=0 terminal_spt=438 terminal_edd=3303 memo_peak=55531 memo_final=55531 memo_evictions=0 memo_clean_time_ms=0 reconstruction_time_ms=0.2584 reconstruction_repairs=0 reconstruction_trace_hits=114 reconstruction_trace_fallbacks=0 memo_used_mb=11.439 memo_bytes_per_entry=216,C:\c++\test2\results\memo_backend_no_gate\raw_results.csv,False,0.9541520007656399,0.8518541830579597,True,True
200,0.4,0.6,2,D:\test2\results\memo_backend_no_gate\data\200\SDT_200_0.4_0.6_3.txt,12288,1200,SOLVED,SOLVED,MATCH,True,True,True,200,200,151911,151911,151911,151911,144.316,157.278,1.089817,155.177,172.592,1.112227,43051,43051,True,12276,12276,86101,86101,7.55442,8.86823,0,0,0.3974,0.4016,0,0,False,,[run] n=200 seed=2 input=D:\test2\results\memo_backend_no_gate\data\200\SDT_200_0.4_0.6_3.txt decomp=adaptive memo_backend=custom use_ub=0 use_lb=0 terminal_rules=1 position_filtering_enabled=1 enable_lawler_basic_rules=1 enable_simple_lb=0 enable_lb_memo=0 enable_edd_ub=0 ub_depth_limit=-1 lb_depth_limit=-1 terminal_all_tardy_spt=1 terminal_edd_at_most_one_tardy=1 enable_memo=1 enable_exact_memo=1 memo_full_key_verification=1 memo_memory_limit_mb=12288 cost=151911 time_ms=144.316 nodes=43051 max_depth=199 memo_hits=12276 memo_misses=86101 memo_exact_hits=12276 memo_lb_hits=0 rule4=1 valid_pos=1595336 valid_pos_pruned_3a=0 valid_pos_pruned_3b=0 memo_rejected=0 memo_forced_evict=0 lufo_passes=0 terminal_spt=141 terminal_edd=3191 memo_peak=43051 memo_final=43051 memo_evictions=0 memo_clean_time_ms=0 reconstruction_time_ms=0.3974 reconstruction_repairs=0 reconstruction_trace_hits=147 reconstruction_trace_fallbacks=0 memo_used_mb=7.55442 memo_bytes_per_entry=184,[run] n=200 seed=2 input=D:\test2\results\memo_backend_no_gate\data\200\SDT_200_0.4_0.6_3.txt decomp=adaptive memo_backend=std_unordered use_ub=0 use_lb=0 terminal_rules=1 position_filtering_enabled=1 enable_lawler_basic_rules=1 enable_simple_lb=0 enable_lb_memo=0 enable_edd_ub=0 ub_depth_limit=-1 lb_depth_limit=-1 terminal_all_tardy_spt=1 terminal_edd_at_most_one_tardy=1 enable_memo=1 enable_exact_memo=1 memo_full_key_verification=1 memo_memory_limit_mb=12288 cost=151911 time_ms=157.278 nodes=43051 max_depth=199 memo_hits=12276 memo_misses=86101 memo_exact_hits=12276 memo_lb_hits=0 rule4=1 valid_pos=1595336 valid_pos_pruned_3a=0 valid_pos_pruned_3b=0 memo_rejected=0 memo_forced_evict=0 lufo_passes=0 terminal_spt=141 terminal_edd=3191 memo_peak=43051 memo_final=43051 memo_evictions=0 memo_clean_time_ms=0 reconstruction_time_ms=0.4016 reconstruction_repairs=0 reconstruction_trace_hits=147 reconstruction_trace_fallbacks=0 memo_used_mb=8.86823 memo_bytes_per_entry=216,C:\c++\test2\results\memo_backend_no_gate\raw_results.csv,False,0.9175854219916327,0.8518520606705058,True,True
200,0.4,0.6,3,D:\test2\results\memo_backend_no_gate\data\200\SDT_200_0.4_0.6_4.txt,12288,1200,SOLVED,SOLVED,MATCH,True,True,True,200,200,145395,145395,145395,145395,126.921,144.089,1.135265,137.618,159.019,1.15551,40293,40293,True,8062,8062,80585,80585,7.07046,8.3001,0,0,0.4819,0.4197,0,0,False,,[run] n=200 seed=3 input=D:\test2\results\memo_backend_no_gate\data\200\SDT_200_0.4_0.6_4.txt decomp=adaptive memo_backend=custom use_ub=0 use_lb=0 terminal_rules=1 position_filtering_enabled=1 enable_lawler_basic_rules=1 enable_simple_lb=0 enable_lb_memo=0 enable_edd_ub=0 ub_depth_limit=-1 lb_depth_limit=-1 terminal_all_tardy_spt=1 terminal_edd_at_most_one_tardy=1 enable_memo=1 enable_exact_memo=1 memo_full_key_verification=1 memo_memory_limit_mb=12288 cost=145395 time_ms=126.921 nodes=40293 max_depth=199 memo_hits=8062 memo_misses=80585 memo_exact_hits=8062 memo_lb_hits=0 rule4=1 valid_pos=1452464 valid_pos_pruned_3a=0 valid_pos_pruned_3b=0 memo_rejected=0 memo_forced_evict=0 lufo_passes=0 terminal_spt=110 terminal_edd=3115 memo_peak=40293 memo_final=40293 memo_evictions=0 memo_clean_time_ms=0 reconstruction_time_ms=0.4819 reconstruction_repairs=0 reconstruction_trace_hits=150 reconstruction_trace_fallbacks=0 memo_used_mb=7.07046 memo_bytes_per_entry=184,[run] n=200 seed=3 input=D:\test2\results\memo_backend_no_gate\data\200\SDT_200_0.4_0.6_4.txt decomp=adaptive memo_backend=std_unordered use_ub=0 use_lb=0 terminal_rules=1 position_filtering_enabled=1 enable_lawler_basic_rules=1 enable_simple_lb=0 enable_lb_memo=0 enable_edd_ub=0 ub_depth_limit=-1 lb_depth_limit=-1 terminal_all_tardy_spt=1 terminal_edd_at_most_one_tardy=1 enable_memo=1 enable_exact_memo=1 memo_full_key_verification=1 memo_memory_limit_mb=12288 cost=145395 time_ms=144.089 nodes=40293 max_depth=199 memo_hits=8062 memo_misses=80585 memo_exact_hits=8062 memo_lb_hits=0 rule4=1 valid_pos=1452464 valid_pos_pruned_3a=0 valid_pos_pruned_3b=0 memo_rejected=0 memo_forced_evict=0 lufo_passes=0 terminal_spt=110 terminal_edd=3115 memo_peak=40293 memo_final=40293 memo_evictions=0 memo_clean_time_ms=0 reconstruction_time_ms=0.4197 reconstruction_repairs=0 reconstruction_trace_hits=150 reconstruction_trace_fallbacks=0 memo_used_mb=8.3001 memo_bytes_per_entry=216,C:\c++\test2\results\memo_backend_no_gate\raw_results.csv,False,0.8808514182206831,0.8518523873206346,True,True
200,0.4,0.6,4,D:\test2\results\memo_backend_no_gate\data\200\SDT_200_0.4_0.6_5.txt,12288,1200,SOLVED,SOLVED,MATCH,True,True,True,200,200,142012,142012,142012,142012,221.822,243.918,1.099611,232.831,265.351,1.139672,73571,73571,True,11920,11920,147141,147141,12.91,15.1552,0,0,0.5047,0.4343,0,0,False,,[run] n=200 seed=4 input=D:\test2\results\memo_backend_no_gate\data\200\SDT_200_0.4_0.6_5.txt decomp=adaptive memo_backend=custom use_ub=0 use_lb=0 terminal_rules=1 position_filtering_enabled=1 enable_lawler_basic_rules=1 enable_simple_lb=0 enable_lb_memo=0 enable_edd_ub=0 ub_depth_limit=-1 lb_depth_limit=-1 terminal_all_tardy_spt=1 terminal_edd_at_most_one_tardy=1 enable_memo=1 enable_exact_memo=1 memo_full_key_verification=1 memo_memory_limit_mb=12288 cost=142012 time_ms=221.822 nodes=73571 max_depth=199 memo_hits=11920 memo_misses=147141 memo_exact_hits=11920 memo_lb_hits=0 rule4=1 valid_pos=2578464 valid_pos_pruned_3a=0 valid_pos_pruned_3b=0 memo_rejected=0 memo_forced_evict=0 lufo_passes=0 terminal_spt=404 terminal_edd=3073 memo_peak=73571 memo_final=73571 memo_evictions=0 memo_clean_time_ms=0 reconstruction_time_ms=0.5047 reconstruction_repairs=0 reconstruction_trace_hits=166 reconstruction_trace_fallbacks=0 memo_used_mb=12.91 memo_bytes_per_entry=184,[run] n=200 seed=4 input=D:\test2\results\memo_backend_no_gate\data\200\SDT_200_0.4_0.6_5.txt decomp=adaptive memo_backend=std_unordered use_ub=0 use_lb=0 terminal_rules=1 position_filtering_enabled=1 enable_lawler_basic_rules=1 enable_simple_lb=0 enable_lb_memo=0 enable_edd_ub=0 ub_depth_limit=-1 lb_depth_limit=-1 terminal_all_tardy_spt=1 terminal_edd_at_most_one_tardy=1 enable_memo=1 enable_exact_memo=1 memo_full_key_verification=1 memo_memory_limit_mb=12288 cost=142012 time_ms=243.918 nodes=73571 max_depth=199 memo_hits=11920 memo_misses=147141 memo_exact_hits=11920 memo_lb_hits=0 rule4=1 valid_pos=2578464 valid_pos_pruned_3a=0 valid_pos_pruned_3b=0 memo_rejected=0 memo_forced_evict=0 lufo_passes=0 terminal_spt=404 terminal_edd=3073 memo_peak=73571 memo_final=73571 memo_evictions=0 memo_clean_time_ms=0 reconstruction_time_ms=0.4343 reconstruction_repairs=0 reconstruction_trace_hits=166 reconstruction_trace_fallbacks=0 memo_used_mb=15.1552 memo_bytes_per_entry=216,C:\c++\test2\results\memo_backend_no_gate\raw_results.csv,False,0.9094121795029477,0.8518528293918919,True,True
200,0.4,0.6,5,D:\test2\results\memo_backend_no_gate\data\200\SDT_200_0.4_0.6_6.txt,12288,1200,SOLVED,SOLVED,MATCH,True,True,True,200,200,129831,129831,129831,129831,250.445,277.089,1.106387,261.66,298.444,1.140579,71474,71474,True,13908,13908,142947,142947,12.542,14.7232,0,0,0.3356,0.2652,0,0,False,,[run] n=200 seed=5 input=D:\test2\results\memo_backend_no_gate\data\200\SDT_200_0.4_0.6_6.txt decomp=adaptive memo_backend=custom use_ub=0 use_lb=0 terminal_rules=1 position_filtering_enabled=1 enable_lawler_basic_rules=1 enable_simple_lb=0 enable_lb_memo=0 enable_edd_ub=0 ub_depth_limit=-1 lb_depth_limit=-1 terminal_all_tardy_spt=1 terminal_edd_at_most_one_tardy=1 enable_memo=1 enable_exact_memo=1 memo_full_key_verification=1 memo_memory_limit_mb=12288 cost=129831 time_ms=250.445 nodes=71474 max_depth=199 memo_hits=13908 memo_misses=142947 memo_exact_hits=13908 memo_lb_hits=0 rule4=1 valid_pos=3011573 valid_pos_pruned_3a=0 valid_pos_pruned_3b=0 memo_rejected=0 memo_forced_evict=0 lufo_passes=0 terminal_spt=231 terminal_edd=3961 memo_peak=71474 memo_final=71474 memo_evictions=0 memo_clean_time_ms=0 reconstruction_time_ms=0.3356 reconstruction_repairs=0 reconstruction_trace_hits=120 reconstruction_trace_fallbacks=0 memo_used_mb=12.542 memo_bytes_per_entry=184,[run] n=200 seed=5 input=D:\test2\results\memo_backend_no_gate\data\200\SDT_200_0.4_0.6_6.txt decomp=adaptive memo_backend=std_unordered use_ub=0 use_lb=0 terminal_rules=1 position_filtering_enabled=1 enable_lawler_basic_rules=1 enable_simple_lb=0 enable_lb_memo=0 enable_edd_ub=0 ub_depth_limit=-1 lb_depth_limit=-1 terminal_all_tardy_spt=1 terminal_edd_at_most_one_tardy=1 enable_memo=1 enable_exact_memo=1 memo_full_key_verification=1 memo_memory_limit_mb=12288 cost=129831 time_ms=277.089 nodes=71474 max_depth=199 memo_hits=13908 memo_misses=142947 memo_exact_hits=13908 memo_lb_hits=0 rule4=1 valid_pos=3011573 valid_pos_pruned_3a=0 valid_pos_pruned_3b=0 memo_rejected=0 memo_forced_evict=0 lufo_passes=0 terminal_spt=231 terminal_edd=3961 memo_peak=71474 memo_final=71474 memo_evictions=0 memo_clean_time_ms=0 reconstruction_time_ms=0.2652 reconstruction_repairs=0 reconstruction_trace_hits=120 reconstruction_trace_fallbacks=0 memo_used_mb=14.7232 memo_bytes_per_entry=216,C:\c++\test2\results\memo_backend_no_gate\raw_results.csv,False,0.9038431695231496,0.8518528580743316,True,True
200,0.4,0.6,6,D:\test2\results\memo_backend_no_gate\data\200\SDT_200_0.4_0.6_7.txt,12288,1200,SOLVED,SOLVED,MATCH,True,True,True,200,200,177143,177143,177143,177143,58.0349,62.2847,1.073228,70.488,73.854,1.047753,21972,21972,True,6025,6025,43943,43943,3.85556,4.52609,0,0,0.4332,0.3758,0,0,False,,[run] n=200 seed=6 input=D:\test2\results\memo_backend_no_gate\data\200\SDT_200_0.4_0.6_7.txt decomp=adaptive memo_backend=custom use_ub=0 use_lb=0 terminal_rules=1 position_filtering_enabled=1 enable_lawler_basic_rules=1 enable_simple_lb=0 enable_lb_memo=0 enable_edd_ub=0 ub_depth_limit=-1 lb_depth_limit=-1 terminal_all_tardy_spt=1 terminal_edd_at_most_one_tardy=1 enable_memo=1 enable_exact_memo=1 memo_full_key_verification=1 memo_memory_limit_mb=12288 cost=177143 time_ms=58.0349 nodes=21972 max_depth=199 memo_hits=6025 memo_misses=43943 memo_exact_hits=6025 memo_lb_hits=0 rule4=1 valid_pos=598216 valid_pos_pruned_3a=0 valid_pos_pruned_3b=0 memo_rejected=0 memo_forced_evict=0 lufo_passes=0 terminal_spt=98 terminal_edd=2511 memo_peak=21972 memo_final=21972 memo_evictions=0 memo_clean_time_ms=0 reconstruction_time_ms=0.4332 reconstruction_repairs=0 reconstruction_trace_hits=149 reconstruction_trace_fallbacks=0 memo_used_mb=3.85556 memo_bytes_per_entry=184,[run] n=200 seed=6 input=D:\test2\results\memo_backend_no_gate\data\200\SDT_200_0.4_0.6_7.txt decomp=adaptive memo_backend=std_unordered use_ub=0 use_lb=0 terminal_rules=1 position_filtering_enabled=1 enable_lawler_basic_rules=1 enable_simple_lb=0 enable_lb_memo=0 enable_edd_ub=0 ub_depth_limit=-1 lb_depth_limit=-1 terminal_all_tardy_spt=1 terminal_edd_at_most_one_tardy=1 enable_memo=1 enable_exact_memo=1 memo_full_key_verification=1 memo_memory_limit_mb=12288 cost=177143 time_ms=62.2847 nodes=21972 max_depth=199 memo_hits=6025 memo_misses=43943 memo_exact_hits=6025 memo_lb_hits=0 rule4=1 valid_pos=598216 valid_pos_pruned_3a=0 valid_pos_pruned_3b=0 memo_rejected=0 memo_forced_evict=0 lufo_passes=0 terminal_spt=98 terminal_edd=2511 memo_peak=21972 memo_final=21972 memo_evictions=0 memo_clean_time_ms=0 reconstruction_time_ms=0.3758 reconstruction_repairs=0 reconstruction_trace_hits=149 reconstruction_trace_fallbacks=0 memo_used_mb=4.52609 memo_bytes_per_entry=216,C:\c++\test2\results\memo_backend_no_gate\raw_results.csv,False,0.9317681549401378,0.8518522610023221,True,True
200,0.4,0.6,7,D:\test2\results\memo_backend_no_gate\data\200\SDT_200_0.4_0.6_8.txt,12288,1200,SOLVED,SOLVED,MATCH,True,True,True,200,200,141993,141993,141993,141993,44.1624,44.2462,1.001898,54.451,54.794,1.006299,15745,15745,True,3868,3868,31489,31489,2.76287,3.24337,0,0,0.4018,0.364,0,0,False,,[run] n=200 seed=7 input=D:\test2\results\memo_backend_no_gate\data\200\SDT_200_0.4_0.6_8.txt decomp=adaptive memo_backend=custom use_ub=0 use_lb=0 terminal_rules=1 position_filtering_enabled=1 enable_lawler_basic_rules=1 enable_simple_lb=0 enable_lb_memo=0 enable_edd_ub=0 ub_depth_limit=-1 lb_depth_limit=-1 terminal_all_tardy_spt=1 terminal_edd_at_most_one_tardy=1 enable_memo=1 enable_exact_memo=1 memo_full_key_verification=1 memo_memory_limit_mb=12288 cost=141993 time_ms=44.1624 nodes=15745 max_depth=199 memo_hits=3868 memo_misses=31489 memo_exact_hits=3868 memo_lb_hits=0 rule4=1 valid_pos=380206 valid_pos_pruned_3a=0 valid_pos_pruned_3b=0 memo_rejected=0 memo_forced_evict=0 lufo_passes=0 terminal_spt=62 terminal_edd=1663 memo_peak=15745 memo_final=15745 memo_evictions=0 memo_clean_time_ms=0 reconstruction_time_ms=0.4018 reconstruction_repairs=0 reconstruction_trace_hits=137 reconstruction_trace_fallbacks=0 memo_used_mb=2.76287 memo_bytes_per_entry=184,[run] n=200 seed=7 input=D:\test2\results\memo_backend_no_gate\data\200\SDT_200_0.4_0.6_8.txt decomp=adaptive memo_backend=std_unordered use_ub=0 use_lb=0 terminal_rules=1 position_filtering_enabled=1 enable_lawler_basic_rules=1 enable_simple_lb=0 enable_lb_memo=0 enable_edd_ub=0 ub_depth_limit=-1 lb_depth_limit=-1 terminal_all_tardy_spt=1 terminal_edd_at_most_one_tardy=1 enable_memo=1 enable_exact_memo=1 memo_full_key_verification=1 memo_memory_limit_mb=12288 cost=141993 time_ms=44.2462 nodes=15745 max_depth=199 memo_hits=3868 memo_misses=31489 memo_exact_hits=3868 memo_lb_hits=0 rule4=1 valid_pos=380206 valid_pos_pruned_3a=0 valid_pos_pruned_3b=0 memo_rejected=0 memo_forced_evict=0 lufo_passes=0 terminal_spt=62 terminal_edd=1663 memo_peak=15745 memo_final=15745 memo_evictions=0 memo_clean_time_ms=0 reconstruction_time_ms=0.364 reconstruction_repairs=0 reconstruction_trace_hits=137 reconstruction_trace_fallbacks=0 memo_used_mb=3.24337 memo_bytes_per_entry=216,C:\c++\test2\results\memo_backend_no_gate\raw_results.csv,False,0.9981060520451474,0.8518516234657162,True,True
200,0.4,0.6,8,D:\test2\results\memo_backend_no_gate\data\200\SDT_200_0.4_0.6_9.txt,12288,1200,SOLVED,SOLVED,MATCH,True,True,True,200,200,173263,173263,173263,173263,185.962,196.297,1.055576,196.76,215.594,1.095721,57572,57572,True,13747,13747,115143,115143,10.1025,11.8595,0,0,0.4559,0.3557,0,0,False,,[run] n=200 seed=8 input=D:\test2\results\memo_backend_no_gate\data\200\SDT_200_0.4_0.6_9.txt decomp=adaptive memo_backend=custom use_ub=0 use_lb=0 terminal_rules=1 position_filtering_enabled=1 enable_lawler_basic_rules=1 enable_simple_lb=0 enable_lb_memo=0 enable_edd_ub=0 ub_depth_limit=-1 lb_depth_limit=-1 terminal_all_tardy_spt=1 terminal_edd_at_most_one_tardy=1 enable_memo=1 enable_exact_memo=1 memo_full_key_verification=1 memo_memory_limit_mb=12288 cost=173263 time_ms=185.962 nodes=57572 max_depth=199 memo_hits=13747 memo_misses=115143 memo_exact_hits=13747 memo_lb_hits=0 rule4=1 valid_pos=2246578 valid_pos_pruned_3a=0 valid_pos_pruned_3b=0 memo_rejected=0 memo_forced_evict=0 lufo_passes=0 terminal_spt=208 terminal_edd=3430 memo_peak=57572 memo_final=57572 memo_evictions=0 memo_clean_time_ms=0 reconstruction_time_ms=0.4559 reconstruction_repairs=0 reconstruction_trace_hits=140 reconstruction_trace_fallbacks=0 memo_used_mb=10.1025 memo_bytes_per_entry=184,[run] n=200 seed=8 input=D:\test2\results\memo_backend_no_gate\data\200\SDT_200_0.4_0.6_9.txt decomp=adaptive memo_backend=std_unordered use_ub=0 use_lb=0 terminal_rules=1 position_filtering_enabled=1 enable_lawler_basic_rules=1 enable_simple_lb=0 enable_lb_memo=0 enable_edd_ub=0 ub_depth_limit=-1 lb_depth_limit=-1 terminal_all_tardy_spt=1 terminal_edd_at_most_one_tardy=1 enable_memo=1 enable_exact_memo=1 memo_full_key_verification=1 memo_memory_limit_mb=12288 cost=173263 time_ms=196.297 nodes=57572 max_depth=199 memo_hits=13747 memo_misses=115143 memo_exact_hits=13747 memo_lb_hits=0 rule4=1 valid_pos=2246578 valid_pos_pruned_3a=0 valid_pos_pruned_3b=0 memo_rejected=0 memo_forced_evict=0 lufo_passes=0 terminal_spt=208 terminal_edd=3430 memo_peak=57572 memo_final=57572 memo_evictions=0 memo_clean_time_ms=0 reconstruction_time_ms=0.3557 reconstruction_repairs=0 reconstruction_trace_hits=140 reconstruction_trace_fallbacks=0 memo_used_mb=11.8595 memo_bytes_per_entry=216,C:\c++\test2\results\memo_backend_no_gate\raw_results.csv,False,0.9473501887446063,0.8518487288671528,True,True
200,0.4,0.6,9,D:\test2\results\memo_backend_no_gate\data\200\SDT_200_0.4_0.6_10.txt,12288,1200,SOLVED,SOLVED,MATCH,True,True,True,200,200,159250,159250,159250,159250,211.558,224.797,1.062579,222.822,243.83,1.094282,63182,63182,True,13934,13934,126363,126363,11.0869,13.0151,0,0,0.3775,0.3446,0,0,False,,[run] n=200 seed=9 input=D:\test2\results\memo_backend_no_gate\data\200\SDT_200_0.4_0.6_10.txt decomp=adaptive memo_backend=custom use_ub=0 use_lb=0 terminal_rules=1 position_filtering_enabled=1 enable_lawler_basic_rules=1 enable_simple_lb=0 enable_lb_memo=0 enable_edd_ub=0 ub_depth_limit=-1 lb_depth_limit=-1 terminal_all_tardy_spt=1 terminal_edd_at_most_one_tardy=1 enable_memo=1 enable_exact_memo=1 memo_full_key_verification=1 memo_memory_limit_mb=12288 cost=159250 time_ms=211.558 nodes=63182 max_depth=199 memo_hits=13934 memo_misses=126363 memo_exact_hits=13934 memo_lb_hits=0 rule4=1 valid_pos=2577243 valid_pos_pruned_3a=0 valid_pos_pruned_3b=0 memo_rejected=0 memo_forced_evict=0 lufo_passes=0 terminal_spt=505 terminal_edd=3886 memo_peak=63182 memo_final=63182 memo_evictions=0 memo_clean_time_ms=0 reconstruction_time_ms=0.3775 reconstruction_repairs=0 reconstruction_trace_hits=142 reconstruction_trace_fallbacks=0 memo_used_mb=11.0869 memo_bytes_per_entry=184,[run] n=200 seed=9 input=D:\test2\results\memo_backend_no_gate\data\200\SDT_200_0.4_0.6_10.txt decomp=adaptive memo_backend=std_unordered use_ub=0 use_lb=0 terminal_rules=1 position_filtering_enabled=1 enable_lawler_basic_rules=1 enable_simple_lb=0 enable_lb_memo=0 enable_edd_ub=0 ub_depth_limit=-1 lb_depth_limit=-1 terminal_all_tardy_spt=1 terminal_edd_at_most_one_tardy=1 enable_memo=1 enable_exact_memo=1 memo_full_key_verification=1 memo_memory_limit_mb=12288 cost=159250 time_ms=224.797 nodes=63182 max_depth=199 memo_hits=13934 memo_misses=126363 memo_exact_hits=13934 memo_lb_hits=0 rule4=1 valid_pos=2577243 valid_pos_pruned_3a=0 valid_pos_pruned_3b=0 memo_rejected=0 memo_forced_evict=0 lufo_passes=0 terminal_spt=505 terminal_edd=3886 memo_peak=63182 memo_final=63182 memo_evictions=0 memo_clean_time_ms=0 reconstruction_time_ms=0.3446 reconstruction_repairs=0 reconstruction_trace_hits=142 reconstruction_trace_fallbacks=0 memo_used_mb=13.0151 memo_bytes_per_entry=216,C:\c++\test2\results\memo_backend_no_gate\raw_results.csv,False,0.941106865305142,0.8518490061543899,True,True
300,0.2,0.6,0,D:\test2\results\memo_backend_no_gate\data\300\SDT_300_0.2_0.6_1.txt,12288,1200,SOLVED,SOLVED,MATCH,True,True,True,300,300,471817,471817,471817,471817,2184.87,2458.65,1.125307,2200.399,2572.627,1.169164,525659,525659,True,87030,87030,1051317,1051317,96.251,112.293,0,0,0.9478,0.84,0,0,False,,[run] n=300 seed=0 input=D:\test2\results\memo_backend_no_gate\data\300\SDT_300_0.2_0.6_1.txt decomp=adaptive memo_backend=custom use_ub=0 use_lb=0 terminal_rules=1 position_filtering_enabled=1 enable_lawler_basic_rules=1 enable_simple_lb=0 enable_lb_memo=0 enable_edd_ub=0 ub_depth_limit=-1 lb_depth_limit=-1 terminal_all_tardy_spt=1 terminal_edd_at_most_one_tardy=1 enable_memo=1 enable_exact_memo=1 memo_full_key_verification=1 memo_memory_limit_mb=12288 cost=471817 time_ms=2184.87 nodes=525659 max_depth=299 memo_hits=87030 memo_misses=1051317 memo_exact_hits=87030 memo_lb_hits=0 rule4=1 valid_pos=30687370 valid_pos_pruned_3a=0 valid_pos_pruned_3b=0 memo_rejected=0 memo_forced_evict=0 lufo_passes=0 terminal_spt=9593 terminal_edd=40592 memo_peak=525659 memo_final=525659 memo_evictions=0 memo_clean_time_ms=0 reconstruction_time_ms=0.9478 reconstruction_repairs=0 reconstruction_trace_hits=251 reconstruction_trace_fallbacks=0 memo_used_mb=96.251 memo_bytes_per_entry=192,[run] n=300 seed=0 input=D:\test2\results\memo_backend_no_gate\data\300\SDT_300_0.2_0.6_1.txt decomp=adaptive memo_backend=std_unordered use_ub=0 use_lb=0 terminal_rules=1 position_filtering_enabled=1 enable_lawler_basic_rules=1 enable_simple_lb=0 enable_lb_memo=0 enable_edd_ub=0 ub_depth_limit=-1 lb_depth_limit=-1 terminal_all_tardy_spt=1 terminal_edd_at_most_one_tardy=1 enable_memo=1 enable_exact_memo=1 memo_full_key_verification=1 memo_memory_limit_mb=12288 cost=471817 time_ms=2458.65 nodes=525659 max_depth=299 memo_hits=87030 memo_misses=1051317 memo_exact_hits=87030 memo_lb_hits=0 rule4=1 valid_pos=30687370 valid_pos_pruned_3a=0 valid_pos_pruned_3b=0 memo_rejected=0 memo_forced_evict=0 lufo_passes=0 terminal_spt=9593 terminal_edd=40592 memo_peak=525659 memo_final=525659 memo_evictions=0 memo_clean_time_ms=0 reconstruction_time_ms=0.84 reconstruction_repairs=0 reconstruction_trace_hits=251 reconstruction_trace_fallbacks=0 memo_used_mb=112.293 memo_bytes_per_entry=224,C:\c++\test2\results\memo_backend_no_gate\raw_results.csv,False,0.8886462082850344,0.8571415849607723,True,True
300,0.2,0.6,1,D:\test2\results\memo_backend_no_gate\data\300\SDT_300_0.2_0.6_2.txt,12288,1200,SOLVED,SOLVED,MATCH,True,True,True,300,300,419375,419375,419375,419375,2341.67,2632.67,1.12427,2357.193,2748.516,1.166012,532837,532837,True,80692,80692,1065673,1065673,97.5654,113.826,0,0,0.9024,0.8647,0,0,False,,[run] n=300 seed=1 input=D:\test2\results\memo_backend_no_gate\data\300\SDT_300_0.2_0.6_2.txt decomp=adaptive memo_backend=custom use_ub=0 use_lb=0 terminal_rules=1 position_filtering_enabled=1 enable_lawler_basic_rules=1 enable_simple_lb=0 enable_lb_memo=0 enable_edd_ub=0 ub_depth_limit=-1 lb_depth_limit=-1 terminal_all_tardy_spt=1 terminal_edd_at_most_one_tardy=1 enable_memo=1 enable_exact_memo=1 memo_full_key_verification=1 memo_memory_limit_mb=12288 cost=419375 time_ms=2341.67 nodes=532837 max_depth=299 memo_hits=80692 memo_misses=1065673 memo_exact_hits=80692 memo_lb_hits=0 rule4=1 valid_pos=33868162 valid_pos_pruned_3a=0 valid_pos_pruned_3b=0 memo_rejected=0 memo_forced_evict=0 lufo_passes=0 terminal_spt=16039 terminal_edd=37345 memo_peak=532837 memo_final=532837 memo_evictions=0 memo_clean_time_ms=0 reconstruction_time_ms=0.9024 reconstruction_repairs=0 reconstruction_trace_hits=238 reconstruction_trace_fallbacks=0 memo_used_mb=97.5654 memo_bytes_per_entry=192,[run] n=300 seed=1 input=D:\test2\results\memo_backend_no_gate\data\300\SDT_300_0.2_0.6_2.txt decomp=adaptive memo_backend=std_unordered use_ub=0 use_lb=0 terminal_rules=1 position_filtering_enabled=1 enable_lawler_basic_rules=1 enable_simple_lb=0 enable_lb_memo=0 enable_edd_ub=0 ub_depth_limit=-1 lb_depth_limit=-1 terminal_all_tardy_spt=1 terminal_edd_at_most_one_tardy=1 enable_memo=1 enable_exact_memo=1 memo_full_key_verification=1 memo_memory_limit_mb=12288 cost=419375 time_ms=2632.67 nodes=532837 max_depth=299 memo_hits=80692 memo_misses=1065673 memo_exact_hits=80692 memo_lb_hits=0 rule4=1 valid_pos=33868162 valid_pos_pruned_3a=0 valid_pos_pruned_3b=0 memo_rejected=0 memo_forced_evict=0 lufo_passes=0 terminal_spt=16039 terminal_edd=37345 memo_peak=532837 memo_final=532837 memo_evictions=0 memo_clean_time_ms=0 reconstruction_time_ms=0.8647 reconstruction_repairs=0 reconstruction_trace_hits=238 reconstruction_trace_fallbacks=0 memo_used_mb=113.826 memo_bytes_per_entry=224,C:\c++\test2\results\memo_backend_no_gate\raw_results.csv,False,0.8894658274679318,0.8571451162300353,True,True
300,0.2,0.6,2,D:\test2\results\memo_backend_no_gate\data\300\SDT_300_0.2_0.6_3.txt,12288,1200,SOLVED,SOLVED,MATCH,True,True,True,300,300,411858,411858,411858,411858,1106.12,1240.07,1.121099,1120.884,1306.093,1.165235,294226,294226,True,48783,48783,588451,588451,53.8744,62.8535,0,0,0.7286,0.7143,0,0,False,,[run] n=300 seed=2 input=D:\test2\results\memo_backend_no_gate\data\300\SDT_300_0.2_0.6_3.txt decomp=adaptive memo_backend=custom use_ub=0 use_lb=0 terminal_rules=1 position_filtering_enabled=1 enable_lawler_basic_rules=1 enable_simple_lb=0 enable_lb_memo=0 enable_edd_ub=0 ub_depth_limit=-1 lb_depth_limit=-1 terminal_all_tardy_spt=1 terminal_edd_at_most_one_tardy=1 enable_memo=1 enable_exact_memo=1 memo_full_key_verification=1 memo_memory_limit_mb=12288 cost=411858 time_ms=1106.12 nodes=294226 max_depth=299 memo_hits=48783 memo_misses=588451 memo_exact_hits=48783 memo_lb_hits=0 rule4=1 valid_pos=15312082 valid_pos_pruned_3a=0 valid_pos_pruned_3b=0 memo_rejected=0 memo_forced_evict=0 lufo_passes=0 terminal_spt=4474 terminal_edd=17545 memo_peak=294226 memo_final=294226 memo_evictions=0 memo_clean_time_ms=0 reconstruction_time_ms=0.7286 reconstruction_repairs=0 reconstruction_trace_hits=207 reconstruction_trace_fallbacks=0 memo_used_mb=53.8744 memo_bytes_per_entry=192,[run] n=300 seed=2 input=D:\test2\results\memo_backend_no_gate\data\300\SDT_300_0.2_0.6_3.txt decomp=adaptive memo_backend=std_unordered use_ub=0 use_lb=0 terminal_rules=1 position_filtering_enabled=1 enable_lawler_basic_rules=1 enable_simple_lb=0 enable_lb_memo=0 enable_edd_ub=0 ub_depth_limit=-1 lb_depth_limit=-1 terminal_all_tardy_spt=1 terminal_edd_at_most_one_tardy=1 enable_memo=1 enable_exact_memo=1 memo_full_key_verification=1 memo_memory_limit_mb=12288 cost=411858 time_ms=1240.07 nodes=294226 max_depth=299 memo_hits=48783 memo_misses=588451 memo_exact_hits=48783 memo_lb_hits=0 rule4=1 valid_pos=15312082 valid_pos_pruned_3a=0 valid_pos_pruned_3b=0 memo_rejected=0 memo_forced_evict=0 lufo_passes=0 terminal_spt=4474 terminal_edd=17545 memo_peak=294226 memo_final=294226 memo_evictions=0 memo_clean_time_ms=0 reconstruction_time_ms=0.7143 reconstruction_repairs=0 reconstruction_trace_hits=207 reconstruction_trace_fallbacks=0 memo_used_mb=62.8535 memo_bytes_per_entry=224,C:\c++\test2\results\memo_backend_no_gate\raw_results.csv,False,0.8919819042473408,0.8571424025710581,True,True
300,0.2,0.6,3,D:\test2\results\memo_backend_no_gate\data\300\SDT_300_0.2_0.6_4.txt,12288,1200,SOLVED,SOLVED,MATCH,True,True,True,300,300,401677,401677,401677,401677,3874.92,4145.55,1.069841,3892.722,4307.77,1.106622,776886,776886,True,145008,145008,1553771,1553771,142.252,165.961,0,0,0.5894,0.599,0,0,False,,[run] n=300 seed=3 input=D:\test2\results\memo_backend_no_gate\data\300\SDT_300_0.2_0.6_4.txt decomp=adaptive memo_backend=custom use_ub=0 use_lb=0 terminal_rules=1 position_filtering_enabled=1 enable_lawler_basic_rules=1 enable_simple_lb=0 enable_lb_memo=0 enable_edd_ub=0 ub_depth_limit=-1 lb_depth_limit=-1 terminal_all_tardy_spt=1 terminal_edd_at_most_one_tardy=1 enable_memo=1 enable_exact_memo=1 memo_full_key_verification=1 memo_memory_limit_mb=12288 cost=401677 time_ms=3874.92 nodes=776886 max_depth=299 memo_hits=145008 memo_misses=1553771 memo_exact_hits=145008 memo_lb_hits=0 rule4=1 valid_pos=59029372 valid_pos_pruned_3a=0 valid_pos_pruned_3b=0 memo_rejected=0 memo_forced_evict=0 lufo_passes=0 terminal_spt=21303 terminal_edd=84855 memo_peak=776886 memo_final=776886 memo_evictions=0 memo_clean_time_ms=0 reconstruction_time_ms=0.5894 reconstruction_repairs=0 reconstruction_trace_hits=164 reconstruction_trace_fallbacks=0 memo_used_mb=142.252 memo_bytes_per_entry=192,[run] n=300 seed=3 input=D:\test2\results\memo_backend_no_gate\data\300\SDT_300_0.2_0.6_4.txt decomp=adaptive memo_backend=std_unordered use_ub=0 use_lb=0 terminal_rules=1 position_filtering_enabled=1 enable_lawler_basic_rules=1 enable_simple_lb=0 enable_lb_memo=0 enable_edd_ub=0 ub_depth_limit=-1 lb_depth_limit=-1 terminal_all_tardy_spt=1 terminal_edd_at_most_one_tardy=1 enable_memo=1 enable_exact_memo=1 memo_full_key_verification=1 memo_memory_limit_mb=12288 cost=401677 time_ms=4145.55 nodes=776886 max_depth=299 memo_hits=145008 memo_misses=1553771 memo_exact_hits=145008 memo_lb_hits=0 rule4=1 valid_pos=59029372 valid_pos_pruned_3a=0 valid_pos_pruned_3b=0 memo_rejected=0 memo_forced_evict=0 lufo_passes=0 terminal_spt=21303 terminal_edd=84855 memo_peak=776886 memo_final=776886 memo_evictions=0 memo_clean_time_ms=0 reconstruction_time_ms=0.599 reconstruction_repairs=0 reconstruction_trace_hits=164 reconstruction_trace_fallbacks=0 memo_used_mb=165.961 memo_bytes_per_entry=224,C:\c++\test2\results\memo_backend_no_gate\raw_results.csv,False,0.9347179505735065,0.8571411355679949,True,True
300,0.2,0.6,4,D:\test2\results\memo_backend_no_gate\data\300\SDT_300_0.2_0.6_5.txt,12288,1200,SOLVED,SOLVED,MATCH,True,True,True,300,300,431164,431164,431164,431164,1960.8,2126.24,1.084374,1976.09,2230.926,1.12896,499744,499744,True,72756,72756,999487,999487,91.5059,106.757,0,0,0.7148,0.6857,0,0,False,,[run] n=300 seed=4 input=D:\test2\results\memo_backend_no_gate\data\300\SDT_300_0.2_0.6_5.txt decomp=adaptive memo_backend=custom use_ub=0 use_lb=0 terminal_rules=1 position_filtering_enabled=1 enable_lawler_basic_rules=1 enable_simple_lb=0 enable_lb_memo=0 enable_edd_ub=0 ub_depth_limit=-1 lb_depth_limit=-1 terminal_all_tardy_spt=1 terminal_edd_at_most_one_tardy=1 enable_memo=1 enable_exact_memo=1 memo_full_key_verification=1 memo_memory_limit_mb=12288 cost=431164 time_ms=1960.8 nodes=499744 max_depth=299 memo_hits=72756 memo_misses=999487 memo_exact_hits=72756 memo_lb_hits=0 rule4=1 valid_pos=25939457 valid_pos_pruned_3a=0 valid_pos_pruned_3b=0 memo_rejected=0 memo_forced_evict=0 lufo_passes=0 terminal_spt=8352 terminal_edd=34950 memo_peak=499744 memo_final=499744 memo_evictions=0 memo_clean_time_ms=0 reconstruction_time_ms=0.7148 reconstruction_repairs=0 reconstruction_trace_hits=219 reconstruction_trace_fallbacks=0 memo_used_mb=91.5059 memo_bytes_per_entry=192,[run] n=300 seed=4 input=D:\test2\results\memo_backend_no_gate\data\300\SDT_300_0.2_0.6_5.txt decomp=adaptive memo_backend=std_unordered use_ub=0 use_lb=0 terminal_rules=1 position_filtering_enabled=1 enable_lawler_basic_rules=1 enable_simple_lb=0 enable_lb_memo=0 enable_edd_ub=0 ub_depth_limit=-1 lb_depth_limit=-1 terminal_all_tardy_spt=1 terminal_edd_at_most_one_tardy=1 enable_memo=1 enable_exact_memo=1 memo_full_key_verification=1 memo_memory_limit_mb=12288 cost=431164 time_ms=2126.24 nodes=499744 max_depth=299 memo_hits=72756 memo_misses=999487 memo_exact_hits=72756 memo_lb_hits=0 rule4=1 valid_pos=25939457 valid_pos_pruned_3a=0 valid_pos_pruned_3b=0 memo_rejected=0 memo_forced_evict=0 lufo_passes=0 terminal_spt=8352 terminal_edd=34950 memo_peak=499744 memo_final=499744 memo_evictions=0 memo_clean_time_ms=0 reconstruction_time_ms=0.6857 reconstruction_repairs=0 reconstruction_trace_hits=219 reconstruction_trace_fallbacks=0 memo_used_mb=106.757 memo_bytes_per_entry=224,C:\c++\test2\results\memo_backend_no_gate\raw_results.csv,False,0.9221912860260366,0.8571419204361306,True,True
300,0.2,0.6,5,D:\test2\results\memo_backend_no_gate\data\300\SDT_300_0.2_0.6_6.txt,12288,1200,SOLVED,SOLVED,MATCH,True,True,True,300,300,374499,374499,374499,374499,1590.27,1723.17,1.083571,1606.784,1804.532,1.123071,379769,379769,True,53969,53969,759537,759537,69.5378,81.1274,0,0,0.9046,0.8859,0,0,False,,[run] n=300 seed=5 input=D:\test2\results\memo_backend_no_gate\data\300\SDT_300_0.2_0.6_6.txt decomp=adaptive memo_backend=custom use_ub=0 use_lb=0 terminal_rules=1 position_filtering_enabled=1 enable_lawler_basic_rules=1 enable_simple_lb=0 enable_lb_memo=0 enable_edd_ub=0 ub_depth_limit=-1 lb_depth_limit=-1 terminal_all_tardy_spt=1 terminal_edd_at_most_one_tardy=1 enable_memo=1 enable_exact_memo=1 memo_full_key_verification=1 memo_memory_limit_mb=12288 cost=374499 time_ms=1590.27 nodes=379769 max_depth=299 memo_hits=53969 memo_misses=759537 memo_exact_hits=53969 memo_lb_hits=0 rule4=1 valid_pos=22325876 valid_pos_pruned_3a=0 valid_pos_pruned_3b=0 memo_rejected=0 memo_forced_evict=0 lufo_passes=0 terminal_spt=8096 terminal_edd=27134 memo_peak=379769 memo_final=379769 memo_evictions=0 memo_clean_time_ms=0 reconstruction_time_ms=0.9046 reconstruction_repairs=0 reconstruction_trace_hits=240 reconstruction_trace_fallbacks=0 memo_used_mb=69.5378 memo_bytes_per_entry=192,[run] n=300 seed=5 input=D:\test2\results\memo_backend_no_gate\data\300\SDT_300_0.2_0.6_6.txt decomp=adaptive memo_backend=std_unordered use_ub=0 use_lb=0 terminal_rules=1 position_filtering_enabled=1 enable_lawler_basic_rules=1 enable_simple_lb=0 enable_lb_memo=0 enable_edd_ub=0 ub_depth_limit=-1 lb_depth_limit=-1 terminal_all_tardy_spt=1 terminal_edd_at_most_one_tardy=1 enable_memo=1 enable_exact_memo=1 memo_full_key_verification=1 memo_memory_limit_mb=12288 cost=374499 time_ms=1723.17 nodes=379769 max_depth=299 memo_hits=53969 memo_misses=759537 memo_exact_hits=53969 memo_lb_hits=0 rule4=1 valid_pos=22325876 valid_pos_pruned_3a=0 valid_pos_pruned_3b=0 memo_rejected=0 memo_forced_evict=0 lufo_passes=0 terminal_spt=8096 terminal_edd=27134 memo_peak=379769 memo_final=379769 memo_evictions=0 memo_clean_time_ms=0 reconstruction_time_ms=0.8859 reconstruction_repairs=0 reconstruction_trace_hits=240 reconstruction_trace_fallbacks=0 memo_used_mb=81.1274 memo_bytes_per_entry=224,C:\c++\test2\results\memo_backend_no_gate\raw_results.csv,False,0.9228747018576228,0.8571432093226211,True,True
300,0.2,0.6,6,D:\test2\results\memo_backend_no_gate\data\300\SDT_300_0.2_0.6_7.txt,12288,1200,SOLVED,SOLVED,MATCH,True,True,True,300,300,446805,446805,446805,446805,1092.17,1222.13,1.118992,1107.193,1285.929,1.161432,288096,288096,True,49222,49222,576191,576191,52.752,61.5439,0,0,0.8792,0.7424,0,0,False,,[run] n=300 seed=6 input=D:\test2\results\memo_backend_no_gate\data\300\SDT_300_0.2_0.6_7.txt decomp=adaptive memo_backend=custom use_ub=0 use_lb=0 terminal_rules=1 position_filtering_enabled=1 enable_lawler_basic_rules=1 enable_simple_lb=0 enable_lb_memo=0 enable_edd_ub=0 ub_depth_limit=-1 lb_depth_limit=-1 terminal_all_tardy_spt=1 terminal_edd_at_most_one_tardy=1 enable_memo=1 enable_exact_memo=1 memo_full_key_verification=1 memo_memory_limit_mb=12288 cost=446805 time_ms=1092.17 nodes=288096 max_depth=299 memo_hits=49222 memo_misses=576191 memo_exact_hits=49222 memo_lb_hits=0 rule4=1 valid_pos=14999235 valid_pos_pruned_3a=0 valid_pos_pruned_3b=0 memo_rejected=0 memo_forced_evict=0 lufo_passes=0 terminal_spt=5832 terminal_edd=18213 memo_peak=288096 memo_final=288096 memo_evictions=0 memo_clean_time_ms=0 reconstruction_time_ms=0.8792 reconstruction_repairs=0 reconstruction_trace_hits=213 reconstruction_trace_fallbacks=0 memo_used_mb=52.752 memo_bytes_per_entry=192,[run] n=300 seed=6 input=D:\test2\results\memo_backend_no_gate\data\300\SDT_300_0.2_0.6_7.txt decomp=adaptive memo_backend=std_unordered use_ub=0 use_lb=0 terminal_rules=1 position_filtering_enabled=1 enable_lawler_basic_rules=1 enable_simple_lb=0 enable_lb_memo=0 enable_edd_ub=0 ub_depth_limit=-1 lb_depth_limit=-1 terminal_all_tardy_spt=1 terminal_edd_at_most_one_tardy=1 enable_memo=1 enable_exact_memo=1 memo_full_key_verification=1 memo_memory_limit_mb=12288 cost=446805 time_ms=1222.13 nodes=288096 max_depth=299 memo_hits=49222 memo_misses=576191 memo_exact_hits=49222 memo_lb_hits=0 rule4=1 valid_pos=14999235 valid_pos_pruned_3a=0 valid_pos_pruned_3b=0 memo_rejected=0 memo_forced_evict=0 lufo_passes=0 terminal_spt=5832 terminal_edd=18213 memo_peak=288096 memo_final=288096 memo_evictions=0 memo_clean_time_ms=0 reconstruction_time_ms=0.7424 reconstruction_repairs=0 reconstruction_trace_hits=213 reconstruction_trace_fallbacks=0 memo_used_mb=61.5439 memo_bytes_per_entry=224,C:\c++\test2\results\memo_backend_no_gate\raw_results.csv,False,0.8936610671532488,0.8571442498769172,True,True
300,0.2,0.6,7,D:\test2\results\memo_backend_no_gate\data\300\SDT_300_0.2_0.6_8.txt,12288,1200,SOLVED,SOLVED,MATCH,True,True,True,300,300,427461,427461,427461,427461,1865.82,2027.94,1.086889,1882.134,2122.438,1.127676,452331,452331,True,89363,89363,904661,904661,82.8243,96.6283,0,0,0.6909,0.6594,0,0,False,,[run] n=300 seed=7 input=D:\test2\results\memo_backend_no_gate\data\300\SDT_300_0.2_0.6_8.txt decomp=adaptive memo_backend=custom use_ub=0 use_lb=0 terminal_rules=1 position_filtering_enabled=1 enable_lawler_basic_rules=1 enable_simple_lb=0 enable_lb_memo=0 enable_edd_ub=0 ub_depth_limit=-1 lb_depth_limit=-1 terminal_all_tardy_spt=1 terminal_edd_at_most_one_tardy=1 enable_memo=1 enable_exact_memo=1 memo_full_key_verification=1 memo_memory_limit_mb=12288 cost=427461 time_ms=1865.82 nodes=452331 max_depth=299 memo_hits=89363 memo_misses=904661 memo_exact_hits=89363 memo_lb_hits=0 rule4=1 valid_pos=25683155 valid_pos_pruned_3a=0 valid_pos_pruned_3b=0 memo_rejected=0 memo_forced_evict=0 lufo_passes=0 terminal_spt=7023 terminal_edd=47936 memo_peak=452331 memo_final=452331 memo_evictions=0 memo_clean_time_ms=0 reconstruction_time_ms=0.6909 reconstruction_repairs=0 reconstruction_trace_hits=194 reconstruction_trace_fallbacks=0 memo_used_mb=82.8243 memo_bytes_per_entry=192,[run] n=300 seed=7 input=D:\test2\results\memo_backend_no_gate\data\300\SDT_300_0.2_0.6_8.txt decomp=adaptive memo_backend=std_unordered use_ub=0 use_lb=0 terminal_rules=1 position_filtering_enabled=1 enable_lawler_basic_rules=1 enable_simple_lb=0 enable_lb_memo=0 enable_edd_ub=0 ub_depth_limit=-1 lb_depth_limit=-1 terminal_all_tardy_spt=1 terminal_edd_at_most_one_tardy=1 enable_memo=1 enable_exact_memo=1 memo_full_key_verification=1 memo_memory_limit_mb=12288 cost=427461 time_ms=2027.94 nodes=452331 max_depth=299 memo_hits=89363 memo_misses=904661 memo_exact_hits=89363 memo_lb_hits=0 rule4=1 valid_pos=25683155 valid_pos_pruned_3a=0 valid_pos_pruned_3b=0 memo_rejected=0 memo_forced_evict=0 lufo_passes=0 terminal_spt=7023 terminal_edd=47936 memo_peak=452331 memo_final=452331 memo_evictions=0 memo_clean_time_ms=0 reconstruction_time_ms=0.6594 reconstruction_repairs=0 reconstruction_trace_hits=194 reconstruction_trace_fallbacks=0 memo_used_mb=96.6283 memo_bytes_per_entry=224,C:\c++\test2\results\memo_backend_no_gate\raw_results.csv,False,0.9200568064143909,0.8571433006686446,True,True
300,0.2,0.6,8,D:\test2\results\memo_backend_no_gate\data\300\SDT_300_0.2_0.6_9.txt,12288,1200,SOLVED,SOLVED,MATCH,True,True,True,300,300,446466,446466,446466,446466,1953.08,2112.83,1.081794,1970.659,2204.423,1.118622,433617,433617,True,63086,63086,867233,867233,79.3976,92.6306,0,0,0.7759,0.6889,0,0,False,,[run] n=300 seed=8 input=D:\test2\results\memo_backend_no_gate\data\300\SDT_300_0.2_0.6_9.txt decomp=adaptive memo_backend=custom use_ub=0 use_lb=0 terminal_rules=1 position_filtering_enabled=1 enable_lawler_basic_rules=1 enable_simple_lb=0 enable_lb_memo=0 enable_edd_ub=0 ub_depth_limit=-1 lb_depth_limit=-1 terminal_all_tardy_spt=1 terminal_edd_at_most_one_tardy=1 enable_memo=1 enable_exact_memo=1 memo_full_key_verification=1 memo_memory_limit_mb=12288 cost=446466 time_ms=1953.08 nodes=433617 max_depth=299 memo_hits=63086 memo_misses=867233 memo_exact_hits=63086 memo_lb_hits=0 rule4=1 valid_pos=28348034 valid_pos_pruned_3a=0 valid_pos_pruned_3b=0 memo_rejected=0 memo_forced_evict=0 lufo_passes=0 terminal_spt=8635 terminal_edd=32155 memo_peak=433617 memo_final=433617 memo_evictions=0 memo_clean_time_ms=0 reconstruction_time_ms=0.7759 reconstruction_repairs=0 reconstruction_trace_hits=213 reconstruction_trace_fallbacks=0 memo_used_mb=79.3976 memo_bytes_per_entry=192,[run] n=300 seed=8 input=D:\test2\results\memo_backend_no_gate\data\300\SDT_300_0.2_0.6_9.txt decomp=adaptive memo_backend=std_unordered use_ub=0 use_lb=0 terminal_rules=1 position_filtering_enabled=1 enable_lawler_basic_rules=1 enable_simple_lb=0 enable_lb_memo=0 enable_edd_ub=0 ub_depth_limit=-1 lb_depth_limit=-1 terminal_all_tardy_spt=1 terminal_edd_at_most_one_tardy=1 enable_memo=1 enable_exact_memo=1 memo_full_key_verification=1 memo_memory_limit_mb=12288 cost=446466 time_ms=2112.83 nodes=433617 max_depth=299 memo_hits=63086 memo_misses=867233 memo_exact_hits=63086 memo_lb_hits=0 rule4=1 valid_pos=28348034 valid_pos_pruned_3a=0 valid_pos_pruned_3b=0 memo_rejected=0 memo_forced_evict=0 lufo_passes=0 terminal_spt=8635 terminal_edd=32155 memo_peak=433617 memo_final=433617 memo_evictions=0 memo_clean_time_ms=0 reconstruction_time_ms=0.6889 reconstruction_repairs=0 reconstruction_trace_hits=213 reconstruction_trace_fallbacks=0 memo_used_mb=92.6306 memo_bytes_per_entry=224,C:\c++\test2\results\memo_backend_no_gate\raw_results.csv,False,0.9243905094115475,0.8571422402532208,True,True
300,0.2,0.6,9,D:\test2\results\memo_backend_no_gate\data\300\SDT_300_0.2_0.6_10.txt,12288,1200,SOLVED,SOLVED,MATCH,True,True,True,300,300,412549,412549,412549,412549,1486.84,1614.18,1.085645,1502.597,1697.882,1.129965,385987,385987,True,53271,53271,771973,771973,70.6763,82.4557,0,0,0.8375,0.7887,0,0,False,,[run] n=300 seed=9 input=D:\test2\results\memo_backend_no_gate\data\300\SDT_300_0.2_0.6_10.txt decomp=adaptive memo_backend=custom use_ub=0 use_lb=0 terminal_rules=1 position_filtering_enabled=1 enable_lawler_basic_rules=1 enable_simple_lb=0 enable_lb_memo=0 enable_edd_ub=0 ub_depth_limit=-1 lb_depth_limit=-1 terminal_all_tardy_spt=1 terminal_edd_at_most_one_tardy=1 enable_memo=1 enable_exact_memo=1 memo_full_key_verification=1 memo_memory_limit_mb=12288 cost=412549 time_ms=1486.84 nodes=385987 max_depth=299 memo_hits=53271 memo_misses=771973 memo_exact_hits=53271 memo_lb_hits=0 rule4=1 valid_pos=19672022 valid_pos_pruned_3a=0 valid_pos_pruned_3b=0 memo_rejected=0 memo_forced_evict=0 lufo_passes=0 terminal_spt=6008 terminal_edd=19199 memo_peak=385987 memo_final=385987 memo_evictions=0 memo_clean_time_ms=0 reconstruction_time_ms=0.8375 reconstruction_repairs=0 reconstruction_trace_hits=222 reconstruction_trace_fallbacks=0 memo_used_mb=70.6763 memo_bytes_per_entry=192,[run] n=300 seed=9 input=D:\test2\results\memo_backend_no_gate\data\300\SDT_300_0.2_0.6_10.txt decomp=adaptive memo_backend=std_unordered use_ub=0 use_lb=0 terminal_rules=1 position_filtering_enabled=1 enable_lawler_basic_rules=1 enable_simple_lb=0 enable_lb_memo=0 enable_edd_ub=0 ub_depth_limit=-1 lb_depth_limit=-1 terminal_all_tardy_spt=1 terminal_edd_at_most_one_tardy=1 enable_memo=1 enable_exact_memo=1 memo_full_key_verification=1 memo_memory_limit_mb=12288 cost=412549 time_ms=1614.18 nodes=385987 max_depth=299 memo_hits=53271 memo_misses=771973 memo_exact_hits=53271 memo_lb_hits=0 rule4=1 valid_pos=19672022 valid_pos_pruned_3a=0 valid_pos_pruned_3b=0 memo_rejected=0 memo_forced_evict=0 lufo_passes=0 terminal_spt=6008 terminal_edd=19199 memo_peak=385987 memo_final=385987 memo_evictions=0 memo_clean_time_ms=0 reconstruction_time_ms=0.7887 reconstruction_repairs=0 reconstruction_trace_hits=222 reconstruction_trace_fallbacks=0 memo_used_mb=82.4557 memo_bytes_per_entry=224,C:\c++\test2\results\memo_backend_no_gate\raw_results.csv,False,0.9211116480194277,0.8571426838896523,True,True
300,0.2,0.4,0,D:\test2\results\memo_backend_no_gate\data\300\SDT_300_0.2_0.4_1.txt,12288,1200,SOLVED,SOLVED,MATCH,True,True,True,300,300,173575,173575,173575,173575,1181.57,1305.56,1.104937,1194.582,1376.528,1.152309,331675,331675,True,51254,51254,663349,663349,60.7315,70.8534,0,0,0.3622,0.3813,0,0,False,,[run] n=300 seed=0 input=D:\test2\results\memo_backend_no_gate\data\300\SDT_300_0.2_0.4_1.txt decomp=adaptive memo_backend=custom use_ub=0 use_lb=0 terminal_rules=1 position_filtering_enabled=1 enable_lawler_basic_rules=1 enable_simple_lb=0 enable_lb_memo=0 enable_edd_ub=0 ub_depth_limit=-1 lb_depth_limit=-1 terminal_all_tardy_spt=1 terminal_edd_at_most_one_tardy=1 enable_memo=1 enable_exact_memo=1 memo_full_key_verification=1 memo_memory_limit_mb=12288 cost=173575 time_ms=1181.57 nodes=331675 max_depth=299 memo_hits=51254 memo_misses=663349 memo_exact_hits=51254 memo_lb_hits=0 rule4=1 valid_pos=14849295 valid_pos_pruned_3a=0 valid_pos_pruned_3b=0 memo_rejected=0 memo_forced_evict=0 lufo_passes=0 terminal_spt=2912 terminal_edd=22064 memo_peak=331675 memo_final=331675 memo_evictions=0 memo_clean_time_ms=0 reconstruction_time_ms=0.3622 reconstruction_repairs=0 reconstruction_trace_hits=124 reconstruction_trace_fallbacks=0 memo_used_mb=60.7315 memo_bytes_per_entry=192,[run] n=300 seed=0 input=D:\test2\results\memo_backend_no_gate\data\300\SDT_300_0.2_0.4_1.txt decomp=adaptive memo_backend=std_unordered use_ub=0 use_lb=0 terminal_rules=1 position_filtering_enabled=1 enable_lawler_basic_rules=1 enable_simple_lb=0 enable_lb_memo=0 enable_edd_ub=0 ub_depth_limit=-1 lb_depth_limit=-1 terminal_all_tardy_spt=1 terminal_edd_at_most_one_tardy=1 enable_memo=1 enable_exact_memo=1 memo_full_key_verification=1 memo_memory_limit_mb=12288 cost=173575 time_ms=1305.56 nodes=331675 max_depth=299 memo_hits=51254 memo_misses=663349 memo_exact_hits=51254 memo_lb_hits=0 rule4=1 valid_pos=14849295 valid_pos_pruned_3a=0 valid_pos_pruned_3b=0 memo_rejected=0 memo_forced_evict=0 lufo_passes=0 terminal_spt=2912 terminal_edd=22064 memo_peak=331675 memo_final=331675 memo_evictions=0 memo_clean_time_ms=0 reconstruction_time_ms=0.3813 reconstruction_repairs=0 reconstruction_trace_hits=124 reconstruction_trace_fallbacks=0 memo_used_mb=70.8534 memo_bytes_per_entry=224,C:\c++\test2\results\memo_backend_no_gate\raw_results.csv,False,0.9050292594748613,0.8571430587664107,True,True
300,0.2,0.4,1,D:\test2\results\memo_backend_no_gate\data\300\SDT_300_0.2_0.4_2.txt,12288,1200,SOLVED,SOLVED,MATCH,True,True,True,300,300,154612,154612,154612,154612,1582.1,1716.96,1.085241,1598.404,1798.306,1.125064,375514,375514,True,49914,49914,751027,751027,68.7587,80.2184,0,0,0.8812,0.8166,0,0,False,,[run] n=300 seed=1 input=D:\test2\results\memo_backend_no_gate\data\300\SDT_300_0.2_0.4_2.txt decomp=adaptive memo_backend=custom use_ub=0 use_lb=0 terminal_rules=1 position_filtering_enabled=1 enable_lawler_basic_rules=1 enable_simple_lb=0 enable_lb_memo=0 enable_edd_ub=0 ub_depth_limit=-1 lb_depth_limit=-1 terminal_all_tardy_spt=1 terminal_edd_at_most_one_tardy=1 enable_memo=1 enable_exact_memo=1 memo_full_key_verification=1 memo_memory_limit_mb=12288 cost=154612 time_ms=1582.1 nodes=375514 max_depth=299 memo_hits=49914 memo_misses=751027 memo_exact_hits=49914 memo_lb_hits=0 rule4=1 valid_pos=20888113 valid_pos_pruned_3a=0 valid_pos_pruned_3b=0 memo_rejected=0 memo_forced_evict=0 lufo_passes=0 terminal_spt=7128 terminal_edd=24872 memo_peak=375514 memo_final=375514 memo_evictions=0 memo_clean_time_ms=0 reconstruction_time_ms=0.8812 reconstruction_repairs=0 reconstruction_trace_hits=244 reconstruction_trace_fallbacks=0 memo_used_mb=68.7587 memo_bytes_per_entry=192,[run] n=300 seed=1 input=D:\test2\results\memo_backend_no_gate\data\300\SDT_300_0.2_0.4_2.txt decomp=adaptive memo_backend=std_unordered use_ub=0 use_lb=0 terminal_rules=1 position_filtering_enabled=1 enable_lawler_basic_rules=1 enable_simple_lb=0 enable_lb_memo=0 enable_edd_ub=0 ub_depth_limit=-1 lb_depth_limit=-1 terminal_all_tardy_spt=1 terminal_edd_at_most_one_tardy=1 enable_memo=1 enable_exact_memo=1 memo_full_key_verification=1 memo_memory_limit_mb=12288 cost=154612 time_ms=1716.96 nodes=375514 max_depth=299 memo_hits=49914 memo_misses=751027 memo_exact_hits=49914 memo_lb_hits=0 rule4=1 valid_pos=20888113 valid_pos_pruned_3a=0 valid_pos_pruned_3b=0 memo_rejected=0 memo_forced_evict=0 lufo_passes=0 terminal_spt=7128 terminal_edd=24872 memo_peak=375514 memo_final=375514 memo_evictions=0 memo_clean_time_ms=0 reconstruction_time_ms=0.8166 reconstruction_repairs=0 reconstruction_trace_hits=244 reconstruction_trace_fallbacks=0 memo_used_mb=80.2184 memo_bytes_per_entry=224,C:\c++\test2\results\memo_backend_no_gate\raw_results.csv,False,0.9214541981176031,0.8571437475691362,True,True
300,0.2,0.4,2,D:\test2\results\memo_backend_no_gate\data\300\SDT_300_0.2_0.4_3.txt,12288,1200,SOLVED,SOLVED,MATCH,True,True,True,300,300,151551,151551,151551,151551,1091.47,1226.39,1.123613,1105.203,1296.688,1.173258,326671,326671,True,54292,54292,653341,653341,59.8152,69.7845,0,0,0.5915,0.5389,0,0,False,,[run] n=300 seed=2 input=D:\test2\results\memo_backend_no_gate\data\300\SDT_300_0.2_0.4_3.txt decomp=adaptive memo_backend=custom use_ub=0 use_lb=0 terminal_rules=1 position_filtering_enabled=1 enable_lawler_basic_rules=1 enable_simple_lb=0 enable_lb_memo=0 enable_edd_ub=0 ub_depth_limit=-1 lb_depth_limit=-1 terminal_all_tardy_spt=1 terminal_edd_at_most_one_tardy=1 enable_memo=1 enable_exact_memo=1 memo_full_key_verification=1 memo_memory_limit_mb=12288 cost=151551 time_ms=1091.47 nodes=326671 max_depth=299 memo_hits=54292 memo_misses=653341 memo_exact_hits=54292 memo_lb_hits=0 rule4=1 valid_pos=13229743 valid_pos_pruned_3a=0 valid_pos_pruned_3b=0 memo_rejected=0 memo_forced_evict=0 lufo_passes=0 terminal_spt=8131 terminal_edd=30737 memo_peak=326671 memo_final=326671 memo_evictions=0 memo_clean_time_ms=0 reconstruction_time_ms=0.5915 reconstruction_repairs=0 reconstruction_trace_hits=171 reconstruction_trace_fallbacks=0 memo_used_mb=59.8152 memo_bytes_per_entry=192,[run] n=300 seed=2 input=D:\test2\results\memo_backend_no_gate\data\300\SDT_300_0.2_0.4_3.txt decomp=adaptive memo_backend=std_unordered use_ub=0 use_lb=0 terminal_rules=1 position_filtering_enabled=1 enable_lawler_basic_rules=1 enable_simple_lb=0 enable_lb_memo=0 enable_edd_ub=0 ub_depth_limit=-1 lb_depth_limit=-1 terminal_all_tardy_spt=1 terminal_edd_at_most_one_tardy=1 enable_memo=1 enable_exact_memo=1 memo_full_key_verification=1 memo_memory_limit_mb=12288 cost=151551 time_ms=1226.39 nodes=326671 max_depth=299 memo_hits=54292 memo_misses=653341 memo_exact_hits=54292 memo_lb_hits=0 rule4=1 valid_pos=13229743 valid_pos_pruned_3a=0 valid_pos_pruned_3b=0 memo_rejected=0 memo_forced_evict=0 lufo_passes=0 terminal_spt=8131 terminal_edd=30737 memo_peak=326671 memo_final=326671 memo_evictions=0 memo_clean_time_ms=0 reconstruction_time_ms=0.5389 reconstruction_repairs=0 reconstruction_trace_hits=171 reconstruction_trace_fallbacks=0 memo_used_mb=69.7845 memo_bytes_per_entry=224,C:\c++\test2\results\memo_backend_no_gate\raw_results.csv,False,0.8899860566377742,0.857141628871741,True,True
300,0.2,0.4,3,D:\test2\results\memo_backend_no_gate\data\300\SDT_300_0.2_0.4_4.txt,12288,1200,SOLVED,SOLVED,MATCH,True,True,True,300,300,145976,145976,145976,145976,1368.46,1508.47,1.102312,1382.754,1581.486,1.143722,322478,322478,True,42802,42802,644955,644955,59.0475,68.8887,0,0,0.7526,0.6224,0,0,False,,[run] n=300 seed=3 input=D:\test2\results\memo_backend_no_gate\data\300\SDT_300_0.2_0.4_4.txt decomp=adaptive memo_backend=custom use_ub=0 use_lb=0 terminal_rules=1 position_filtering_enabled=1 enable_lawler_basic_rules=1 enable_simple_lb=0 enable_lb_memo=0 enable_edd_ub=0 ub_depth_limit=-1 lb_depth_limit=-1 terminal_all_tardy_spt=1 terminal_edd_at_most_one_tardy=1 enable_memo=1 enable_exact_memo=1 memo_full_key_verification=1 memo_memory_limit_mb=12288 cost=145976 time_ms=1368.46 nodes=322478 max_depth=299 memo_hits=42802 memo_misses=644955 memo_exact_hits=42802 memo_lb_hits=0 rule4=1 valid_pos=18457954 valid_pos_pruned_3a=0 valid_pos_pruned_3b=0 memo_rejected=0 memo_forced_evict=0 lufo_passes=0 terminal_spt=5259 terminal_edd=22426 memo_peak=322478 memo_final=322478 memo_evictions=0 memo_clean_time_ms=0 reconstruction_time_ms=0.7526 reconstruction_repairs=0 reconstruction_trace_hits=178 reconstruction_trace_fallbacks=0 memo_used_mb=59.0475 memo_bytes_per_entry=192,[run] n=300 seed=3 input=D:\test2\results\memo_backend_no_gate\data\300\SDT_300_0.2_0.4_4.txt decomp=adaptive memo_backend=std_unordered use_ub=0 use_lb=0 terminal_rules=1 position_filtering_enabled=1 enable_lawler_basic_rules=1 enable_simple_lb=0 enable_lb_memo=0 enable_edd_ub=0 ub_depth_limit=-1 lb_depth_limit=-1 terminal_all_tardy_spt=1 terminal_edd_at_most_one_tardy=1 enable_memo=1 enable_exact_memo=1 memo_full_key_verification=1 memo_memory_limit_mb=12288 cost=145976 time_ms=1508.47 nodes=322478 max_depth=299 memo_hits=42802 memo_misses=644955 memo_exact_hits=42802 memo_lb_hits=0 rule4=1 valid_pos=18457954 valid_pos_pruned_3a=0 valid_pos_pruned_3b=0 memo_rejected=0 memo_forced_evict=0 lufo_passes=0 terminal_spt=5259 terminal_edd=22426 memo_peak=322478 memo_final=322478 memo_evictions=0 memo_clean_time_ms=0 reconstruction_time_ms=0.6224 reconstruction_repairs=0 reconstruction_trace_hits=178 reconstruction_trace_fallbacks=0 memo_used_mb=68.8887 memo_bytes_per_entry=224,C:\c++\test2\results\memo_backend_no_gate\raw_results.csv,False,0.9071841004461474,0.8571434792643786,True,True
300,0.2,0.4,4,D:\test2\results\memo_backend_no_gate\data\300\SDT_300_0.2_0.4_5.txt,12288,1200,SOLVED,SOLVED,MATCH,True,True,True,300,300,154700,154700,154700,154700,781.057,846.378,1.083632,795.35,896.843,1.127608,219896,219896,True,34238,34238,439791,439791,40.2642,46.9749,0,0,0.4257,0.3749,0,0,False,,[run] n=300 seed=4 input=D:\test2\results\memo_backend_no_gate\data\300\SDT_300_0.2_0.4_5.txt decomp=adaptive memo_backend=custom use_ub=0 use_lb=0 terminal_rules=1 position_filtering_enabled=1 enable_lawler_basic_rules=1 enable_simple_lb=0 enable_lb_memo=0 enable_edd_ub=0 ub_depth_limit=-1 lb_depth_limit=-1 terminal_all_tardy_spt=1 terminal_edd_at_most_one_tardy=1 enable_memo=1 enable_exact_memo=1 memo_full_key_verification=1 memo_memory_limit_mb=12288 cost=154700 time_ms=781.057 nodes=219896 max_depth=299 memo_hits=34238 memo_misses=439791 memo_exact_hits=34238 memo_lb_hits=0 rule4=1 valid_pos=9279805 valid_pos_pruned_3a=0 valid_pos_pruned_3b=0 memo_rejected=0 memo_forced_evict=0 lufo_passes=0 terminal_spt=3541 terminal_edd=16340 memo_peak=219896 memo_final=219896 memo_evictions=0 memo_clean_time_ms=0 reconstruction_time_ms=0.4257 reconstruction_repairs=0 reconstruction_trace_hits=128 reconstruction_trace_fallbacks=0 memo_used_mb=40.2642 memo_bytes_per_entry=192,[run] n=300 seed=4 input=D:\test2\results\memo_backend_no_gate\data\300\SDT_300_0.2_0.4_5.txt decomp=adaptive memo_backend=std_unordered use_ub=0 use_lb=0 terminal_rules=1 position_filtering_enabled=1 enable_lawler_basic_rules=1 enable_simple_lb=0 enable_lb_memo=0 enable_edd_ub=0 ub_depth_limit=-1 lb_depth_limit=-1 terminal_all_tardy_spt=1 terminal_edd_at_most_one_tardy=1 enable_memo=1 enable_exact_memo=1 memo_full_key_verification=1 memo_memory_limit_mb=12288 cost=154700 time_ms=846.378 nodes=219896 max_depth=299 memo_hits=34238 memo_misses=439791 memo_exact_hits=34238 memo_lb_hits=0 rule4=1 valid_pos=9279805 valid_pos_pruned_3a=0 valid_pos_pruned_3b=0 memo_rejected=0 memo_forced_evict=0 lufo_passes=0 terminal_spt=3541 terminal_edd=16340 memo_peak=219896 memo_final=219896 memo_evictions=0 memo_clean_time_ms=0 reconstruction_time_ms=0.3749 reconstruction_repairs=0 reconstruction_trace_hits=128 reconstruction_trace_fallbacks=0 memo_used_mb=46.9749 memo_bytes_per_entry=224,C:\c++\test2\results\memo_backend_no_gate\raw_results.csv,False,0.9228228994609973,0.8571428571428572,True,True
300,0.2,0.4,5,D:\test2\results\memo_backend_no_gate\data\300\SDT_300_0.2_0.4_6.txt,12288,1200,SOLVED,SOLVED,MATCH,True,True,True,300,300,135874,135874,135874,135874,906.437,977.048,1.0779,920.78,1035.246,1.124314,251153,251153,True,30528,30528,502305,502305,45.9875,53.6521,0,0,0.6021,0.5787,0,0,False,,[run] n=300 seed=5 input=D:\test2\results\memo_backend_no_gate\data\300\SDT_300_0.2_0.4_6.txt decomp=adaptive memo_backend=custom use_ub=0 use_lb=0 terminal_rules=1 position_filtering_enabled=1 enable_lawler_basic_rules=1 enable_simple_lb=0 enable_lb_memo=0 enable_edd_ub=0 ub_depth_limit=-1 lb_depth_limit=-1 terminal_all_tardy_spt=1 terminal_edd_at_most_one_tardy=1 enable_memo=1 enable_exact_memo=1 memo_full_key_verification=1 memo_memory_limit_mb=12288 cost=135874 time_ms=906.437 nodes=251153 max_depth=299 memo_hits=30528 memo_misses=502305 memo_exact_hits=30528 memo_lb_hits=0 rule4=1 valid_pos=10864899 valid_pos_pruned_3a=0 valid_pos_pruned_3b=0 memo_rejected=0 memo_forced_evict=0 lufo_passes=0 terminal_spt=2785 terminal_edd=14527 memo_peak=251153 memo_final=251153 memo_evictions=0 memo_clean_time_ms=0 reconstruction_time_ms=0.6021 reconstruction_repairs=0 reconstruction_trace_hits=181 reconstruction_trace_fallbacks=0 memo_used_mb=45.9875 memo_bytes_per_entry=192,[run] n=300 seed=5 input=D:\test2\results\memo_backend_no_gate\data\300\SDT_300_0.2_0.4_6.txt decomp=adaptive memo_backend=std_unordered use_ub=0 use_lb=0 terminal_rules=1 position_filtering_enabled=1 enable_lawler_basic_rules=1 enable_simple_lb=0 enable_lb_memo=0 enable_edd_ub=0 ub_depth_limit=-1 lb_depth_limit=-1 terminal_all_tardy_spt=1 terminal_edd_at_most_one_tardy=1 enable_memo=1 enable_exact_memo=1 memo_full_key_verification=1 memo_memory_limit_mb=12288 cost=135874 time_ms=977.048 nodes=251153 max_depth=299 memo_hits=30528 memo_misses=502305 memo_exact_hits=30528 memo_lb_hits=0 rule4=1 valid_pos=10864899 valid_pos_pruned_3a=0 valid_pos_pruned_3b=0 memo_rejected=0 memo_forced_evict=0 lufo_passes=0 terminal_spt=2785 terminal_edd=14527 memo_peak=251153 memo_final=251153 memo_evictions=0 memo_clean_time_ms=0 reconstruction_time_ms=0.5787 reconstruction_repairs=0 reconstruction_trace_hits=181 reconstruction_trace_fallbacks=0 memo_used_mb=53.6521 memo_bytes_per_entry=224,C:\c++\test2\results\memo_backend_no_gate\raw_results.csv,False,0.9277302650432733,0.8571425908771512,True,True
300,0.2,0.4,6,D:\test2\results\memo_backend_no_gate\data\300\SDT_300_0.2_0.4_7.txt,12288,1200,SOLVED,SOLVED,MATCH,True,True,True,300,300,165501,165501,165501,165501,851.014,921.583,1.082923,865.635,976.869,1.1285,244708,244708,True,34671,34671,489415,489415,44.8074,52.2753,0,0,0.7233,0.6478,0,0,False,,[run] n=300 seed=6 input=D:\test2\results\memo_backend_no_gate\data\300\SDT_300_0.2_0.4_7.txt decomp=adaptive memo_backend=custom use_ub=0 use_lb=0 terminal_rules=1 position_filtering_enabled=1 enable_lawler_basic_rules=1 enable_simple_lb=0 enable_lb_memo=0 enable_edd_ub=0 ub_depth_limit=-1 lb_depth_limit=-1 terminal_all_tardy_spt=1 terminal_edd_at_most_one_tardy=1 enable_memo=1 enable_exact_memo=1 memo_full_key_verification=1 memo_memory_limit_mb=12288 cost=165501 time_ms=851.014 nodes=244708 max_depth=299 memo_hits=34671 memo_misses=489415 memo_exact_hits=34671 memo_lb_hits=0 rule4=1 valid_pos=9985246 valid_pos_pruned_3a=0 valid_pos_pruned_3b=0 memo_rejected=0 memo_forced_evict=0 lufo_passes=0 terminal_spt=1833 terminal_edd=19305 memo_peak=244708 memo_final=244708 memo_evictions=0 memo_clean_time_ms=0 reconstruction_time_ms=0.7233 reconstruction_repairs=0 reconstruction_trace_hits=184 reconstruction_trace_fallbacks=0 memo_used_mb=44.8074 memo_bytes_per_entry=192,[run] n=300 seed=6 input=D:\test2\results\memo_backend_no_gate\data\300\SDT_300_0.2_0.4_7.txt decomp=adaptive memo_backend=std_unordered use_ub=0 use_lb=0 terminal_rules=1 position_filtering_enabled=1 enable_lawler_basic_rules=1 enable_simple_lb=0 enable_lb_memo=0 enable_edd_ub=0 ub_depth_limit=-1 lb_depth_limit=-1 terminal_all_tardy_spt=1 terminal_edd_at_most_one_tardy=1 enable_memo=1 enable_exact_memo=1 memo_full_key_verification=1 memo_memory_limit_mb=12288 cost=165501 time_ms=921.583 nodes=244708 max_depth=299 memo_hits=34671 memo_misses=489415 memo_exact_hits=34671 memo_lb_hits=0 rule4=1 valid_pos=9985246 valid_pos_pruned_3a=0 valid_pos_pruned_3b=0 memo_rejected=0 memo_forced_evict=0 lufo_passes=0 terminal_spt=1833 terminal_edd=19305 memo_peak=244708 memo_final=244708 memo_evictions=0 memo_clean_time_ms=0 reconstruction_time_ms=0.6478 reconstruction_repairs=0 reconstruction_trace_hits=184 reconstruction_trace_fallbacks=0 memo_used_mb=52.2753 memo_bytes_per_entry=224,C:\c++\test2\results\memo_backend_no_gate\raw_results.csv,False,0.9234263218831077,0.8571428571428571,True,True
300,0.2,0.4,7,D:\test2\results\memo_backend_no_gate\data\300\SDT_300_0.2_0.4_8.txt,12288,1200,SOLVED,SOLVED,MATCH,True,True,True,300,300,157430,157430,157430,157430,831.281,910.75,1.095598,846.057,964.377,1.139849,232833,232833,True,36525,36525,465665,465665,42.633,49.7385,0,0,0.738,0.6276,0,0,False,,[run] n=300 seed=7 input=D:\test2\results\memo_backend_no_gate\data\300\SDT_300_0.2_0.4_8.txt decomp=adaptive memo_backend=custom use_ub=0 use_lb=0 terminal_rules=1 position_filtering_enabled=1 enable_lawler_basic_rules=1 enable_simple_lb=0 enable_lb_memo=0 enable_edd_ub=0 ub_depth_limit=-1 lb_depth_limit=-1 terminal_all_tardy_spt=1 terminal_edd_at_most_one_tardy=1 enable_memo=1 enable_exact_memo=1 memo_full_key_verification=1 memo_memory_limit_mb=12288 cost=157430 time_ms=831.281 nodes=232833 max_depth=299 memo_hits=36525 memo_misses=465665 memo_exact_hits=36525 memo_lb_hits=0 rule4=1 valid_pos=10243942 valid_pos_pruned_3a=0 valid_pos_pruned_3b=0 memo_rejected=0 memo_forced_evict=0 lufo_passes=0 terminal_spt=3237 terminal_edd=15571 memo_peak=232833 memo_final=232833 memo_evictions=0 memo_clean_time_ms=0 reconstruction_time_ms=0.738 reconstruction_repairs=0 reconstruction_trace_hits=190 reconstruction_trace_fallbacks=0 memo_used_mb=42.633 memo_bytes_per_entry=192,[run] n=300 seed=7 input=D:\test2\results\memo_backend_no_gate\data\300\SDT_300_0.2_0.4_8.txt decomp=adaptive memo_backend=std_unordered use_ub=0 use_lb=0 terminal_rules=1 position_filtering_enabled=1 enable_lawler_basic_rules=1 enable_simple_lb=0 enable_lb_memo=0 enable_edd_ub=0 ub_depth_limit=-1 lb_depth_limit=-1 terminal_all_tardy_spt=1 terminal_edd_at_most_one_tardy=1 enable_memo=1 enable_exact_memo=1 memo_full_key_verification=1 memo_memory_limit_mb=12288 cost=157430 time_ms=910.75 nodes=232833 max_depth=299 memo_hits=36525 memo_misses=465665 memo_exact_hits=36525 memo_lb_hits=0 rule4=1 valid_pos=10243942 valid_pos_pruned_3a=0 valid_pos_pruned_3b=0 memo_rejected=0 memo_forced_evict=0 lufo_passes=0 terminal_spt=3237 terminal_edd=15571 memo_peak=232833 memo_final=232833 memo_evictions=0 memo_clean_time_ms=0 reconstruction_time_ms=0.6276 reconstruction_repairs=0 reconstruction_trace_hits=190 reconstruction_trace_fallbacks=0 memo_used_mb=49.7385 memo_bytes_per_entry=224,C:\c++\test2\results\memo_backend_no_gate\raw_results.csv,False,0.9127433433982981,0.8571428571428572,True,True
300,0.2,0.4,8,D:\test2\results\memo_backend_no_gate\data\300\SDT_300_0.2_0.4_9.txt,12288,1200,SOLVED,SOLVED,MATCH,True,True,True,300,300,164289,164289,164289,164289,895.924,973.006,1.086036,910.75,1032.011,1.133144,258954,258954,True,33717,33717,517907,517907,47.4159,55.3185,0,0,0.586,0.5164,0,0,False,,[run] n=300 seed=8 input=D:\test2\results\memo_backend_no_gate\data\300\SDT_300_0.2_0.4_9.txt decomp=adaptive memo_backend=custom use_ub=0 use_lb=0 terminal_rules=1 position_filtering_enabled=1 enable_lawler_basic_rules=1 enable_simple_lb=0 enable_lb_memo=0 enable_edd_ub=0 ub_depth_limit=-1 lb_depth_limit=-1 terminal_all_tardy_spt=1 terminal_edd_at_most_one_tardy=1 enable_memo=1 enable_exact_memo=1 memo_full_key_verification=1 memo_memory_limit_mb=12288 cost=164289 time_ms=895.924 nodes=258954 max_depth=299 memo_hits=33717 memo_misses=517907 memo_exact_hits=33717 memo_lb_hits=0 rule4=1 valid_pos=11295263 valid_pos_pruned_3a=0 valid_pos_pruned_3b=0 memo_rejected=0 memo_forced_evict=0 lufo_passes=0 terminal_spt=2754 terminal_edd=18803 memo_peak=258954 memo_final=258954 memo_evictions=0 memo_clean_time_ms=0 reconstruction_time_ms=0.586 reconstruction_repairs=0 reconstruction_trace_hits=161 reconstruction_trace_fallbacks=0 memo_used_mb=47.4159 memo_bytes_per_entry=192,[run] n=300 seed=8 input=D:\test2\results\memo_backend_no_gate\data\300\SDT_300_0.2_0.4_9.txt decomp=adaptive memo_backend=std_unordered use_ub=0 use_lb=0 terminal_rules=1 position_filtering_enabled=1 enable_lawler_basic_rules=1 enable_simple_lb=0 enable_lb_memo=0 enable_edd_ub=0 ub_depth_limit=-1 lb_depth_limit=-1 terminal_all_tardy_spt=1 terminal_edd_at_most_one_tardy=1 enable_memo=1 enable_exact_memo=1 memo_full_key_verification=1 memo_memory_limit_mb=12288 cost=164289 time_ms=973.006 nodes=258954 max_depth=299 memo_hits=33717 memo_misses=517907 memo_exact_hits=33717 memo_lb_hits=0 rule4=1 valid_pos=11295263 valid_pos_pruned_3a=0 valid_pos_pruned_3b=0 memo_rejected=0 memo_forced_evict=0 lufo_passes=0 terminal_spt=2754 terminal_edd=18803 memo_peak=258954 memo_final=258954 memo_evictions=0 memo_clean_time_ms=0 reconstruction_time_ms=0.5164 reconstruction_repairs=0 reconstruction_trace_hits=161 reconstruction_trace_fallbacks=0 memo_used_mb=55.3185 memo_bytes_per_entry=224,C:\c++\test2\results\memo_backend_no_gate\raw_results.csv,False,0.9207795224284331,0.8571436318772201,True,True
300,0.2,0.4,9,D:\test2\results\memo_backend_no_gate\data\300\SDT_300_0.2_0.4_10.txt,12288,1200,SOLVED,SOLVED,MATCH,True,True,True,300,300,146307,146307,146307,146307,383.282,417.09,1.088207,399.001,448.053,1.122937,113248,113248,True,12872,12872,226495,226495,20.7363,24.1924,0,0,0.4897,0.5623,0,0,False,,[run] n=300 seed=9 input=D:\test2\results\memo_backend_no_gate\data\300\SDT_300_0.2_0.4_10.txt decomp=adaptive memo_backend=custom use_ub=0 use_lb=0 terminal_rules=1 position_filtering_enabled=1 enable_lawler_basic_rules=1 enable_simple_lb=0 enable_lb_memo=0 enable_edd_ub=0 ub_depth_limit=-1 lb_depth_limit=-1 terminal_all_tardy_spt=1 terminal_edd_at_most_one_tardy=1 enable_memo=1 enable_exact_memo=1 memo_full_key_verification=1 memo_memory_limit_mb=12288 cost=146307 time_ms=383.282 nodes=113248 max_depth=299 memo_hits=12872 memo_misses=226495 memo_exact_hits=12872 memo_lb_hits=0 rule4=1 valid_pos=4640079 valid_pos_pruned_3a=0 valid_pos_pruned_3b=0 memo_rejected=0 memo_forced_evict=0 lufo_passes=0 terminal_spt=496 terminal_edd=6918 memo_peak=113248 memo_final=113248 memo_evictions=0 memo_clean_time_ms=0 reconstruction_time_ms=0.4897 reconstruction_repairs=0 reconstruction_trace_hits=164 reconstruction_trace_fallbacks=0 memo_used_mb=20.7363 memo_bytes_per_entry=192,[run] n=300 seed=9 input=D:\test2\results\memo_backend_no_gate\data\300\SDT_300_0.2_0.4_10.txt decomp=adaptive memo_backend=std_unordered use_ub=0 use_lb=0 terminal_rules=1 position_filtering_enabled=1 enable_lawler_basic_rules=1 enable_simple_lb=0 enable_lb_memo=0 enable_edd_ub=0 ub_depth_limit=-1 lb_depth_limit=-1 terminal_all_tardy_spt=1 terminal_edd_at_most_one_tardy=1 enable_memo=1 enable_exact_memo=1 memo_full_key_verification=1 memo_memory_limit_mb=12288 cost=146307 time_ms=417.09 nodes=113248 max_depth=299 memo_hits=12872 memo_misses=226495 memo_exact_hits=12872 memo_lb_hits=0 rule4=1 valid_pos=4640079 valid_pos_pruned_3a=0 valid_pos_pruned_3b=0 memo_rejected=0 memo_forced_evict=0 lufo_passes=0 terminal_spt=496 terminal_edd=6918 memo_peak=113248 memo_final=113248 memo_evictions=0 memo_clean_time_ms=0 reconstruction_time_ms=0.5623 reconstruction_repairs=0 reconstruction_trace_hits=164 reconstruction_trace_fallbacks=0 memo_used_mb=24.1924 memo_bytes_per_entry=224,C:\c++\test2\results\memo_backend_no_gate\raw_results.csv,False,0.9189431537557842,0.857141085630198,True,True
300,0.2,0.8,0,D:\test2\results\memo_backend_no_gate\data\300\SDT_300_0.2_0.8_1.txt,12288,1200,SOLVED,SOLVED,MATCH,True,True,True,300,300,934843,934843,934843,934843,865.317,941.721,1.088296,882.265,987.668,1.119469,194521,194521,True,38172,38172,389041,389041,35.6179,41.5542,0,0,0.7718,0.7409,0,0,False,,[run] n=300 seed=0 input=D:\test2\results\memo_backend_no_gate\data\300\SDT_300_0.2_0.8_1.txt decomp=adaptive memo_backend=custom use_ub=0 use_lb=0 terminal_rules=1 position_filtering_enabled=1 enable_lawler_basic_rules=1 enable_simple_lb=0 enable_lb_memo=0 enable_edd_ub=0 ub_depth_limit=-1 lb_depth_limit=-1 terminal_all_tardy_spt=1 terminal_edd_at_most_one_tardy=1 enable_memo=1 enable_exact_memo=1 memo_full_key_verification=1 memo_memory_limit_mb=12288 cost=934843 time_ms=865.317 nodes=194521 max_depth=299 memo_hits=38172 memo_misses=389041 memo_exact_hits=38172 memo_lb_hits=0 rule4=1 valid_pos=11587185 valid_pos_pruned_3a=0 valid_pos_pruned_3b=0 memo_rejected=0 memo_forced_evict=0 lufo_passes=0 terminal_spt=1961 terminal_edd=6579 memo_peak=194521 memo_final=194521 memo_evictions=0 memo_clean_time_ms=0 reconstruction_time_ms=0.7718 reconstruction_repairs=0 reconstruction_trace_hits=208 reconstruction_trace_fallbacks=0 memo_used_mb=35.6179 memo_bytes_per_entry=192,[run] n=300 seed=0 input=D:\test2\results\memo_backend_no_gate\data\300\SDT_300_0.2_0.8_1.txt decomp=adaptive memo_backend=std_unordered use_ub=0 use_lb=0 terminal_rules=1 position_filtering_enabled=1 enable_lawler_basic_rules=1 enable_simple_lb=0 enable_lb_memo=0 enable_edd_ub=0 ub_depth_limit=-1 lb_depth_limit=-1 terminal_all_tardy_spt=1 terminal_edd_at_most_one_tardy=1 enable_memo=1 enable_exact_memo=1 memo_full_key_verification=1 memo_memory_limit_mb=12288 cost=934843 time_ms=941.721 nodes=194521 max_depth=299 memo_hits=38172 memo_misses=389041 memo_exact_hits=38172 memo_lb_hits=0 rule4=1 valid_pos=11587185 valid_pos_pruned_3a=0 valid_pos_pruned_3b=0 memo_rejected=0 memo_forced_evict=0 lufo_passes=0 terminal_spt=1961 terminal_edd=6579 memo_peak=194521 memo_final=194521 memo_evictions=0 memo_clean_time_ms=0 reconstruction_time_ms=0.7409 reconstruction_repairs=0 reconstruction_trace_hits=208 reconstruction_trace_fallbacks=0 memo_used_mb=41.5542 memo_bytes_per_entry=224,C:\c++\test2\results\memo_backend_no_gate\raw_results.csv,False,0.9188676901120395,0.8571432009279446,True,True
300,0.2,0.8,1,D:\test2\results\memo_backend_no_gate\data\300\SDT_300_0.2_0.8_2.txt,12288,1200,SOLVED,SOLVED,MATCH,True,True,True,300,300,840346,840346,840346,840346,974.594,1043.65,1.070856,989.587,1094.646,1.106164,221623,221623,True,34425,34425,443245,443245,40.5804,47.3438,0,0,0.7887,0.7253,0,0,False,,[run] n=300 seed=1 input=D:\test2\results\memo_backend_no_gate\data\300\SDT_300_0.2_0.8_2.txt decomp=adaptive memo_backend=custom use_ub=0 use_lb=0 terminal_rules=1 position_filtering_enabled=1 enable_lawler_basic_rules=1 enable_simple_lb=0 enable_lb_memo=0 enable_edd_ub=0 ub_depth_limit=-1 lb_depth_limit=-1 terminal_all_tardy_spt=1 terminal_edd_at_most_one_tardy=1 enable_memo=1 enable_exact_memo=1 memo_full_key_verification=1 memo_memory_limit_mb=12288 cost=840346 time_ms=974.594 nodes=221623 max_depth=299 memo_hits=34425 memo_misses=443245 memo_exact_hits=34425 memo_lb_hits=0 rule4=1 valid_pos=14227183 valid_pos_pruned_3a=0 valid_pos_pruned_3b=0 memo_rejected=0 memo_forced_evict=0 lufo_passes=0 terminal_spt=4548 terminal_edd=13582 memo_peak=221623 memo_final=221623 memo_evictions=0 memo_clean_time_ms=0 reconstruction_time_ms=0.7887 reconstruction_repairs=0 reconstruction_trace_hits=198 reconstruction_trace_fallbacks=0 memo_used_mb=40.5804 memo_bytes_per_entry=192,[run] n=300 seed=1 input=D:\test2\results\memo_backend_no_gate\data\300\SDT_300_0.2_0.8_2.txt decomp=adaptive memo_backend=std_unordered use_ub=0 use_lb=0 terminal_rules=1 position_filtering_enabled=1 enable_lawler_basic_rules=1 enable_simple_lb=0 enable_lb_memo=0 enable_edd_ub=0 ub_depth_limit=-1 lb_depth_limit=-1 terminal_all_tardy_spt=1 terminal_edd_at_most_one_tardy=1 enable_memo=1 enable_exact_memo=1 memo_full_key_verification=1 memo_memory_limit_mb=12288 cost=840346 time_ms=1043.65 nodes=221623 max_depth=299 memo_hits=34425 memo_misses=443245 memo_exact_hits=34425 memo_lb_hits=0 rule4=1 valid_pos=14227183 valid_pos_pruned_3a=0 valid_pos_pruned_3b=0 memo_rejected=0 memo_forced_evict=0 lufo_passes=0 terminal_spt=4548 terminal_edd=13582 memo_peak=221623 memo_final=221623 memo_evictions=0 memo_clean_time_ms=0 reconstruction_time_ms=0.7253 reconstruction_repairs=0 reconstruction_trace_hits=198 reconstruction_trace_fallbacks=0 memo_used_mb=47.3438 memo_bytes_per_entry=224,C:\c++\test2\results\memo_backend_no_gate\raw_results.csv,False,0.9338322234465577,0.8571428571428571,True,True
300,0.2,0.8,2,D:\test2\results\memo_backend_no_gate\data\300\SDT_300_0.2_0.8_3.txt,12288,1200,SOLVED,SOLVED,MATCH,True,True,True,300,300,830024,830024,830024,830024,606.479,648.792,1.069768,621.424,686.51,1.104737,136566,136566,True,31769,31769,273131,273131,25.006,29.1736,0,0,0.6126,0.5297,0,0,False,,[run] n=300 seed=2 input=D:\test2\results\memo_backend_no_gate\data\300\SDT_300_0.2_0.8_3.txt decomp=adaptive memo_backend=custom use_ub=0 use_lb=0 terminal_rules=1 position_filtering_enabled=1 enable_lawler_basic_rules=1 enable_simple_lb=0 enable_lb_memo=0 enable_edd_ub=0 ub_depth_limit=-1 lb_depth_limit=-1 terminal_all_tardy_spt=1 terminal_edd_at_most_one_tardy=1 enable_memo=1 enable_exact_memo=1 memo_full_key_verification=1 memo_memory_limit_mb=12288 cost=830024 time_ms=606.479 nodes=136566 max_depth=299 memo_hits=31769 memo_misses=273131 memo_exact_hits=31769 memo_lb_hits=0 rule4=1 valid_pos=7492285 valid_pos_pruned_3a=0 valid_pos_pruned_3b=0 memo_rejected=0 memo_forced_evict=0 lufo_passes=0 terminal_spt=1966 terminal_edd=5324 memo_peak=136566 memo_final=136566 memo_evictions=0 memo_clean_time_ms=0 reconstruction_time_ms=0.6126 reconstruction_repairs=0 reconstruction_trace_hits=178 reconstruction_trace_fallbacks=0 memo_used_mb=25.006 memo_bytes_per_entry=192,[run] n=300 seed=2 input=D:\test2\results\memo_backend_no_gate\data\300\SDT_300_0.2_0.8_3.txt decomp=adaptive memo_backend=std_unordered use_ub=0 use_lb=0 terminal_rules=1 position_filtering_enabled=1 enable_lawler_basic_rules=1 enable_simple_lb=0 enable_lb_memo=0 enable_edd_ub=0 ub_depth_limit=-1 lb_depth_limit=-1 terminal_all_tardy_spt=1 terminal_edd_at_most_one_tardy=1 enable_memo=1 enable_exact_memo=1 memo_full_key_verification=1 memo_memory_limit_mb=12288 cost=830024 time_ms=648.792 nodes=136566 max_depth=299 memo_hits=31769 memo_misses=273131 memo_exact_hits=31769 memo_lb_hits=0 rule4=1 valid_pos=7492285 valid_pos_pruned_3a=0 valid_pos_pruned_3b=0 memo_rejected=0 memo_forced_evict=0 lufo_passes=0 terminal_spt=1966 terminal_edd=5324 memo_peak=136566 memo_final=136566 memo_evictions=0 memo_clean_time_ms=0 reconstruction_time_ms=0.5297 reconstruction_repairs=0 reconstruction_trace_hits=178 reconstruction_trace_fallbacks=0 memo_used_mb=29.1736 memo_bytes_per_entry=224,C:\c++\test2\results\memo_backend_no_gate\raw_results.csv,False,0.934781871539723,0.8571448158609154,True,True
300,0.2,0.8,3,D:\test2\results\memo_backend_no_gate\data\300\SDT_300_0.2_0.8_4.txt,12288,1200,SOLVED,SOLVED,MATCH,True,True,True,300,300,795591,795591,795591,795591,1970.31,2088.54,1.060006,1986.668,2170.741,1.092654,385914,385914,True,62056,62056,771827,771827,70.663,82.4401,0,0,0.9267,0.8549,0,0,False,,[run] n=300 seed=3 input=D:\test2\results\memo_backend_no_gate\data\300\SDT_300_0.2_0.8_4.txt decomp=adaptive memo_backend=custom use_ub=0 use_lb=0 terminal_rules=1 position_filtering_enabled=1 enable_lawler_basic_rules=1 enable_simple_lb=0 enable_lb_memo=0 enable_edd_ub=0 ub_depth_limit=-1 lb_depth_limit=-1 terminal_all_tardy_spt=1 terminal_edd_at_most_one_tardy=1 enable_memo=1 enable_exact_memo=1 memo_full_key_verification=1 memo_memory_limit_mb=12288 cost=795591 time_ms=1970.31 nodes=385914 max_depth=299 memo_hits=62056 memo_misses=771827 memo_exact_hits=62056 memo_lb_hits=0 rule4=1 valid_pos=30441666 valid_pos_pruned_3a=0 valid_pos_pruned_3b=0 memo_rejected=0 memo_forced_evict=0 lufo_passes=0 terminal_spt=13847 terminal_edd=23754 memo_peak=385914 memo_final=385914 memo_evictions=0 memo_clean_time_ms=0 reconstruction_time_ms=0.9267 reconstruction_repairs=0 reconstruction_trace_hits=247 reconstruction_trace_fallbacks=0 memo_used_mb=70.663 memo_bytes_per_entry=192,[run] n=300 seed=3 input=D:\test2\results\memo_backend_no_gate\data\300\SDT_300_0.2_0.8_4.txt decomp=adaptive memo_backend=std_unordered use_ub=0 use_lb=0 terminal_rules=1 position_filtering_enabled=1 enable_lawler_basic_rules=1 enable_simple_lb=0 enable_lb_memo=0 enable_edd_ub=0 ub_depth_limit=-1 lb_depth_limit=-1 terminal_all_tardy_spt=1 terminal_edd_at_most_one_tardy=1 enable_memo=1 enable_exact_memo=1 memo_full_key_verification=1 memo_memory_limit_mb=12288 cost=795591 time_ms=2088.54 nodes=385914 max_depth=299 memo_hits=62056 memo_misses=771827 memo_exact_hits=62056 memo_lb_hits=0 rule4=1 valid_pos=30441666 valid_pos_pruned_3a=0 valid_pos_pruned_3b=0 memo_rejected=0 memo_forced_evict=0 lufo_passes=0 terminal_spt=13847 terminal_edd=23754 memo_peak=385914 memo_final=385914 memo_evictions=0 memo_clean_time_ms=0 reconstruction_time_ms=0.8549 reconstruction_repairs=0 reconstruction_trace_hits=247 reconstruction_trace_fallbacks=0 memo_used_mb=82.4401 memo_bytes_per_entry=224,C:\c++\test2\results\memo_backend_no_gate\raw_results.csv,False,0.9433910770203108,0.8571435502868142,True,True
300,0.2,0.8,4,D:\test2\results\memo_backend_no_gate\data\300\SDT_300_0.2_0.8_5.txt,12288,1200,SOLVED,SOLVED,MATCH,True,True,True,300,300,863013,863013,863013,863013,643.875,699.555,1.086476,658.285,737.05,1.119652,149944,149944,True,26277,26277,299887,299887,27.4556,32.0315,0,0,0.6555,0.6214,0,0,False,,[run] n=300 seed=4 input=D:\test2\results\memo_backend_no_gate\data\300\SDT_300_0.2_0.8_5.txt decomp=adaptive memo_backend=custom use_ub=0 use_lb=0 terminal_rules=1 position_filtering_enabled=1 enable_lawler_basic_rules=1 enable_simple_lb=0 enable_lb_memo=0 enable_edd_ub=0 ub_depth_limit=-1 lb_depth_limit=-1 terminal_all_tardy_spt=1 terminal_edd_at_most_one_tardy=1 enable_memo=1 enable_exact_memo=1 memo_full_key_verification=1 memo_memory_limit_mb=12288 cost=863013 time_ms=643.875 nodes=149944 max_depth=299 memo_hits=26277 memo_misses=299887 memo_exact_hits=26277 memo_lb_hits=0 rule4=1 valid_pos=8667275 valid_pos_pruned_3a=0 valid_pos_pruned_3b=0 memo_rejected=0 memo_forced_evict=0 lufo_passes=0 terminal_spt=1237 terminal_edd=7979 memo_peak=149944 memo_final=149944 memo_evictions=0 memo_clean_time_ms=0 reconstruction_time_ms=0.6555 reconstruction_repairs=0 reconstruction_trace_hits=180 reconstruction_trace_fallbacks=0 memo_used_mb=27.4556 memo_bytes_per_entry=192,[run] n=300 seed=4 input=D:\test2\results\memo_backend_no_gate\data\300\SDT_300_0.2_0.8_5.txt decomp=adaptive memo_backend=std_unordered use_ub=0 use_lb=0 terminal_rules=1 position_filtering_enabled=1 enable_lawler_basic_rules=1 enable_simple_lb=0 enable_lb_memo=0 enable_edd_ub=0 ub_depth_limit=-1 lb_depth_limit=-1 terminal_all_tardy_spt=1 terminal_edd_at_most_one_tardy=1 enable_memo=1 enable_exact_memo=1 memo_full_key_verification=1 memo_memory_limit_mb=12288 cost=863013 time_ms=699.555 nodes=149944 max_depth=299 memo_hits=26277 memo_misses=299887 memo_exact_hits=26277 memo_lb_hits=0 rule4=1 valid_pos=8667275 valid_pos_pruned_3a=0 valid_pos_pruned_3b=0 memo_rejected=0 memo_forced_evict=0 lufo_passes=0 terminal_spt=1237 terminal_edd=7979 memo_peak=149944 memo_final=149944 memo_evictions=0 memo_clean_time_ms=0 reconstruction_time_ms=0.6214 reconstruction_repairs=0 reconstruction_trace_hits=180 reconstruction_trace_fallbacks=0 memo_used_mb=32.0315 memo_bytes_per_entry=224,C:\c++\test2\results\memo_backend_no_gate\raw_results.csv,False,0.9204065441602162,0.857143749121958,True,True
300,0.2,0.8,5,D:\test2\results\memo_backend_no_gate\data\300\SDT_300_0.2_0.8_6.txt,12288,1200,SOLVED,SOLVED,MATCH,True,True,True,300,300,754069,754069,754069,754069,587.921,648.323,1.102738,601.819,682.968,1.13484,135802,135802,True,23569,23569,271603,271603,24.8661,29.0104,0,0,0.6198,0.6648,0,0,False,,[run] n=300 seed=5 input=D:\test2\results\memo_backend_no_gate\data\300\SDT_300_0.2_0.8_6.txt decomp=adaptive memo_backend=custom use_ub=0 use_lb=0 terminal_rules=1 position_filtering_enabled=1 enable_lawler_basic_rules=1 enable_simple_lb=0 enable_lb_memo=0 enable_edd_ub=0 ub_depth_limit=-1 lb_depth_limit=-1 terminal_all_tardy_spt=1 terminal_edd_at_most_one_tardy=1 enable_memo=1 enable_exact_memo=1 memo_full_key_verification=1 memo_memory_limit_mb=12288 cost=754069 time_ms=587.921 nodes=135802 max_depth=299 memo_hits=23569 memo_misses=271603 memo_exact_hits=23569 memo_lb_hits=0 rule4=1 valid_pos=8432453 valid_pos_pruned_3a=0 valid_pos_pruned_3b=0 memo_rejected=0 memo_forced_evict=0 lufo_passes=0 terminal_spt=987 terminal_edd=8935 memo_peak=135802 memo_final=135802 memo_evictions=0 memo_clean_time_ms=0 reconstruction_time_ms=0.6198 reconstruction_repairs=0 reconstruction_trace_hits=197 reconstruction_trace_fallbacks=0 memo_used_mb=24.8661 memo_bytes_per_entry=192,[run] n=300 seed=5 input=D:\test2\results\memo_backend_no_gate\data\300\SDT_300_0.2_0.8_6.txt decomp=adaptive memo_backend=std_unordered use_ub=0 use_lb=0 terminal_rules=1 position_filtering_enabled=1 enable_lawler_basic_rules=1 enable_simple_lb=0 enable_lb_memo=0 enable_edd_ub=0 ub_depth_limit=-1 lb_depth_limit=-1 terminal_all_tardy_spt=1 terminal_edd_at_most_one_tardy=1 enable_memo=1 enable_exact_memo=1 memo_full_key_verification=1 memo_memory_limit_mb=12288 cost=754069 time_ms=648.323 nodes=135802 max_depth=299 memo_hits=23569 memo_misses=271603 memo_exact_hits=23569 memo_lb_hits=0 rule4=1 valid_pos=8432453 valid_pos_pruned_3a=0 valid_pos_pruned_3b=0 memo_rejected=0 memo_forced_evict=0 lufo_passes=0 terminal_spt=987 terminal_edd=8935 memo_peak=135802 memo_final=135802 memo_evictions=0 memo_clean_time_ms=0 reconstruction_time_ms=0.6648 reconstruction_repairs=0 reconstruction_trace_hits=197 reconstruction_trace_fallbacks=0 memo_used_mb=29.0104 memo_bytes_per_entry=224,C:\c++\test2\results\memo_backend_no_gate\raw_results.csv,False,0.9068334765232763,0.8571443344455781,True,True
300,0.2,0.8,6,D:\test2\results\memo_backend_no_gate\data\300\SDT_300_0.2_0.8_7.txt,12288,1200,SOLVED,SOLVED,MATCH,True,True,True,300,300,892949,892949,892949,892949,567.547,622.309,1.096489,581.821,659.079,1.132787,136690,136690,True,28194,28194,273379,273379,25.0287,29.2001,0,0,0.7562,0.6445,0,0,False,,[run] n=300 seed=6 input=D:\test2\results\memo_backend_no_gate\data\300\SDT_300_0.2_0.8_7.txt decomp=adaptive memo_backend=custom use_ub=0 use_lb=0 terminal_rules=1 position_filtering_enabled=1 enable_lawler_basic_rules=1 enable_simple_lb=0 enable_lb_memo=0 enable_edd_ub=0 ub_depth_limit=-1 lb_depth_limit=-1 terminal_all_tardy_spt=1 terminal_edd_at_most_one_tardy=1 enable_memo=1 enable_exact_memo=1 memo_full_key_verification=1 memo_memory_limit_mb=12288 cost=892949 time_ms=567.547 nodes=136690 max_depth=299 memo_hits=28194 memo_misses=273379 memo_exact_hits=28194 memo_lb_hits=0 rule4=1 valid_pos=8118718 valid_pos_pruned_3a=0 valid_pos_pruned_3b=0 memo_rejected=0 memo_forced_evict=0 lufo_passes=0 terminal_spt=1697 terminal_edd=7009 memo_peak=136690 memo_final=136690 memo_evictions=0 memo_clean_time_ms=0 reconstruction_time_ms=0.7562 reconstruction_repairs=0 reconstruction_trace_hits=176 reconstruction_trace_fallbacks=0 memo_used_mb=25.0287 memo_bytes_per_entry=192,[run] n=300 seed=6 input=D:\test2\results\memo_backend_no_gate\data\300\SDT_300_0.2_0.8_7.txt decomp=adaptive memo_backend=std_unordered use_ub=0 use_lb=0 terminal_rules=1 position_filtering_enabled=1 enable_lawler_basic_rules=1 enable_simple_lb=0 enable_lb_memo=0 enable_edd_ub=0 ub_depth_limit=-1 lb_depth_limit=-1 terminal_all_tardy_spt=1 terminal_edd_at_most_one_tardy=1 enable_memo=1 enable_exact_memo=1 memo_full_key_verification=1 memo_memory_limit_mb=12288 cost=892949 time_ms=622.309 nodes=136690 max_depth=299 memo_hits=28194 memo_misses=273379 memo_exact_hits=28194 memo_lb_hits=0 rule4=1 valid_pos=8118718 valid_pos_pruned_3a=0 valid_pos_pruned_3b=0 memo_rejected=0 memo_forced_evict=0 lufo_passes=0 terminal_spt=1697 terminal_edd=7009 memo_peak=136690 memo_final=136690 memo_evictions=0 memo_clean_time_ms=0 reconstruction_time_ms=0.6445 reconstruction_repairs=0 reconstruction_trace_hits=176 reconstruction_trace_fallbacks=0 memo_used_mb=29.2001 memo_bytes_per_entry=224,C:\c++\test2\results\memo_backend_no_gate\raw_results.csv,False,0.9120019154471494,0.8571443248482026,True,True
300,0.2,0.8,7,D:\test2\results\memo_backend_no_gate\data\300\SDT_300_0.2_0.8_8.txt,12288,1200,SOLVED,SOLVED,MATCH,True,True,True,300,300,847580,847580,847580,847580,677.781,745.493,1.099902,692.169,784.575,1.133502,163049,163049,True,48576,48576,326097,326097,29.8552,34.831,0,0,0.5998,0.5637,0,0,False,,[run] n=300 seed=7 input=D:\test2\results\memo_backend_no_gate\data\300\SDT_300_0.2_0.8_8.txt decomp=adaptive memo_backend=custom use_ub=0 use_lb=0 terminal_rules=1 position_filtering_enabled=1 enable_lawler_basic_rules=1 enable_simple_lb=0 enable_lb_memo=0 enable_edd_ub=0 ub_depth_limit=-1 lb_depth_limit=-1 terminal_all_tardy_spt=1 terminal_edd_at_most_one_tardy=1 enable_memo=1 enable_exact_memo=1 memo_full_key_verification=1 memo_memory_limit_mb=12288 cost=847580 time_ms=677.781 nodes=163049 max_depth=299 memo_hits=48576 memo_misses=326097 memo_exact_hits=48576 memo_lb_hits=0 rule4=1 valid_pos=9145191 valid_pos_pruned_3a=0 valid_pos_pruned_3b=0 memo_rejected=0 memo_forced_evict=0 lufo_passes=0 terminal_spt=1629 terminal_edd=8595 memo_peak=163049 memo_final=163049 memo_evictions=0 memo_clean_time_ms=0 reconstruction_time_ms=0.5998 reconstruction_repairs=0 reconstruction_trace_hits=167 reconstruction_trace_fallbacks=0 memo_used_mb=29.8552 memo_bytes_per_entry=192,[run] n=300 seed=7 input=D:\test2\results\memo_backend_no_gate\data\300\SDT_300_0.2_0.8_8.txt decomp=adaptive memo_backend=std_unordered use_ub=0 use_lb=0 terminal_rules=1 position_filtering_enabled=1 enable_lawler_basic_rules=1 enable_simple_lb=0 enable_lb_memo=0 enable_edd_ub=0 ub_depth_limit=-1 lb_depth_limit=-1 terminal_all_tardy_spt=1 terminal_edd_at_most_one_tardy=1 enable_memo=1 enable_exact_memo=1 memo_full_key_verification=1 memo_memory_limit_mb=12288 cost=847580 time_ms=745.493 nodes=163049 max_depth=299 memo_hits=48576 memo_misses=326097 memo_exact_hits=48576 memo_lb_hits=0 rule4=1 valid_pos=9145191 valid_pos_pruned_3a=0 valid_pos_pruned_3b=0 memo_rejected=0 memo_forced_evict=0 lufo_passes=0 terminal_spt=1629 terminal_edd=8595 memo_peak=163049 memo_final=163049 memo_evictions=0 memo_clean_time_ms=0 reconstruction_time_ms=0.5637 reconstruction_repairs=0 reconstruction_trace_hits=167 reconstruction_trace_fallbacks=0 memo_used_mb=34.831 memo_bytes_per_entry=224,C:\c++\test2\results\memo_backend_no_gate\raw_results.csv,False,0.9091715146889373,0.8571444977175504,True,True
300,0.2,0.8,8,D:\test2\results\memo_backend_no_gate\data\300\SDT_300_0.2_0.8_9.txt,12288,1200,SOLVED,SOLVED,MATCH,True,True,True,300,300,886204,886204,886204,886204,460.239,494.451,1.074335,474.052,524.128,1.105634,110405,110405,True,23952,23952,220809,220809,20.2158,23.5851,0,0,0.5131,0.4203,0,0,False,,[run] n=300 seed=8 input=D:\test2\results\memo_backend_no_gate\data\300\SDT_300_0.2_0.8_9.txt decomp=adaptive memo_backend=custom use_ub=0 use_lb=0 terminal_rules=1 position_filtering_enabled=1 enable_lawler_basic_rules=1 enable_simple_lb=0 enable_lb_memo=0 enable_edd_ub=0 ub_depth_limit=-1 lb_depth_limit=-1 terminal_all_tardy_spt=1 terminal_edd_at_most_one_tardy=1 enable_memo=1 enable_exact_memo=1 memo_full_key_verification=1 memo_memory_limit_mb=12288 cost=886204 time_ms=460.239 nodes=110405 max_depth=299 memo_hits=23952 memo_misses=220809 memo_exact_hits=23952 memo_lb_hits=0 rule4=1 valid_pos=6092456 valid_pos_pruned_3a=0 valid_pos_pruned_3b=0 memo_rejected=0 memo_forced_evict=0 lufo_passes=0 terminal_spt=1082 terminal_edd=5628 memo_peak=110405 memo_final=110405 memo_evictions=0 memo_clean_time_ms=0 reconstruction_time_ms=0.5131 reconstruction_repairs=0 reconstruction_trace_hits=147 reconstruction_trace_fallbacks=0 memo_used_mb=20.2158 memo_bytes_per_entry=192,[run] n=300 seed=8 input=D:\test2\results\memo_backend_no_gate\data\300\SDT_300_0.2_0.8_9.txt decomp=adaptive memo_backend=std_unordered use_ub=0 use_lb=0 terminal_rules=1 position_filtering_enabled=1 enable_lawler_basic_rules=1 enable_simple_lb=0 enable_lb_memo=0 enable_edd_ub=0 ub_depth_limit=-1 lb_depth_limit=-1 terminal_all_tardy_spt=1 terminal_edd_at_most_one_tardy=1 enable_memo=1 enable_exact_memo=1 memo_full_key_verification=1 memo_memory_limit_mb=12288 cost=886204 time_ms=494.451 nodes=110405 max_depth=299 memo_hits=23952 memo_misses=220809 memo_exact_hits=23952 memo_lb_hits=0 rule4=1 valid_pos=6092456 valid_pos_pruned_3a=0 valid_pos_pruned_3b=0 memo_rejected=0 memo_forced_evict=0 lufo_passes=0 terminal_spt=1082 terminal_edd=5628 memo_peak=110405 memo_final=110405 memo_evictions=0 memo_clean_time_ms=0 reconstruction_time_ms=0.4203 reconstruction_repairs=0 reconstruction_trace_hits=147 reconstruction_trace_fallbacks=0 memo_used_mb=23.5851 memo_bytes_per_entry=224,C:\c++\test2\results\memo_backend_no_gate\raw_results.csv,False,0.9308081083868774,0.8571428571428572,True,True
300,0.2,0.8,9,D:\test2\results\memo_backend_no_gate\data\300\SDT_300_0.2_0.8_10.txt,12288,1200,SOLVED,SOLVED,MATCH,True,True,True,300,300,836477,836477,836477,836477,370.215,408.427,1.103216,383.473,437.242,1.140216,95053,95053,True,21604,21604,190105,190105,17.4047,20.3055,0,0,0.6361,0.6363,0,0,False,,[run] n=300 seed=9 input=D:\test2\results\memo_backend_no_gate\data\300\SDT_300_0.2_0.8_10.txt decomp=adaptive memo_backend=custom use_ub=0 use_lb=0 terminal_rules=1 position_filtering_enabled=1 enable_lawler_basic_rules=1 enable_simple_lb=0 enable_lb_memo=0 enable_edd_ub=0 ub_depth_limit=-1 lb_depth_limit=-1 terminal_all_tardy_spt=1 terminal_edd_at_most_one_tardy=1 enable_memo=1 enable_exact_memo=1 memo_full_key_verification=1 memo_memory_limit_mb=12288 cost=836477 time_ms=370.215 nodes=95053 max_depth=299 memo_hits=21604 memo_misses=190105 memo_exact_hits=21604 memo_lb_hits=0 rule4=1 valid_pos=5094299 valid_pos_pruned_3a=0 valid_pos_pruned_3b=0 memo_rejected=0 memo_forced_evict=0 lufo_passes=0 terminal_spt=971 terminal_edd=4954 memo_peak=95053 memo_final=95053 memo_evictions=0 memo_clean_time_ms=0 reconstruction_time_ms=0.6361 reconstruction_repairs=0 reconstruction_trace_hits=174 reconstruction_trace_fallbacks=0 memo_used_mb=17.4047 memo_bytes_per_entry=192,[run] n=300 seed=9 input=D:\test2\results\memo_backend_no_gate\data\300\SDT_300_0.2_0.8_10.txt decomp=adaptive memo_backend=std_unordered use_ub=0 use_lb=0 terminal_rules=1 position_filtering_enabled=1 enable_lawler_basic_rules=1 enable_simple_lb=0 enable_lb_memo=0 enable_edd_ub=0 ub_depth_limit=-1 lb_depth_limit=-1 terminal_all_tardy_spt=1 terminal_edd_at_most_one_tardy=1 enable_memo=1 enable_exact_memo=1 memo_full_key_verification=1 memo_memory_limit_mb=12288 cost=836477 time_ms=408.427 nodes=95053 max_depth=299 memo_hits=21604 memo_misses=190105 memo_exact_hits=21604 memo_lb_hits=0 rule4=1 valid_pos=5094299 valid_pos_pruned_3a=0 valid_pos_pruned_3b=0 memo_rejected=0 memo_forced_evict=0 lufo_passes=0 terminal_spt=971 terminal_edd=4954 memo_peak=95053 memo_final=95053 memo_evictions=0 memo_clean_time_ms=0 reconstruction_time_ms=0.6363 reconstruction_repairs=0 reconstruction_trace_hits=174 reconstruction_trace_fallbacks=0 memo_used_mb=20.3055 memo_bytes_per_entry=224,C:\c++\test2\results\memo_backend_no_gate\raw_results.csv,False,0.9064410531135306,0.8571421536037034,True,True
300,0.4,0.6,0,D:\test2\results\memo_backend_no_gate\data\300\SDT_300_0.4_0.6_1.txt,12288,1200,SOLVED,SOLVED,MATCH,True,True,True,300,300,403105,403105,403105,403105,1081.69,1154.1,1.066942,1094.785,1208.276,1.103665,237873,237873,True,52930,52930,475745,475745,43.5558,50.8152,0,0,0.8694,0.8342,0,0,False,,[run] n=300 seed=0 input=D:\test2\results\memo_backend_no_gate\data\300\SDT_300_0.4_0.6_1.txt decomp=adaptive memo_backend=custom use_ub=0 use_lb=0 terminal_rules=1 position_filtering_enabled=1 enable_lawler_basic_rules=1 enable_simple_lb=0 enable_lb_memo=0 enable_edd_ub=0 ub_depth_limit=-1 lb_depth_limit=-1 terminal_all_tardy_spt=1 terminal_edd_at_most_one_tardy=1 enable_memo=1 enable_exact_memo=1 memo_full_key_verification=1 memo_memory_limit_mb=12288 cost=403105 time_ms=1081.69 nodes=237873 max_depth=299 memo_hits=52930 memo_misses=475745 memo_exact_hits=52930 memo_lb_hits=0 rule4=1 valid_pos=14612662 valid_pos_pruned_3a=0 valid_pos_pruned_3b=0 memo_rejected=0 memo_forced_evict=0 lufo_passes=0 terminal_spt=2400 terminal_edd=11758 memo_peak=237873 memo_final=237873 memo_evictions=0 memo_clean_time_ms=0 reconstruction_time_ms=0.8694 reconstruction_repairs=0 reconstruction_trace_hits=226 reconstruction_trace_fallbacks=0 memo_used_mb=43.5558 memo_bytes_per_entry=192,[run] n=300 seed=0 input=D:\test2\results\memo_backend_no_gate\data\300\SDT_300_0.4_0.6_1.txt decomp=adaptive memo_backend=std_unordered use_ub=0 use_lb=0 terminal_rules=1 position_filtering_enabled=1 enable_lawler_basic_rules=1 enable_simple_lb=0 enable_lb_memo=0 enable_edd_ub=0 ub_depth_limit=-1 lb_depth_limit=-1 terminal_all_tardy_spt=1 terminal_edd_at_most_one_tardy=1 enable_memo=1 enable_exact_memo=1 memo_full_key_verification=1 memo_memory_limit_mb=12288 cost=403105 time_ms=1154.1 nodes=237873 max_depth=299 memo_hits=52930 memo_misses=475745 memo_exact_hits=52930 memo_lb_hits=0 rule4=1 valid_pos=14612662 valid_pos_pruned_3a=0 valid_pos_pruned_3b=0 memo_rejected=0 memo_forced_evict=0 lufo_passes=0 terminal_spt=2400 terminal_edd=11758 memo_peak=237873 memo_final=237873 memo_evictions=0 memo_clean_time_ms=0 reconstruction_time_ms=0.8342 reconstruction_repairs=0 reconstruction_trace_hits=226 reconstruction_trace_fallbacks=0 memo_used_mb=50.8152 memo_bytes_per_entry=224,C:\c++\test2\results\memo_backend_no_gate\raw_results.csv,False,0.9372584698033101,0.8571411703584754,True,True
300,0.4,0.6,1,D:\test2\results\memo_backend_no_gate\data\300\SDT_300_0.4_0.6_2.txt,12288,1200,SOLVED,SOLVED,MATCH,True,True,True,300,300,356125,356125,356125,356125,1444.84,1601.3,1.108289,1458.706,1670.785,1.145388,306792,306792,True,81252,81252,613583,613583,56.1753,65.5378,0,0,0.9114,0.8617,0,0,False,,[run] n=300 seed=1 input=D:\test2\results\memo_backend_no_gate\data\300\SDT_300_0.4_0.6_2.txt decomp=adaptive memo_backend=custom use_ub=0 use_lb=0 terminal_rules=1 position_filtering_enabled=1 enable_lawler_basic_rules=1 enable_simple_lb=0 enable_lb_memo=0 enable_edd_ub=0 ub_depth_limit=-1 lb_depth_limit=-1 terminal_all_tardy_spt=1 terminal_edd_at_most_one_tardy=1 enable_memo=1 enable_exact_memo=1 memo_full_key_verification=1 memo_memory_limit_mb=12288 cost=356125 time_ms=1444.84 nodes=306792 max_depth=299 memo_hits=81252 memo_misses=613583 memo_exact_hits=81252 memo_lb_hits=0 rule4=1 valid_pos=19205402 valid_pos_pruned_3a=0 valid_pos_pruned_3b=0 memo_rejected=0 memo_forced_evict=0 lufo_passes=0 terminal_spt=4141 terminal_edd=12550 memo_peak=306792 memo_final=306792 memo_evictions=0 memo_clean_time_ms=0 reconstruction_time_ms=0.9114 reconstruction_repairs=0 reconstruction_trace_hits=240 reconstruction_trace_fallbacks=0 memo_used_mb=56.1753 memo_bytes_per_entry=192,[run] n=300 seed=1 input=D:\test2\results\memo_backend_no_gate\data\300\SDT_300_0.4_0.6_2.txt decomp=adaptive memo_backend=std_unordered use_ub=0 use_lb=0 terminal_rules=1 position_filtering_enabled=1 enable_lawler_basic_rules=1 enable_simple_lb=0 enable_lb_memo=0 enable_edd_ub=0 ub_depth_limit=-1 lb_depth_limit=-1 terminal_all_tardy_spt=1 terminal_edd_at_most_one_tardy=1 enable_memo=1 enable_exact_memo=1 memo_full_key_verification=1 memo_memory_limit_mb=12288 cost=356125 time_ms=1601.3 nodes=306792 max_depth=299 memo_hits=81252 memo_misses=613583 memo_exact_hits=81252 memo_lb_hits=0 rule4=1 valid_pos=19205402 valid_pos_pruned_3a=0 valid_pos_pruned_3b=0 memo_rejected=0 memo_forced_evict=0 lufo_passes=0 terminal_spt=4141 terminal_edd=12550 memo_peak=306792 memo_final=306792 memo_evictions=0 memo_clean_time_ms=0 reconstruction_time_ms=0.8617 reconstruction_repairs=0 reconstruction_trace_hits=240 reconstruction_trace_fallbacks=0 memo_used_mb=65.5378 memo_bytes_per_entry=224,C:\c++\test2\results\memo_backend_no_gate\raw_results.csv,False,0.902291887841129,0.857143511072999,True,True
300,0.4,0.6,2,D:\test2\results\memo_backend_no_gate\data\300\SDT_300_0.4_0.6_3.txt,12288,1200,SOLVED,SOLVED,MATCH,True,True,True,300,300,337316,337316,337316,337316,593.669,646.683,1.089299,608.106,683.9,1.124639,150468,150468,True,31816,31816,300935,300935,27.5515,32.1434,0,0,0.8132,0.7116,0,0,False,,[run] n=300 seed=2 input=D:\test2\results\memo_backend_no_gate\data\300\SDT_300_0.4_0.6_3.txt decomp=adaptive memo_backend=custom use_ub=0 use_lb=0 terminal_rules=1 position_filtering_enabled=1 enable_lawler_basic_rules=1 enable_simple_lb=0 enable_lb_memo=0 enable_edd_ub=0 ub_depth_limit=-1 lb_depth_limit=-1 terminal_all_tardy_spt=1 terminal_edd_at_most_one_tardy=1 enable_memo=1 enable_exact_memo=1 memo_full_key_verification=1 memo_memory_limit_mb=12288 cost=337316 time_ms=593.669 nodes=150468 max_depth=299 memo_hits=31816 memo_misses=300935 memo_exact_hits=31816 memo_lb_hits=0 rule4=1 valid_pos=7725914 valid_pos_pruned_3a=0 valid_pos_pruned_3b=0 memo_rejected=0 memo_forced_evict=0 lufo_passes=0 terminal_spt=1024 terminal_edd=8516 memo_peak=150468 memo_final=150468 memo_evictions=0 memo_clean_time_ms=0 reconstruction_time_ms=0.8132 reconstruction_repairs=0 reconstruction_trace_hits=211 reconstruction_trace_fallbacks=0 memo_used_mb=27.5515 memo_bytes_per_entry=192,[run] n=300 seed=2 input=D:\test2\results\memo_backend_no_gate\data\300\SDT_300_0.4_0.6_3.txt decomp=adaptive memo_backend=std_unordered use_ub=0 use_lb=0 terminal_rules=1 position_filtering_enabled=1 enable_lawler_basic_rules=1 enable_simple_lb=0 enable_lb_memo=0 enable_edd_ub=0 ub_depth_limit=-1 lb_depth_limit=-1 terminal_all_tardy_spt=1 terminal_edd_at_most_one_tardy=1 enable_memo=1 enable_exact_memo=1 memo_full_key_verification=1 memo_memory_limit_mb=12288 cost=337316 time_ms=646.683 nodes=150468 max_depth=299 memo_hits=31816 memo_misses=300935 memo_exact_hits=31816 memo_lb_hits=0 rule4=1 valid_pos=7725914 valid_pos_pruned_3a=0 valid_pos_pruned_3b=0 memo_rejected=0 memo_forced_evict=0 lufo_passes=0 terminal_spt=1024 terminal_edd=8516 memo_peak=150468 memo_final=150468 memo_evictions=0 memo_clean_time_ms=0 reconstruction_time_ms=0.7116 reconstruction_repairs=0 reconstruction_trace_hits=211 reconstruction_trace_fallbacks=0 memo_used_mb=32.1434 memo_bytes_per_entry=224,C:\c++\test2\results\memo_backend_no_gate\raw_results.csv,False,0.9180216582158491,0.8571433015797956,True,True
300,0.4,0.6,3,D:\test2\results\memo_backend_no_gate\data\300\SDT_300_0.4_0.6_4.txt,12288,1200,SOLVED,SOLVED,MATCH,True,True,True,300,300,344839,344839,344839,344839,1657.83,1796.42,1.083597,1671.683,1862.355,1.11406,295721,295721,True,57665,57665,591441,591441,54.1481,63.1728,0,0,0.8764,0.8216,0,0,False,,[run] n=300 seed=3 input=D:\test2\results\memo_backend_no_gate\data\300\SDT_300_0.4_0.6_4.txt decomp=adaptive memo_backend=custom use_ub=0 use_lb=0 terminal_rules=1 position_filtering_enabled=1 enable_lawler_basic_rules=1 enable_simple_lb=0 enable_lb_memo=0 enable_edd_ub=0 ub_depth_limit=-1 lb_depth_limit=-1 terminal_all_tardy_spt=1 terminal_edd_at_most_one_tardy=1 enable_memo=1 enable_exact_memo=1 memo_full_key_verification=1 memo_memory_limit_mb=12288 cost=344839 time_ms=1657.83 nodes=295721 max_depth=299 memo_hits=57665 memo_misses=591441 memo_exact_hits=57665 memo_lb_hits=0 rule4=1 valid_pos=25355173 valid_pos_pruned_3a=0 valid_pos_pruned_3b=0 memo_rejected=0 memo_forced_evict=0 lufo_passes=0 terminal_spt=3489 terminal_edd=22762 memo_peak=295721 memo_final=295721 memo_evictions=0 memo_clean_time_ms=0 reconstruction_time_ms=0.8764 reconstruction_repairs=0 reconstruction_trace_hits=228 reconstruction_trace_fallbacks=0 memo_used_mb=54.1481 memo_bytes_per_entry=192,[run] n=300 seed=3 input=D:\test2\results\memo_backend_no_gate\data\300\SDT_300_0.4_0.6_4.txt decomp=adaptive memo_backend=std_unordered use_ub=0 use_lb=0 terminal_rules=1 position_filtering_enabled=1 enable_lawler_basic_rules=1 enable_simple_lb=0 enable_lb_memo=0 enable_edd_ub=0 ub_depth_limit=-1 lb_depth_limit=-1 terminal_all_tardy_spt=1 terminal_edd_at_most_one_tardy=1 enable_memo=1 enable_exact_memo=1 memo_full_key_verification=1 memo_memory_limit_mb=12288 cost=344839 time_ms=1796.42 nodes=295721 max_depth=299 memo_hits=57665 memo_misses=591441 memo_exact_hits=57665 memo_lb_hits=0 rule4=1 valid_pos=25355173 valid_pos_pruned_3a=0 valid_pos_pruned_3b=0 memo_rejected=0 memo_forced_evict=0 lufo_passes=0 terminal_spt=3489 terminal_edd=22762 memo_peak=295721 memo_final=295721 memo_evictions=0 memo_clean_time_ms=0 reconstruction_time_ms=0.8216 reconstruction_repairs=0 reconstruction_trace_hits=228 reconstruction_trace_fallbacks=0 memo_used_mb=63.1728 memo_bytes_per_entry=224,C:\c++\test2\results\memo_backend_no_gate\raw_results.csv,False,0.9228521169882321,0.8571426310057493,True,True
300,0.4,0.6,4,D:\test2\results\memo_backend_no_gate\data\300\SDT_300_0.4_0.6_5.txt,12288,1200,SOLVED,SOLVED,MATCH,True,True,True,300,300,350625,350625,350625,350625,1215.27,1329.56,1.094045,1228.165,1393.091,1.134287,278923,278923,True,62672,62672,557845,557845,51.0723,59.5844,0,0,0.6045,0.5921,0,0,False,,[run] n=300 seed=4 input=D:\test2\results\memo_backend_no_gate\data\300\SDT_300_0.4_0.6_5.txt decomp=adaptive memo_backend=custom use_ub=0 use_lb=0 terminal_rules=1 position_filtering_enabled=1 enable_lawler_basic_rules=1 enable_simple_lb=0 enable_lb_memo=0 enable_edd_ub=0 ub_depth_limit=-1 lb_depth_limit=-1 terminal_all_tardy_spt=1 terminal_edd_at_most_one_tardy=1 enable_memo=1 enable_exact_memo=1 memo_full_key_verification=1 memo_memory_limit_mb=12288 cost=350625 time_ms=1215.27 nodes=278923 max_depth=299 memo_hits=62672 memo_misses=557845 memo_exact_hits=62672 memo_lb_hits=0 rule4=1 valid_pos=15577899 valid_pos_pruned_3a=0 valid_pos_pruned_3b=0 memo_rejected=0 memo_forced_evict=0 lufo_passes=0 terminal_spt=1455 terminal_edd=18133 memo_peak=278923 memo_final=278923 memo_evictions=0 memo_clean_time_ms=0 reconstruction_time_ms=0.6045 reconstruction_repairs=0 reconstruction_trace_hits=181 reconstruction_trace_fallbacks=0 memo_used_mb=51.0723 memo_bytes_per_entry=192,[run] n=300 seed=4 input=D:\test2\results\memo_backend_no_gate\data\300\SDT_300_0.4_0.6_5.txt decomp=adaptive memo_backend=std_unordered use_ub=0 use_lb=0 terminal_rules=1 position_filtering_enabled=1 enable_lawler_basic_rules=1 enable_simple_lb=0 enable_lb_memo=0 enable_edd_ub=0 ub_depth_limit=-1 lb_depth_limit=-1 terminal_all_tardy_spt=1 terminal_edd_at_most_one_tardy=1 enable_memo=1 enable_exact_memo=1 memo_full_key_verification=1 memo_memory_limit_mb=12288 cost=350625 time_ms=1329.56 nodes=278923 max_depth=299 memo_hits=62672 memo_misses=557845 memo_exact_hits=62672 memo_lb_hits=0 rule4=1 valid_pos=15577899 valid_pos_pruned_3a=0 valid_pos_pruned_3b=0 memo_rejected=0 memo_forced_evict=0 lufo_passes=0 terminal_spt=1455 terminal_edd=18133 memo_peak=278923 memo_final=278923 memo_evictions=0 memo_clean_time_ms=0 reconstruction_time_ms=0.5921 reconstruction_repairs=0 reconstruction_trace_hits=181 reconstruction_trace_fallbacks=0 memo_used_mb=59.5844 memo_bytes_per_entry=224,C:\c++\test2\results\memo_backend_no_gate\raw_results.csv,False,0.9140392310237974,0.8571421378750143,True,True
300,0.4,0.6,5,D:\test2\results\memo_backend_no_gate\data\300\SDT_300_0.4_0.6_6.txt,12288,1200,SOLVED,SOLVED,MATCH,True,True,True,300,300,308117,308117,308117,308117,837.254,908.056,1.084565,852.577,949.913,1.114167,174123,174123,True,33411,33411,348245,348245,31.8829,37.1967,0,0,0.7311,0.6315,0,0,False,,[run] n=300 seed=5 input=D:\test2\results\memo_backend_no_gate\data\300\SDT_300_0.4_0.6_6.txt decomp=adaptive memo_backend=custom use_ub=0 use_lb=0 terminal_rules=1 position_filtering_enabled=1 enable_lawler_basic_rules=1 enable_simple_lb=0 enable_lb_memo=0 enable_edd_ub=0 ub_depth_limit=-1 lb_depth_limit=-1 terminal_all_tardy_spt=1 terminal_edd_at_most_one_tardy=1 enable_memo=1 enable_exact_memo=1 memo_full_key_verification=1 memo_memory_limit_mb=12288 cost=308117 time_ms=837.254 nodes=174123 max_depth=299 memo_hits=33411 memo_misses=348245 memo_exact_hits=33411 memo_lb_hits=0 rule4=1 valid_pos=11107032 valid_pos_pruned_3a=0 valid_pos_pruned_3b=0 memo_rejected=0 memo_forced_evict=0 lufo_passes=0 terminal_spt=700 terminal_edd=8501 memo_peak=174123 memo_final=174123 memo_evictions=0 memo_clean_time_ms=0 reconstruction_time_ms=0.7311 reconstruction_repairs=0 reconstruction_trace_hits=176 reconstruction_trace_fallbacks=0 memo_used_mb=31.8829 memo_bytes_per_entry=192,[run] n=300 seed=5 input=D:\test2\results\memo_backend_no_gate\data\300\SDT_300_0.4_0.6_6.txt decomp=adaptive memo_backend=std_unordered use_ub=0 use_lb=0 terminal_rules=1 position_filtering_enabled=1 enable_lawler_basic_rules=1 enable_simple_lb=0 enable_lb_memo=0 enable_edd_ub=0 ub_depth_limit=-1 lb_depth_limit=-1 terminal_all_tardy_spt=1 terminal_edd_at_most_one_tardy=1 enable_memo=1 enable_exact_memo=1 memo_full_key_verification=1 memo_memory_limit_mb=12288 cost=308117 time_ms=908.056 nodes=174123 max_depth=299 memo_hits=33411 memo_misses=348245 memo_exact_hits=33411 memo_lb_hits=0 rule4=1 valid_pos=11107032 valid_pos_pruned_3a=0 valid_pos_pruned_3b=0 memo_rejected=0 memo_forced_evict=0 lufo_passes=0 terminal_spt=700 terminal_edd=8501 memo_peak=174123 memo_final=174123 memo_evictions=0 memo_clean_time_ms=0 reconstruction_time_ms=0.6315 reconstruction_repairs=0 reconstruction_trace_hits=176 reconstruction_trace_fallbacks=0 memo_used_mb=37.1967 memo_bytes_per_entry=224,C:\c++\test2\results\memo_backend_no_gate\raw_results.csv,False,0.9220290378566961,0.8571432412015044,True,True
300,0.4,0.6,6,D:\test2\results\memo_backend_no_gate\data\300\SDT_300_0.4_0.6_7.txt,12288,1200,SOLVED,SOLVED,MATCH,True,True,True,300,300,389516,389516,389516,389516,599.726,655.538,1.093062,615.155,692.057,1.125012,141597,141597,True,42498,42498,283193,283193,25.9272,30.2484,0,0,0.7895,0.7331,0,0,False,,[run] n=300 seed=6 input=D:\test2\results\memo_backend_no_gate\data\300\SDT_300_0.4_0.6_7.txt decomp=adaptive memo_backend=custom use_ub=0 use_lb=0 terminal_rules=1 position_filtering_enabled=1 enable_lawler_basic_rules=1 enable_simple_lb=0 enable_lb_memo=0 enable_edd_ub=0 ub_depth_limit=-1 lb_depth_limit=-1 terminal_all_tardy_spt=1 terminal_edd_at_most_one_tardy=1 enable_memo=1 enable_exact_memo=1 memo_full_key_verification=1 memo_memory_limit_mb=12288 cost=389516 time_ms=599.726 nodes=141597 max_depth=299 memo_hits=42498 memo_misses=283193 memo_exact_hits=42498 memo_lb_hits=0 rule4=1 valid_pos=7660352 valid_pos_pruned_3a=0 valid_pos_pruned_3b=0 memo_rejected=0 memo_forced_evict=0 lufo_passes=0 terminal_spt=845 terminal_edd=7847 memo_peak=141597 memo_final=141597 memo_evictions=0 memo_clean_time_ms=0 reconstruction_time_ms=0.7895 reconstruction_repairs=0 reconstruction_trace_hits=217 reconstruction_trace_fallbacks=0 memo_used_mb=25.9272 memo_bytes_per_entry=192,[run] n=300 seed=6 input=D:\test2\results\memo_backend_no_gate\data\300\SDT_300_0.4_0.6_7.txt decomp=adaptive memo_backend=std_unordered use_ub=0 use_lb=0 terminal_rules=1 position_filtering_enabled=1 enable_lawler_basic_rules=1 enable_simple_lb=0 enable_lb_memo=0 enable_edd_ub=0 ub_depth_limit=-1 lb_depth_limit=-1 terminal_all_tardy_spt=1 terminal_edd_at_most_one_tardy=1 enable_memo=1 enable_exact_memo=1 memo_full_key_verification=1 memo_memory_limit_mb=12288 cost=389516 time_ms=655.538 nodes=141597 max_depth=299 memo_hits=42498 memo_misses=283193 memo_exact_hits=42498 memo_lb_hits=0 rule4=1 valid_pos=7660352 valid_pos_pruned_3a=0 valid_pos_pruned_3b=0 memo_rejected=0 memo_forced_evict=0 lufo_passes=0 terminal_spt=845 terminal_edd=7847 memo_peak=141597 memo_final=141597 memo_evictions=0 memo_clean_time_ms=0 reconstruction_time_ms=0.7331 reconstruction_repairs=0 reconstruction_trace_hits=217 reconstruction_trace_fallbacks=0 memo_used_mb=30.2484 memo_bytes_per_entry=224,C:\c++\test2\results\memo_backend_no_gate\raw_results.csv,False,0.9148607708477616,0.8571428571428571,True,True
300,0.4,0.6,7,D:\test2\results\memo_backend_no_gate\data\300\SDT_300_0.4_0.6_8.txt,12288,1200,SOLVED,SOLVED,MATCH,True,True,True,300,300,371914,371914,371914,371914,713.034,786.044,1.102393,727.293,825.09,1.134467,156607,156607,True,48903,48903,313213,313213,28.6756,33.4549,0,0,0.7978,0.7744,0,0,False,,[run] n=300 seed=7 input=D:\test2\results\memo_backend_no_gate\data\300\SDT_300_0.4_0.6_8.txt decomp=adaptive memo_backend=custom use_ub=0 use_lb=0 terminal_rules=1 position_filtering_enabled=1 enable_lawler_basic_rules=1 enable_simple_lb=0 enable_lb_memo=0 enable_edd_ub=0 ub_depth_limit=-1 lb_depth_limit=-1 terminal_all_tardy_spt=1 terminal_edd_at_most_one_tardy=1 enable_memo=1 enable_exact_memo=1 memo_full_key_verification=1 memo_memory_limit_mb=12288 cost=371914 time_ms=713.034 nodes=156607 max_depth=299 memo_hits=48903 memo_misses=313213 memo_exact_hits=48903 memo_lb_hits=0 rule4=1 valid_pos=9496763 valid_pos_pruned_3a=0 valid_pos_pruned_3b=0 memo_rejected=0 memo_forced_evict=0 lufo_passes=0 terminal_spt=489 terminal_edd=10623 memo_peak=156607 memo_final=156607 memo_evictions=0 memo_clean_time_ms=0 reconstruction_time_ms=0.7978 reconstruction_repairs=0 reconstruction_trace_hits=218 reconstruction_trace_fallbacks=0 memo_used_mb=28.6756 memo_bytes_per_entry=192,[run] n=300 seed=7 input=D:\test2\results\memo_backend_no_gate\data\300\SDT_300_0.4_0.6_8.txt decomp=adaptive memo_backend=std_unordered use_ub=0 use_lb=0 terminal_rules=1 position_filtering_enabled=1 enable_lawler_basic_rules=1 enable_simple_lb=0 enable_lb_memo=0 enable_edd_ub=0 ub_depth_limit=-1 lb_depth_limit=-1 terminal_all_tardy_spt=1 terminal_edd_at_most_one_tardy=1 enable_memo=1 enable_exact_memo=1 memo_full_key_verification=1 memo_memory_limit_mb=12288 cost=371914 time_ms=786.044 nodes=156607 max_depth=299 memo_hits=48903 memo_misses=313213 memo_exact_hits=48903 memo_lb_hits=0 rule4=1 valid_pos=9496763 valid_pos_pruned_3a=0 valid_pos_pruned_3b=0 memo_rejected=0 memo_forced_evict=0 lufo_passes=0 terminal_spt=489 terminal_edd=10623 memo_peak=156607 memo_final=156607 memo_evictions=0 memo_clean_time_ms=0 reconstruction_time_ms=0.7744 reconstruction_repairs=0 reconstruction_trace_hits=218 reconstruction_trace_fallbacks=0 memo_used_mb=33.4549 memo_bytes_per_entry=224,C:\c++\test2\results\memo_backend_no_gate\raw_results.csv,False,0.9071171588358922,0.8571420031146408,True,True
300,0.4,0.6,8,D:\test2\results\memo_backend_no_gate\data\300\SDT_300_0.4_0.6_9.txt,12288,1200,SOLVED,SOLVED,MATCH,True,True,True,300,300,386543,386543,386543,386543,627.173,683.535,1.089867,641.178,719.375,1.121958,132696,132696,True,28572,28572,265391,265391,24.2974,28.3469,0,0,0.8162,0.9651,0,0,False,,[run] n=300 seed=8 input=D:\test2\results\memo_backend_no_gate\data\300\SDT_300_0.4_0.6_9.txt decomp=adaptive memo_backend=custom use_ub=0 use_lb=0 terminal_rules=1 position_filtering_enabled=1 enable_lawler_basic_rules=1 enable_simple_lb=0 enable_lb_memo=0 enable_edd_ub=0 ub_depth_limit=-1 lb_depth_limit=-1 terminal_all_tardy_spt=1 terminal_edd_at_most_one_tardy=1 enable_memo=1 enable_exact_memo=1 memo_full_key_verification=1 memo_memory_limit_mb=12288 cost=386543 time_ms=627.173 nodes=132696 max_depth=299 memo_hits=28572 memo_misses=265391 memo_exact_hits=28572 memo_lb_hits=0 rule4=1 valid_pos=9146580 valid_pos_pruned_3a=0 valid_pos_pruned_3b=0 memo_rejected=0 memo_forced_evict=0 lufo_passes=0 terminal_spt=1356 terminal_edd=7354 memo_peak=132696 memo_final=132696 memo_evictions=0 memo_clean_time_ms=0 reconstruction_time_ms=0.8162 reconstruction_repairs=0 reconstruction_trace_hits=261 reconstruction_trace_fallbacks=0 memo_used_mb=24.2974 memo_bytes_per_entry=192,[run] n=300 seed=8 input=D:\test2\results\memo_backend_no_gate\data\300\SDT_300_0.4_0.6_9.txt decomp=adaptive memo_backend=std_unordered use_ub=0 use_lb=0 terminal_rules=1 position_filtering_enabled=1 enable_lawler_basic_rules=1 enable_simple_lb=0 enable_lb_memo=0 enable_edd_ub=0 ub_depth_limit=-1 lb_depth_limit=-1 terminal_all_tardy_spt=1 terminal_edd_at_most_one_tardy=1 enable_memo=1 enable_exact_memo=1 memo_full_key_verification=1 memo_memory_limit_mb=12288 cost=386543 time_ms=683.535 nodes=132696 max_depth=299 memo_hits=28572 memo_misses=265391 memo_exact_hits=28572 memo_lb_hits=0 rule4=1 valid_pos=9146580 valid_pos_pruned_3a=0 valid_pos_pruned_3b=0 memo_rejected=0 memo_forced_evict=0 lufo_passes=0 terminal_spt=1356 terminal_edd=7354 memo_peak=132696 memo_final=132696 memo_evictions=0 memo_clean_time_ms=0 reconstruction_time_ms=0.9651 reconstruction_repairs=0 reconstruction_trace_hits=261 reconstruction_trace_fallbacks=0 memo_used_mb=28.3469 memo_bytes_per_entry=224,C:\c++\test2\results\memo_backend_no_gate\raw_results.csv,False,0.9175433591549811,0.8571448729843474,True,True
300,0.4,0.6,9,D:\test2\results\memo_backend_no_gate\data\300\SDT_300_0.4_0.6_10.txt,12288,1200,SOLVED,SOLVED,MATCH,True,True,True,300,300,341823,341823,341823,341823,540.797,586.608,1.08471,554.583,619.193,1.116502,125244,125244,True,23278,23278,250487,250487,22.9329,26.755,0,0,0.5708,0.6628,0,0,False,,[run] n=300 seed=9 input=D:\test2\results\memo_backend_no_gate\data\300\SDT_300_0.4_0.6_10.txt decomp=adaptive memo_backend=custom use_ub=0 use_lb=0 terminal_rules=1 position_filtering_enabled=1 enable_lawler_basic_rules=1 enable_simple_lb=0 enable_lb_memo=0 enable_edd_ub=0 ub_depth_limit=-1 lb_depth_limit=-1 terminal_all_tardy_spt=1 terminal_edd_at_most_one_tardy=1 enable_memo=1 enable_exact_memo=1 memo_full_key_verification=1 memo_memory_limit_mb=12288 cost=341823 time_ms=540.797 nodes=125244 max_depth=299 memo_hits=23278 memo_misses=250487 memo_exact_hits=23278 memo_lb_hits=0 rule4=1 valid_pos=7540094 valid_pos_pruned_3a=0 valid_pos_pruned_3b=0 memo_rejected=0 memo_forced_evict=0 lufo_passes=0 terminal_spt=1042 terminal_edd=7746 memo_peak=125244 memo_final=125244 memo_evictions=0 memo_clean_time_ms=0 reconstruction_time_ms=0.5708 reconstruction_repairs=0 reconstruction_trace_hits=199 reconstruction_trace_fallbacks=0 memo_used_mb=22.9329 memo_bytes_per_entry=192,[run] n=300 seed=9 input=D:\test2\results\memo_backend_no_gate\data\300\SDT_300_0.4_0.6_10.txt decomp=adaptive memo_backend=std_unordered use_ub=0 use_lb=0 terminal_rules=1 position_filtering_enabled=1 enable_lawler_basic_rules=1 enable_simple_lb=0 enable_lb_memo=0 enable_edd_ub=0 ub_depth_limit=-1 lb_depth_limit=-1 terminal_all_tardy_spt=1 terminal_edd_at_most_one_tardy=1 enable_memo=1 enable_exact_memo=1 memo_full_key_verification=1 memo_memory_limit_mb=12288 cost=341823 time_ms=586.608 nodes=125244 max_depth=299 memo_hits=23278 memo_misses=250487 memo_exact_hits=23278 memo_lb_hits=0 rule4=1 valid_pos=7540094 valid_pos_pruned_3a=0 valid_pos_pruned_3b=0 memo_rejected=0 memo_forced_evict=0 lufo_passes=0 terminal_spt=1042 terminal_edd=7746 memo_peak=125244 memo_final=125244 memo_evictions=0 memo_clean_time_ms=0 reconstruction_time_ms=0.6628 reconstruction_repairs=0 reconstruction_trace_hits=199 reconstruction_trace_fallbacks=0 memo_used_mb=26.755 memo_bytes_per_entry=224,C:\c++\test2\results\memo_backend_no_gate\raw_results.csv,False,0.921905258707689,0.85714445897963,True,True
500,0.2,0.6,0,D:\test2\results\memo_backend_no_gate\data\500\SDT_500_0.2_0.6_1.txt,12288,1200,SOLVED,SOLVED,MATCH,True,True,True,500,500,1278388,1278388,1278388,1278388,17758.1,19218.3,1.082227,17814.611,19939.363,1.11927,2799144,2799144,True,514620,514620,5598287,5598287,576.606,662.029,0,0,1.4649,1.368,0,0,False,,[run] n=500 seed=0 input=D:\test2\results\memo_backend_no_gate\data\500\SDT_500_0.2_0.6_1.txt decomp=adaptive memo_backend=custom use_ub=0 use_lb=0 terminal_rules=1 position_filtering_enabled=1 enable_lawler_basic_rules=1 enable_simple_lb=0 enable_lb_memo=0 enable_edd_ub=0 ub_depth_limit=-1 lb_depth_limit=-1 terminal_all_tardy_spt=1 terminal_edd_at_most_one_tardy=1 enable_memo=1 enable_exact_memo=1 memo_full_key_verification=1 memo_memory_limit_mb=12288 cost=1278388 time_ms=17758.1 nodes=2799144 max_depth=499 memo_hits=514620 memo_misses=5598287 memo_exact_hits=514620 memo_lb_hits=0 rule4=1 valid_pos=284799078 valid_pos_pruned_3a=0 valid_pos_pruned_3b=0 memo_rejected=0 memo_forced_evict=0 lufo_passes=0 terminal_spt=64024 terminal_edd=328160 memo_peak=2799144 memo_final=2799144 memo_evictions=0 memo_clean_time_ms=0 reconstruction_time_ms=1.4649 reconstruction_repairs=0 reconstruction_trace_hits=318 reconstruction_trace_fallbacks=0 memo_used_mb=576.606 memo_bytes_per_entry=216,[run] n=500 seed=0 input=D:\test2\results\memo_backend_no_gate\data\500\SDT_500_0.2_0.6_1.txt decomp=adaptive memo_backend=std_unordered use_ub=0 use_lb=0 terminal_rules=1 position_filtering_enabled=1 enable_lawler_basic_rules=1 enable_simple_lb=0 enable_lb_memo=0 enable_edd_ub=0 ub_depth_limit=-1 lb_depth_limit=-1 terminal_all_tardy_spt=1 terminal_edd_at_most_one_tardy=1 enable_memo=1 enable_exact_memo=1 memo_full_key_verification=1 memo_memory_limit_mb=12288 cost=1278388 time_ms=19218.3 nodes=2799144 max_depth=499 memo_hits=514620 memo_misses=5598287 memo_exact_hits=514620 memo_lb_hits=0 rule4=1 valid_pos=284799078 valid_pos_pruned_3a=0 valid_pos_pruned_3b=0 memo_rejected=0 memo_forced_evict=0 lufo_passes=0 terminal_spt=64024 terminal_edd=328160 memo_peak=2799144 memo_final=2799144 memo_evictions=0 memo_clean_time_ms=0 reconstruction_time_ms=1.368 reconstruction_repairs=0 reconstruction_trace_hits=318 reconstruction_trace_fallbacks=0 memo_used_mb=662.029 memo_bytes_per_entry=248,C:\c++\test2\results\memo_backend_no_gate\raw_results.csv,False,0.9240203347850746,0.8709678881136627,True,True
500,0.2,0.6,1,D:\test2\results\memo_backend_no_gate\data\500\SDT_500_0.2_0.6_2.txt,12288,1200,SOLVED,SOLVED,MATCH,True,True,True,500,500,1206511,1206511,1206511,1206511,15806.7,17242.1,1.09081,15850.528,17840.814,1.125566,2416867,2416867,True,418609,418609,4833733,4833733,497.859,571.616,0,0,1.4412,1.3652,0,0,False,,[run] n=500 seed=1 input=D:\test2\results\memo_backend_no_gate\data\500\SDT_500_0.2_0.6_2.txt decomp=adaptive memo_backend=custom use_ub=0 use_lb=0 terminal_rules=1 position_filtering_enabled=1 enable_lawler_basic_rules=1 enable_simple_lb=0 enable_lb_memo=0 enable_edd_ub=0 ub_depth_limit=-1 lb_depth_limit=-1 terminal_all_tardy_spt=1 terminal_edd_at_most_one_tardy=1 enable_memo=1 enable_exact_memo=1 memo_full_key_verification=1 memo_memory_limit_mb=12288 cost=1206511 time_ms=15806.7 nodes=2416867 max_depth=499 memo_hits=418609 memo_misses=4833733 memo_exact_hits=418609 memo_lb_hits=0 rule4=1 valid_pos=251338747 valid_pos_pruned_3a=0 valid_pos_pruned_3b=0 memo_rejected=0 memo_forced_evict=0 lufo_passes=0 terminal_spt=60892 terminal_edd=234370 memo_peak=2416867 memo_final=2416867 memo_evictions=0 memo_clean_time_ms=0 reconstruction_time_ms=1.4412 reconstruction_repairs=0 reconstruction_trace_hits=303 reconstruction_trace_fallbacks=0 memo_used_mb=497.859 memo_bytes_per_entry=216,[run] n=500 seed=1 input=D:\test2\results\memo_backend_no_gate\data\500\SDT_500_0.2_0.6_2.txt decomp=adaptive memo_backend=std_unordered use_ub=0 use_lb=0 terminal_rules=1 position_filtering_enabled=1 enable_lawler_basic_rules=1 enable_simple_lb=0 enable_lb_memo=0 enable_edd_ub=0 ub_depth_limit=-1 lb_depth_limit=-1 terminal_all_tardy_spt=1 terminal_edd_at_most_one_tardy=1 enable_memo=1 enable_exact_memo=1 memo_full_key_verification=1 memo_memory_limit_mb=12288 cost=1206511 time_ms=17242.1 nodes=2416867 max_depth=499 memo_hits=418609 memo_misses=4833733 memo_exact_hits=418609 memo_lb_hits=0 rule4=1 valid_pos=251338747 valid_pos_pruned_3a=0 valid_pos_pruned_3b=0 memo_rejected=0 memo_forced_evict=0 lufo_passes=0 terminal_spt=60892 terminal_edd=234370 memo_peak=2416867 memo_final=2416867 memo_evictions=0 memo_clean_time_ms=0 reconstruction_time_ms=1.3652 reconstruction_repairs=0 reconstruction_trace_hits=303 reconstruction_trace_fallbacks=0 memo_used_mb=571.616 memo_bytes_per_entry=248,C:\c++\test2\results\memo_backend_no_gate\raw_results.csv,False,0.9167502798383029,0.8709675726361753,True,True
500,0.2,0.6,2,D:\test2\results\memo_backend_no_gate\data\500\SDT_500_0.2_0.6_3.txt,12288,1200,SOLVED,SOLVED,MATCH,True,True,True,500,500,1212436,1212436,1212436,1212436,14030.5,15445.6,1.100859,14070.338,16003.332,1.137381,2214581,2214581,True,339661,339661,4429161,4429161,456.19,523.773,0,0,1.4988,1.5402,0,0,False,,[run] n=500 seed=2 input=D:\test2\results\memo_backend_no_gate\data\500\SDT_500_0.2_0.6_3.txt decomp=adaptive memo_backend=custom use_ub=0 use_lb=0 terminal_rules=1 position_filtering_enabled=1 enable_lawler_basic_rules=1 enable_simple_lb=0 enable_lb_memo=0 enable_edd_ub=0 ub_depth_limit=-1 lb_depth_limit=-1 terminal_all_tardy_spt=1 terminal_edd_at_most_one_tardy=1 enable_memo=1 enable_exact_memo=1 memo_full_key_verification=1 memo_memory_limit_mb=12288 cost=1212436 time_ms=14030.5 nodes=2214581 max_depth=499 memo_hits=339661 memo_misses=4429161 memo_exact_hits=339661 memo_lb_hits=0 rule4=1 valid_pos=221935738 valid_pos_pruned_3a=0 valid_pos_pruned_3b=0 memo_rejected=0 memo_forced_evict=0 lufo_passes=0 terminal_spt=41323 terminal_edd=188285 memo_peak=2214581 memo_final=2214581 memo_evictions=0 memo_clean_time_ms=0 reconstruction_time_ms=1.4988 reconstruction_repairs=0 reconstruction_trace_hits=309 reconstruction_trace_fallbacks=0 memo_used_mb=456.19 memo_bytes_per_entry=216,[run] n=500 seed=2 input=D:\test2\results\memo_backend_no_gate\data\500\SDT_500_0.2_0.6_3.txt decomp=adaptive memo_backend=std_unordered use_ub=0 use_lb=0 terminal_rules=1 position_filtering_enabled=1 enable_lawler_basic_rules=1 enable_simple_lb=0 enable_lb_memo=0 enable_edd_ub=0 ub_depth_limit=-1 lb_depth_limit=-1 terminal_all_tardy_spt=1 terminal_edd_at_most_one_tardy=1 enable_memo=1 enable_exact_memo=1 memo_full_key_verification=1 memo_memory_limit_mb=12288 cost=1212436 time_ms=15445.6 nodes=2214581 max_depth=499 memo_hits=339661 memo_misses=4429161 memo_exact_hits=339661 memo_lb_hits=0 rule4=1 valid_pos=221935738 valid_pos_pruned_3a=0 valid_pos_pruned_3b=0 memo_rejected=0 memo_forced_evict=0 lufo_passes=0 terminal_spt=41323 terminal_edd=188285 memo_peak=2214581 memo_final=2214581 memo_evictions=0 memo_clean_time_ms=0 reconstruction_time_ms=1.5402 reconstruction_repairs=0 reconstruction_trace_hits=309 reconstruction_trace_fallbacks=0 memo_used_mb=523.773 memo_bytes_per_entry=248,C:\c++\test2\results\memo_backend_no_gate\raw_results.csv,False,0.9083816750401409,0.8709689121050531,True,True
500,0.2,0.6,3,D:\test2\results\memo_backend_no_gate\data\500\SDT_500_0.2_0.6_4.txt,12288,1200,SOLVED,SOLVED,MATCH,True,True,True,500,500,1136386,1136386,1136386,1136386,15533.5,17058.4,1.098168,15569.138,17694.904,1.136537,2512128,2512128,True,374588,374588,5024255,5024255,517.482,594.146,0,0,1.2528,1.2587,0,0,False,,[run] n=500 seed=3 input=D:\test2\results\memo_backend_no_gate\data\500\SDT_500_0.2_0.6_4.txt decomp=adaptive memo_backend=custom use_ub=0 use_lb=0 terminal_rules=1 position_filtering_enabled=1 enable_lawler_basic_rules=1 enable_simple_lb=0 enable_lb_memo=0 enable_edd_ub=0 ub_depth_limit=-1 lb_depth_limit=-1 terminal_all_tardy_spt=1 terminal_edd_at_most_one_tardy=1 enable_memo=1 enable_exact_memo=1 memo_full_key_verification=1 memo_memory_limit_mb=12288 cost=1136386 time_ms=15533.5 nodes=2512128 max_depth=499 memo_hits=374588 memo_misses=5024255 memo_exact_hits=374588 memo_lb_hits=0 rule4=1 valid_pos=246561706 valid_pos_pruned_3a=0 valid_pos_pruned_3b=0 memo_rejected=0 memo_forced_evict=0 lufo_passes=0 terminal_spt=54594 terminal_edd=228205 memo_peak=2512128 memo_final=2512128 memo_evictions=0 memo_clean_time_ms=0 reconstruction_time_ms=1.2528 reconstruction_repairs=0 reconstruction_trace_hits=271 reconstruction_trace_fallbacks=0 memo_used_mb=517.482 memo_bytes_per_entry=216,[run] n=500 seed=3 input=D:\test2\results\memo_backend_no_gate\data\500\SDT_500_0.2_0.6_4.txt decomp=adaptive memo_backend=std_unordered use_ub=0 use_lb=0 terminal_rules=1 position_filtering_enabled=1 enable_lawler_basic_rules=1 enable_simple_lb=0 enable_lb_memo=0 enable_edd_ub=0 ub_depth_limit=-1 lb_depth_limit=-1 terminal_all_tardy_spt=1 terminal_edd_at_most_one_tardy=1 enable_memo=1 enable_exact_memo=1 memo_full_key_verification=1 memo_memory_limit_mb=12288 cost=1136386 time_ms=17058.4 nodes=2512128 max_depth=499 memo_hits=374588 memo_misses=5024255 memo_exact_hits=374588 memo_lb_hits=0 rule4=1 valid_pos=246561706 valid_pos_pruned_3a=0 valid_pos_pruned_3b=0 memo_rejected=0 memo_forced_evict=0 lufo_passes=0 terminal_spt=54594 terminal_edd=228205 memo_peak=2512128 memo_final=2512128 memo_evictions=0 memo_clean_time_ms=0 reconstruction_time_ms=1.2587 reconstruction_repairs=0 reconstruction_trace_hits=271 reconstruction_trace_fallbacks=0 memo_used_mb=594.146 memo_bytes_per_entry=248,C:\c++\test2\results\memo_backend_no_gate\raw_results.csv,False,0.9106070909346714,0.8709677419354839,True,True
500,0.2,0.6,4,D:\test2\results\memo_backend_no_gate\data\500\SDT_500_0.2_0.6_5.txt,12288,1200,SOLVED,SOLVED,MATCH,True,True,True,500,500,1175487,1175487,1175487,1175487,15137.2,16604.7,1.096947,15172.088,17218.24,1.134863,2477543,2477543,True,401079,401079,4955085,4955085,510.358,585.967,0,0,2.018,1.9536,0,0,False,,[run] n=500 seed=4 input=D:\test2\results\memo_backend_no_gate\data\500\SDT_500_0.2_0.6_5.txt decomp=adaptive memo_backend=custom use_ub=0 use_lb=0 terminal_rules=1 position_filtering_enabled=1 enable_lawler_basic_rules=1 enable_simple_lb=0 enable_lb_memo=0 enable_edd_ub=0 ub_depth_limit=-1 lb_depth_limit=-1 terminal_all_tardy_spt=1 terminal_edd_at_most_one_tardy=1 enable_memo=1 enable_exact_memo=1 memo_full_key_verification=1 memo_memory_limit_mb=12288 cost=1175487 time_ms=15137.2 nodes=2477543 max_depth=499 memo_hits=401079 memo_misses=4955085 memo_exact_hits=401079 memo_lb_hits=0 rule4=1 valid_pos=242064313 valid_pos_pruned_3a=0 valid_pos_pruned_3b=0 memo_rejected=0 memo_forced_evict=0 lufo_passes=0 terminal_spt=73858 terminal_edd=241022 memo_peak=2477543 memo_final=2477543 memo_evictions=0 memo_clean_time_ms=0 reconstruction_time_ms=2.018 reconstruction_repairs=0 reconstruction_trace_hits=429 reconstruction_trace_fallbacks=0 memo_used_mb=510.358 memo_bytes_per_entry=216,[run] n=500 seed=4 input=D:\test2\results\memo_backend_no_gate\data\500\SDT_500_0.2_0.6_5.txt decomp=adaptive memo_backend=std_unordered use_ub=0 use_lb=0 terminal_rules=1 position_filtering_enabled=1 enable_lawler_basic_rules=1 enable_simple_lb=0 enable_lb_memo=0 enable_edd_ub=0 ub_depth_limit=-1 lb_depth_limit=-1 terminal_all_tardy_spt=1 terminal_edd_at_most_one_tardy=1 enable_memo=1 enable_exact_memo=1 memo_full_key_verification=1 memo_memory_limit_mb=12288 cost=1175487 time_ms=16604.7 nodes=2477543 max_depth=499 memo_hits=401079 memo_misses=4955085 memo_exact_hits=401079 memo_lb_hits=0 rule4=1 valid_pos=242064313 valid_pos_pruned_3a=0 valid_pos_pruned_3b=0 memo_rejected=0 memo_forced_evict=0 lufo_passes=0 terminal_spt=73858 terminal_edd=241022 memo_peak=2477543 memo_final=2477543 memo_evictions=0 memo_clean_time_ms=0 reconstruction_time_ms=1.9536 reconstruction_repairs=0 reconstruction_trace_hits=429 reconstruction_trace_fallbacks=0 memo_used_mb=585.967 memo_bytes_per_entry=248,C:\c++\test2\results\memo_backend_no_gate\raw_results.csv,False,0.9116214083964179,0.870967136374574,True,True
500,0.2,0.6,5,D:\test2\results\memo_backend_no_gate\data\500\SDT_500_0.2_0.6_6.txt,12288,1200,SOLVED,SOLVED,MATCH,True,True,True,500,500,1120305,1120305,1120305,1120305,13282.2,14726.2,1.108717,13321.396,15300.558,1.14857,2309567,2309567,True,390968,390968,4619133,4619133,475.756,546.239,0,0,1.9228,2.0296,0,0,False,,[run] n=500 seed=5 input=D:\test2\results\memo_backend_no_gate\data\500\SDT_500_0.2_0.6_6.txt decomp=adaptive memo_backend=custom use_ub=0 use_lb=0 terminal_rules=1 position_filtering_enabled=1 enable_lawler_basic_rules=1 enable_simple_lb=0 enable_lb_memo=0 enable_edd_ub=0 ub_depth_limit=-1 lb_depth_limit=-1 terminal_all_tardy_spt=1 terminal_edd_at_most_one_tardy=1 enable_memo=1 enable_exact_memo=1 memo_full_key_verification=1 memo_memory_limit_mb=12288 cost=1120305 time_ms=13282.2 nodes=2309567 max_depth=499 memo_hits=390968 memo_misses=4619133 memo_exact_hits=390968 memo_lb_hits=0 rule4=1 valid_pos=202718355 valid_pos_pruned_3a=0 valid_pos_pruned_3b=0 memo_rejected=0 memo_forced_evict=0 lufo_passes=0 terminal_spt=49807 terminal_edd=266693 memo_peak=2309567 memo_final=2309567 memo_evictions=0 memo_clean_time_ms=0 reconstruction_time_ms=1.9228 reconstruction_repairs=0 reconstruction_trace_hits=407 reconstruction_trace_fallbacks=0 memo_used_mb=475.756 memo_bytes_per_entry=216,[run] n=500 seed=5 input=D:\test2\results\memo_backend_no_gate\data\500\SDT_500_0.2_0.6_6.txt decomp=adaptive memo_backend=std_unordered use_ub=0 use_lb=0 terminal_rules=1 position_filtering_enabled=1 enable_lawler_basic_rules=1 enable_simple_lb=0 enable_lb_memo=0 enable_edd_ub=0 ub_depth_limit=-1 lb_depth_limit=-1 terminal_all_tardy_spt=1 terminal_edd_at_most_one_tardy=1 enable_memo=1 enable_exact_memo=1 memo_full_key_verification=1 memo_memory_limit_mb=12288 cost=1120305 time_ms=14726.2 nodes=2309567 max_depth=499 memo_hits=390968 memo_misses=4619133 memo_exact_hits=390968 memo_lb_hits=0 rule4=1 valid_pos=202718355 valid_pos_pruned_3a=0 valid_pos_pruned_3b=0 memo_rejected=0 memo_forced_evict=0 lufo_passes=0 terminal_spt=49807 terminal_edd=266693 memo_peak=2309567 memo_final=2309567 memo_evictions=0 memo_clean_time_ms=0 reconstruction_time_ms=2.0296 reconstruction_repairs=0 reconstruction_trace_hits=407 reconstruction_trace_fallbacks=0 memo_used_mb=546.239 memo_bytes_per_entry=248,C:\c++\test2\results\memo_backend_no_gate\raw_results.csv,False,0.901943474895085,0.870966738002962,True,True
500,0.2,0.6,6,D:\test2\results\memo_backend_no_gate\data\500\SDT_500_0.2_0.6_7.txt,12288,1200,SOLVED,SOLVED,MATCH,True,True,True,500,500,1181815,1181815,1181815,1181815,16036.0,17495.3,1.091001,16076.191,18114.437,1.126787,2442730,2442730,True,466673,466673,4885459,4885459,503.187,577.733,0,0,1.4628,1.4828,0,0,False,,[run] n=500 seed=6 input=D:\test2\results\memo_backend_no_gate\data\500\SDT_500_0.2_0.6_7.txt decomp=adaptive memo_backend=custom use_ub=0 use_lb=0 terminal_rules=1 position_filtering_enabled=1 enable_lawler_basic_rules=1 enable_simple_lb=0 enable_lb_memo=0 enable_edd_ub=0 ub_depth_limit=-1 lb_depth_limit=-1 terminal_all_tardy_spt=1 terminal_edd_at_most_one_tardy=1 enable_memo=1 enable_exact_memo=1 memo_full_key_verification=1 memo_memory_limit_mb=12288 cost=1181815 time_ms=16036 nodes=2442730 max_depth=499 memo_hits=466673 memo_misses=4885459 memo_exact_hits=466673 memo_lb_hits=0 rule4=1 valid_pos=257525174 valid_pos_pruned_3a=0 valid_pos_pruned_3b=0 memo_rejected=0 memo_forced_evict=0 lufo_passes=0 terminal_spt=74999 terminal_edd=290953 memo_peak=2442730 memo_final=2442730 memo_evictions=0 memo_clean_time_ms=0 reconstruction_time_ms=1.4628 reconstruction_repairs=0 reconstruction_trace_hits=309 reconstruction_trace_fallbacks=0 memo_used_mb=503.187 memo_bytes_per_entry=216,[run] n=500 seed=6 input=D:\test2\results\memo_backend_no_gate\data\500\SDT_500_0.2_0.6_7.txt decomp=adaptive memo_backend=std_unordered use_ub=0 use_lb=0 terminal_rules=1 position_filtering_enabled=1 enable_lawler_basic_rules=1 enable_simple_lb=0 enable_lb_memo=0 enable_edd_ub=0 ub_depth_limit=-1 lb_depth_limit=-1 terminal_all_tardy_spt=1 terminal_edd_at_most_one_tardy=1 enable_memo=1 enable_exact_memo=1 memo_full_key_verification=1 memo_memory_limit_mb=12288 cost=1181815 time_ms=17495.3 nodes=2442730 max_depth=499 memo_hits=466673 memo_misses=4885459 memo_exact_hits=466673 memo_lb_hits=0 rule4=1 valid_pos=257525174 valid_pos_pruned_3a=0 valid_pos_pruned_3b=0 memo_rejected=0 memo_forced_evict=0 lufo_passes=0 terminal_spt=74999 terminal_edd=290953 memo_peak=2442730 memo_final=2442730 memo_evictions=0 memo_clean_time_ms=0 reconstruction_time_ms=1.4828 reconstruction_repairs=0 reconstruction_trace_hits=309 reconstruction_trace_fallbacks=0 memo_used_mb=577.733 memo_bytes_per_entry=248,C:\c++\test2\results\memo_backend_no_gate\raw_results.csv,False,0.9165890267671889,0.8709680769490405,True,True
500,0.2,0.6,7,D:\test2\results\memo_backend_no_gate\data\500\SDT_500_0.2_0.6_8.txt,12288,1200,SOLVED,SOLVED,MATCH,True,True,True,500,500,1123131,1123131,1123131,1123131,16115.7,17554.8,1.089298,16154.796,18147.36,1.123342,2364333,2364333,True,383219,383219,4728665,4728665,487.038,559.191,0,0,1.5522,1.5523,0,0,False,,[run] n=500 seed=7 input=D:\test2\results\memo_backend_no_gate\data\500\SDT_500_0.2_0.6_8.txt decomp=adaptive memo_backend=custom use_ub=0 use_lb=0 terminal_rules=1 position_filtering_enabled=1 enable_lawler_basic_rules=1 enable_simple_lb=0 enable_lb_memo=0 enable_edd_ub=0 ub_depth_limit=-1 lb_depth_limit=-1 terminal_all_tardy_spt=1 terminal_edd_at_most_one_tardy=1 enable_memo=1 enable_exact_memo=1 memo_full_key_verification=1 memo_memory_limit_mb=12288 cost=1123131 time_ms=16115.7 nodes=2364333 max_depth=499 memo_hits=383219 memo_misses=4728665 memo_exact_hits=383219 memo_lb_hits=0 rule4=1 valid_pos=261532781 valid_pos_pruned_3a=0 valid_pos_pruned_3b=0 memo_rejected=0 memo_forced_evict=0 lufo_passes=0 terminal_spt=52800 terminal_edd=225277 memo_peak=2364333 memo_final=2364333 memo_evictions=0 memo_clean_time_ms=0 reconstruction_time_ms=1.5522 reconstruction_repairs=0 reconstruction_trace_hits=340 reconstruction_trace_fallbacks=0 memo_used_mb=487.038 memo_bytes_per_entry=216,[run] n=500 seed=7 input=D:\test2\results\memo_backend_no_gate\data\500\SDT_500_0.2_0.6_8.txt decomp=adaptive memo_backend=std_unordered use_ub=0 use_lb=0 terminal_rules=1 position_filtering_enabled=1 enable_lawler_basic_rules=1 enable_simple_lb=0 enable_lb_memo=0 enable_edd_ub=0 ub_depth_limit=-1 lb_depth_limit=-1 terminal_all_tardy_spt=1 terminal_edd_at_most_one_tardy=1 enable_memo=1 enable_exact_memo=1 memo_full_key_verification=1 memo_memory_limit_mb=12288 cost=1123131 time_ms=17554.8 nodes=2364333 max_depth=499 memo_hits=383219 memo_misses=4728665 memo_exact_hits=383219 memo_lb_hits=0 rule4=1 valid_pos=261532781 valid_pos_pruned_3a=0 valid_pos_pruned_3b=0 memo_rejected=0 memo_forced_evict=0 lufo_passes=0 terminal_spt=52800 terminal_edd=225277 memo_peak=2364333 memo_final=2364333 memo_evictions=0 memo_clean_time_ms=0 reconstruction_time_ms=1.5523 reconstruction_repairs=0 reconstruction_trace_hits=340 reconstruction_trace_fallbacks=0 memo_used_mb=559.191 memo_bytes_per_entry=248,C:\c++\test2\results\memo_backend_no_gate\raw_results.csv,False,0.9180224212181285,0.8709689533629833,True,True
500,0.2,0.6,8,D:\test2\results\memo_backend_no_gate\data\500\SDT_500_0.2_0.6_9.txt,12288,1200,SOLVED,SOLVED,MATCH,True,True,True,500,500,1192396,1192396,1192396,1192396,14365.4,15726.5,1.094748,14402.702,16284.296,1.130642,2146343,2146343,True,324039,324039,4292685,4292685,442.133,507.634,0,0,1.834,1.9023,0,0,False,,[run] n=500 seed=8 input=D:\test2\results\memo_backend_no_gate\data\500\SDT_500_0.2_0.6_9.txt decomp=adaptive memo_backend=custom use_ub=0 use_lb=0 terminal_rules=1 position_filtering_enabled=1 enable_lawler_basic_rules=1 enable_simple_lb=0 enable_lb_memo=0 enable_edd_ub=0 ub_depth_limit=-1 lb_depth_limit=-1 terminal_all_tardy_spt=1 terminal_edd_at_most_one_tardy=1 enable_memo=1 enable_exact_memo=1 memo_full_key_verification=1 memo_memory_limit_mb=12288 cost=1192396 time_ms=14365.4 nodes=2146343 max_depth=499 memo_hits=324039 memo_misses=4292685 memo_exact_hits=324039 memo_lb_hits=0 rule4=1 valid_pos=226688046 valid_pos_pruned_3a=0 valid_pos_pruned_3b=0 memo_rejected=0 memo_forced_evict=0 lufo_passes=0 terminal_spt=48329 terminal_edd=199745 memo_peak=2146343 memo_final=2146343 memo_evictions=0 memo_clean_time_ms=0 reconstruction_time_ms=1.834 reconstruction_repairs=0 reconstruction_trace_hits=395 reconstruction_trace_fallbacks=0 memo_used_mb=442.133 memo_bytes_per_entry=216,[run] n=500 seed=8 input=D:\test2\results\memo_backend_no_gate\data\500\SDT_500_0.2_0.6_9.txt decomp=adaptive memo_backend=std_unordered use_ub=0 use_lb=0 terminal_rules=1 position_filtering_enabled=1 enable_lawler_basic_rules=1 enable_simple_lb=0 enable_lb_memo=0 enable_edd_ub=0 ub_depth_limit=-1 lb_depth_limit=-1 terminal_all_tardy_spt=1 terminal_edd_at_most_one_tardy=1 enable_memo=1 enable_exact_memo=1 memo_full_key_verification=1 memo_memory_limit_mb=12288 cost=1192396 time_ms=15726.5 nodes=2146343 max_depth=499 memo_hits=324039 memo_misses=4292685 memo_exact_hits=324039 memo_lb_hits=0 rule4=1 valid_pos=226688046 valid_pos_pruned_3a=0 valid_pos_pruned_3b=0 memo_rejected=0 memo_forced_evict=0 lufo_passes=0 terminal_spt=48329 terminal_edd=199745 memo_peak=2146343 memo_final=2146343 memo_evictions=0 memo_clean_time_ms=0 reconstruction_time_ms=1.9023 reconstruction_repairs=0 reconstruction_trace_hits=395 reconstruction_trace_fallbacks=0 memo_used_mb=507.634 memo_bytes_per_entry=248,C:\c++\test2\results\memo_backend_no_gate\raw_results.csv,False,0.9134518169967888,0.8709680596650342,True,True
500,0.2,0.6,9,D:\test2\results\memo_backend_no_gate\data\500\SDT_500_0.2_0.6_10.txt,12288,1200,SOLVED,SOLVED,MATCH,True,True,True,500,500,1131433,1131433,1131433,1131433,16158.9,17594.5,1.088843,16200.77,18138.451,1.119604,2239250,2239250,True,371898,371898,4478499,4478499,461.271,529.608,0,0,1.4815,1.479,0,0,False,,[run] n=500 seed=9 input=D:\test2\results\memo_backend_no_gate\data\500\SDT_500_0.2_0.6_10.txt decomp=adaptive memo_backend=custom use_ub=0 use_lb=0 terminal_rules=1 position_filtering_enabled=1 enable_lawler_basic_rules=1 enable_simple_lb=0 enable_lb_memo=0 enable_edd_ub=0 ub_depth_limit=-1 lb_depth_limit=-1 terminal_all_tardy_spt=1 terminal_edd_at_most_one_tardy=1 enable_memo=1 enable_exact_memo=1 memo_full_key_verification=1 memo_memory_limit_mb=12288 cost=1131433 time_ms=16158.9 nodes=2239250 max_depth=499 memo_hits=371898 memo_misses=4478499 memo_exact_hits=371898 memo_lb_hits=0 rule4=1 valid_pos=264522021 valid_pos_pruned_3a=0 valid_pos_pruned_3b=0 memo_rejected=0 memo_forced_evict=0 lufo_passes=0 terminal_spt=68596 terminal_edd=206742 memo_peak=2239250 memo_final=2239250 memo_evictions=0 memo_clean_time_ms=0 reconstruction_time_ms=1.4815 reconstruction_repairs=0 reconstruction_trace_hits=320 reconstruction_trace_fallbacks=0 memo_used_mb=461.271 memo_bytes_per_entry=216,[run] n=500 seed=9 input=D:\test2\results\memo_backend_no_gate\data\500\SDT_500_0.2_0.6_10.txt decomp=adaptive memo_backend=std_unordered use_ub=0 use_lb=0 terminal_rules=1 position_filtering_enabled=1 enable_lawler_basic_rules=1 enable_simple_lb=0 enable_lb_memo=0 enable_edd_ub=0 ub_depth_limit=-1 lb_depth_limit=-1 terminal_all_tardy_spt=1 terminal_edd_at_most_one_tardy=1 enable_memo=1 enable_exact_memo=1 memo_full_key_verification=1 memo_memory_limit_mb=12288 cost=1131433 time_ms=17594.5 nodes=2239250 max_depth=499 memo_hits=371898 memo_misses=4478499 memo_exact_hits=371898 memo_lb_hits=0 rule4=1 valid_pos=264522021 valid_pos_pruned_3a=0 valid_pos_pruned_3b=0 memo_rejected=0 memo_forced_evict=0 lufo_passes=0 terminal_spt=68596 terminal_edd=206742 memo_peak=2239250 memo_final=2239250 memo_evictions=0 memo_clean_time_ms=0 reconstruction_time_ms=1.479 reconstruction_repairs=0 reconstruction_trace_hits=320 reconstruction_trace_fallbacks=0 memo_used_mb=529.608 memo_bytes_per_entry=248,C:\c++\test2\results\memo_backend_no_gate\raw_results.csv,False,0.9184063201568672,0.8709668282956452,True,True
500,0.2,0.4,0,D:\test2\results\memo_backend_no_gate\data\500\SDT_500_0.2_0.4_1.txt,12288,1200,SOLVED,SOLVED,MATCH,True,True,True,500,500,464545,464545,464545,464545,6717.94,7431.02,1.106146,6747.693,7723.194,1.144568,1295575,1295575,True,210203,210203,2591149,2591149,266.88,306.418,0,0,1.0444,1.0749,0,0,False,,[run] n=500 seed=0 input=D:\test2\results\memo_backend_no_gate\data\500\SDT_500_0.2_0.4_1.txt decomp=adaptive memo_backend=custom use_ub=0 use_lb=0 terminal_rules=1 position_filtering_enabled=1 enable_lawler_basic_rules=1 enable_simple_lb=0 enable_lb_memo=0 enable_edd_ub=0 ub_depth_limit=-1 lb_depth_limit=-1 terminal_all_tardy_spt=1 terminal_edd_at_most_one_tardy=1 enable_memo=1 enable_exact_memo=1 memo_full_key_verification=1 memo_memory_limit_mb=12288 cost=464545 time_ms=6717.94 nodes=1295575 max_depth=499 memo_hits=210203 memo_misses=2591149 memo_exact_hits=210203 memo_lb_hits=0 rule4=1 valid_pos=97109420 valid_pos_pruned_3a=0 valid_pos_pruned_3b=0 memo_rejected=0 memo_forced_evict=0 lufo_passes=0 terminal_spt=31393 terminal_edd=124673 memo_peak=1295575 memo_final=1295575 memo_evictions=0 memo_clean_time_ms=0 reconstruction_time_ms=1.0444 reconstruction_repairs=0 reconstruction_trace_hits=243 reconstruction_trace_fallbacks=0 memo_used_mb=266.88 memo_bytes_per_entry=216,[run] n=500 seed=0 input=D:\test2\results\memo_backend_no_gate\data\500\SDT_500_0.2_0.4_1.txt decomp=adaptive memo_backend=std_unordered use_ub=0 use_lb=0 terminal_rules=1 position_filtering_enabled=1 enable_lawler_basic_rules=1 enable_simple_lb=0 enable_lb_memo=0 enable_edd_ub=0 ub_depth_limit=-1 lb_depth_limit=-1 terminal_all_tardy_spt=1 terminal_edd_at_most_one_tardy=1 enable_memo=1 enable_exact_memo=1 memo_full_key_verification=1 memo_memory_limit_mb=12288 cost=464545 time_ms=7431.02 nodes=1295575 max_depth=499 memo_hits=210203 memo_misses=2591149 memo_exact_hits=210203 memo_lb_hits=0 rule4=1 valid_pos=97109420 valid_pos_pruned_3a=0 valid_pos_pruned_3b=0 memo_rejected=0 memo_forced_evict=0 lufo_passes=0 terminal_spt=31393 terminal_edd=124673 memo_peak=1295575 memo_final=1295575 memo_evictions=0 memo_clean_time_ms=0 reconstruction_time_ms=1.0749 reconstruction_repairs=0 reconstruction_trace_hits=243 reconstruction_trace_fallbacks=0 memo_used_mb=306.418 memo_bytes_per_entry=248,C:\c++\test2\results\memo_backend_no_gate\raw_results.csv,False,0.9040400914006421,0.8709671102872546,True,True
500,0.2,0.4,1,D:\test2\results\memo_backend_no_gate\data\500\SDT_500_0.2_0.4_2.txt,12288,1200,SOLVED,SOLVED,MATCH,True,True,True,500,500,431052,431052,431052,431052,5902.44,6567.01,1.112592,5925.828,6814.186,1.149913,1102700,1102700,True,192003,192003,2205399,2205399,227.149,260.801,0,0,1.1064,1.0418,0,0,False,,[run] n=500 seed=1 input=D:\test2\results\memo_backend_no_gate\data\500\SDT_500_0.2_0.4_2.txt decomp=adaptive memo_backend=custom use_ub=0 use_lb=0 terminal_rules=1 position_filtering_enabled=1 enable_lawler_basic_rules=1 enable_simple_lb=0 enable_lb_memo=0 enable_edd_ub=0 ub_depth_limit=-1 lb_depth_limit=-1 terminal_all_tardy_spt=1 terminal_edd_at_most_one_tardy=1 enable_memo=1 enable_exact_memo=1 memo_full_key_verification=1 memo_memory_limit_mb=12288 cost=431052 time_ms=5902.44 nodes=1102700 max_depth=499 memo_hits=192003 memo_misses=2205399 memo_exact_hits=192003 memo_lb_hits=0 rule4=1 valid_pos=87366009 valid_pos_pruned_3a=0 valid_pos_pruned_3b=0 memo_rejected=0 memo_forced_evict=0 lufo_passes=0 terminal_spt=18659 terminal_edd=123174 memo_peak=1102700 memo_final=1102700 memo_evictions=0 memo_clean_time_ms=0 reconstruction_time_ms=1.1064 reconstruction_repairs=0 reconstruction_trace_hits=244 reconstruction_trace_fallbacks=0 memo_used_mb=227.149 memo_bytes_per_entry=216,[run] n=500 seed=1 input=D:\test2\results\memo_backend_no_gate\data\500\SDT_500_0.2_0.4_2.txt decomp=adaptive memo_backend=std_unordered use_ub=0 use_lb=0 terminal_rules=1 position_filtering_enabled=1 enable_lawler_basic_rules=1 enable_simple_lb=0 enable_lb_memo=0 enable_edd_ub=0 ub_depth_limit=-1 lb_depth_limit=-1 terminal_all_tardy_spt=1 terminal_edd_at_most_one_tardy=1 enable_memo=1 enable_exact_memo=1 memo_full_key_verification=1 memo_memory_limit_mb=12288 cost=431052 time_ms=6567.01 nodes=1102700 max_depth=499 memo_hits=192003 memo_misses=2205399 memo_exact_hits=192003 memo_lb_hits=0 rule4=1 valid_pos=87366009 valid_pos_pruned_3a=0 valid_pos_pruned_3b=0 memo_rejected=0 memo_forced_evict=0 lufo_passes=0 terminal_spt=18659 terminal_edd=123174 memo_peak=1102700 memo_final=1102700 memo_evictions=0 memo_clean_time_ms=0 reconstruction_time_ms=1.0418 reconstruction_repairs=0 reconstruction_trace_hits=244 reconstruction_trace_fallbacks=0 memo_used_mb=260.801 memo_bytes_per_entry=248,C:\c++\test2\results\memo_backend_no_gate\raw_results.csv,False,0.8988017377771618,0.8709667524280965,True,True
500,0.2,0.4,2,D:\test2\results\memo_backend_no_gate\data\500\SDT_500_0.2_0.4_3.txt,12288,1200,SOLVED,SOLVED,MATCH,True,True,True,500,500,445658,445658,445658,445658,7620.46,8378.64,1.099493,7656.005,8773.193,1.145923,1515111,1515111,True,253343,253343,3030221,3030221,312.103,358.341,0,0,1.1215,1.1003,0,0,False,,[run] n=500 seed=2 input=D:\test2\results\memo_backend_no_gate\data\500\SDT_500_0.2_0.4_3.txt decomp=adaptive memo_backend=custom use_ub=0 use_lb=0 terminal_rules=1 position_filtering_enabled=1 enable_lawler_basic_rules=1 enable_simple_lb=0 enable_lb_memo=0 enable_edd_ub=0 ub_depth_limit=-1 lb_depth_limit=-1 terminal_all_tardy_spt=1 terminal_edd_at_most_one_tardy=1 enable_memo=1 enable_exact_memo=1 memo_full_key_verification=1 memo_memory_limit_mb=12288 cost=445658 time_ms=7620.46 nodes=1515111 max_depth=499 memo_hits=253343 memo_misses=3030221 memo_exact_hits=253343 memo_lb_hits=0 rule4=1 valid_pos=110995605 valid_pos_pruned_3a=0 valid_pos_pruned_3b=0 memo_rejected=0 memo_forced_evict=0 lufo_passes=0 terminal_spt=33948 terminal_edd=155022 memo_peak=1515111 memo_final=1515111 memo_evictions=0 memo_clean_time_ms=0 reconstruction_time_ms=1.1215 reconstruction_repairs=0 reconstruction_trace_hits=261 reconstruction_trace_fallbacks=0 memo_used_mb=312.103 memo_bytes_per_entry=216,[run] n=500 seed=2 input=D:\test2\results\memo_backend_no_gate\data\500\SDT_500_0.2_0.4_3.txt decomp=adaptive memo_backend=std_unordered use_ub=0 use_lb=0 terminal_rules=1 position_filtering_enabled=1 enable_lawler_basic_rules=1 enable_simple_lb=0 enable_lb_memo=0 enable_edd_ub=0 ub_depth_limit=-1 lb_depth_limit=-1 terminal_all_tardy_spt=1 terminal_edd_at_most_one_tardy=1 enable_memo=1 enable_exact_memo=1 memo_full_key_verification=1 memo_memory_limit_mb=12288 cost=445658 time_ms=8378.64 nodes=1515111 max_depth=499 memo_hits=253343 memo_misses=3030221 memo_exact_hits=253343 memo_lb_hits=0 rule4=1 valid_pos=110995605 valid_pos_pruned_3a=0 valid_pos_pruned_3b=0 memo_rejected=0 memo_forced_evict=0 lufo_passes=0 terminal_spt=33948 terminal_edd=155022 memo_peak=1515111 memo_final=1515111 memo_evictions=0 memo_clean_time_ms=0 reconstruction_time_ms=1.1003 reconstruction_repairs=0 reconstruction_trace_hits=261 reconstruction_trace_fallbacks=0 memo_used_mb=358.341 memo_bytes_per_entry=248,C:\c++\test2\results\memo_backend_no_gate\raw_results.csv,False,0.9095103739986442,0.8709664816473695,True,True
500,0.2,0.4,3,D:\test2\results\memo_backend_no_gate\data\500\SDT_500_0.2_0.4_4.txt,12288,1200,SOLVED,SOLVED,MATCH,True,True,True,500,500,409853,409853,409853,409853,6452.5,7192.16,1.114632,6483.96,7498.205,1.156424,1353026,1353026,True,203613,203613,2706051,2706051,278.715,320.006,0,0,1.1535,1.132,0,0,False,,[run] n=500 seed=3 input=D:\test2\results\memo_backend_no_gate\data\500\SDT_500_0.2_0.4_4.txt decomp=adaptive memo_backend=custom use_ub=0 use_lb=0 terminal_rules=1 position_filtering_enabled=1 enable_lawler_basic_rules=1 enable_simple_lb=0 enable_lb_memo=0 enable_edd_ub=0 ub_depth_limit=-1 lb_depth_limit=-1 terminal_all_tardy_spt=1 terminal_edd_at_most_one_tardy=1 enable_memo=1 enable_exact_memo=1 memo_full_key_verification=1 memo_memory_limit_mb=12288 cost=409853 time_ms=6452.5 nodes=1353026 max_depth=499 memo_hits=203613 memo_misses=2706051 memo_exact_hits=203613 memo_lb_hits=0 rule4=1 valid_pos=91357792 valid_pos_pruned_3a=0 valid_pos_pruned_3b=0 memo_rejected=0 memo_forced_evict=0 lufo_passes=0 terminal_spt=27132 terminal_edd=123356 memo_peak=1353026 memo_final=1353026 memo_evictions=0 memo_clean_time_ms=0 reconstruction_time_ms=1.1535 reconstruction_repairs=0 reconstruction_trace_hits=265 reconstruction_trace_fallbacks=0 memo_used_mb=278.715 memo_bytes_per_entry=216,[run] n=500 seed=3 input=D:\test2\results\memo_backend_no_gate\data\500\SDT_500_0.2_0.4_4.txt decomp=adaptive memo_backend=std_unordered use_ub=0 use_lb=0 terminal_rules=1 position_filtering_enabled=1 enable_lawler_basic_rules=1 enable_simple_lb=0 enable_lb_memo=0 enable_edd_ub=0 ub_depth_limit=-1 lb_depth_limit=-1 terminal_all_tardy_spt=1 terminal_edd_at_most_one_tardy=1 enable_memo=1 enable_exact_memo=1 memo_full_key_verification=1 memo_memory_limit_mb=12288 cost=409853 time_ms=7192.16 nodes=1353026 max_depth=499 memo_hits=203613 memo_misses=2706051 memo_exact_hits=203613 memo_lb_hits=0 rule4=1 valid_pos=91357792 valid_pos_pruned_3a=0 valid_pos_pruned_3b=0 memo_rejected=0 memo_forced_evict=0 lufo_passes=0 terminal_spt=27132 terminal_edd=123356 memo_peak=1353026 memo_final=1353026 memo_evictions=0 memo_clean_time_ms=0 reconstruction_time_ms=1.132 reconstruction_repairs=0 reconstruction_trace_hits=265 reconstruction_trace_fallbacks=0 memo_used_mb=320.006 memo_bytes_per_entry=248,C:\c++\test2\results\memo_backend_no_gate\raw_results.csv,False,0.8971574603457098,0.8709680443491684,True,True
500,0.2,0.4,4,D:\test2\results\memo_backend_no_gate\data\500\SDT_500_0.2_0.4_5.txt,12288,1200,SOLVED,SOLVED,MATCH,True,True,True,500,500,427617,427617,427617,427617,8510.97,9310.02,1.093885,8541.046,9720.752,1.138122,1719268,1719268,True,286068,286068,3438535,3438535,354.158,406.626,0,0,0.8496,0.8949,0,0,False,,[run] n=500 seed=4 input=D:\test2\results\memo_backend_no_gate\data\500\SDT_500_0.2_0.4_5.txt decomp=adaptive memo_backend=custom use_ub=0 use_lb=0 terminal_rules=1 position_filtering_enabled=1 enable_lawler_basic_rules=1 enable_simple_lb=0 enable_lb_memo=0 enable_edd_ub=0 ub_depth_limit=-1 lb_depth_limit=-1 terminal_all_tardy_spt=1 terminal_edd_at_most_one_tardy=1 enable_memo=1 enable_exact_memo=1 memo_full_key_verification=1 memo_memory_limit_mb=12288 cost=427617 time_ms=8510.97 nodes=1719268 max_depth=499 memo_hits=286068 memo_misses=3438535 memo_exact_hits=286068 memo_lb_hits=0 rule4=1 valid_pos=122231819 valid_pos_pruned_3a=0 valid_pos_pruned_3b=0 memo_rejected=0 memo_forced_evict=0 lufo_passes=0 terminal_spt=40812 terminal_edd=186252 memo_peak=1719268 memo_final=1719268 memo_evictions=0 memo_clean_time_ms=0 reconstruction_time_ms=0.8496 reconstruction_repairs=0 reconstruction_trace_hits=214 reconstruction_trace_fallbacks=0 memo_used_mb=354.158 memo_bytes_per_entry=216,[run] n=500 seed=4 input=D:\test2\results\memo_backend_no_gate\data\500\SDT_500_0.2_0.4_5.txt decomp=adaptive memo_backend=std_unordered use_ub=0 use_lb=0 terminal_rules=1 position_filtering_enabled=1 enable_lawler_basic_rules=1 enable_simple_lb=0 enable_lb_memo=0 enable_edd_ub=0 ub_depth_limit=-1 lb_depth_limit=-1 terminal_all_tardy_spt=1 terminal_edd_at_most_one_tardy=1 enable_memo=1 enable_exact_memo=1 memo_full_key_verification=1 memo_memory_limit_mb=12288 cost=427617 time_ms=9310.02 nodes=1719268 max_depth=499 memo_hits=286068 memo_misses=3438535 memo_exact_hits=286068 memo_lb_hits=0 rule4=1 valid_pos=122231819 valid_pos_pruned_3a=0 valid_pos_pruned_3b=0 memo_rejected=0 memo_forced_evict=0 lufo_passes=0 terminal_spt=40812 terminal_edd=186252 memo_peak=1719268 memo_final=1719268 memo_evictions=0 memo_clean_time_ms=0 reconstruction_time_ms=0.8949 reconstruction_repairs=0 reconstruction_trace_hits=214 reconstruction_trace_fallbacks=0 memo_used_mb=406.626 memo_bytes_per_entry=248,C:\c++\test2\results\memo_backend_no_gate\raw_results.csv,False,0.9141731167065161,0.8709674246113137,True,True
500,0.2,0.4,5,D:\test2\results\memo_backend_no_gate\data\500\SDT_500_0.2_0.4_6.txt,12288,1200,SOLVED,SOLVED,MATCH,True,True,True,500,500,404809,404809,404809,404809,7275.16,8059.76,1.107846,7306.982,8408.596,1.150762,1485874,1485874,True,259085,259085,2971747,2971747,306.081,351.426,0,0,0.9764,1.0492,0,0,False,,[run] n=500 seed=5 input=D:\test2\results\memo_backend_no_gate\data\500\SDT_500_0.2_0.4_6.txt decomp=adaptive memo_backend=custom use_ub=0 use_lb=0 terminal_rules=1 position_filtering_enabled=1 enable_lawler_basic_rules=1 enable_simple_lb=0 enable_lb_memo=0 enable_edd_ub=0 ub_depth_limit=-1 lb_depth_limit=-1 terminal_all_tardy_spt=1 terminal_edd_at_most_one_tardy=1 enable_memo=1 enable_exact_memo=1 memo_full_key_verification=1 memo_memory_limit_mb=12288 cost=404809 time_ms=7275.16 nodes=1485874 max_depth=499 memo_hits=259085 memo_misses=2971747 memo_exact_hits=259085 memo_lb_hits=0 rule4=1 valid_pos=106687224 valid_pos_pruned_3a=0 valid_pos_pruned_3b=0 memo_rejected=0 memo_forced_evict=0 lufo_passes=0 terminal_spt=23035 terminal_edd=173927 memo_peak=1485874 memo_final=1485874 memo_evictions=0 memo_clean_time_ms=0 reconstruction_time_ms=0.9764 reconstruction_repairs=0 reconstruction_trace_hits=230 reconstruction_trace_fallbacks=0 memo_used_mb=306.081 memo_bytes_per_entry=216,[run] n=500 seed=5 input=D:\test2\results\memo_backend_no_gate\data\500\SDT_500_0.2_0.4_6.txt decomp=adaptive memo_backend=std_unordered use_ub=0 use_lb=0 terminal_rules=1 position_filtering_enabled=1 enable_lawler_basic_rules=1 enable_simple_lb=0 enable_lb_memo=0 enable_edd_ub=0 ub_depth_limit=-1 lb_depth_limit=-1 terminal_all_tardy_spt=1 terminal_edd_at_most_one_tardy=1 enable_memo=1 enable_exact_memo=1 memo_full_key_verification=1 memo_memory_limit_mb=12288 cost=404809 time_ms=8059.76 nodes=1485874 max_depth=499 memo_hits=259085 memo_misses=2971747 memo_exact_hits=259085 memo_lb_hits=0 rule4=1 valid_pos=106687224 valid_pos_pruned_3a=0 valid_pos_pruned_3b=0 memo_rejected=0 memo_forced_evict=0 lufo_passes=0 terminal_spt=23035 terminal_edd=173927 memo_peak=1485874 memo_final=1485874 memo_evictions=0 memo_clean_time_ms=0 reconstruction_time_ms=1.0492 reconstruction_repairs=0 reconstruction_trace_hits=230 reconstruction_trace_fallbacks=0 memo_used_mb=351.426 memo_bytes_per_entry=248,C:\c++\test2\results\memo_backend_no_gate\raw_results.csv,False,0.902652188154486,0.8709685680626932,True,True
500,0.2,0.4,6,D:\test2\results\memo_backend_no_gate\data\500\SDT_500_0.2_0.4_7.txt,12288,1200,SOLVED,SOLVED,MATCH,True,True,True,500,500,434493,434493,434493,434493,7455.41,8222.5,1.10289,7484.951,8554.641,1.142912,1413164,1413164,True,242049,242049,2826327,2826327,291.103,334.229,0,0,1.0804,0.993,0,0,False,,[run] n=500 seed=6 input=D:\test2\results\memo_backend_no_gate\data\500\SDT_500_0.2_0.4_7.txt decomp=adaptive memo_backend=custom use_ub=0 use_lb=0 terminal_rules=1 position_filtering_enabled=1 enable_lawler_basic_rules=1 enable_simple_lb=0 enable_lb_memo=0 enable_edd_ub=0 ub_depth_limit=-1 lb_depth_limit=-1 terminal_all_tardy_spt=1 terminal_edd_at_most_one_tardy=1 enable_memo=1 enable_exact_memo=1 memo_full_key_verification=1 memo_memory_limit_mb=12288 cost=434493 time_ms=7455.41 nodes=1413164 max_depth=499 memo_hits=242049 memo_misses=2826327 memo_exact_hits=242049 memo_lb_hits=0 rule4=1 valid_pos=106435850 valid_pos_pruned_3a=0 valid_pos_pruned_3b=0 memo_rejected=0 memo_forced_evict=0 lufo_passes=0 terminal_spt=32409 terminal_edd=155306 memo_peak=1413164 memo_final=1413164 memo_evictions=0 memo_clean_time_ms=0 reconstruction_time_ms=1.0804 reconstruction_repairs=0 reconstruction_trace_hits=235 reconstruction_trace_fallbacks=0 memo_used_mb=291.103 memo_bytes_per_entry=216,[run] n=500 seed=6 input=D:\test2\results\memo_backend_no_gate\data\500\SDT_500_0.2_0.4_7.txt decomp=adaptive memo_backend=std_unordered use_ub=0 use_lb=0 terminal_rules=1 position_filtering_enabled=1 enable_lawler_basic_rules=1 enable_simple_lb=0 enable_lb_memo=0 enable_edd_ub=0 ub_depth_limit=-1 lb_depth_limit=-1 terminal_all_tardy_spt=1 terminal_edd_at_most_one_tardy=1 enable_memo=1 enable_exact_memo=1 memo_full_key_verification=1 memo_memory_limit_mb=12288 cost=434493 time_ms=8222.5 nodes=1413164 max_depth=499 memo_hits=242049 memo_misses=2826327 memo_exact_hits=242049 memo_lb_hits=0 rule4=1 valid_pos=106435850 valid_pos_pruned_3a=0 valid_pos_pruned_3b=0 memo_rejected=0 memo_forced_evict=0 lufo_passes=0 terminal_spt=32409 terminal_edd=155306 memo_peak=1413164 memo_final=1413164 memo_evictions=0 memo_clean_time_ms=0 reconstruction_time_ms=0.993 reconstruction_repairs=0 reconstruction_trace_hits=235 reconstruction_trace_fallbacks=0 memo_used_mb=334.229 memo_bytes_per_entry=248,C:\c++\test2\results\memo_backend_no_gate\raw_results.csv,False,0.9067084220127698,0.8709687070840652,True,True
500,0.2,0.4,7,D:\test2\results\memo_backend_no_gate\data\500\SDT_500_0.2_0.4_8.txt,12288,1200,SOLVED,SOLVED,MATCH,True,True,True,500,500,405441,405441,405441,405441,6528.05,7230.23,1.107564,6559.766,7524.999,1.147144,1284196,1284196,True,228952,228952,2568391,2568391,264.536,303.727,0,0,1.1736,1.152,0,0,False,,[run] n=500 seed=7 input=D:\test2\results\memo_backend_no_gate\data\500\SDT_500_0.2_0.4_8.txt decomp=adaptive memo_backend=custom use_ub=0 use_lb=0 terminal_rules=1 position_filtering_enabled=1 enable_lawler_basic_rules=1 enable_simple_lb=0 enable_lb_memo=0 enable_edd_ub=0 ub_depth_limit=-1 lb_depth_limit=-1 terminal_all_tardy_spt=1 terminal_edd_at_most_one_tardy=1 enable_memo=1 enable_exact_memo=1 memo_full_key_verification=1 memo_memory_limit_mb=12288 cost=405441 time_ms=6528.05 nodes=1284196 max_depth=499 memo_hits=228952 memo_misses=2568391 memo_exact_hits=228952 memo_lb_hits=0 rule4=1 valid_pos=98886364 valid_pos_pruned_3a=0 valid_pos_pruned_3b=0 memo_rejected=0 memo_forced_evict=0 lufo_passes=0 terminal_spt=18992 terminal_edd=164419 memo_peak=1284196 memo_final=1284196 memo_evictions=0 memo_clean_time_ms=0 reconstruction_time_ms=1.1736 reconstruction_repairs=0 reconstruction_trace_hits=265 reconstruction_trace_fallbacks=0 memo_used_mb=264.536 memo_bytes_per_entry=216,[run] n=500 seed=7 input=D:\test2\results\memo_backend_no_gate\data\500\SDT_500_0.2_0.4_8.txt decomp=adaptive memo_backend=std_unordered use_ub=0 use_lb=0 terminal_rules=1 position_filtering_enabled=1 enable_lawler_basic_rules=1 enable_simple_lb=0 enable_lb_memo=0 enable_edd_ub=0 ub_depth_limit=-1 lb_depth_limit=-1 terminal_all_tardy_spt=1 terminal_edd_at_most_one_tardy=1 enable_memo=1 enable_exact_memo=1 memo_full_key_verification=1 memo_memory_limit_mb=12288 cost=405441 time_ms=7230.23 nodes=1284196 max_depth=499 memo_hits=228952 memo_misses=2568391 memo_exact_hits=228952 memo_lb_hits=0 rule4=1 valid_pos=98886364 valid_pos_pruned_3a=0 valid_pos_pruned_3b=0 memo_rejected=0 memo_forced_evict=0 lufo_passes=0 terminal_spt=18992 terminal_edd=164419 memo_peak=1284196 memo_final=1284196 memo_evictions=0 memo_clean_time_ms=0 reconstruction_time_ms=1.152 reconstruction_repairs=0 reconstruction_trace_hits=265 reconstruction_trace_fallbacks=0 memo_used_mb=303.727 memo_bytes_per_entry=248,C:\c++\test2\results\memo_backend_no_gate\raw_results.csv,False,0.9028827575333013,0.8709663612388758,True,True
500,0.2,0.4,8,D:\test2\results\memo_backend_no_gate\data\500\SDT_500_0.2_0.4_9.txt,12288,1200,SOLVED,SOLVED,MATCH,True,True,True,500,500,438353,438353,438353,438353,7749.14,8487.62,1.095298,7783.869,8800.494,1.130607,1372831,1372831,True,228452,228452,2745661,2745661,282.794,324.69,0,0,0.8809,0.935,0,0,False,,[run] n=500 seed=8 input=D:\test2\results\memo_backend_no_gate\data\500\SDT_500_0.2_0.4_9.txt decomp=adaptive memo_backend=custom use_ub=0 use_lb=0 terminal_rules=1 position_filtering_enabled=1 enable_lawler_basic_rules=1 enable_simple_lb=0 enable_lb_memo=0 enable_edd_ub=0 ub_depth_limit=-1 lb_depth_limit=-1 terminal_all_tardy_spt=1 terminal_edd_at_most_one_tardy=1 enable_memo=1 enable_exact_memo=1 memo_full_key_verification=1 memo_memory_limit_mb=12288 cost=438353 time_ms=7749.14 nodes=1372831 max_depth=499 memo_hits=228452 memo_misses=2745661 memo_exact_hits=228452 memo_lb_hits=0 rule4=1 valid_pos=112483286 valid_pos_pruned_3a=0 valid_pos_pruned_3b=0 memo_rejected=0 memo_forced_evict=0 lufo_passes=0 terminal_spt=27867 terminal_edd=155862 memo_peak=1372831 memo_final=1372831 memo_evictions=0 memo_clean_time_ms=0 reconstruction_time_ms=0.8809 reconstruction_repairs=0 reconstruction_trace_hits=224 reconstruction_trace_fallbacks=0 memo_used_mb=282.794 memo_bytes_per_entry=216,[run] n=500 seed=8 input=D:\test2\results\memo_backend_no_gate\data\500\SDT_500_0.2_0.4_9.txt decomp=adaptive memo_backend=std_unordered use_ub=0 use_lb=0 terminal_rules=1 position_filtering_enabled=1 enable_lawler_basic_rules=1 enable_simple_lb=0 enable_lb_memo=0 enable_edd_ub=0 ub_depth_limit=-1 lb_depth_limit=-1 terminal_all_tardy_spt=1 terminal_edd_at_most_one_tardy=1 enable_memo=1 enable_exact_memo=1 memo_full_key_verification=1 memo_memory_limit_mb=12288 cost=438353 time_ms=8487.62 nodes=1372831 max_depth=499 memo_hits=228452 memo_misses=2745661 memo_exact_hits=228452 memo_lb_hits=0 rule4=1 valid_pos=112483286 valid_pos_pruned_3a=0 valid_pos_pruned_3b=0 memo_rejected=0 memo_forced_evict=0 lufo_passes=0 terminal_spt=27867 terminal_edd=155862 memo_peak=1372831 memo_final=1372831 memo_evictions=0 memo_clean_time_ms=0 reconstruction_time_ms=0.935 reconstruction_repairs=0 reconstruction_trace_hits=224 reconstruction_trace_fallbacks=0 memo_used_mb=324.69 memo_bytes_per_entry=248,C:\c++\test2\results\memo_backend_no_gate\raw_results.csv,False,0.9129932772673611,0.8709661523299146,True,True
500,0.2,0.4,9,D:\test2\results\memo_backend_no_gate\data\500\SDT_500_0.2_0.4_10.txt,12288,1200,SOLVED,SOLVED,MATCH,True,True,True,500,500,411530,411530,411530,411530,6173.65,6852.81,1.110009,6202.44,7110.231,1.14636,1126621,1126621,True,172832,172832,2253241,2253241,232.077,266.459,0,0,0.8203,0.8024,0,0,False,,[run] n=500 seed=9 input=D:\test2\results\memo_backend_no_gate\data\500\SDT_500_0.2_0.4_10.txt decomp=adaptive memo_backend=custom use_ub=0 use_lb=0 terminal_rules=1 position_filtering_enabled=1 enable_lawler_basic_rules=1 enable_simple_lb=0 enable_lb_memo=0 enable_edd_ub=0 ub_depth_limit=-1 lb_depth_limit=-1 terminal_all_tardy_spt=1 terminal_edd_at_most_one_tardy=1 enable_memo=1 enable_exact_memo=1 memo_full_key_verification=1 memo_memory_limit_mb=12288 cost=411530 time_ms=6173.65 nodes=1126621 max_depth=499 memo_hits=172832 memo_misses=2253241 memo_exact_hits=172832 memo_lb_hits=0 rule4=1 valid_pos=90600109 valid_pos_pruned_3a=0 valid_pos_pruned_3b=0 memo_rejected=0 memo_forced_evict=0 lufo_passes=0 terminal_spt=17445 terminal_edd=97566 memo_peak=1126621 memo_final=1126621 memo_evictions=0 memo_clean_time_ms=0 reconstruction_time_ms=0.8203 reconstruction_repairs=0 reconstruction_trace_hits=198 reconstruction_trace_fallbacks=0 memo_used_mb=232.077 memo_bytes_per_entry=216,[run] n=500 seed=9 input=D:\test2\results\memo_backend_no_gate\data\500\SDT_500_0.2_0.4_10.txt decomp=adaptive memo_backend=std_unordered use_ub=0 use_lb=0 terminal_rules=1 position_filtering_enabled=1 enable_lawler_basic_rules=1 enable_simple_lb=0 enable_lb_memo=0 enable_edd_ub=0 ub_depth_limit=-1 lb_depth_limit=-1 terminal_all_tardy_spt=1 terminal_edd_at_most_one_tardy=1 enable_memo=1 enable_exact_memo=1 memo_full_key_verification=1 memo_memory_limit_mb=12288 cost=411530 time_ms=6852.81 nodes=1126621 max_depth=499 memo_hits=172832 memo_misses=2253241 memo_exact_hits=172832 memo_lb_hits=0 rule4=1 valid_pos=90600109 valid_pos_pruned_3a=0 valid_pos_pruned_3b=0 memo_rejected=0 memo_forced_evict=0 lufo_passes=0 terminal_spt=17445 terminal_edd=97566 memo_peak=1126621 memo_final=1126621 memo_evictions=0 memo_clean_time_ms=0 reconstruction_time_ms=0.8024 reconstruction_repairs=0 reconstruction_trace_hits=198 reconstruction_trace_fallbacks=0 memo_used_mb=266.459 memo_bytes_per_entry=248,C:\c++\test2\results\memo_backend_no_gate\raw_results.csv,False,0.9008932102305477,0.87096701556337,True,True
500,0.2,0.8,0,D:\test2\results\memo_backend_no_gate\data\500\SDT_500_0.2_0.8_1.txt,12288,1200,SOLVED,SOLVED,MATCH,True,True,True,500,500,2534396,2534396,2534396,2534396,4963.37,5352.51,1.078402,4992.598,5516.303,1.104896,752579,752579,True,119795,119795,1505157,1505157,155.026,177.993,0,0,1.6722,1.5283,0,0,False,,[run] n=500 seed=0 input=D:\test2\results\memo_backend_no_gate\data\500\SDT_500_0.2_0.8_1.txt decomp=adaptive memo_backend=custom use_ub=0 use_lb=0 terminal_rules=1 position_filtering_enabled=1 enable_lawler_basic_rules=1 enable_simple_lb=0 enable_lb_memo=0 enable_edd_ub=0 ub_depth_limit=-1 lb_depth_limit=-1 terminal_all_tardy_spt=1 terminal_edd_at_most_one_tardy=1 enable_memo=1 enable_exact_memo=1 memo_full_key_verification=1 memo_memory_limit_mb=12288 cost=2534396 time_ms=4963.37 nodes=752579 max_depth=499 memo_hits=119795 memo_misses=1505157 memo_exact_hits=119795 memo_lb_hits=0 rule4=1 valid_pos=78980641 valid_pos_pruned_3a=0 valid_pos_pruned_3b=0 memo_rejected=0 memo_forced_evict=0 lufo_passes=0 terminal_spt=11650 terminal_edd=48005 memo_peak=752579 memo_final=752579 memo_evictions=0 memo_clean_time_ms=0 reconstruction_time_ms=1.6722 reconstruction_repairs=0 reconstruction_trace_hits=360 reconstruction_trace_fallbacks=0 memo_used_mb=155.026 memo_bytes_per_entry=216,[run] n=500 seed=0 input=D:\test2\results\memo_backend_no_gate\data\500\SDT_500_0.2_0.8_1.txt decomp=adaptive memo_backend=std_unordered use_ub=0 use_lb=0 terminal_rules=1 position_filtering_enabled=1 enable_lawler_basic_rules=1 enable_simple_lb=0 enable_lb_memo=0 enable_edd_ub=0 ub_depth_limit=-1 lb_depth_limit=-1 terminal_all_tardy_spt=1 terminal_edd_at_most_one_tardy=1 enable_memo=1 enable_exact_memo=1 memo_full_key_verification=1 memo_memory_limit_mb=12288 cost=2534396 time_ms=5352.51 nodes=752579 max_depth=499 memo_hits=119795 memo_misses=1505157 memo_exact_hits=119795 memo_lb_hits=0 rule4=1 valid_pos=78980641 valid_pos_pruned_3a=0 valid_pos_pruned_3b=0 memo_rejected=0 memo_forced_evict=0 lufo_passes=0 terminal_spt=11650 terminal_edd=48005 memo_peak=752579 memo_final=752579 memo_evictions=0 memo_clean_time_ms=0 reconstruction_time_ms=1.5283 reconstruction_repairs=0 reconstruction_trace_hits=360 reconstruction_trace_fallbacks=0 memo_used_mb=177.993 memo_bytes_per_entry=248,C:\c++\test2\results\memo_backend_no_gate\raw_results.csv,False,0.9272976603500039,0.8709668357744407,True,True
500,0.2,0.8,1,D:\test2\results\memo_backend_no_gate\data\500\SDT_500_0.2_0.8_2.txt,12288,1200,SOLVED,SOLVED,MATCH,True,True,True,500,500,2427123,2427123,2427123,2427123,5428.43,5821.4,1.072391,5453.581,6000.209,1.100233,803169,803169,True,141385,141385,1606337,1606337,165.448,189.958,0,0,1.1997,1.1206,0,0,False,,[run] n=500 seed=1 input=D:\test2\results\memo_backend_no_gate\data\500\SDT_500_0.2_0.8_2.txt decomp=adaptive memo_backend=custom use_ub=0 use_lb=0 terminal_rules=1 position_filtering_enabled=1 enable_lawler_basic_rules=1 enable_simple_lb=0 enable_lb_memo=0 enable_edd_ub=0 ub_depth_limit=-1 lb_depth_limit=-1 terminal_all_tardy_spt=1 terminal_edd_at_most_one_tardy=1 enable_memo=1 enable_exact_memo=1 memo_full_key_verification=1 memo_memory_limit_mb=12288 cost=2427123 time_ms=5428.43 nodes=803169 max_depth=499 memo_hits=141385 memo_misses=1606337 memo_exact_hits=141385 memo_lb_hits=0 rule4=1 valid_pos=83816716 valid_pos_pruned_3a=0 valid_pos_pruned_3b=0 memo_rejected=0 memo_forced_evict=0 lufo_passes=0 terminal_spt=22846 terminal_edd=42657 memo_peak=803169 memo_final=803169 memo_evictions=0 memo_clean_time_ms=0 reconstruction_time_ms=1.1997 reconstruction_repairs=0 reconstruction_trace_hits=270 reconstruction_trace_fallbacks=0 memo_used_mb=165.448 memo_bytes_per_entry=216,[run] n=500 seed=1 input=D:\test2\results\memo_backend_no_gate\data\500\SDT_500_0.2_0.8_2.txt decomp=adaptive memo_backend=std_unordered use_ub=0 use_lb=0 terminal_rules=1 position_filtering_enabled=1 enable_lawler_basic_rules=1 enable_simple_lb=0 enable_lb_memo=0 enable_edd_ub=0 ub_depth_limit=-1 lb_depth_limit=-1 terminal_all_tardy_spt=1 terminal_edd_at_most_one_tardy=1 enable_memo=1 enable_exact_memo=1 memo_full_key_verification=1 memo_memory_limit_mb=12288 cost=2427123 time_ms=5821.4 nodes=803169 max_depth=499 memo_hits=141385 memo_misses=1606337 memo_exact_hits=141385 memo_lb_hits=0 rule4=1 valid_pos=83816716 valid_pos_pruned_3a=0 valid_pos_pruned_3b=0 memo_rejected=0 memo_forced_evict=0 lufo_passes=0 terminal_spt=22846 terminal_edd=42657 memo_peak=803169 memo_final=803169 memo_evictions=0 memo_clean_time_ms=0 reconstruction_time_ms=1.1206 reconstruction_repairs=0 reconstruction_trace_hits=270 reconstruction_trace_fallbacks=0 memo_used_mb=189.958 memo_bytes_per_entry=248,C:\c++\test2\results\memo_backend_no_gate\raw_results.csv,False,0.9324956196104031,0.8709714779056423,True,True
500,0.2,0.8,2,D:\test2\results\memo_backend_no_gate\data\500\SDT_500_0.2_0.8_3.txt,12288,1200,SOLVED,SOLVED,MATCH,True,True,True,500,500,2405144,2405144,2405144,2405144,6205.96,6659.79,1.073128,6232.216,6865.822,1.101666,937662,937662,True,160392,160392,1875323,1875323,193.152,221.768,0,0,1.5221,1.4202,0,0,False,,[run] n=500 seed=2 input=D:\test2\results\memo_backend_no_gate\data\500\SDT_500_0.2_0.8_3.txt decomp=adaptive memo_backend=custom use_ub=0 use_lb=0 terminal_rules=1 position_filtering_enabled=1 enable_lawler_basic_rules=1 enable_simple_lb=0 enable_lb_memo=0 enable_edd_ub=0 ub_depth_limit=-1 lb_depth_limit=-1 terminal_all_tardy_spt=1 terminal_edd_at_most_one_tardy=1 enable_memo=1 enable_exact_memo=1 memo_full_key_verification=1 memo_memory_limit_mb=12288 cost=2405144 time_ms=6205.96 nodes=937662 max_depth=499 memo_hits=160392 memo_misses=1875323 memo_exact_hits=160392 memo_lb_hits=0 rule4=1 valid_pos=96285698 valid_pos_pruned_3a=0 valid_pos_pruned_3b=0 memo_rejected=0 memo_forced_evict=0 lufo_passes=0 terminal_spt=22107 terminal_edd=49122 memo_peak=937662 memo_final=937662 memo_evictions=0 memo_clean_time_ms=0 reconstruction_time_ms=1.5221 reconstruction_repairs=0 reconstruction_trace_hits=332 reconstruction_trace_fallbacks=0 memo_used_mb=193.152 memo_bytes_per_entry=216,[run] n=500 seed=2 input=D:\test2\results\memo_backend_no_gate\data\500\SDT_500_0.2_0.8_3.txt decomp=adaptive memo_backend=std_unordered use_ub=0 use_lb=0 terminal_rules=1 position_filtering_enabled=1 enable_lawler_basic_rules=1 enable_simple_lb=0 enable_lb_memo=0 enable_edd_ub=0 ub_depth_limit=-1 lb_depth_limit=-1 terminal_all_tardy_spt=1 terminal_edd_at_most_one_tardy=1 enable_memo=1 enable_exact_memo=1 memo_full_key_verification=1 memo_memory_limit_mb=12288 cost=2405144 time_ms=6659.79 nodes=937662 max_depth=499 memo_hits=160392 memo_misses=1875323 memo_exact_hits=160392 memo_lb_hits=0 rule4=1 valid_pos=96285698 valid_pos_pruned_3a=0 valid_pos_pruned_3b=0 memo_rejected=0 memo_forced_evict=0 lufo_passes=0 terminal_spt=22107 terminal_edd=49122 memo_peak=937662 memo_final=937662 memo_evictions=0 memo_clean_time_ms=0 reconstruction_time_ms=1.4202 reconstruction_repairs=0 reconstruction_trace_hits=332 reconstruction_trace_fallbacks=0 memo_used_mb=221.768 memo_bytes_per_entry=248,C:\c++\test2\results\memo_backend_no_gate\raw_results.csv,False,0.9318552086477201,0.8709642509288986,True,True
500,0.2,0.8,3,D:\test2\results\memo_backend_no_gate\data\500\SDT_500_0.2_0.8_4.txt,12288,1200,SOLVED,SOLVED,MATCH,True,True,True,500,500,2278240,2278240,2278240,2278240,6858.76,7329.52,1.068636,6891.035,7551.939,1.095908,1002605,1002605,True,141040,141040,2005209,2005209,206.53,237.127,0,0,1.382,1.322,0,0,False,,[run] n=500 seed=3 input=D:\test2\results\memo_backend_no_gate\data\500\SDT_500_0.2_0.8_4.txt decomp=adaptive memo_backend=custom use_ub=0 use_lb=0 terminal_rules=1 position_filtering_enabled=1 enable_lawler_basic_rules=1 enable_simple_lb=0 enable_lb_memo=0 enable_edd_ub=0 ub_depth_limit=-1 lb_depth_limit=-1 terminal_all_tardy_spt=1 terminal_edd_at_most_one_tardy=1 enable_memo=1 enable_exact_memo=1 memo_full_key_verification=1 memo_memory_limit_mb=12288 cost=2278240 time_ms=6858.76 nodes=1002605 max_depth=499 memo_hits=141040 memo_misses=2005209 memo_exact_hits=141040 memo_lb_hits=0 rule4=1 valid_pos=114280449 valid_pos_pruned_3a=0 valid_pos_pruned_3b=0 memo_rejected=0 memo_forced_evict=0 lufo_passes=0 terminal_spt=24146 terminal_edd=44107 memo_peak=1002605 memo_final=1002605 memo_evictions=0 memo_clean_time_ms=0 reconstruction_time_ms=1.382 reconstruction_repairs=0 reconstruction_trace_hits=312 reconstruction_trace_fallbacks=0 memo_used_mb=206.53 memo_bytes_per_entry=216,[run] n=500 seed=3 input=D:\test2\results\memo_backend_no_gate\data\500\SDT_500_0.2_0.8_4.txt decomp=adaptive memo_backend=std_unordered use_ub=0 use_lb=0 terminal_rules=1 position_filtering_enabled=1 enable_lawler_basic_rules=1 enable_simple_lb=0 enable_lb_memo=0 enable_edd_ub=0 ub_depth_limit=-1 lb_depth_limit=-1 terminal_all_tardy_spt=1 terminal_edd_at_most_one_tardy=1 enable_memo=1 enable_exact_memo=1 memo_full_key_verification=1 memo_memory_limit_mb=12288 cost=2278240 time_ms=7329.52 nodes=1002605 max_depth=499 memo_hits=141040 memo_misses=2005209 memo_exact_hits=141040 memo_lb_hits=0 rule4=1 valid_pos=114280449 valid_pos_pruned_3a=0 valid_pos_pruned_3b=0 memo_rejected=0 memo_forced_evict=0 lufo_passes=0 terminal_spt=24146 terminal_edd=44107 memo_peak=1002605 memo_final=1002605 memo_evictions=0 memo_clean_time_ms=0 reconstruction_time_ms=1.322 reconstruction_repairs=0 reconstruction_trace_hits=312 reconstruction_trace_fallbacks=0 memo_used_mb=237.127 memo_bytes_per_entry=248,C:\c++\test2\results\memo_backend_no_gate\raw_results.csv,False,0.9357720560145821,0.8709678779725631,True,True
500,0.2,0.8,4,D:\test2\results\memo_backend_no_gate\data\500\SDT_500_0.2_0.8_5.txt,12288,1200,SOLVED,SOLVED,MATCH,True,True,True,500,500,2336272,2336272,2336272,2336272,4888.63,5298.56,1.083854,4914.296,5481.147,1.115347,820420,820420,True,112280,112280,1640839,1640839,169.001,194.039,0,0,1.5876,1.4198,0,0,False,,[run] n=500 seed=4 input=D:\test2\results\memo_backend_no_gate\data\500\SDT_500_0.2_0.8_5.txt decomp=adaptive memo_backend=custom use_ub=0 use_lb=0 terminal_rules=1 position_filtering_enabled=1 enable_lawler_basic_rules=1 enable_simple_lb=0 enable_lb_memo=0 enable_edd_ub=0 ub_depth_limit=-1 lb_depth_limit=-1 terminal_all_tardy_spt=1 terminal_edd_at_most_one_tardy=1 enable_memo=1 enable_exact_memo=1 memo_full_key_verification=1 memo_memory_limit_mb=12288 cost=2336272 time_ms=4888.63 nodes=820420 max_depth=499 memo_hits=112280 memo_misses=1640839 memo_exact_hits=112280 memo_lb_hits=0 rule4=1 valid_pos=80705137 valid_pos_pruned_3a=0 valid_pos_pruned_3b=0 memo_rejected=0 memo_forced_evict=0 lufo_passes=0 terminal_spt=11868 terminal_edd=39103 memo_peak=820420 memo_final=820420 memo_evictions=0 memo_clean_time_ms=0 reconstruction_time_ms=1.5876 reconstruction_repairs=0 reconstruction_trace_hits=365 reconstruction_trace_fallbacks=0 memo_used_mb=169.001 memo_bytes_per_entry=216,[run] n=500 seed=4 input=D:\test2\results\memo_backend_no_gate\data\500\SDT_500_0.2_0.8_5.txt decomp=adaptive memo_backend=std_unordered use_ub=0 use_lb=0 terminal_rules=1 position_filtering_enabled=1 enable_lawler_basic_rules=1 enable_simple_lb=0 enable_lb_memo=0 enable_edd_ub=0 ub_depth_limit=-1 lb_depth_limit=-1 terminal_all_tardy_spt=1 terminal_edd_at_most_one_tardy=1 enable_memo=1 enable_exact_memo=1 memo_full_key_verification=1 memo_memory_limit_mb=12288 cost=2336272 time_ms=5298.56 nodes=820420 max_depth=499 memo_hits=112280 memo_misses=1640839 memo_exact_hits=112280 memo_lb_hits=0 rule4=1 valid_pos=80705137 valid_pos_pruned_3a=0 valid_pos_pruned_3b=0 memo_rejected=0 memo_forced_evict=0 lufo_passes=0 terminal_spt=11868 terminal_edd=39103 memo_peak=820420 memo_final=820420 memo_evictions=0 memo_clean_time_ms=0 reconstruction_time_ms=1.4198 reconstruction_repairs=0 reconstruction_trace_hits=365 reconstruction_trace_fallbacks=0 memo_used_mb=194.039 memo_bytes_per_entry=248,C:\c++\test2\results\memo_backend_no_gate\raw_results.csv,False,0.9226336967025003,0.870964084539706,True,True
500,0.2,0.8,5,D:\test2\results\memo_backend_no_gate\data\500\SDT_500_0.2_0.8_6.txt,12288,1200,SOLVED,SOLVED,MATCH,True,True,True,500,500,2251088,2251088,2251088,2251088,5739.84,6169.02,1.074772,5766.428,6354.544,1.10199,834992,834992,True,138956,138956,1669983,1669983,172.003,197.485,0,0,1.4419,1.3652,0,0,False,,[run] n=500 seed=5 input=D:\test2\results\memo_backend_no_gate\data\500\SDT_500_0.2_0.8_6.txt decomp=adaptive memo_backend=custom use_ub=0 use_lb=0 terminal_rules=1 position_filtering_enabled=1 enable_lawler_basic_rules=1 enable_simple_lb=0 enable_lb_memo=0 enable_edd_ub=0 ub_depth_limit=-1 lb_depth_limit=-1 terminal_all_tardy_spt=1 terminal_edd_at_most_one_tardy=1 enable_memo=1 enable_exact_memo=1 memo_full_key_verification=1 memo_memory_limit_mb=12288 cost=2251088 time_ms=5739.84 nodes=834992 max_depth=499 memo_hits=138956 memo_misses=1669983 memo_exact_hits=138956 memo_lb_hits=0 rule4=1 valid_pos=90439648 valid_pos_pruned_3a=0 valid_pos_pruned_3b=0 memo_rejected=0 memo_forced_evict=0 lufo_passes=0 terminal_spt=22287 terminal_edd=41226 memo_peak=834992 memo_final=834992 memo_evictions=0 memo_clean_time_ms=0 reconstruction_time_ms=1.4419 reconstruction_repairs=0 reconstruction_trace_hits=320 reconstruction_trace_fallbacks=0 memo_used_mb=172.003 memo_bytes_per_entry=216,[run] n=500 seed=5 input=D:\test2\results\memo_backend_no_gate\data\500\SDT_500_0.2_0.8_6.txt decomp=adaptive memo_backend=std_unordered use_ub=0 use_lb=0 terminal_rules=1 position_filtering_enabled=1 enable_lawler_basic_rules=1 enable_simple_lb=0 enable_lb_memo=0 enable_edd_ub=0 ub_depth_limit=-1 lb_depth_limit=-1 terminal_all_tardy_spt=1 terminal_edd_at_most_one_tardy=1 enable_memo=1 enable_exact_memo=1 memo_full_key_verification=1 memo_memory_limit_mb=12288 cost=2251088 time_ms=6169.02 nodes=834992 max_depth=499 memo_hits=138956 memo_misses=1669983 memo_exact_hits=138956 memo_lb_hits=0 rule4=1 valid_pos=90439648 valid_pos_pruned_3a=0 valid_pos_pruned_3b=0 memo_rejected=0 memo_forced_evict=0 lufo_passes=0 terminal_spt=22287 terminal_edd=41226 memo_peak=834992 memo_final=834992 memo_evictions=0 memo_clean_time_ms=0 reconstruction_time_ms=1.3652 reconstruction_repairs=0 reconstruction_trace_hits=320 reconstruction_trace_fallbacks=0 memo_used_mb=197.485 memo_bytes_per_entry=248,C:\c++\test2\results\memo_backend_no_gate\raw_results.csv,False,0.9304297927385549,0.8709674152467275,True,True
500,0.2,0.8,6,D:\test2\results\memo_backend_no_gate\data\500\SDT_500_0.2_0.8_7.txt,12288,1200,SOLVED,SOLVED,MATCH,True,True,True,500,500,2338622,2338622,2338622,2338622,6311.65,6788.23,1.075508,6337.386,7029.824,1.109262,963423,963423,True,179548,179548,1926845,1926845,198.459,227.86,0,0,1.5597,1.5224,0,0,False,,[run] n=500 seed=6 input=D:\test2\results\memo_backend_no_gate\data\500\SDT_500_0.2_0.8_7.txt decomp=adaptive memo_backend=custom use_ub=0 use_lb=0 terminal_rules=1 position_filtering_enabled=1 enable_lawler_basic_rules=1 enable_simple_lb=0 enable_lb_memo=0 enable_edd_ub=0 ub_depth_limit=-1 lb_depth_limit=-1 terminal_all_tardy_spt=1 terminal_edd_at_most_one_tardy=1 enable_memo=1 enable_exact_memo=1 memo_full_key_verification=1 memo_memory_limit_mb=12288 cost=2338622 time_ms=6311.65 nodes=963423 max_depth=499 memo_hits=179548 memo_misses=1926845 memo_exact_hits=179548 memo_lb_hits=0 rule4=1 valid_pos=104202286 valid_pos_pruned_3a=0 valid_pos_pruned_3b=0 memo_rejected=0 memo_forced_evict=0 lufo_passes=0 terminal_spt=25119 terminal_edd=41883 memo_peak=963423 memo_final=963423 memo_evictions=0 memo_clean_time_ms=0 reconstruction_time_ms=1.5597 reconstruction_repairs=0 reconstruction_trace_hits=341 reconstruction_trace_fallbacks=0 memo_used_mb=198.459 memo_bytes_per_entry=216,[run] n=500 seed=6 input=D:\test2\results\memo_backend_no_gate\data\500\SDT_500_0.2_0.8_7.txt decomp=adaptive memo_backend=std_unordered use_ub=0 use_lb=0 terminal_rules=1 position_filtering_enabled=1 enable_lawler_basic_rules=1 enable_simple_lb=0 enable_lb_memo=0 enable_edd_ub=0 ub_depth_limit=-1 lb_depth_limit=-1 terminal_all_tardy_spt=1 terminal_edd_at_most_one_tardy=1 enable_memo=1 enable_exact_memo=1 memo_full_key_verification=1 memo_memory_limit_mb=12288 cost=2338622 time_ms=6788.23 nodes=963423 max_depth=499 memo_hits=179548 memo_misses=1926845 memo_exact_hits=179548 memo_lb_hits=0 rule4=1 valid_pos=104202286 valid_pos_pruned_3a=0 valid_pos_pruned_3b=0 memo_rejected=0 memo_forced_evict=0 lufo_passes=0 terminal_spt=25119 terminal_edd=41883 memo_peak=963423 memo_final=963423 memo_evictions=0 memo_clean_time_ms=0 reconstruction_time_ms=1.5224 reconstruction_repairs=0 reconstruction_trace_hits=341 reconstruction_trace_fallbacks=0 memo_used_mb=227.86 memo_bytes_per_entry=248,C:\c++\test2\results\memo_backend_no_gate\raw_results.csv,False,0.9297931861471989,0.8709690160624944,True,True
500,0.2,0.8,7,D:\test2\results\memo_backend_no_gate\data\500\SDT_500_0.2_0.8_8.txt,12288,1200,SOLVED,SOLVED,MATCH,True,True,True,500,500,2244080,2244080,2244080,2244080,5233.98,5608.58,1.071571,5259.126,5780.864,1.099206,782852,782852,True,148161,148161,1565703,1565703,161.263,185.153,0,0,1.3909,1.2206,0,0,False,,[run] n=500 seed=7 input=D:\test2\results\memo_backend_no_gate\data\500\SDT_500_0.2_0.8_8.txt decomp=adaptive memo_backend=custom use_ub=0 use_lb=0 terminal_rules=1 position_filtering_enabled=1 enable_lawler_basic_rules=1 enable_simple_lb=0 enable_lb_memo=0 enable_edd_ub=0 ub_depth_limit=-1 lb_depth_limit=-1 terminal_all_tardy_spt=1 terminal_edd_at_most_one_tardy=1 enable_memo=1 enable_exact_memo=1 memo_full_key_verification=1 memo_memory_limit_mb=12288 cost=2244080 time_ms=5233.98 nodes=782852 max_depth=499 memo_hits=148161 memo_misses=1565703 memo_exact_hits=148161 memo_lb_hits=0 rule4=1 valid_pos=83122665 valid_pos_pruned_3a=0 valid_pos_pruned_3b=0 memo_rejected=0 memo_forced_evict=0 lufo_passes=0 terminal_spt=15932 terminal_edd=32242 memo_peak=782852 memo_final=782852 memo_evictions=0 memo_clean_time_ms=0 reconstruction_time_ms=1.3909 reconstruction_repairs=0 reconstruction_trace_hits=310 reconstruction_trace_fallbacks=0 memo_used_mb=161.263 memo_bytes_per_entry=216,[run] n=500 seed=7 input=D:\test2\results\memo_backend_no_gate\data\500\SDT_500_0.2_0.8_8.txt decomp=adaptive memo_backend=std_unordered use_ub=0 use_lb=0 terminal_rules=1 position_filtering_enabled=1 enable_lawler_basic_rules=1 enable_simple_lb=0 enable_lb_memo=0 enable_edd_ub=0 ub_depth_limit=-1 lb_depth_limit=-1 terminal_all_tardy_spt=1 terminal_edd_at_most_one_tardy=1 enable_memo=1 enable_exact_memo=1 memo_full_key_verification=1 memo_memory_limit_mb=12288 cost=2244080 time_ms=5608.58 nodes=782852 max_depth=499 memo_hits=148161 memo_misses=1565703 memo_exact_hits=148161 memo_lb_hits=0 rule4=1 valid_pos=83122665 valid_pos_pruned_3a=0 valid_pos_pruned_3b=0 memo_rejected=0 memo_forced_evict=0 lufo_passes=0 terminal_spt=15932 terminal_edd=32242 memo_peak=782852 memo_final=782852 memo_evictions=0 memo_clean_time_ms=0 reconstruction_time_ms=1.2206 reconstruction_repairs=0 reconstruction_trace_hits=310 reconstruction_trace_fallbacks=0 memo_used_mb=185.153 memo_bytes_per_entry=248,C:\c++\test2\results\memo_backend_no_gate\raw_results.csv,False,0.9332094754822076,0.8709715748597107,True,True
500,0.2,0.8,8,D:\test2\results\memo_backend_no_gate\data\500\SDT_500_0.2_0.8_9.txt,12288,1200,SOLVED,SOLVED,MATCH,True,True,True,500,500,2362533,2362533,2362533,2362533,4613.05,4983.34,1.08027,4638.136,5125.793,1.105141,633100,633100,True,130234,130234,1266199,1266199,130.415,149.735,0,0,1.3177,1.2215,0,0,False,,[run] n=500 seed=8 input=D:\test2\results\memo_backend_no_gate\data\500\SDT_500_0.2_0.8_9.txt decomp=adaptive memo_backend=custom use_ub=0 use_lb=0 terminal_rules=1 position_filtering_enabled=1 enable_lawler_basic_rules=1 enable_simple_lb=0 enable_lb_memo=0 enable_edd_ub=0 ub_depth_limit=-1 lb_depth_limit=-1 terminal_all_tardy_spt=1 terminal_edd_at_most_one_tardy=1 enable_memo=1 enable_exact_memo=1 memo_full_key_verification=1 memo_memory_limit_mb=12288 cost=2362533 time_ms=4613.05 nodes=633100 max_depth=499 memo_hits=130234 memo_misses=1266199 memo_exact_hits=130234 memo_lb_hits=0 rule4=1 valid_pos=74319251 valid_pos_pruned_3a=0 valid_pos_pruned_3b=0 memo_rejected=0 memo_forced_evict=0 lufo_passes=0 terminal_spt=18513 terminal_edd=31715 memo_peak=633100 memo_final=633100 memo_evictions=0 memo_clean_time_ms=0 reconstruction_time_ms=1.3177 reconstruction_repairs=0 reconstruction_trace_hits=295 reconstruction_trace_fallbacks=0 memo_used_mb=130.415 memo_bytes_per_entry=216,[run] n=500 seed=8 input=D:\test2\results\memo_backend_no_gate\data\500\SDT_500_0.2_0.8_9.txt decomp=adaptive memo_backend=std_unordered use_ub=0 use_lb=0 terminal_rules=1 position_filtering_enabled=1 enable_lawler_basic_rules=1 enable_simple_lb=0 enable_lb_memo=0 enable_edd_ub=0 ub_depth_limit=-1 lb_depth_limit=-1 terminal_all_tardy_spt=1 terminal_edd_at_most_one_tardy=1 enable_memo=1 enable_exact_memo=1 memo_full_key_verification=1 memo_memory_limit_mb=12288 cost=2362533 time_ms=4983.34 nodes=633100 max_depth=499 memo_hits=130234 memo_misses=1266199 memo_exact_hits=130234 memo_lb_hits=0 rule4=1 valid_pos=74319251 valid_pos_pruned_3a=0 valid_pos_pruned_3b=0 memo_rejected=0 memo_forced_evict=0 lufo_passes=0 terminal_spt=18513 terminal_edd=31715 memo_peak=633100 memo_final=633100 memo_evictions=0 memo_clean_time_ms=0 reconstruction_time_ms=1.2215 reconstruction_repairs=0 reconstruction_trace_hits=295 reconstruction_trace_fallbacks=0 memo_used_mb=149.735 memo_bytes_per_entry=248,C:\c++\test2\results\memo_backend_no_gate\raw_results.csv,False,0.9256944137867374,0.8709720506227667,True,True
500,0.2,0.8,9,D:\test2\results\memo_backend_no_gate\data\500\SDT_500_0.2_0.8_10.txt,12288,1200,SOLVED,SOLVED,MATCH,True,True,True,500,500,2256106,2256106,2256106,2256106,7372.15,7836.44,1.062979,7399.03,8059.614,1.08928,1007624,1007624,True,169405,169405,2015247,2015247,207.564,238.314,0,0,1.0629,1.0668,0,0,False,,[run] n=500 seed=9 input=D:\test2\results\memo_backend_no_gate\data\500\SDT_500_0.2_0.8_10.txt decomp=adaptive memo_backend=custom use_ub=0 use_lb=0 terminal_rules=1 position_filtering_enabled=1 enable_lawler_basic_rules=1 enable_simple_lb=0 enable_lb_memo=0 enable_edd_ub=0 ub_depth_limit=-1 lb_depth_limit=-1 terminal_all_tardy_spt=1 terminal_edd_at_most_one_tardy=1 enable_memo=1 enable_exact_memo=1 memo_full_key_verification=1 memo_memory_limit_mb=12288 cost=2256106 time_ms=7372.15 nodes=1007624 max_depth=499 memo_hits=169405 memo_misses=2015247 memo_exact_hits=169405 memo_lb_hits=0 rule4=1 valid_pos=123786271 valid_pos_pruned_3a=0 valid_pos_pruned_3b=0 memo_rejected=0 memo_forced_evict=0 lufo_passes=0 terminal_spt=30405 terminal_edd=55558 memo_peak=1007624 memo_final=1007624 memo_evictions=0 memo_clean_time_ms=0 reconstruction_time_ms=1.0629 reconstruction_repairs=0 reconstruction_trace_hits=247 reconstruction_trace_fallbacks=0 memo_used_mb=207.564 memo_bytes_per_entry=216,[run] n=500 seed=9 input=D:\test2\results\memo_backend_no_gate\data\500\SDT_500_0.2_0.8_10.txt decomp=adaptive memo_backend=std_unordered use_ub=0 use_lb=0 terminal_rules=1 position_filtering_enabled=1 enable_lawler_basic_rules=1 enable_simple_lb=0 enable_lb_memo=0 enable_edd_ub=0 ub_depth_limit=-1 lb_depth_limit=-1 terminal_all_tardy_spt=1 terminal_edd_at_most_one_tardy=1 enable_memo=1 enable_exact_memo=1 memo_full_key_verification=1 memo_memory_limit_mb=12288 cost=2256106 time_ms=7836.44 nodes=1007624 max_depth=499 memo_hits=169405 memo_misses=2015247 memo_exact_hits=169405 memo_lb_hits=0 rule4=1 valid_pos=123786271 valid_pos_pruned_3a=0 valid_pos_pruned_3b=0 memo_rejected=0 memo_forced_evict=0 lufo_passes=0 terminal_spt=30405 terminal_edd=55558 memo_peak=1007624 memo_final=1007624 memo_evictions=0 memo_clean_time_ms=0 reconstruction_time_ms=1.0668 reconstruction_repairs=0 reconstruction_trace_hits=247 reconstruction_trace_fallbacks=0 memo_used_mb=238.314 memo_bytes_per_entry=248,C:\c++\test2\results\memo_backend_no_gate\raw_results.csv,False,0.9407524335029682,0.8709685540924998,True,True
500,0.4,0.6,0,D:\test2\results\memo_backend_no_gate\data\500\SDT_500_0.4_0.6_1.txt,12288,1200,SOLVED,SOLVED,MATCH,True,True,True,500,500,1085591,1085591,1085591,1085591,8471.3,9245.11,1.091345,8504.252,9516.023,1.118972,1203764,1203764,True,258437,258437,2407527,2407527,247.968,284.704,0,0,1.4221,1.2672,0,0,False,,[run] n=500 seed=0 input=D:\test2\results\memo_backend_no_gate\data\500\SDT_500_0.4_0.6_1.txt decomp=adaptive memo_backend=custom use_ub=0 use_lb=0 terminal_rules=1 position_filtering_enabled=1 enable_lawler_basic_rules=1 enable_simple_lb=0 enable_lb_memo=0 enable_edd_ub=0 ub_depth_limit=-1 lb_depth_limit=-1 terminal_all_tardy_spt=1 terminal_edd_at_most_one_tardy=1 enable_memo=1 enable_exact_memo=1 memo_full_key_verification=1 memo_memory_limit_mb=12288 cost=1085591 time_ms=8471.3 nodes=1203764 max_depth=499 memo_hits=258437 memo_misses=2407527 memo_exact_hits=258437 memo_lb_hits=0 rule4=1 valid_pos=137387802 valid_pos_pruned_3a=0 valid_pos_pruned_3b=0 memo_rejected=0 memo_forced_evict=0 lufo_passes=0 terminal_spt=11191 terminal_edd=95260 memo_peak=1203764 memo_final=1203764 memo_evictions=0 memo_clean_time_ms=0 reconstruction_time_ms=1.4221 reconstruction_repairs=0 reconstruction_trace_hits=304 reconstruction_trace_fallbacks=0 memo_used_mb=247.968 memo_bytes_per_entry=216,[run] n=500 seed=0 input=D:\test2\results\memo_backend_no_gate\data\500\SDT_500_0.4_0.6_1.txt decomp=adaptive memo_backend=std_unordered use_ub=0 use_lb=0 terminal_rules=1 position_filtering_enabled=1 enable_lawler_basic_rules=1 enable_simple_lb=0 enable_lb_memo=0 enable_edd_ub=0 ub_depth_limit=-1 lb_depth_limit=-1 terminal_all_tardy_spt=1 terminal_edd_at_most_one_tardy=1 enable_memo=1 enable_exact_memo=1 memo_full_key_verification=1 memo_memory_limit_mb=12288 cost=1085591 time_ms=9245.11 nodes=1203764 max_depth=499 memo_hits=258437 memo_misses=2407527 memo_exact_hits=258437 memo_lb_hits=0 rule4=1 valid_pos=137387802 valid_pos_pruned_3a=0 valid_pos_pruned_3b=0 memo_rejected=0 memo_forced_evict=0 lufo_passes=0 terminal_spt=11191 terminal_edd=95260 memo_peak=1203764 memo_final=1203764 memo_evictions=0 memo_clean_time_ms=0 reconstruction_time_ms=1.2672 reconstruction_repairs=0 reconstruction_trace_hits=304 reconstruction_trace_fallbacks=0 memo_used_mb=284.704 memo_bytes_per_entry=248,C:\c++\test2\results\memo_backend_no_gate\raw_results.csv,False,0.9163006172993072,0.8709677419354838,True,True
500,0.4,0.6,1,D:\test2\results\memo_backend_no_gate\data\500\SDT_500_0.4_0.6_2.txt,12288,1200,SOLVED,SOLVED,MATCH,True,True,True,500,500,1000754,1000754,1000754,1000754,8540.77,9288.27,1.087521,8567.933,9571.578,1.11714,1229514,1229514,True,299576,299576,2459027,2459027,253.272,290.794,0,0,1.58,1.5751,0,0,False,,[run] n=500 seed=1 input=D:\test2\results\memo_backend_no_gate\data\500\SDT_500_0.4_0.6_2.txt decomp=adaptive memo_backend=custom use_ub=0 use_lb=0 terminal_rules=1 position_filtering_enabled=1 enable_lawler_basic_rules=1 enable_simple_lb=0 enable_lb_memo=0 enable_edd_ub=0 ub_depth_limit=-1 lb_depth_limit=-1 terminal_all_tardy_spt=1 terminal_edd_at_most_one_tardy=1 enable_memo=1 enable_exact_memo=1 memo_full_key_verification=1 memo_memory_limit_mb=12288 cost=1000754 time_ms=8540.77 nodes=1229514 max_depth=499 memo_hits=299576 memo_misses=2459027 memo_exact_hits=299576 memo_lb_hits=0 rule4=1 valid_pos=132327117 valid_pos_pruned_3a=0 valid_pos_pruned_3b=0 memo_rejected=0 memo_forced_evict=0 lufo_passes=0 terminal_spt=14046 terminal_edd=89003 memo_peak=1229514 memo_final=1229514 memo_evictions=0 memo_clean_time_ms=0 reconstruction_time_ms=1.58 reconstruction_repairs=0 reconstruction_trace_hits=338 reconstruction_trace_fallbacks=0 memo_used_mb=253.272 memo_bytes_per_entry=216,[run] n=500 seed=1 input=D:\test2\results\memo_backend_no_gate\data\500\SDT_500_0.4_0.6_2.txt decomp=adaptive memo_backend=std_unordered use_ub=0 use_lb=0 terminal_rules=1 position_filtering_enabled=1 enable_lawler_basic_rules=1 enable_simple_lb=0 enable_lb_memo=0 enable_edd_ub=0 ub_depth_limit=-1 lb_depth_limit=-1 terminal_all_tardy_spt=1 terminal_edd_at_most_one_tardy=1 enable_memo=1 enable_exact_memo=1 memo_full_key_verification=1 memo_memory_limit_mb=12288 cost=1000754 time_ms=9288.27 nodes=1229514 max_depth=499 memo_hits=299576 memo_misses=2459027 memo_exact_hits=299576 memo_lb_hits=0 rule4=1 valid_pos=132327117 valid_pos_pruned_3a=0 valid_pos_pruned_3b=0 memo_rejected=0 memo_forced_evict=0 lufo_passes=0 terminal_spt=14046 terminal_edd=89003 memo_peak=1229514 memo_final=1229514 memo_evictions=0 memo_clean_time_ms=0 reconstruction_time_ms=1.5751 reconstruction_repairs=0 reconstruction_trace_hits=338 reconstruction_trace_fallbacks=0 memo_used_mb=290.794 memo_bytes_per_entry=248,C:\c++\test2\results\memo_backend_no_gate\raw_results.csv,False,0.9195221499805669,0.8709670763495808,True,True
500,0.4,0.6,2,D:\test2\results\memo_backend_no_gate\data\500\SDT_500_0.4_0.6_3.txt,12288,1200,SOLVED,SOLVED,MATCH,True,True,True,500,500,1032901,1032901,1032901,1032901,6563.81,7041.78,1.072819,6588.714,7268.582,1.103187,1027016,1027016,True,275705,275705,2054031,2054031,211.559,242.901,0,0,1.4168,1.365,0,0,False,,[run] n=500 seed=2 input=D:\test2\results\memo_backend_no_gate\data\500\SDT_500_0.4_0.6_3.txt decomp=adaptive memo_backend=custom use_ub=0 use_lb=0 terminal_rules=1 position_filtering_enabled=1 enable_lawler_basic_rules=1 enable_simple_lb=0 enable_lb_memo=0 enable_edd_ub=0 ub_depth_limit=-1 lb_depth_limit=-1 terminal_all_tardy_spt=1 terminal_edd_at_most_one_tardy=1 enable_memo=1 enable_exact_memo=1 memo_full_key_verification=1 memo_memory_limit_mb=12288 cost=1032901 time_ms=6563.81 nodes=1027016 max_depth=499 memo_hits=275705 memo_misses=2054031 memo_exact_hits=275705 memo_lb_hits=0 rule4=1 valid_pos=95410269 valid_pos_pruned_3a=0 valid_pos_pruned_3b=0 memo_rejected=0 memo_forced_evict=0 lufo_passes=0 terminal_spt=6962 terminal_edd=53489 memo_peak=1027016 memo_final=1027016 memo_evictions=0 memo_clean_time_ms=0 reconstruction_time_ms=1.4168 reconstruction_repairs=0 reconstruction_trace_hits=336 reconstruction_trace_fallbacks=0 memo_used_mb=211.559 memo_bytes_per_entry=216,[run] n=500 seed=2 input=D:\test2\results\memo_backend_no_gate\data\500\SDT_500_0.4_0.6_3.txt decomp=adaptive memo_backend=std_unordered use_ub=0 use_lb=0 terminal_rules=1 position_filtering_enabled=1 enable_lawler_basic_rules=1 enable_simple_lb=0 enable_lb_memo=0 enable_edd_ub=0 ub_depth_limit=-1 lb_depth_limit=-1 terminal_all_tardy_spt=1 terminal_edd_at_most_one_tardy=1 enable_memo=1 enable_exact_memo=1 memo_full_key_verification=1 memo_memory_limit_mb=12288 cost=1032901 time_ms=7041.78 nodes=1027016 max_depth=499 memo_hits=275705 memo_misses=2054031 memo_exact_hits=275705 memo_lb_hits=0 rule4=1 valid_pos=95410269 valid_pos_pruned_3a=0 valid_pos_pruned_3b=0 memo_rejected=0 memo_forced_evict=0 lufo_passes=0 terminal_spt=6962 terminal_edd=53489 memo_peak=1027016 memo_final=1027016 memo_evictions=0 memo_clean_time_ms=0 reconstruction_time_ms=1.365 reconstruction_repairs=0 reconstruction_trace_hits=336 reconstruction_trace_fallbacks=0 memo_used_mb=242.901 memo_bytes_per_entry=248,C:\c++\test2\results\memo_backend_no_gate\raw_results.csv,False,0.9321236959973189,0.8709680075421673,True,True
500,0.4,0.6,3,D:\test2\results\memo_backend_no_gate\data\500\SDT_500_0.4_0.6_4.txt,12288,1200,SOLVED,SOLVED,MATCH,True,True,True,500,500,926051,926051,926051,926051,6453.0,6903.83,1.069864,6480.547,7123.28,1.099179,993539,993539,True,182260,182260,1987077,1987077,204.663,234.983,0,0,1.1295,1.0579,0,0,False,,[run] n=500 seed=3 input=D:\test2\results\memo_backend_no_gate\data\500\SDT_500_0.4_0.6_4.txt decomp=adaptive memo_backend=custom use_ub=0 use_lb=0 terminal_rules=1 position_filtering_enabled=1 enable_lawler_basic_rules=1 enable_simple_lb=0 enable_lb_memo=0 enable_edd_ub=0 ub_depth_limit=-1 lb_depth_limit=-1 terminal_all_tardy_spt=1 terminal_edd_at_most_one_tardy=1 enable_memo=1 enable_exact_memo=1 memo_full_key_verification=1 memo_memory_limit_mb=12288 cost=926051 time_ms=6453 nodes=993539 max_depth=499 memo_hits=182260 memo_misses=1987077 memo_exact_hits=182260 memo_lb_hits=0 rule4=1 valid_pos=100657066 valid_pos_pruned_3a=0 valid_pos_pruned_3b=0 memo_rejected=0 memo_forced_evict=0 lufo_passes=0 terminal_spt=8951 terminal_edd=69646 memo_peak=993539 memo_final=993539 memo_evictions=0 memo_clean_time_ms=0 reconstruction_time_ms=1.1295 reconstruction_repairs=0 reconstruction_trace_hits=246 reconstruction_trace_fallbacks=0 memo_used_mb=204.663 memo_bytes_per_entry=216,[run] n=500 seed=3 input=D:\test2\results\memo_backend_no_gate\data\500\SDT_500_0.4_0.6_4.txt decomp=adaptive memo_backend=std_unordered use_ub=0 use_lb=0 terminal_rules=1 position_filtering_enabled=1 enable_lawler_basic_rules=1 enable_simple_lb=0 enable_lb_memo=0 enable_edd_ub=0 ub_depth_limit=-1 lb_depth_limit=-1 terminal_all_tardy_spt=1 terminal_edd_at_most_one_tardy=1 enable_memo=1 enable_exact_memo=1 memo_full_key_verification=1 memo_memory_limit_mb=12288 cost=926051 time_ms=6903.83 nodes=993539 max_depth=499 memo_hits=182260 memo_misses=1987077 memo_exact_hits=182260 memo_lb_hits=0 rule4=1 valid_pos=100657066 valid_pos_pruned_3a=0 valid_pos_pruned_3b=0 memo_rejected=0 memo_forced_evict=0 lufo_passes=0 terminal_spt=8951 terminal_edd=69646 memo_peak=993539 memo_final=993539 memo_evictions=0 memo_clean_time_ms=0 reconstruction_time_ms=1.0579 reconstruction_repairs=0 reconstruction_trace_hits=246 reconstruction_trace_fallbacks=0 memo_used_mb=234.983 memo_bytes_per_entry=248,C:\c++\test2\results\memo_backend_no_gate\raw_results.csv,False,0.9346985658685106,0.8709693892749688,True,True
500,0.4,0.6,4,D:\test2\results\memo_backend_no_gate\data\500\SDT_500_0.4_0.6_5.txt,12288,1200,SOLVED,SOLVED,MATCH,True,True,True,500,500,951811,951811,951811,951811,6069.63,6530.48,1.075927,6094.996,6737.233,1.105371,951647,951647,True,153228,153228,1903293,1903293,196.033,225.075,0,0,1.4253,1.2674,0,0,False,,[run] n=500 seed=4 input=D:\test2\results\memo_backend_no_gate\data\500\SDT_500_0.4_0.6_5.txt decomp=adaptive memo_backend=custom use_ub=0 use_lb=0 terminal_rules=1 position_filtering_enabled=1 enable_lawler_basic_rules=1 enable_simple_lb=0 enable_lb_memo=0 enable_edd_ub=0 ub_depth_limit=-1 lb_depth_limit=-1 terminal_all_tardy_spt=1 terminal_edd_at_most_one_tardy=1 enable_memo=1 enable_exact_memo=1 memo_full_key_verification=1 memo_memory_limit_mb=12288 cost=951811 time_ms=6069.63 nodes=951647 max_depth=499 memo_hits=153228 memo_misses=1903293 memo_exact_hits=153228 memo_lb_hits=0 rule4=1 valid_pos=96625716 valid_pos_pruned_3a=0 valid_pos_pruned_3b=0 memo_rejected=0 memo_forced_evict=0 lufo_passes=0 terminal_spt=16048 terminal_edd=58749 memo_peak=951647 memo_final=951647 memo_evictions=0 memo_clean_time_ms=0 reconstruction_time_ms=1.4253 reconstruction_repairs=0 reconstruction_trace_hits=298 reconstruction_trace_fallbacks=0 memo_used_mb=196.033 memo_bytes_per_entry=216,[run] n=500 seed=4 input=D:\test2\results\memo_backend_no_gate\data\500\SDT_500_0.4_0.6_5.txt decomp=adaptive memo_backend=std_unordered use_ub=0 use_lb=0 terminal_rules=1 position_filtering_enabled=1 enable_lawler_basic_rules=1 enable_simple_lb=0 enable_lb_memo=0 enable_edd_ub=0 ub_depth_limit=-1 lb_depth_limit=-1 terminal_all_tardy_spt=1 terminal_edd_at_most_one_tardy=1 enable_memo=1 enable_exact_memo=1 memo_full_key_verification=1 memo_memory_limit_mb=12288 cost=951811 time_ms=6530.48 nodes=951647 max_depth=499 memo_hits=153228 memo_misses=1903293 memo_exact_hits=153228 memo_lb_hits=0 rule4=1 valid_pos=96625716 valid_pos_pruned_3a=0 valid_pos_pruned_3b=0 memo_rejected=0 memo_forced_evict=0 lufo_passes=0 terminal_spt=16048 terminal_edd=58749 memo_peak=951647 memo_final=951647 memo_evictions=0 memo_clean_time_ms=0 reconstruction_time_ms=1.2674 reconstruction_repairs=0 reconstruction_trace_hits=298 reconstruction_trace_fallbacks=0 memo_used_mb=225.075 memo_bytes_per_entry=248,C:\c++\test2\results\memo_backend_no_gate\raw_results.csv,False,0.9294309147260232,0.8709674552926802,True,True
500,0.4,0.6,5,D:\test2\results\memo_backend_no_gate\data\500\SDT_500_0.4_0.6_6.txt,12288,1200,SOLVED,SOLVED,MATCH,True,True,True,500,500,910889,910889,910889,910889,5478.99,5915.1,1.079597,5506.526,6103.727,1.108453,857188,857188,True,157385,157385,1714375,1714375,176.575,202.735,0,0,1.5594,1.4659,0,0,False,,[run] n=500 seed=5 input=D:\test2\results\memo_backend_no_gate\data\500\SDT_500_0.4_0.6_6.txt decomp=adaptive memo_backend=custom use_ub=0 use_lb=0 terminal_rules=1 position_filtering_enabled=1 enable_lawler_basic_rules=1 enable_simple_lb=0 enable_lb_memo=0 enable_edd_ub=0 ub_depth_limit=-1 lb_depth_limit=-1 terminal_all_tardy_spt=1 terminal_edd_at_most_one_tardy=1 enable_memo=1 enable_exact_memo=1 memo_full_key_verification=1 memo_memory_limit_mb=12288 cost=910889 time_ms=5478.99 nodes=857188 max_depth=499 memo_hits=157385 memo_misses=1714375 memo_exact_hits=157385 memo_lb_hits=0 rule4=1 valid_pos=87962043 valid_pos_pruned_3a=0 valid_pos_pruned_3b=0 memo_rejected=0 memo_forced_evict=0 lufo_passes=0 terminal_spt=9135 terminal_edd=73349 memo_peak=857188 memo_final=857188 memo_evictions=0 memo_clean_time_ms=0 reconstruction_time_ms=1.5594 reconstruction_repairs=0 reconstruction_trace_hits=352 reconstruction_trace_fallbacks=0 memo_used_mb=176.575 memo_bytes_per_entry=216,[run] n=500 seed=5 input=D:\test2\results\memo_backend_no_gate\data\500\SDT_500_0.4_0.6_6.txt decomp=adaptive memo_backend=std_unordered use_ub=0 use_lb=0 terminal_rules=1 position_filtering_enabled=1 enable_lawler_basic_rules=1 enable_simple_lb=0 enable_lb_memo=0 enable_edd_ub=0 ub_depth_limit=-1 lb_depth_limit=-1 terminal_all_tardy_spt=1 terminal_edd_at_most_one_tardy=1 enable_memo=1 enable_exact_memo=1 memo_full_key_verification=1 memo_memory_limit_mb=12288 cost=910889 time_ms=5915.1 nodes=857188 max_depth=499 memo_hits=157385 memo_misses=1714375 memo_exact_hits=157385 memo_lb_hits=0 rule4=1 valid_pos=87962043 valid_pos_pruned_3a=0 valid_pos_pruned_3b=0 memo_rejected=0 memo_forced_evict=0 lufo_passes=0 terminal_spt=9135 terminal_edd=73349 memo_peak=857188 memo_final=857188 memo_evictions=0 memo_clean_time_ms=0 reconstruction_time_ms=1.4659 reconstruction_repairs=0 reconstruction_trace_hits=352 reconstruction_trace_fallbacks=0 memo_used_mb=202.735 memo_bytes_per_entry=248,C:\c++\test2\results\memo_backend_no_gate\raw_results.csv,False,0.9262717451945021,0.8709645596468295,True,True
500,0.4,0.6,6,D:\test2\results\memo_backend_no_gate\data\500\SDT_500_0.4_0.6_7.txt,12288,1200,SOLVED,SOLVED,MATCH,True,True,True,500,500,1015904,1015904,1015904,1015904,6105.79,6532.1,1.069821,6132.143,6723.577,1.096448,873441,873441,True,184972,184972,1746881,1746881,179.923,206.579,0,0,1.4445,1.3317,0,0,False,,[run] n=500 seed=6 input=D:\test2\results\memo_backend_no_gate\data\500\SDT_500_0.4_0.6_7.txt decomp=adaptive memo_backend=custom use_ub=0 use_lb=0 terminal_rules=1 position_filtering_enabled=1 enable_lawler_basic_rules=1 enable_simple_lb=0 enable_lb_memo=0 enable_edd_ub=0 ub_depth_limit=-1 lb_depth_limit=-1 terminal_all_tardy_spt=1 terminal_edd_at_most_one_tardy=1 enable_memo=1 enable_exact_memo=1 memo_full_key_verification=1 memo_memory_limit_mb=12288 cost=1015904 time_ms=6105.79 nodes=873441 max_depth=499 memo_hits=184972 memo_misses=1746881 memo_exact_hits=184972 memo_lb_hits=0 rule4=1 valid_pos=96491672 valid_pos_pruned_3a=0 valid_pos_pruned_3b=0 memo_rejected=0 memo_forced_evict=0 lufo_passes=0 terminal_spt=10943 terminal_edd=75155 memo_peak=873441 memo_final=873441 memo_evictions=0 memo_clean_time_ms=0 reconstruction_time_ms=1.4445 reconstruction_repairs=0 reconstruction_trace_hits=315 reconstruction_trace_fallbacks=0 memo_used_mb=179.923 memo_bytes_per_entry=216,[run] n=500 seed=6 input=D:\test2\results\memo_backend_no_gate\data\500\SDT_500_0.4_0.6_7.txt decomp=adaptive memo_backend=std_unordered use_ub=0 use_lb=0 terminal_rules=1 position_filtering_enabled=1 enable_lawler_basic_rules=1 enable_simple_lb=0 enable_lb_memo=0 enable_edd_ub=0 ub_depth_limit=-1 lb_depth_limit=-1 terminal_all_tardy_spt=1 terminal_edd_at_most_one_tardy=1 enable_memo=1 enable_exact_memo=1 memo_full_key_verification=1 memo_memory_limit_mb=12288 cost=1015904 time_ms=6532.1 nodes=873441 max_depth=499 memo_hits=184972 memo_misses=1746881 memo_exact_hits=184972 memo_lb_hits=0 rule4=1 valid_pos=96491672 valid_pos_pruned_3a=0 valid_pos_pruned_3b=0 memo_rejected=0 memo_forced_evict=0 lufo_passes=0 terminal_spt=10943 terminal_edd=75155 memo_peak=873441 memo_final=873441 memo_evictions=0 memo_clean_time_ms=0 reconstruction_time_ms=1.3317 reconstruction_repairs=0 reconstruction_trace_hits=315 reconstruction_trace_fallbacks=0 memo_used_mb=206.579 memo_bytes_per_entry=248,C:\c++\test2\results\memo_backend_no_gate\raw_results.csv,False,0.9347361491710169,0.8709646188625174,True,True
500,0.4,0.6,7,D:\test2\results\memo_backend_no_gate\data\500\SDT_500_0.4_0.6_8.txt,12288,1200,SOLVED,SOLVED,MATCH,True,True,True,500,500,945220,945220,945220,945220,6802.14,7229.85,1.062879,6828.679,7441.495,1.089742,939758,939758,True,182649,182649,1879515,1879515,193.584,222.263,0,0,1.5503,1.4631,0,0,False,,[run] n=500 seed=7 input=D:\test2\results\memo_backend_no_gate\data\500\SDT_500_0.4_0.6_8.txt decomp=adaptive memo_backend=custom use_ub=0 use_lb=0 terminal_rules=1 position_filtering_enabled=1 enable_lawler_basic_rules=1 enable_simple_lb=0 enable_lb_memo=0 enable_edd_ub=0 ub_depth_limit=-1 lb_depth_limit=-1 terminal_all_tardy_spt=1 terminal_edd_at_most_one_tardy=1 enable_memo=1 enable_exact_memo=1 memo_full_key_verification=1 memo_memory_limit_mb=12288 cost=945220 time_ms=6802.14 nodes=939758 max_depth=499 memo_hits=182649 memo_misses=1879515 memo_exact_hits=182649 memo_lb_hits=0 rule4=1 valid_pos=108976847 valid_pos_pruned_3a=0 valid_pos_pruned_3b=0 memo_rejected=0 memo_forced_evict=0 lufo_passes=0 terminal_spt=10866 terminal_edd=69347 memo_peak=939758 memo_final=939758 memo_evictions=0 memo_clean_time_ms=0 reconstruction_time_ms=1.5503 reconstruction_repairs=0 reconstruction_trace_hits=364 reconstruction_trace_fallbacks=0 memo_used_mb=193.584 memo_bytes_per_entry=216,[run] n=500 seed=7 input=D:\test2\results\memo_backend_no_gate\data\500\SDT_500_0.4_0.6_8.txt decomp=adaptive memo_backend=std_unordered use_ub=0 use_lb=0 terminal_rules=1 position_filtering_enabled=1 enable_lawler_basic_rules=1 enable_simple_lb=0 enable_lb_memo=0 enable_edd_ub=0 ub_depth_limit=-1 lb_depth_limit=-1 terminal_all_tardy_spt=1 terminal_edd_at_most_one_tardy=1 enable_memo=1 enable_exact_memo=1 memo_full_key_verification=1 memo_memory_limit_mb=12288 cost=945220 time_ms=7229.85 nodes=939758 max_depth=499 memo_hits=182649 memo_misses=1879515 memo_exact_hits=182649 memo_lb_hits=0 rule4=1 valid_pos=108976847 valid_pos_pruned_3a=0 valid_pos_pruned_3b=0 memo_rejected=0 memo_forced_evict=0 lufo_passes=0 terminal_spt=10866 terminal_edd=69347 memo_peak=939758 memo_final=939758 memo_evictions=0 memo_clean_time_ms=0 reconstruction_time_ms=1.4631 reconstruction_repairs=0 reconstruction_trace_hits=364 reconstruction_trace_fallbacks=0 memo_used_mb=222.263 memo_bytes_per_entry=248,C:\c++\test2\results\memo_backend_no_gate\raw_results.csv,False,0.9408410962883047,0.8709681773394582,True,True
500,0.4,0.6,8,D:\test2\results\memo_backend_no_gate\data\500\SDT_500_0.4_0.6_9.txt,12288,1200,SOLVED,SOLVED,MATCH,True,True,True,500,500,1040506,1040506,1040506,1040506,7481.71,7968.12,1.065013,7510.339,8195.397,1.091215,1025474,1025474,True,239319,239319,2050947,2050947,211.241,242.536,0,0,1.8916,1.7887,0,0,False,,[run] n=500 seed=8 input=D:\test2\results\memo_backend_no_gate\data\500\SDT_500_0.4_0.6_9.txt decomp=adaptive memo_backend=custom use_ub=0 use_lb=0 terminal_rules=1 position_filtering_enabled=1 enable_lawler_basic_rules=1 enable_simple_lb=0 enable_lb_memo=0 enable_edd_ub=0 ub_depth_limit=-1 lb_depth_limit=-1 terminal_all_tardy_spt=1 terminal_edd_at_most_one_tardy=1 enable_memo=1 enable_exact_memo=1 memo_full_key_verification=1 memo_memory_limit_mb=12288 cost=1040506 time_ms=7481.71 nodes=1025474 max_depth=499 memo_hits=239319 memo_misses=2050947 memo_exact_hits=239319 memo_lb_hits=0 rule4=1 valid_pos=111307214 valid_pos_pruned_3a=0 valid_pos_pruned_3b=0 memo_rejected=0 memo_forced_evict=0 lufo_passes=0 terminal_spt=10209 terminal_edd=68785 memo_peak=1025474 memo_final=1025474 memo_evictions=0 memo_clean_time_ms=0 reconstruction_time_ms=1.8916 reconstruction_repairs=0 reconstruction_trace_hits=405 reconstruction_trace_fallbacks=0 memo_used_mb=211.241 memo_bytes_per_entry=216,[run] n=500 seed=8 input=D:\test2\results\memo_backend_no_gate\data\500\SDT_500_0.4_0.6_9.txt decomp=adaptive memo_backend=std_unordered use_ub=0 use_lb=0 terminal_rules=1 position_filtering_enabled=1 enable_lawler_basic_rules=1 enable_simple_lb=0 enable_lb_memo=0 enable_edd_ub=0 ub_depth_limit=-1 lb_depth_limit=-1 terminal_all_tardy_spt=1 terminal_edd_at_most_one_tardy=1 enable_memo=1 enable_exact_memo=1 memo_full_key_verification=1 memo_memory_limit_mb=12288 cost=1040506 time_ms=7968.12 nodes=1025474 max_depth=499 memo_hits=239319 memo_misses=2050947 memo_exact_hits=239319 memo_lb_hits=0 rule4=1 valid_pos=111307214 valid_pos_pruned_3a=0 valid_pos_pruned_3b=0 memo_rejected=0 memo_forced_evict=0 lufo_passes=0 terminal_spt=10209 terminal_edd=68785 memo_peak=1025474 memo_final=1025474 memo_evictions=0 memo_clean_time_ms=0 reconstruction_time_ms=1.7887 reconstruction_repairs=0 reconstruction_trace_hits=405 reconstruction_trace_fallbacks=0 memo_used_mb=242.536 memo_bytes_per_entry=248,C:\c++\test2\results\memo_backend_no_gate\raw_results.csv,False,0.9389554876181584,0.8709676089322823,True,True
500,0.4,0.6,9,D:\test2\results\memo_backend_no_gate\data\500\SDT_500_0.4_0.6_10.txt,12288,1200,SOLVED,SOLVED,MATCH,True,True,True,500,500,969734,969734,969734,969734,6090.75,6679.64,1.096686,6116.341,6856.601,1.12103,801615,801615,True,172539,172539,1603229,1603229,165.128,189.591,0,0,1.8868,1.7066,0,0,False,,[run] n=500 seed=9 input=D:\test2\results\memo_backend_no_gate\data\500\SDT_500_0.4_0.6_10.txt decomp=adaptive memo_backend=custom use_ub=0 use_lb=0 terminal_rules=1 position_filtering_enabled=1 enable_lawler_basic_rules=1 enable_simple_lb=0 enable_lb_memo=0 enable_edd_ub=0 ub_depth_limit=-1 lb_depth_limit=-1 terminal_all_tardy_spt=1 terminal_edd_at_most_one_tardy=1 enable_memo=1 enable_exact_memo=1 memo_full_key_verification=1 memo_memory_limit_mb=12288 cost=969734 time_ms=6090.75 nodes=801615 max_depth=499 memo_hits=172539 memo_misses=1603229 memo_exact_hits=172539 memo_lb_hits=0 rule4=1 valid_pos=94191030 valid_pos_pruned_3a=0 valid_pos_pruned_3b=0 memo_rejected=0 memo_forced_evict=0 lufo_passes=0 terminal_spt=9116 terminal_edd=60931 memo_peak=801615 memo_final=801615 memo_evictions=0 memo_clean_time_ms=0 reconstruction_time_ms=1.8868 reconstruction_repairs=0 reconstruction_trace_hits=387 reconstruction_trace_fallbacks=0 memo_used_mb=165.128 memo_bytes_per_entry=216,[run] n=500 seed=9 input=D:\test2\results\memo_backend_no_gate\data\500\SDT_500_0.4_0.6_10.txt decomp=adaptive memo_backend=std_unordered use_ub=0 use_lb=0 terminal_rules=1 position_filtering_enabled=1 enable_lawler_basic_rules=1 enable_simple_lb=0 enable_lb_memo=0 enable_edd_ub=0 ub_depth_limit=-1 lb_depth_limit=-1 terminal_all_tardy_spt=1 terminal_edd_at_most_one_tardy=1 enable_memo=1 enable_exact_memo=1 memo_full_key_verification=1 memo_memory_limit_mb=12288 cost=969734 time_ms=6679.64 nodes=801615 max_depth=499 memo_hits=172539 memo_misses=1603229 memo_exact_hits=172539 memo_lb_hits=0 rule4=1 valid_pos=94191030 valid_pos_pruned_3a=0 valid_pos_pruned_3b=0 memo_rejected=0 memo_forced_evict=0 lufo_passes=0 terminal_spt=9116 terminal_edd=60931 memo_peak=801615 memo_final=801615 memo_evictions=0 memo_clean_time_ms=0 reconstruction_time_ms=1.7066 reconstruction_repairs=0 reconstruction_trace_hits=387 reconstruction_trace_fallbacks=0 memo_used_mb=189.591 memo_bytes_per_entry=248,C:\c++\test2\results\memo_backend_no_gate\raw_results.csv,False,0.9118380631291506,0.8709696135365074,True,True
700,0.2,0.6,0,D:\test2\results\memo_backend_no_gate\data\700\SDT_700_0.2_0.6_1.txt,12288,1200,SOLVED,SOLVED,MATCH,True,True,True,700,700,2481713,2481713,2481713,2481713,50012.4,53754.6,1.074825,50113.969,55480.424,1.107085,5786486,5786486,True,1105298,1105298,11572971,11572971,1324.42,1501.01,0,0,2.772,2.8625,0,0,False,,[run] n=700 seed=0 input=D:\test2\results\memo_backend_no_gate\data\700\SDT_700_0.2_0.6_1.txt decomp=adaptive memo_backend=custom use_ub=0 use_lb=0 terminal_rules=1 position_filtering_enabled=1 enable_lawler_basic_rules=1 enable_simple_lb=0 enable_lb_memo=0 enable_edd_ub=0 ub_depth_limit=-1 lb_depth_limit=-1 terminal_all_tardy_spt=1 terminal_edd_at_most_one_tardy=1 enable_memo=1 enable_exact_memo=1 memo_full_key_verification=1 memo_memory_limit_mb=12288 cost=2481713 time_ms=50012.4 nodes=5786486 max_depth=699 memo_hits=1105298 memo_misses=11572971 memo_exact_hits=1105298 memo_lb_hits=0 rule4=1 valid_pos=843081480 valid_pos_pruned_3a=0 valid_pos_pruned_3b=0 memo_rejected=0 memo_forced_evict=0 lufo_passes=0 terminal_spt=203082 terminal_edd=624381 memo_peak=5786486 memo_final=5786486 memo_evictions=0 memo_clean_time_ms=0 reconstruction_time_ms=2.772 reconstruction_repairs=0 reconstruction_trace_hits=520 reconstruction_trace_fallbacks=0 memo_used_mb=1324.42 memo_bytes_per_entry=240,[run] n=700 seed=0 input=D:\test2\results\memo_backend_no_gate\data\700\SDT_700_0.2_0.6_1.txt decomp=adaptive memo_backend=std_unordered use_ub=0 use_lb=0 terminal_rules=1 position_filtering_enabled=1 enable_lawler_basic_rules=1 enable_simple_lb=0 enable_lb_memo=0 enable_edd_ub=0 ub_depth_limit=-1 lb_depth_limit=-1 terminal_all_tardy_spt=1 terminal_edd_at_most_one_tardy=1 enable_memo=1 enable_exact_memo=1 memo_full_key_verification=1 memo_memory_limit_mb=12288 cost=2481713 time_ms=53754.6 nodes=5786486 max_depth=699 memo_hits=1105298 memo_misses=11572971 memo_exact_hits=1105298 memo_lb_hits=0 rule4=1 valid_pos=843081480 valid_pos_pruned_3a=0 valid_pos_pruned_3b=0 memo_rejected=0 memo_forced_evict=0 lufo_passes=0 terminal_spt=203082 terminal_edd=624381 memo_peak=5786486 memo_final=5786486 memo_evictions=0 memo_clean_time_ms=0 reconstruction_time_ms=2.8625 reconstruction_repairs=0 reconstruction_trace_hits=520 reconstruction_trace_fallbacks=0 memo_used_mb=1501.01 memo_bytes_per_entry=272,C:\c++\test2\results\memo_backend_no_gate\raw_results.csv,False,0.930383632284493,0.8823525492834825,True,True
700,0.2,0.6,1,D:\test2\results\memo_backend_no_gate\data\700\SDT_700_0.2_0.6_2.txt,12288,1200,SOLVED,SOLVED,MATCH,True,True,True,700,700,2325566,2325566,2325566,2325566,60802.0,65140.9,1.071361,60917.934,67392.211,1.106279,7168625,7168625,True,1464219,1464219,14337249,14337249,1640.77,1859.54,0,0,2.8826,2.9392,0,0,False,,[run] n=700 seed=1 input=D:\test2\results\memo_backend_no_gate\data\700\SDT_700_0.2_0.6_2.txt decomp=adaptive memo_backend=custom use_ub=0 use_lb=0 terminal_rules=1 position_filtering_enabled=1 enable_lawler_basic_rules=1 enable_simple_lb=0 enable_lb_memo=0 enable_edd_ub=0 ub_depth_limit=-1 lb_depth_limit=-1 terminal_all_tardy_spt=1 terminal_edd_at_most_one_tardy=1 enable_memo=1 enable_exact_memo=1 memo_full_key_verification=1 memo_memory_limit_mb=12288 cost=2325566 time_ms=60802 nodes=7168625 max_depth=699 memo_hits=1464219 memo_misses=14337249 memo_exact_hits=1464219 memo_lb_hits=0 rule4=1 valid_pos=1045759805 valid_pos_pruned_3a=0 valid_pos_pruned_3b=0 memo_rejected=0 memo_forced_evict=0 lufo_passes=0 terminal_spt=230602 terminal_edd=984969 memo_peak=7168625 memo_final=7168625 memo_evictions=0 memo_clean_time_ms=0 reconstruction_time_ms=2.8826 reconstruction_repairs=0 reconstruction_trace_hits=524 reconstruction_trace_fallbacks=0 memo_used_mb=1640.77 memo_bytes_per_entry=240,[run] n=700 seed=1 input=D:\test2\results\memo_backend_no_gate\data\700\SDT_700_0.2_0.6_2.txt decomp=adaptive memo_backend=std_unordered use_ub=0 use_lb=0 terminal_rules=1 position_filtering_enabled=1 enable_lawler_basic_rules=1 enable_simple_lb=0 enable_lb_memo=0 enable_edd_ub=0 ub_depth_limit=-1 lb_depth_limit=-1 terminal_all_tardy_spt=1 terminal_edd_at_most_one_tardy=1 enable_memo=1 enable_exact_memo=1 memo_full_key_verification=1 memo_memory_limit_mb=12288 cost=2325566 time_ms=65140.9 nodes=7168625 max_depth=699 memo_hits=1464219 memo_misses=14337249 memo_exact_hits=1464219 memo_lb_hits=0 rule4=1 valid_pos=1045759805 valid_pos_pruned_3a=0 valid_pos_pruned_3b=0 memo_rejected=0 memo_forced_evict=0 lufo_passes=0 terminal_spt=230602 terminal_edd=984969 memo_peak=7168625 memo_final=7168625 memo_evictions=0 memo_clean_time_ms=0 reconstruction_time_ms=2.9392 reconstruction_repairs=0 reconstruction_trace_hits=524 reconstruction_trace_fallbacks=0 memo_used_mb=1859.54 memo_bytes_per_entry=272,C:\c++\test2\results\memo_backend_no_gate\raw_results.csv,False,0.9333920777883019,0.882352624842703,True,True
700,0.2,0.6,2,D:\test2\results\memo_backend_no_gate\data\700\SDT_700_0.2_0.6_3.txt,12288,1200,SOLVED,SOLVED,MATCH,True,True,True,700,700,2305333,2305333,2305333,2305333,37352.0,40733.0,1.090517,37416.943,42075.079,1.124493,4594293,4594293,True,849806,849806,9188585,9188585,1051.55,1191.76,0,0,2.4977,2.6392,0,0,False,,[run] n=700 seed=2 input=D:\test2\results\memo_backend_no_gate\data\700\SDT_700_0.2_0.6_3.txt decomp=adaptive memo_backend=custom use_ub=0 use_lb=0 terminal_rules=1 position_filtering_enabled=1 enable_lawler_basic_rules=1 enable_simple_lb=0 enable_lb_memo=0 enable_edd_ub=0 ub_depth_limit=-1 lb_depth_limit=-1 terminal_all_tardy_spt=1 terminal_edd_at_most_one_tardy=1 enable_memo=1 enable_exact_memo=1 memo_full_key_verification=1 memo_memory_limit_mb=12288 cost=2305333 time_ms=37352 nodes=4594293 max_depth=699 memo_hits=849806 memo_misses=9188585 memo_exact_hits=849806 memo_lb_hits=0 rule4=1 valid_pos=619881024 valid_pos_pruned_3a=0 valid_pos_pruned_3b=0 memo_rejected=0 memo_forced_evict=0 lufo_passes=0 terminal_spt=130870 terminal_edd=538596 memo_peak=4594293 memo_final=4594293 memo_evictions=0 memo_clean_time_ms=0 reconstruction_time_ms=2.4977 reconstruction_repairs=0 reconstruction_trace_hits=483 reconstruction_trace_fallbacks=0 memo_used_mb=1051.55 memo_bytes_per_entry=240,[run] n=700 seed=2 input=D:\test2\results\memo_backend_no_gate\data\700\SDT_700_0.2_0.6_3.txt decomp=adaptive memo_backend=std_unordered use_ub=0 use_lb=0 terminal_rules=1 position_filtering_enabled=1 enable_lawler_basic_rules=1 enable_simple_lb=0 enable_lb_memo=0 enable_edd_ub=0 ub_depth_limit=-1 lb_depth_limit=-1 terminal_all_tardy_spt=1 terminal_edd_at_most_one_tardy=1 enable_memo=1 enable_exact_memo=1 memo_full_key_verification=1 memo_memory_limit_mb=12288 cost=2305333 time_ms=40733 nodes=4594293 max_depth=699 memo_hits=849806 memo_misses=9188585 memo_exact_hits=849806 memo_lb_hits=0 rule4=1 valid_pos=619881024 valid_pos_pruned_3a=0 valid_pos_pruned_3b=0 memo_rejected=0 memo_forced_evict=0 lufo_passes=0 terminal_spt=130870 terminal_edd=538596 memo_peak=4594293 memo_final=4594293 memo_evictions=0 memo_clean_time_ms=0 reconstruction_time_ms=2.6392 reconstruction_repairs=0 reconstruction_trace_hits=483 reconstruction_trace_fallbacks=0 memo_used_mb=1191.76 memo_bytes_per_entry=272,C:\c++\test2\results\memo_backend_no_gate\raw_results.csv,False,0.9169960474308301,0.8823504732496475,True,True
700,0.2,0.6,3,D:\test2\results\memo_backend_no_gate\data\700\SDT_700_0.2_0.6_4.txt,12288,1200,SOLVED,SOLVED,MATCH,True,True,True,700,700,2266425,2266425,2266425,2266425,47527.7,51305.8,1.079493,47631.7,52965.754,1.111985,5689962,5689962,True,973447,973447,11379923,11379923,1302.33,1475.97,0,0,2.6764,2.7753,0,0,False,,[run] n=700 seed=3 input=D:\test2\results\memo_backend_no_gate\data\700\SDT_700_0.2_0.6_4.txt decomp=adaptive memo_backend=custom use_ub=0 use_lb=0 terminal_rules=1 position_filtering_enabled=1 enable_lawler_basic_rules=1 enable_simple_lb=0 enable_lb_memo=0 enable_edd_ub=0 ub_depth_limit=-1 lb_depth_limit=-1 terminal_all_tardy_spt=1 terminal_edd_at_most_one_tardy=1 enable_memo=1 enable_exact_memo=1 memo_full_key_verification=1 memo_memory_limit_mb=12288 cost=2266425 time_ms=47527.7 nodes=5689962 max_depth=699 memo_hits=973447 memo_misses=11379923 memo_exact_hits=973447 memo_lb_hits=0 rule4=1 valid_pos=766589790 valid_pos_pruned_3a=0 valid_pos_pruned_3b=0 memo_rejected=0 memo_forced_evict=0 lufo_passes=0 terminal_spt=139948 terminal_edd=594869 memo_peak=5689962 memo_final=5689962 memo_evictions=0 memo_clean_time_ms=0 reconstruction_time_ms=2.6764 reconstruction_repairs=0 reconstruction_trace_hits=488 reconstruction_trace_fallbacks=0 memo_used_mb=1302.33 memo_bytes_per_entry=240,[run] n=700 seed=3 input=D:\test2\results\memo_backend_no_gate\data\700\SDT_700_0.2_0.6_4.txt decomp=adaptive memo_backend=std_unordered use_ub=0 use_lb=0 terminal_rules=1 position_filtering_enabled=1 enable_lawler_basic_rules=1 enable_simple_lb=0 enable_lb_memo=0 enable_edd_ub=0 ub_depth_limit=-1 lb_depth_limit=-1 terminal_all_tardy_spt=1 terminal_edd_at_most_one_tardy=1 enable_memo=1 enable_exact_memo=1 memo_full_key_verification=1 memo_memory_limit_mb=12288 cost=2266425 time_ms=51305.8 nodes=5689962 max_depth=699 memo_hits=973447 memo_misses=11379923 memo_exact_hits=973447 memo_lb_hits=0 rule4=1 valid_pos=766589790 valid_pos_pruned_3a=0 valid_pos_pruned_3b=0 memo_rejected=0 memo_forced_evict=0 lufo_passes=0 terminal_spt=139948 terminal_edd=594869 memo_peak=5689962 memo_final=5689962 memo_evictions=0 memo_clean_time_ms=0 reconstruction_time_ms=2.7753 reconstruction_repairs=0 reconstruction_trace_hits=488 reconstruction_trace_fallbacks=0 memo_used_mb=1475.97 memo_bytes_per_entry=272,C:\c++\test2\results\memo_backend_no_gate\raw_results.csv,False,0.926361152150439,0.8823553324254557,True,True
700,0.2,0.6,4,D:\test2\results\memo_backend_no_gate\data\700\SDT_700_0.2_0.6_5.txt,12288,1200,SOLVED,SOLVED,MATCH,True,True,True,700,700,2441519,2441519,2441519,2441519,72048.0,76669.8,1.064149,72190.848,79272.966,1.098103,8042727,8042727,True,1643406,1643406,16085453,16085453,1840.83,2086.28,0,0,2.8085,2.7569,0,0,False,,[run] n=700 seed=4 input=D:\test2\results\memo_backend_no_gate\data\700\SDT_700_0.2_0.6_5.txt decomp=adaptive memo_backend=custom use_ub=0 use_lb=0 terminal_rules=1 position_filtering_enabled=1 enable_lawler_basic_rules=1 enable_simple_lb=0 enable_lb_memo=0 enable_edd_ub=0 ub_depth_limit=-1 lb_depth_limit=-1 terminal_all_tardy_spt=1 terminal_edd_at_most_one_tardy=1 enable_memo=1 enable_exact_memo=1 memo_full_key_verification=1 memo_memory_limit_mb=12288 cost=2441519 time_ms=72048 nodes=8042727 max_depth=699 memo_hits=1643406 memo_misses=16085453 memo_exact_hits=1643406 memo_lb_hits=0 rule4=1 valid_pos=1239244411 valid_pos_pruned_3a=0 valid_pos_pruned_3b=0 memo_rejected=0 memo_forced_evict=0 lufo_passes=0 terminal_spt=333116 terminal_edd=1048002 memo_peak=8042727 memo_final=8042727 memo_evictions=0 memo_clean_time_ms=0 reconstruction_time_ms=2.8085 reconstruction_repairs=0 reconstruction_trace_hits=496 reconstruction_trace_fallbacks=0 memo_used_mb=1840.83 memo_bytes_per_entry=240,[run] n=700 seed=4 input=D:\test2\results\memo_backend_no_gate\data\700\SDT_700_0.2_0.6_5.txt decomp=adaptive memo_backend=std_unordered use_ub=0 use_lb=0 terminal_rules=1 position_filtering_enabled=1 enable_lawler_basic_rules=1 enable_simple_lb=0 enable_lb_memo=0 enable_edd_ub=0 ub_depth_limit=-1 lb_depth_limit=-1 terminal_all_tardy_spt=1 terminal_edd_at_most_one_tardy=1 enable_memo=1 enable_exact_memo=1 memo_full_key_verification=1 memo_memory_limit_mb=12288 cost=2441519 time_ms=76669.8 nodes=8042727 max_depth=699 memo_hits=1643406 memo_misses=16085453 memo_exact_hits=1643406 memo_lb_hits=0 rule4=1 valid_pos=1239244411 valid_pos_pruned_3a=0 valid_pos_pruned_3b=0 memo_rejected=0 memo_forced_evict=0 lufo_passes=0 terminal_spt=333116 terminal_edd=1048002 memo_peak=8042727 memo_final=8042727 memo_evictions=0 memo_clean_time_ms=0 reconstruction_time_ms=2.7569 reconstruction_repairs=0 reconstruction_trace_hits=496 reconstruction_trace_fallbacks=0 memo_used_mb=2086.28 memo_bytes_per_entry=272,C:\c++\test2\results\memo_backend_no_gate\raw_results.csv,False,0.939718115868308,0.8823504035891634,True,True
700,0.2,0.6,5,D:\test2\results\memo_backend_no_gate\data\700\SDT_700_0.2_0.6_6.txt,12288,1200,SOLVED,SOLVED,MATCH,True,True,True,700,700,2258525,2258525,2258525,2258525,47216.1,50911.1,1.078257,47316.564,52617.56,1.112033,5693513,5693513,True,992665,992665,11387025,11387025,1303.14,1476.89,0,0,2.1692,2.3889,0,0,False,,[run] n=700 seed=5 input=D:\test2\results\memo_backend_no_gate\data\700\SDT_700_0.2_0.6_6.txt decomp=adaptive memo_backend=custom use_ub=0 use_lb=0 terminal_rules=1 position_filtering_enabled=1 enable_lawler_basic_rules=1 enable_simple_lb=0 enable_lb_memo=0 enable_edd_ub=0 ub_depth_limit=-1 lb_depth_limit=-1 terminal_all_tardy_spt=1 terminal_edd_at_most_one_tardy=1 enable_memo=1 enable_exact_memo=1 memo_full_key_verification=1 memo_memory_limit_mb=12288 cost=2258525 time_ms=47216.1 nodes=5693513 max_depth=699 memo_hits=992665 memo_misses=11387025 memo_exact_hits=992665 memo_lb_hits=0 rule4=1 valid_pos=778238805 valid_pos_pruned_3a=0 valid_pos_pruned_3b=0 memo_rejected=0 memo_forced_evict=0 lufo_passes=0 terminal_spt=109790 terminal_edd=676033 memo_peak=5693513 memo_final=5693513 memo_evictions=0 memo_clean_time_ms=0 reconstruction_time_ms=2.1692 reconstruction_repairs=0 reconstruction_trace_hits=424 reconstruction_trace_fallbacks=0 memo_used_mb=1303.14 memo_bytes_per_entry=240,[run] n=700 seed=5 input=D:\test2\results\memo_backend_no_gate\data\700\SDT_700_0.2_0.6_6.txt decomp=adaptive memo_backend=std_unordered use_ub=0 use_lb=0 terminal_rules=1 position_filtering_enabled=1 enable_lawler_basic_rules=1 enable_simple_lb=0 enable_lb_memo=0 enable_edd_ub=0 ub_depth_limit=-1 lb_depth_limit=-1 terminal_all_tardy_spt=1 terminal_edd_at_most_one_tardy=1 enable_memo=1 enable_exact_memo=1 memo_full_key_verification=1 memo_memory_limit_mb=12288 cost=2258525 time_ms=50911.1 nodes=5693513 max_depth=699 memo_hits=992665 memo_misses=11387025 memo_exact_hits=992665 memo_lb_hits=0 rule4=1 valid_pos=778238805 valid_pos_pruned_3a=0 valid_pos_pruned_3b=0 memo_rejected=0 memo_forced_evict=0 lufo_passes=0 terminal_spt=109790 terminal_edd=676033 memo_peak=5693513 memo_final=5693513 memo_evictions=0 memo_clean_time_ms=0 reconstruction_time_ms=2.3889 reconstruction_repairs=0 reconstruction_trace_hits=424 reconstruction_trace_fallbacks=0 memo_used_mb=1476.89 memo_bytes_per_entry=272,C:\c++\test2\results\memo_backend_no_gate\raw_results.csv,False,0.92742250707606,0.8823541360561721,True,True
700,0.2,0.6,6,D:\test2\results\memo_backend_no_gate\data\700\SDT_700_0.2_0.6_7.txt,12288,1200,SOLVED,SOLVED,MATCH,True,True,True,700,700,2278039,2278039,2278039,2278039,49428.3,53212.1,1.076551,49525.334,54972.931,1.109996,5864584,5864584,True,1080352,1080352,11729167,11729167,1342.3,1521.27,0,0,2.2089,2.2649,0,0,False,,[run] n=700 seed=6 input=D:\test2\results\memo_backend_no_gate\data\700\SDT_700_0.2_0.6_7.txt decomp=adaptive memo_backend=custom use_ub=0 use_lb=0 terminal_rules=1 position_filtering_enabled=1 enable_lawler_basic_rules=1 enable_simple_lb=0 enable_lb_memo=0 enable_edd_ub=0 ub_depth_limit=-1 lb_depth_limit=-1 terminal_all_tardy_spt=1 terminal_edd_at_most_one_tardy=1 enable_memo=1 enable_exact_memo=1 memo_full_key_verification=1 memo_memory_limit_mb=12288 cost=2278039 time_ms=49428.3 nodes=5864584 max_depth=699 memo_hits=1080352 memo_misses=11729167 memo_exact_hits=1080352 memo_lb_hits=0 rule4=1 valid_pos=829796833 valid_pos_pruned_3a=0 valid_pos_pruned_3b=0 memo_rejected=0 memo_forced_evict=0 lufo_passes=0 terminal_spt=147026 terminal_edd=745693 memo_peak=5864584 memo_final=5864584 memo_evictions=0 memo_clean_time_ms=0 reconstruction_time_ms=2.2089 reconstruction_repairs=0 reconstruction_trace_hits=419 reconstruction_trace_fallbacks=0 memo_used_mb=1342.3 memo_bytes_per_entry=240,[run] n=700 seed=6 input=D:\test2\results\memo_backend_no_gate\data\700\SDT_700_0.2_0.6_7.txt decomp=adaptive memo_backend=std_unordered use_ub=0 use_lb=0 terminal_rules=1 position_filtering_enabled=1 enable_lawler_basic_rules=1 enable_simple_lb=0 enable_lb_memo=0 enable_edd_ub=0 ub_depth_limit=-1 lb_depth_limit=-1 terminal_all_tardy_spt=1 terminal_edd_at_most_one_tardy=1 enable_memo=1 enable_exact_memo=1 memo_full_key_verification=1 memo_memory_limit_mb=12288 cost=2278039 time_ms=53212.1 nodes=5864584 max_depth=699 memo_hits=1080352 memo_misses=11729167 memo_exact_hits=1080352 memo_lb_hits=0 rule4=1 valid_pos=829796833 valid_pos_pruned_3a=0 valid_pos_pruned_3b=0 memo_rejected=0 memo_forced_evict=0 lufo_passes=0 terminal_spt=147026 terminal_edd=745693 memo_peak=5864584 memo_final=5864584 memo_evictions=0 memo_clean_time_ms=0 reconstruction_time_ms=2.2649 reconstruction_repairs=0 reconstruction_trace_hits=419 reconstruction_trace_fallbacks=0 memo_used_mb=1521.27 memo_bytes_per_entry=272,C:\c++\test2\results\memo_backend_no_gate\raw_results.csv,False,0.9288921128840998,0.8823548745456099,True,True
700,0.2,0.6,7,D:\test2\results\memo_backend_no_gate\data\700\SDT_700_0.2_0.6_8.txt,12288,1200,SOLVED,SOLVED,MATCH,True,True,True,700,700,2233320,2233320,2233320,2233320,45215.1,48939.6,1.082373,45312.243,50481.364,1.114078,5293752,5293752,True,1099620,1099620,10587503,10587503,1211.64,1373.2,0,0,1.8989,1.7928,0,0,False,,[run] n=700 seed=7 input=D:\test2\results\memo_backend_no_gate\data\700\SDT_700_0.2_0.6_8.txt decomp=adaptive memo_backend=custom use_ub=0 use_lb=0 terminal_rules=1 position_filtering_enabled=1 enable_lawler_basic_rules=1 enable_simple_lb=0 enable_lb_memo=0 enable_edd_ub=0 ub_depth_limit=-1 lb_depth_limit=-1 terminal_all_tardy_spt=1 terminal_edd_at_most_one_tardy=1 enable_memo=1 enable_exact_memo=1 memo_full_key_verification=1 memo_memory_limit_mb=12288 cost=2233320 time_ms=45215.1 nodes=5293752 max_depth=699 memo_hits=1099620 memo_misses=10587503 memo_exact_hits=1099620 memo_lb_hits=0 rule4=1 valid_pos=774763124 valid_pos_pruned_3a=0 valid_pos_pruned_3b=0 memo_rejected=0 memo_forced_evict=0 lufo_passes=0 terminal_spt=156028 terminal_edd=766526 memo_peak=5293752 memo_final=5293752 memo_evictions=0 memo_clean_time_ms=0 reconstruction_time_ms=1.8989 reconstruction_repairs=0 reconstruction_trace_hits=348 reconstruction_trace_fallbacks=0 memo_used_mb=1211.64 memo_bytes_per_entry=240,[run] n=700 seed=7 input=D:\test2\results\memo_backend_no_gate\data\700\SDT_700_0.2_0.6_8.txt decomp=adaptive memo_backend=std_unordered use_ub=0 use_lb=0 terminal_rules=1 position_filtering_enabled=1 enable_lawler_basic_rules=1 enable_simple_lb=0 enable_lb_memo=0 enable_edd_ub=0 ub_depth_limit=-1 lb_depth_limit=-1 terminal_all_tardy_spt=1 terminal_edd_at_most_one_tardy=1 enable_memo=1 enable_exact_memo=1 memo_full_key_verification=1 memo_memory_limit_mb=12288 cost=2233320 time_ms=48939.6 nodes=5293752 max_depth=699 memo_hits=1099620 memo_misses=10587503 memo_exact_hits=1099620 memo_lb_hits=0 rule4=1 valid_pos=774763124 valid_pos_pruned_3a=0 valid_pos_pruned_3b=0 memo_rejected=0 memo_forced_evict=0 lufo_passes=0 terminal_spt=156028 terminal_edd=766526 memo_peak=5293752 memo_final=5293752 memo_evictions=0 memo_clean_time_ms=0 reconstruction_time_ms=1.7928 reconstruction_repairs=0 reconstruction_trace_hits=348 reconstruction_trace_fallbacks=0 memo_used_mb=1373.2 memo_bytes_per_entry=272,C:\c++\test2\results\memo_backend_no_gate\raw_results.csv,False,0.9238959860726284,0.8823478007573551,True,True
700,0.2,0.6,8,D:\test2\results\memo_backend_no_gate\data\700\SDT_700_0.2_0.6_9.txt,12288,1200,SOLVED,SOLVED,MATCH,True,True,True,700,700,2206455,2206455,2206455,2206455,50365.5,54227.2,1.076674,50483.837,56054.564,1.110347,5948278,5948278,True,1157789,1157789,11896555,11896555,1361.45,1542.98,0,0,2.4152,2.7071,0,0,False,,[run] n=700 seed=8 input=D:\test2\results\memo_backend_no_gate\data\700\SDT_700_0.2_0.6_9.txt decomp=adaptive memo_backend=custom use_ub=0 use_lb=0 terminal_rules=1 position_filtering_enabled=1 enable_lawler_basic_rules=1 enable_simple_lb=0 enable_lb_memo=0 enable_edd_ub=0 ub_depth_limit=-1 lb_depth_limit=-1 terminal_all_tardy_spt=1 terminal_edd_at_most_one_tardy=1 enable_memo=1 enable_exact_memo=1 memo_full_key_verification=1 memo_memory_limit_mb=12288 cost=2206455 time_ms=50365.5 nodes=5948278 max_depth=699 memo_hits=1157789 memo_misses=11896555 memo_exact_hits=1157789 memo_lb_hits=0 rule4=1 valid_pos=874461940 valid_pos_pruned_3a=0 valid_pos_pruned_3b=0 memo_rejected=0 memo_forced_evict=0 lufo_passes=0 terminal_spt=159133 terminal_edd=780437 memo_peak=5948278 memo_final=5948278 memo_evictions=0 memo_clean_time_ms=0 reconstruction_time_ms=2.4152 reconstruction_repairs=0 reconstruction_trace_hits=469 reconstruction_trace_fallbacks=0 memo_used_mb=1361.45 memo_bytes_per_entry=240,[run] n=700 seed=8 input=D:\test2\results\memo_backend_no_gate\data\700\SDT_700_0.2_0.6_9.txt decomp=adaptive memo_backend=std_unordered use_ub=0 use_lb=0 terminal_rules=1 position_filtering_enabled=1 enable_lawler_basic_rules=1 enable_simple_lb=0 enable_lb_memo=0 enable_edd_ub=0 ub_depth_limit=-1 lb_depth_limit=-1 terminal_all_tardy_spt=1 terminal_edd_at_most_one_tardy=1 enable_memo=1 enable_exact_memo=1 memo_full_key_verification=1 memo_memory_limit_mb=12288 cost=2206455 time_ms=54227.2 nodes=5948278 max_depth=699 memo_hits=1157789 memo_misses=11896555 memo_exact_hits=1157789 memo_lb_hits=0 rule4=1 valid_pos=874461940 valid_pos_pruned_3a=0 valid_pos_pruned_3b=0 memo_rejected=0 memo_forced_evict=0 lufo_passes=0 terminal_spt=159133 terminal_edd=780437 memo_peak=5948278 memo_final=5948278 memo_evictions=0 memo_clean_time_ms=0 reconstruction_time_ms=2.7071 reconstruction_repairs=0 reconstruction_trace_hits=469 reconstruction_trace_fallbacks=0 memo_used_mb=1542.98 memo_bytes_per_entry=272,C:\c++\test2\results\memo_backend_no_gate\raw_results.csv,False,0.9287866605688658,0.8823510350101751,True,True
700,0.2,0.6,9,D:\test2\results\memo_backend_no_gate\data\700\SDT_700_0.2_0.6_10.txt,12288,1200,SOLVED,SOLVED,MATCH,True,True,True,700,700,2126225,2126225,2126225,2126225,49835.7,53573.5,1.075002,49922.528,55310.761,1.107932,5828766,5828766,True,1067140,1067140,11657531,11657531,1334.1,1511.98,0,0,2.058,1.9009,0,0,False,,[run] n=700 seed=9 input=D:\test2\results\memo_backend_no_gate\data\700\SDT_700_0.2_0.6_10.txt decomp=adaptive memo_backend=custom use_ub=0 use_lb=0 terminal_rules=1 position_filtering_enabled=1 enable_lawler_basic_rules=1 enable_simple_lb=0 enable_lb_memo=0 enable_edd_ub=0 ub_depth_limit=-1 lb_depth_limit=-1 terminal_all_tardy_spt=1 terminal_edd_at_most_one_tardy=1 enable_memo=1 enable_exact_memo=1 memo_full_key_verification=1 memo_memory_limit_mb=12288 cost=2126225 time_ms=49835.7 nodes=5828766 max_depth=699 memo_hits=1067140 memo_misses=11657531 memo_exact_hits=1067140 memo_lb_hits=0 rule4=1 valid_pos=847228887 valid_pos_pruned_3a=0 valid_pos_pruned_3b=0 memo_rejected=0 memo_forced_evict=0 lufo_passes=0 terminal_spt=177933 terminal_edd=656441 memo_peak=5828766 memo_final=5828766 memo_evictions=0 memo_clean_time_ms=0 reconstruction_time_ms=2.058 reconstruction_repairs=0 reconstruction_trace_hits=363 reconstruction_trace_fallbacks=0 memo_used_mb=1334.1 memo_bytes_per_entry=240,[run] n=700 seed=9 input=D:\test2\results\memo_backend_no_gate\data\700\SDT_700_0.2_0.6_10.txt decomp=adaptive memo_backend=std_unordered use_ub=0 use_lb=0 terminal_rules=1 position_filtering_enabled=1 enable_lawler_basic_rules=1 enable_simple_lb=0 enable_lb_memo=0 enable_edd_ub=0 ub_depth_limit=-1 lb_depth_limit=-1 terminal_all_tardy_spt=1 terminal_edd_at_most_one_tardy=1 enable_memo=1 enable_exact_memo=1 memo_full_key_verification=1 memo_memory_limit_mb=12288 cost=2126225 time_ms=53573.5 nodes=5828766 max_depth=699 memo_hits=1067140 memo_misses=11657531 memo_exact_hits=1067140 memo_lb_hits=0 rule4=1 valid_pos=847228887 valid_pos_pruned_3a=0 valid_pos_pruned_3b=0 memo_rejected=0 memo_forced_evict=0 lufo_passes=0 terminal_spt=177933 terminal_edd=656441 memo_peak=5828766 memo_final=5828766 memo_evictions=0 memo_clean_time_ms=0 reconstruction_time_ms=1.9009 reconstruction_repairs=0 reconstruction_trace_hits=363 reconstruction_trace_fallbacks=0 memo_used_mb=1511.98 memo_bytes_per_entry=272,C:\c++\test2\results\memo_backend_no_gate\raw_results.csv,False,0.9302304310899978,0.8823529411764706,True,True
700,0.2,0.4,0,D:\test2\results\memo_backend_no_gate\data\700\SDT_700_0.2_0.4_1.txt,12288,1200,SOLVED,SOLVED,MATCH,True,True,True,700,700,894996,894996,894996,894996,19739.4,21536.9,1.091062,19787.668,22330.452,1.128503,3015458,3015458,True,525258,525258,6030915,6030915,690.184,782.208,0,0,1.7396,1.7886,0,0,False,,[run] n=700 seed=0 input=D:\test2\results\memo_backend_no_gate\data\700\SDT_700_0.2_0.4_1.txt decomp=adaptive memo_backend=custom use_ub=0 use_lb=0 terminal_rules=1 position_filtering_enabled=1 enable_lawler_basic_rules=1 enable_simple_lb=0 enable_lb_memo=0 enable_edd_ub=0 ub_depth_limit=-1 lb_depth_limit=-1 terminal_all_tardy_spt=1 terminal_edd_at_most_one_tardy=1 enable_memo=1 enable_exact_memo=1 memo_full_key_verification=1 memo_memory_limit_mb=12288 cost=894996 time_ms=19739.4 nodes=3015458 max_depth=699 memo_hits=525258 memo_misses=6030915 memo_exact_hits=525258 memo_lb_hits=0 rule4=1 valid_pos=300147939 valid_pos_pruned_3a=0 valid_pos_pruned_3b=0 memo_rejected=0 memo_forced_evict=0 lufo_passes=0 terminal_spt=86970 terminal_edd=343774 memo_peak=3015458 memo_final=3015458 memo_evictions=0 memo_clean_time_ms=0 reconstruction_time_ms=1.7396 reconstruction_repairs=0 reconstruction_trace_hits=356 reconstruction_trace_fallbacks=0 memo_used_mb=690.184 memo_bytes_per_entry=240,[run] n=700 seed=0 input=D:\test2\results\memo_backend_no_gate\data\700\SDT_700_0.2_0.4_1.txt decomp=adaptive memo_backend=std_unordered use_ub=0 use_lb=0 terminal_rules=1 position_filtering_enabled=1 enable_lawler_basic_rules=1 enable_simple_lb=0 enable_lb_memo=0 enable_edd_ub=0 ub_depth_limit=-1 lb_depth_limit=-1 terminal_all_tardy_spt=1 terminal_edd_at_most_one_tardy=1 enable_memo=1 enable_exact_memo=1 memo_full_key_verification=1 memo_memory_limit_mb=12288 cost=894996 time_ms=21536.9 nodes=3015458 max_depth=699 memo_hits=525258 memo_misses=6030915 memo_exact_hits=525258 memo_lb_hits=0 rule4=1 valid_pos=300147939 valid_pos_pruned_3a=0 valid_pos_pruned_3b=0 memo_rejected=0 memo_forced_evict=0 lufo_passes=0 terminal_spt=86970 terminal_edd=343774 memo_peak=3015458 memo_final=3015458 memo_evictions=0 memo_clean_time_ms=0 reconstruction_time_ms=1.7886 reconstruction_repairs=0 reconstruction_trace_hits=356 reconstruction_trace_fallbacks=0 memo_used_mb=782.208 memo_bytes_per_entry=272,C:\c++\test2\results\memo_backend_no_gate\raw_results.csv,False,0.9165385919050559,0.8823535427916871,True,True
700,0.2,0.4,1,D:\test2\results\memo_backend_no_gate\data\700\SDT_700_0.2_0.4_2.txt,12288,1200,SOLVED,SOLVED,MATCH,True,True,True,700,700,828956,828956,828956,828956,23444.8,25510.1,1.088092,23510.121,26434.176,1.124374,3397074,3397074,True,659072,659072,6794147,6794147,777.529,881.199,0,0,1.4849,1.4309,0,0,False,,[run] n=700 seed=1 input=D:\test2\results\memo_backend_no_gate\data\700\SDT_700_0.2_0.4_2.txt decomp=adaptive memo_backend=custom use_ub=0 use_lb=0 terminal_rules=1 position_filtering_enabled=1 enable_lawler_basic_rules=1 enable_simple_lb=0 enable_lb_memo=0 enable_edd_ub=0 ub_depth_limit=-1 lb_depth_limit=-1 terminal_all_tardy_spt=1 terminal_edd_at_most_one_tardy=1 enable_memo=1 enable_exact_memo=1 memo_full_key_verification=1 memo_memory_limit_mb=12288 cost=828956 time_ms=23444.8 nodes=3397074 max_depth=699 memo_hits=659072 memo_misses=6794147 memo_exact_hits=659072 memo_lb_hits=0 rule4=1 valid_pos=356111906 valid_pos_pruned_3a=0 valid_pos_pruned_3b=0 memo_rejected=0 memo_forced_evict=0 lufo_passes=0 terminal_spt=80784 terminal_edd=464443 memo_peak=3397074 memo_final=3397074 memo_evictions=0 memo_clean_time_ms=0 reconstruction_time_ms=1.4849 reconstruction_repairs=0 reconstruction_trace_hits=290 reconstruction_trace_fallbacks=0 memo_used_mb=777.529 memo_bytes_per_entry=240,[run] n=700 seed=1 input=D:\test2\results\memo_backend_no_gate\data\700\SDT_700_0.2_0.4_2.txt decomp=adaptive memo_backend=std_unordered use_ub=0 use_lb=0 terminal_rules=1 position_filtering_enabled=1 enable_lawler_basic_rules=1 enable_simple_lb=0 enable_lb_memo=0 enable_edd_ub=0 ub_depth_limit=-1 lb_depth_limit=-1 terminal_all_tardy_spt=1 terminal_edd_at_most_one_tardy=1 enable_memo=1 enable_exact_memo=1 memo_full_key_verification=1 memo_memory_limit_mb=12288 cost=828956 time_ms=25510.1 nodes=3397074 max_depth=699 memo_hits=659072 memo_misses=6794147 memo_exact_hits=659072 memo_lb_hits=0 rule4=1 valid_pos=356111906 valid_pos_pruned_3a=0 valid_pos_pruned_3b=0 memo_rejected=0 memo_forced_evict=0 lufo_passes=0 terminal_spt=80784 terminal_edd=464443 memo_peak=3397074 memo_final=3397074 memo_evictions=0 memo_clean_time_ms=0 reconstruction_time_ms=1.4309 reconstruction_repairs=0 reconstruction_trace_hits=290 reconstruction_trace_fallbacks=0 memo_used_mb=881.199 memo_bytes_per_entry=272,C:\c++\test2\results\memo_backend_no_gate\raw_results.csv,False,0.9190399096828316,0.8823534752082107,True,True
700,0.2,0.4,2,D:\test2\results\memo_backend_no_gate\data\700\SDT_700_0.2_0.4_3.txt,12288,1200,SOLVED,SOLVED,MATCH,True,True,True,700,700,832173,832173,832173,832173,19087.3,20933.6,1.096729,19156.505,21753.557,1.13557,3018609,3018609,True,623472,623472,6037217,6037217,690.905,783.025,0,0,1.3195,1.3944,0,0,False,,[run] n=700 seed=2 input=D:\test2\results\memo_backend_no_gate\data\700\SDT_700_0.2_0.4_3.txt decomp=adaptive memo_backend=custom use_ub=0 use_lb=0 terminal_rules=1 position_filtering_enabled=1 enable_lawler_basic_rules=1 enable_simple_lb=0 enable_lb_memo=0 enable_edd_ub=0 ub_depth_limit=-1 lb_depth_limit=-1 terminal_all_tardy_spt=1 terminal_edd_at_most_one_tardy=1 enable_memo=1 enable_exact_memo=1 memo_full_key_verification=1 memo_memory_limit_mb=12288 cost=832173 time_ms=19087.3 nodes=3018609 max_depth=699 memo_hits=623472 memo_misses=6037217 memo_exact_hits=623472 memo_lb_hits=0 rule4=1 valid_pos=299323527 valid_pos_pruned_3a=0 valid_pos_pruned_3b=0 memo_rejected=0 memo_forced_evict=0 lufo_passes=0 terminal_spt=77829 terminal_edd=440725 memo_peak=3018609 memo_final=3018609 memo_evictions=0 memo_clean_time_ms=0 reconstruction_time_ms=1.3195 reconstruction_repairs=0 reconstruction_trace_hits=269 reconstruction_trace_fallbacks=0 memo_used_mb=690.905 memo_bytes_per_entry=240,[run] n=700 seed=2 input=D:\test2\results\memo_backend_no_gate\data\700\SDT_700_0.2_0.4_3.txt decomp=adaptive memo_backend=std_unordered use_ub=0 use_lb=0 terminal_rules=1 position_filtering_enabled=1 enable_lawler_basic_rules=1 enable_simple_lb=0 enable_lb_memo=0 enable_edd_ub=0 ub_depth_limit=-1 lb_depth_limit=-1 terminal_all_tardy_spt=1 terminal_edd_at_most_one_tardy=1 enable_memo=1 enable_exact_memo=1 memo_full_key_verification=1 memo_memory_limit_mb=12288 cost=832173 time_ms=20933.6 nodes=3018609 max_depth=699 memo_hits=623472 memo_misses=6037217 memo_exact_hits=623472 memo_lb_hits=0 rule4=1 valid_pos=299323527 valid_pos_pruned_3a=0 valid_pos_pruned_3b=0 memo_rejected=0 memo_forced_evict=0 lufo_passes=0 terminal_spt=77829 terminal_edd=440725 memo_peak=3018609 memo_final=3018609 memo_evictions=0 memo_clean_time_ms=0 reconstruction_time_ms=1.3944 reconstruction_repairs=0 reconstruction_trace_hits=269 reconstruction_trace_fallbacks=0 memo_used_mb=783.025 memo_bytes_per_entry=272,C:\c++\test2\results\memo_backend_no_gate\raw_results.csv,False,0.9118020789544082,0.8823536924108426,True,True
700,0.2,0.4,3,D:\test2\results\memo_backend_no_gate\data\700\SDT_700_0.2_0.4_4.txt,12288,1200,SOLVED,SOLVED,MATCH,True,True,True,700,700,806821,806821,806821,806821,19403.4,21282.6,1.096849,19470.516,22122.48,1.136204,3152311,3152311,True,568081,568081,6304621,6304621,721.507,817.708,0,0,1.1875,1.5103,0,0,False,,[run] n=700 seed=3 input=D:\test2\results\memo_backend_no_gate\data\700\SDT_700_0.2_0.4_4.txt decomp=adaptive memo_backend=custom use_ub=0 use_lb=0 terminal_rules=1 position_filtering_enabled=1 enable_lawler_basic_rules=1 enable_simple_lb=0 enable_lb_memo=0 enable_edd_ub=0 ub_depth_limit=-1 lb_depth_limit=-1 terminal_all_tardy_spt=1 terminal_edd_at_most_one_tardy=1 enable_memo=1 enable_exact_memo=1 memo_full_key_verification=1 memo_memory_limit_mb=12288 cost=806821 time_ms=19403.4 nodes=3152311 max_depth=699 memo_hits=568081 memo_misses=6304621 memo_exact_hits=568081 memo_lb_hits=0 rule4=1 valid_pos=291284400 valid_pos_pruned_3a=0 valid_pos_pruned_3b=0 memo_rejected=0 memo_forced_evict=0 lufo_passes=0 terminal_spt=75360 terminal_edd=411591 memo_peak=3152311 memo_final=3152311 memo_evictions=0 memo_clean_time_ms=0 reconstruction_time_ms=1.1875 reconstruction_repairs=0 reconstruction_trace_hits=281 reconstruction_trace_fallbacks=0 memo_used_mb=721.507 memo_bytes_per_entry=240,[run] n=700 seed=3 input=D:\test2\results\memo_backend_no_gate\data\700\SDT_700_0.2_0.4_4.txt decomp=adaptive memo_backend=std_unordered use_ub=0 use_lb=0 terminal_rules=1 position_filtering_enabled=1 enable_lawler_basic_rules=1 enable_simple_lb=0 enable_lb_memo=0 enable_edd_ub=0 ub_depth_limit=-1 lb_depth_limit=-1 terminal_all_tardy_spt=1 terminal_edd_at_most_one_tardy=1 enable_memo=1 enable_exact_memo=1 memo_full_key_verification=1 memo_memory_limit_mb=12288 cost=806821 time_ms=21282.6 nodes=3152311 max_depth=699 memo_hits=568081 memo_misses=6304621 memo_exact_hits=568081 memo_lb_hits=0 rule4=1 valid_pos=291284400 valid_pos_pruned_3a=0 valid_pos_pruned_3b=0 memo_rejected=0 memo_forced_evict=0 lufo_passes=0 terminal_spt=75360 terminal_edd=411591 memo_peak=3152311 memo_final=3152311 memo_evictions=0 memo_clean_time_ms=0 reconstruction_time_ms=1.5103 reconstruction_repairs=0 reconstruction_trace_hits=281 reconstruction_trace_fallbacks=0 memo_used_mb=817.708 memo_bytes_per_entry=272,C:\c++\test2\results\memo_backend_no_gate\raw_results.csv,False,0.9117025175495477,0.8823528692393862,True,True
700,0.2,0.4,4,D:\test2\results\memo_backend_no_gate\data\700\SDT_700_0.2_0.4_5.txt,12288,1200,SOLVED,SOLVED,MATCH,True,True,True,700,700,889678,889678,889678,889678,31326.7,34544.2,1.102708,31402.579,35843.293,1.141412,4333830,4333830,True,854067,854067,8667659,8667659,991.935,1124.19,0,0,1.3644,1.626,0,0,False,,[run] n=700 seed=4 input=D:\test2\results\memo_backend_no_gate\data\700\SDT_700_0.2_0.4_5.txt decomp=adaptive memo_backend=custom use_ub=0 use_lb=0 terminal_rules=1 position_filtering_enabled=1 enable_lawler_basic_rules=1 enable_simple_lb=0 enable_lb_memo=0 enable_edd_ub=0 ub_depth_limit=-1 lb_depth_limit=-1 terminal_all_tardy_spt=1 terminal_edd_at_most_one_tardy=1 enable_memo=1 enable_exact_memo=1 memo_full_key_verification=1 memo_memory_limit_mb=12288 cost=889678 time_ms=31326.7 nodes=4333830 max_depth=699 memo_hits=854067 memo_misses=8667659 memo_exact_hits=854067 memo_lb_hits=0 rule4=1 valid_pos=500822925 valid_pos_pruned_3a=0 valid_pos_pruned_3b=0 memo_rejected=0 memo_forced_evict=0 lufo_passes=0 terminal_spt=133219 terminal_edd=576201 memo_peak=4333830 memo_final=4333830 memo_evictions=0 memo_clean_time_ms=0 reconstruction_time_ms=1.3644 reconstruction_repairs=0 reconstruction_trace_hits=322 reconstruction_trace_fallbacks=0 memo_used_mb=991.935 memo_bytes_per_entry=240,[run] n=700 seed=4 input=D:\test2\results\memo_backend_no_gate\data\700\SDT_700_0.2_0.4_5.txt decomp=adaptive memo_backend=std_unordered use_ub=0 use_lb=0 terminal_rules=1 position_filtering_enabled=1 enable_lawler_basic_rules=1 enable_simple_lb=0 enable_lb_memo=0 enable_edd_ub=0 ub_depth_limit=-1 lb_depth_limit=-1 terminal_all_tardy_spt=1 terminal_edd_at_most_one_tardy=1 enable_memo=1 enable_exact_memo=1 memo_full_key_verification=1 memo_memory_limit_mb=12288 cost=889678 time_ms=34544.2 nodes=4333830 max_depth=699 memo_hits=854067 memo_misses=8667659 memo_exact_hits=854067 memo_lb_hits=0 rule4=1 valid_pos=500822925 valid_pos_pruned_3a=0 valid_pos_pruned_3b=0 memo_rejected=0 memo_forced_evict=0 lufo_passes=0 terminal_spt=133219 terminal_edd=576201 memo_peak=4333830 memo_final=4333830 memo_evictions=0 memo_clean_time_ms=0 reconstruction_time_ms=1.626 reconstruction_repairs=0 reconstruction_trace_hits=322 reconstruction_trace_fallbacks=0 memo_used_mb=1124.19 memo_bytes_per_entry=272,C:\c++\test2\results\memo_backend_no_gate\raw_results.csv,False,0.9068584595966908,0.8823552958129852,True,True
700,0.2,0.4,5,D:\test2\results\memo_backend_no_gate\data\700\SDT_700_0.2_0.4_6.txt,12288,1200,SOLVED,SOLVED,MATCH,True,True,True,700,700,803599,803599,803599,803599,16033.4,17861.7,1.114031,16083.963,18562.504,1.1541,2712881,2712881,True,491903,491903,5425761,5425761,620.929,703.72,0,0,1.1452,1.2536,0,0,False,,[run] n=700 seed=5 input=D:\test2\results\memo_backend_no_gate\data\700\SDT_700_0.2_0.4_6.txt decomp=adaptive memo_backend=custom use_ub=0 use_lb=0 terminal_rules=1 position_filtering_enabled=1 enable_lawler_basic_rules=1 enable_simple_lb=0 enable_lb_memo=0 enable_edd_ub=0 ub_depth_limit=-1 lb_depth_limit=-1 terminal_all_tardy_spt=1 terminal_edd_at_most_one_tardy=1 enable_memo=1 enable_exact_memo=1 memo_full_key_verification=1 memo_memory_limit_mb=12288 cost=803599 time_ms=16033.4 nodes=2712881 max_depth=699 memo_hits=491903 memo_misses=5425761 memo_exact_hits=491903 memo_lb_hits=0 rule4=1 valid_pos=243167583 valid_pos_pruned_3a=0 valid_pos_pruned_3b=0 memo_rejected=0 memo_forced_evict=0 lufo_passes=0 terminal_spt=74193 terminal_edd=341289 memo_peak=2712881 memo_final=2712881 memo_evictions=0 memo_clean_time_ms=0 reconstruction_time_ms=1.1452 reconstruction_repairs=0 reconstruction_trace_hits=247 reconstruction_trace_fallbacks=0 memo_used_mb=620.929 memo_bytes_per_entry=240,[run] n=700 seed=5 input=D:\test2\results\memo_backend_no_gate\data\700\SDT_700_0.2_0.4_6.txt decomp=adaptive memo_backend=std_unordered use_ub=0 use_lb=0 terminal_rules=1 position_filtering_enabled=1 enable_lawler_basic_rules=1 enable_simple_lb=0 enable_lb_memo=0 enable_edd_ub=0 ub_depth_limit=-1 lb_depth_limit=-1 terminal_all_tardy_spt=1 terminal_edd_at_most_one_tardy=1 enable_memo=1 enable_exact_memo=1 memo_full_key_verification=1 memo_memory_limit_mb=12288 cost=803599 time_ms=17861.7 nodes=2712881 max_depth=699 memo_hits=491903 memo_misses=5425761 memo_exact_hits=491903 memo_lb_hits=0 rule4=1 valid_pos=243167583 valid_pos_pruned_3a=0 valid_pos_pruned_3b=0 memo_rejected=0 memo_forced_evict=0 lufo_passes=0 terminal_spt=74193 terminal_edd=341289 memo_peak=2712881 memo_final=2712881 memo_evictions=0 memo_clean_time_ms=0 reconstruction_time_ms=1.2536 reconstruction_repairs=0 reconstruction_trace_hits=247 reconstruction_trace_fallbacks=0 memo_used_mb=703.72 memo_bytes_per_entry=272,C:\c++\test2\results\memo_backend_no_gate\raw_results.csv,False,0.8976413219346422,0.882352356050702,True,True
700,0.2,0.4,6,D:\test2\results\memo_backend_no_gate\data\700\SDT_700_0.2_0.4_7.txt,12288,1200,SOLVED,SOLVED,MATCH,True,True,True,700,700,827427,827427,827427,827427,24342.6,26359.5,1.082855,24413.513,27350.562,1.120304,3582686,3582686,True,663943,663943,7165371,7165371,820.012,929.347,0,0,1.5514,1.4898,0,0,False,,[run] n=700 seed=6 input=D:\test2\results\memo_backend_no_gate\data\700\SDT_700_0.2_0.4_7.txt decomp=adaptive memo_backend=custom use_ub=0 use_lb=0 terminal_rules=1 position_filtering_enabled=1 enable_lawler_basic_rules=1 enable_simple_lb=0 enable_lb_memo=0 enable_edd_ub=0 ub_depth_limit=-1 lb_depth_limit=-1 terminal_all_tardy_spt=1 terminal_edd_at_most_one_tardy=1 enable_memo=1 enable_exact_memo=1 memo_full_key_verification=1 memo_memory_limit_mb=12288 cost=827427 time_ms=24342.6 nodes=3582686 max_depth=699 memo_hits=663943 memo_misses=7165371 memo_exact_hits=663943 memo_lb_hits=0 rule4=1 valid_pos=378939155 valid_pos_pruned_3a=0 valid_pos_pruned_3b=0 memo_rejected=0 memo_forced_evict=0 lufo_passes=0 terminal_spt=79007 terminal_edd=466841 memo_peak=3582686 memo_final=3582686 memo_evictions=0 memo_clean_time_ms=0 reconstruction_time_ms=1.5514 reconstruction_repairs=0 reconstruction_trace_hits=304 reconstruction_trace_fallbacks=0 memo_used_mb=820.012 memo_bytes_per_entry=240,[run] n=700 seed=6 input=D:\test2\results\memo_backend_no_gate\data\700\SDT_700_0.2_0.4_7.txt decomp=adaptive memo_backend=std_unordered use_ub=0 use_lb=0 terminal_rules=1 position_filtering_enabled=1 enable_lawler_basic_rules=1 enable_simple_lb=0 enable_lb_memo=0 enable_edd_ub=0 ub_depth_limit=-1 lb_depth_limit=-1 terminal_all_tardy_spt=1 terminal_edd_at_most_one_tardy=1 enable_memo=1 enable_exact_memo=1 memo_full_key_verification=1 memo_memory_limit_mb=12288 cost=827427 time_ms=26359.5 nodes=3582686 max_depth=699 memo_hits=663943 memo_misses=7165371 memo_exact_hits=663943 memo_lb_hits=0 rule4=1 valid_pos=378939155 valid_pos_pruned_3a=0 valid_pos_pruned_3b=0 memo_rejected=0 memo_forced_evict=0 lufo_passes=0 terminal_spt=79007 terminal_edd=466841 memo_peak=3582686 memo_final=3582686 memo_evictions=0 memo_clean_time_ms=0 reconstruction_time_ms=1.4898 reconstruction_repairs=0 reconstruction_trace_hits=304 reconstruction_trace_fallbacks=0 memo_used_mb=929.347 memo_bytes_per_entry=272,C:\c++\test2\results\memo_backend_no_gate\raw_results.csv,False,0.9234848915950605,0.8823528778809206,True,True
700,0.2,0.4,7,D:\test2\results\memo_backend_no_gate\data\700\SDT_700_0.2_0.4_8.txt,12288,1200,SOLVED,SOLVED,MATCH,True,True,True,700,700,813375,813375,813375,813375,23214.3,25106.2,1.081497,23290.628,25993.333,1.116043,3312663,3312663,True,657592,657592,6625325,6625325,758.208,859.303,0,0,1.2832,1.3862,0,0,False,,[run] n=700 seed=7 input=D:\test2\results\memo_backend_no_gate\data\700\SDT_700_0.2_0.4_8.txt decomp=adaptive memo_backend=custom use_ub=0 use_lb=0 terminal_rules=1 position_filtering_enabled=1 enable_lawler_basic_rules=1 enable_simple_lb=0 enable_lb_memo=0 enable_edd_ub=0 ub_depth_limit=-1 lb_depth_limit=-1 terminal_all_tardy_spt=1 terminal_edd_at_most_one_tardy=1 enable_memo=1 enable_exact_memo=1 memo_full_key_verification=1 memo_memory_limit_mb=12288 cost=813375 time_ms=23214.3 nodes=3312663 max_depth=699 memo_hits=657592 memo_misses=6625325 memo_exact_hits=657592 memo_lb_hits=0 rule4=1 valid_pos=364744041 valid_pos_pruned_3a=0 valid_pos_pruned_3b=0 memo_rejected=0 memo_forced_evict=0 lufo_passes=0 terminal_spt=81433 terminal_edd=459383 memo_peak=3312663 memo_final=3312663 memo_evictions=0 memo_clean_time_ms=0 reconstruction_time_ms=1.2832 reconstruction_repairs=0 reconstruction_trace_hits=279 reconstruction_trace_fallbacks=0 memo_used_mb=758.208 memo_bytes_per_entry=240,[run] n=700 seed=7 input=D:\test2\results\memo_backend_no_gate\data\700\SDT_700_0.2_0.4_8.txt decomp=adaptive memo_backend=std_unordered use_ub=0 use_lb=0 terminal_rules=1 position_filtering_enabled=1 enable_lawler_basic_rules=1 enable_simple_lb=0 enable_lb_memo=0 enable_edd_ub=0 ub_depth_limit=-1 lb_depth_limit=-1 terminal_all_tardy_spt=1 terminal_edd_at_most_one_tardy=1 enable_memo=1 enable_exact_memo=1 memo_full_key_verification=1 memo_memory_limit_mb=12288 cost=813375 time_ms=25106.2 nodes=3312663 max_depth=699 memo_hits=657592 memo_misses=6625325 memo_exact_hits=657592 memo_lb_hits=0 rule4=1 valid_pos=364744041 valid_pos_pruned_3a=0 valid_pos_pruned_3b=0 memo_rejected=0 memo_forced_evict=0 lufo_passes=0 terminal_spt=81433 terminal_edd=459383 memo_peak=3312663 memo_final=3312663 memo_evictions=0 memo_clean_time_ms=0 reconstruction_time_ms=1.3862 reconstruction_repairs=0 reconstruction_trace_hits=279 reconstruction_trace_fallbacks=0 memo_used_mb=859.303 memo_bytes_per_entry=272,C:\c++\test2\results\memo_backend_no_gate\raw_results.csv,False,0.9246441118130182,0.8823523250820723,True,True
700,0.2,0.4,8,D:\test2\results\memo_backend_no_gate\data\700\SDT_700_0.2_0.4_9.txt,12288,1200,SOLVED,SOLVED,MATCH,True,True,True,700,700,806429,806429,806429,806429,24560.8,26623.8,1.083996,24625.98,27637.052,1.122272,3665342,3665342,True,696009,696009,7330683,7330683,838.93,950.788,0,0,1.9296,1.8866,0,0,False,,[run] n=700 seed=8 input=D:\test2\results\memo_backend_no_gate\data\700\SDT_700_0.2_0.4_9.txt decomp=adaptive memo_backend=custom use_ub=0 use_lb=0 terminal_rules=1 position_filtering_enabled=1 enable_lawler_basic_rules=1 enable_simple_lb=0 enable_lb_memo=0 enable_edd_ub=0 ub_depth_limit=-1 lb_depth_limit=-1 terminal_all_tardy_spt=1 terminal_edd_at_most_one_tardy=1 enable_memo=1 enable_exact_memo=1 memo_full_key_verification=1 memo_memory_limit_mb=12288 cost=806429 time_ms=24560.8 nodes=3665342 max_depth=699 memo_hits=696009 memo_misses=7330683 memo_exact_hits=696009 memo_lb_hits=0 rule4=1 valid_pos=390422018 valid_pos_pruned_3a=0 valid_pos_pruned_3b=0 memo_rejected=0 memo_forced_evict=0 lufo_passes=0 terminal_spt=89907 terminal_edd=489996 memo_peak=3665342 memo_final=3665342 memo_evictions=0 memo_clean_time_ms=0 reconstruction_time_ms=1.9296 reconstruction_repairs=0 reconstruction_trace_hits=374 reconstruction_trace_fallbacks=0 memo_used_mb=838.93 memo_bytes_per_entry=240,[run] n=700 seed=8 input=D:\test2\results\memo_backend_no_gate\data\700\SDT_700_0.2_0.4_9.txt decomp=adaptive memo_backend=std_unordered use_ub=0 use_lb=0 terminal_rules=1 position_filtering_enabled=1 enable_lawler_basic_rules=1 enable_simple_lb=0 enable_lb_memo=0 enable_edd_ub=0 ub_depth_limit=-1 lb_depth_limit=-1 terminal_all_tardy_spt=1 terminal_edd_at_most_one_tardy=1 enable_memo=1 enable_exact_memo=1 memo_full_key_verification=1 memo_memory_limit_mb=12288 cost=806429 time_ms=26623.8 nodes=3665342 max_depth=699 memo_hits=696009 memo_misses=7330683 memo_exact_hits=696009 memo_lb_hits=0 rule4=1 valid_pos=390422018 valid_pos_pruned_3a=0 valid_pos_pruned_3b=0 memo_rejected=0 memo_forced_evict=0 lufo_passes=0 terminal_spt=89907 terminal_edd=489996 memo_peak=3665342 memo_final=3665342 memo_evictions=0 memo_clean_time_ms=0 reconstruction_time_ms=1.8866 reconstruction_repairs=0 reconstruction_trace_hits=374 reconstruction_trace_fallbacks=0 memo_used_mb=950.788 memo_bytes_per_entry=272,C:\c++\test2\results\memo_backend_no_gate\raw_results.csv,False,0.9225129395503271,0.8823523224946044,True,True
700,0.2,0.4,9,D:\test2\results\memo_backend_no_gate\data\700\SDT_700_0.2_0.4_10.txt,12288,1200,SOLVED,SOLVED,MATCH,True,True,True,700,700,767830,767830,767830,767830,19940.3,21685.7,1.087531,19998.868,22489.964,1.124562,3022920,3022920,True,568679,568679,6045839,6045839,691.891,784.144,0,0,1.3548,1.6525,0,0,False,,[run] n=700 seed=9 input=D:\test2\results\memo_backend_no_gate\data\700\SDT_700_0.2_0.4_10.txt decomp=adaptive memo_backend=custom use_ub=0 use_lb=0 terminal_rules=1 position_filtering_enabled=1 enable_lawler_basic_rules=1 enable_simple_lb=0 enable_lb_memo=0 enable_edd_ub=0 ub_depth_limit=-1 lb_depth_limit=-1 terminal_all_tardy_spt=1 terminal_edd_at_most_one_tardy=1 enable_memo=1 enable_exact_memo=1 memo_full_key_verification=1 memo_memory_limit_mb=12288 cost=767830 time_ms=19940.3 nodes=3022920 max_depth=699 memo_hits=568679 memo_misses=6045839 memo_exact_hits=568679 memo_lb_hits=0 rule4=1 valid_pos=309176806 valid_pos_pruned_3a=0 valid_pos_pruned_3b=0 memo_rejected=0 memo_forced_evict=0 lufo_passes=0 terminal_spt=73943 terminal_edd=400146 memo_peak=3022920 memo_final=3022920 memo_evictions=0 memo_clean_time_ms=0 reconstruction_time_ms=1.3548 reconstruction_repairs=0 reconstruction_trace_hits=300 reconstruction_trace_fallbacks=0 memo_used_mb=691.891 memo_bytes_per_entry=240,[run] n=700 seed=9 input=D:\test2\results\memo_backend_no_gate\data\700\SDT_700_0.2_0.4_10.txt decomp=adaptive memo_backend=std_unordered use_ub=0 use_lb=0 terminal_rules=1 position_filtering_enabled=1 enable_lawler_basic_rules=1 enable_simple_lb=0 enable_lb_memo=0 enable_edd_ub=0 ub_depth_limit=-1 lb_depth_limit=-1 terminal_all_tardy_spt=1 terminal_edd_at_most_one_tardy=1 enable_memo=1 enable_exact_memo=1 memo_full_key_verification=1 memo_memory_limit_mb=12288 cost=767830 time_ms=21685.7 nodes=3022920 max_depth=699 memo_hits=568679 memo_misses=6045839 memo_exact_hits=568679 memo_lb_hits=0 rule4=1 valid_pos=309176806 valid_pos_pruned_3a=0 valid_pos_pruned_3b=0 memo_rejected=0 memo_forced_evict=0 lufo_passes=0 terminal_spt=73943 terminal_edd=400146 memo_peak=3022920 memo_final=3022920 memo_evictions=0 memo_clean_time_ms=0 reconstruction_time_ms=1.6525 reconstruction_repairs=0 reconstruction_trace_hits=300 reconstruction_trace_fallbacks=0 memo_used_mb=784.144 memo_bytes_per_entry=272,C:\c++\test2\results\memo_backend_no_gate\raw_results.csv,False,0.9195137809708701,0.8823519659654349,True,True
700,0.2,0.8,0,D:\test2\results\memo_backend_no_gate\data\700\SDT_700_0.2_0.8_1.txt,12288,1200,SOLVED,SOLVED,MATCH,True,True,True,700,700,4993899,4993899,4993899,4993899,23452.0,25256.1,1.076927,23526.219,25933.67,1.102331,2630089,2630089,True,518200,518200,5260177,5260177,601.98,682.244,0,0,2.8232,2.4635,0,0,False,,[run] n=700 seed=0 input=D:\test2\results\memo_backend_no_gate\data\700\SDT_700_0.2_0.8_1.txt decomp=adaptive memo_backend=custom use_ub=0 use_lb=0 terminal_rules=1 position_filtering_enabled=1 enable_lawler_basic_rules=1 enable_simple_lb=0 enable_lb_memo=0 enable_edd_ub=0 ub_depth_limit=-1 lb_depth_limit=-1 terminal_all_tardy_spt=1 terminal_edd_at_most_one_tardy=1 enable_memo=1 enable_exact_memo=1 memo_full_key_verification=1 memo_memory_limit_mb=12288 cost=4993899 time_ms=23452 nodes=2630089 max_depth=699 memo_hits=518200 memo_misses=5260177 memo_exact_hits=518200 memo_lb_hits=0 rule4=1 valid_pos=380677945 valid_pos_pruned_3a=0 valid_pos_pruned_3b=0 memo_rejected=0 memo_forced_evict=0 lufo_passes=0 terminal_spt=68645 terminal_edd=117359 memo_peak=2630089 memo_final=2630089 memo_evictions=0 memo_clean_time_ms=0 reconstruction_time_ms=2.8232 reconstruction_repairs=0 reconstruction_trace_hits=476 reconstruction_trace_fallbacks=0 memo_used_mb=601.98 memo_bytes_per_entry=240,[run] n=700 seed=0 input=D:\test2\results\memo_backend_no_gate\data\700\SDT_700_0.2_0.8_1.txt decomp=adaptive memo_backend=std_unordered use_ub=0 use_lb=0 terminal_rules=1 position_filtering_enabled=1 enable_lawler_basic_rules=1 enable_simple_lb=0 enable_lb_memo=0 enable_edd_ub=0 ub_depth_limit=-1 lb_depth_limit=-1 terminal_all_tardy_spt=1 terminal_edd_at_most_one_tardy=1 enable_memo=1 enable_exact_memo=1 memo_full_key_verification=1 memo_memory_limit_mb=12288 cost=4993899 time_ms=25256.1 nodes=2630089 max_depth=699 memo_hits=518200 memo_misses=5260177 memo_exact_hits=518200 memo_lb_hits=0 rule4=1 valid_pos=380677945 valid_pos_pruned_3a=0 valid_pos_pruned_3b=0 memo_rejected=0 memo_forced_evict=0 lufo_passes=0 terminal_spt=68645 terminal_edd=117359 memo_peak=2630089 memo_final=2630089 memo_evictions=0 memo_clean_time_ms=0 reconstruction_time_ms=2.4635 reconstruction_repairs=0 reconstruction_trace_hits=476 reconstruction_trace_fallbacks=0 memo_used_mb=682.244 memo_bytes_per_entry=272,C:\c++\test2\results\memo_backend_no_gate\raw_results.csv,False,0.9285677519490342,0.8823529411764706,True,True
700,0.2,0.8,1,D:\test2\results\memo_backend_no_gate\data\700\SDT_700_0.2_0.8_2.txt,12288,1200,SOLVED,SOLVED,MATCH,True,True,True,700,700,4695094,4695094,4695094,4695094,24055.7,25759.5,1.070827,24106.956,26448.219,1.09712,2647770,2647770,True,432861,432861,5295539,5295539,606.026,686.83,0,0,1.9459,2.2021,0,0,False,,[run] n=700 seed=1 input=D:\test2\results\memo_backend_no_gate\data\700\SDT_700_0.2_0.8_2.txt decomp=adaptive memo_backend=custom use_ub=0 use_lb=0 terminal_rules=1 position_filtering_enabled=1 enable_lawler_basic_rules=1 enable_simple_lb=0 enable_lb_memo=0 enable_edd_ub=0 ub_depth_limit=-1 lb_depth_limit=-1 terminal_all_tardy_spt=1 terminal_edd_at_most_one_tardy=1 enable_memo=1 enable_exact_memo=1 memo_full_key_verification=1 memo_memory_limit_mb=12288 cost=4695094 time_ms=24055.7 nodes=2647770 max_depth=699 memo_hits=432861 memo_misses=5295539 memo_exact_hits=432861 memo_lb_hits=0 rule4=1 valid_pos=434700326 valid_pos_pruned_3a=0 valid_pos_pruned_3b=0 memo_rejected=0 memo_forced_evict=0 lufo_passes=0 terminal_spt=69487 terminal_edd=189632 memo_peak=2647770 memo_final=2647770 memo_evictions=0 memo_clean_time_ms=0 reconstruction_time_ms=1.9459 reconstruction_repairs=0 reconstruction_trace_hits=407 reconstruction_trace_fallbacks=0 memo_used_mb=606.026 memo_bytes_per_entry=240,[run] n=700 seed=1 input=D:\test2\results\memo_backend_no_gate\data\700\SDT_700_0.2_0.8_2.txt decomp=adaptive memo_backend=std_unordered use_ub=0 use_lb=0 terminal_rules=1 position_filtering_enabled=1 enable_lawler_basic_rules=1 enable_simple_lb=0 enable_lb_memo=0 enable_edd_ub=0 ub_depth_limit=-1 lb_depth_limit=-1 terminal_all_tardy_spt=1 terminal_edd_at_most_one_tardy=1 enable_memo=1 enable_exact_memo=1 memo_full_key_verification=1 memo_memory_limit_mb=12288 cost=4695094 time_ms=25759.5 nodes=2647770 max_depth=699 memo_hits=432861 memo_misses=5295539 memo_exact_hits=432861 memo_lb_hits=0 rule4=1 valid_pos=434700326 valid_pos_pruned_3a=0 valid_pos_pruned_3b=0 memo_rejected=0 memo_forced_evict=0 lufo_passes=0 terminal_spt=69487 terminal_edd=189632 memo_peak=2647770 memo_final=2647770 memo_evictions=0 memo_clean_time_ms=0 reconstruction_time_ms=2.2021 reconstruction_repairs=0 reconstruction_trace_hits=407 reconstruction_trace_fallbacks=0 memo_used_mb=686.83 memo_bytes_per_entry=272,C:\c++\test2\results\memo_backend_no_gate\raw_results.csv,False,0.9338574118286458,0.8823522560167726,True,True
700,0.2,0.8,2,D:\test2\results\memo_backend_no_gate\data\700\SDT_700_0.2_0.8_3.txt,12288,1200,SOLVED,SOLVED,MATCH,True,True,True,700,700,4628877,4628877,4628877,4628877,15427.3,16442.3,1.065792,15469.601,16873.889,1.090777,1750022,1750022,True,372878,372878,3500043,3500043,400.548,453.955,0,0,2.0548,2.2835,0,0,False,,[run] n=700 seed=2 input=D:\test2\results\memo_backend_no_gate\data\700\SDT_700_0.2_0.8_3.txt decomp=adaptive memo_backend=custom use_ub=0 use_lb=0 terminal_rules=1 position_filtering_enabled=1 enable_lawler_basic_rules=1 enable_simple_lb=0 enable_lb_memo=0 enable_edd_ub=0 ub_depth_limit=-1 lb_depth_limit=-1 terminal_all_tardy_spt=1 terminal_edd_at_most_one_tardy=1 enable_memo=1 enable_exact_memo=1 memo_full_key_verification=1 memo_memory_limit_mb=12288 cost=4628877 time_ms=15427.3 nodes=1750022 max_depth=699 memo_hits=372878 memo_misses=3500043 memo_exact_hits=372878 memo_lb_hits=0 rule4=1 valid_pos=249433853 valid_pos_pruned_3a=0 valid_pos_pruned_3b=0 memo_rejected=0 memo_forced_evict=0 lufo_passes=0 terminal_spt=29807 terminal_edd=80015 memo_peak=1750022 memo_final=1750022 memo_evictions=0 memo_clean_time_ms=0 reconstruction_time_ms=2.0548 reconstruction_repairs=0 reconstruction_trace_hits=442 reconstruction_trace_fallbacks=0 memo_used_mb=400.548 memo_bytes_per_entry=240,[run] n=700 seed=2 input=D:\test2\results\memo_backend_no_gate\data\700\SDT_700_0.2_0.8_3.txt decomp=adaptive memo_backend=std_unordered use_ub=0 use_lb=0 terminal_rules=1 position_filtering_enabled=1 enable_lawler_basic_rules=1 enable_simple_lb=0 enable_lb_memo=0 enable_edd_ub=0 ub_depth_limit=-1 lb_depth_limit=-1 terminal_all_tardy_spt=1 terminal_edd_at_most_one_tardy=1 enable_memo=1 enable_exact_memo=1 memo_full_key_verification=1 memo_memory_limit_mb=12288 cost=4628877 time_ms=16442.3 nodes=1750022 max_depth=699 memo_hits=372878 memo_misses=3500043 memo_exact_hits=372878 memo_lb_hits=0 rule4=1 valid_pos=249433853 valid_pos_pruned_3a=0 valid_pos_pruned_3b=0 memo_rejected=0 memo_forced_evict=0 lufo_passes=0 terminal_spt=29807 terminal_edd=80015 memo_peak=1750022 memo_final=1750022 memo_evictions=0 memo_clean_time_ms=0 reconstruction_time_ms=2.2835 reconstruction_repairs=0 reconstruction_trace_hits=442 reconstruction_trace_fallbacks=0 memo_used_mb=453.955 memo_bytes_per_entry=272,C:\c++\test2\results\memo_backend_no_gate\raw_results.csv,False,0.9382689769679424,0.8823517749556674,True,True
700,0.2,0.8,3,D:\test2\results\memo_backend_no_gate\data\700\SDT_700_0.2_0.8_4.txt,12288,1200,SOLVED,SOLVED,MATCH,True,True,True,700,700,4578957,4578957,4578957,4578957,28262.4,30071.8,1.064021,28317.179,30894.754,1.091025,3039387,3039387,True,519098,519098,6078773,6078773,695.66,788.415,0,0,1.9317,1.9992,0,0,False,,[run] n=700 seed=3 input=D:\test2\results\memo_backend_no_gate\data\700\SDT_700_0.2_0.8_4.txt decomp=adaptive memo_backend=custom use_ub=0 use_lb=0 terminal_rules=1 position_filtering_enabled=1 enable_lawler_basic_rules=1 enable_simple_lb=0 enable_lb_memo=0 enable_edd_ub=0 ub_depth_limit=-1 lb_depth_limit=-1 terminal_all_tardy_spt=1 terminal_edd_at_most_one_tardy=1 enable_memo=1 enable_exact_memo=1 memo_full_key_verification=1 memo_memory_limit_mb=12288 cost=4578957 time_ms=28262.4 nodes=3039387 max_depth=699 memo_hits=519098 memo_misses=6078773 memo_exact_hits=519098 memo_lb_hits=0 rule4=1 valid_pos=484003521 valid_pos_pruned_3a=0 valid_pos_pruned_3b=0 memo_rejected=0 memo_forced_evict=0 lufo_passes=0 terminal_spt=89926 terminal_edd=241753 memo_peak=3039387 memo_final=3039387 memo_evictions=0 memo_clean_time_ms=0 reconstruction_time_ms=1.9317 reconstruction_repairs=0 reconstruction_trace_hits=372 reconstruction_trace_fallbacks=0 memo_used_mb=695.66 memo_bytes_per_entry=240,[run] n=700 seed=3 input=D:\test2\results\memo_backend_no_gate\data\700\SDT_700_0.2_0.8_4.txt decomp=adaptive memo_backend=std_unordered use_ub=0 use_lb=0 terminal_rules=1 position_filtering_enabled=1 enable_lawler_basic_rules=1 enable_simple_lb=0 enable_lb_memo=0 enable_edd_ub=0 ub_depth_limit=-1 lb_depth_limit=-1 terminal_all_tardy_spt=1 terminal_edd_at_most_one_tardy=1 enable_memo=1 enable_exact_memo=1 memo_full_key_verification=1 memo_memory_limit_mb=12288 cost=4578957 time_ms=30071.8 nodes=3039387 max_depth=699 memo_hits=519098 memo_misses=6078773 memo_exact_hits=519098 memo_lb_hits=0 rule4=1 valid_pos=484003521 valid_pos_pruned_3a=0 valid_pos_pruned_3b=0 memo_rejected=0 memo_forced_evict=0 lufo_passes=0 terminal_spt=89926 terminal_edd=241753 memo_peak=3039387 memo_final=3039387 memo_evictions=0 memo_clean_time_ms=0 reconstruction_time_ms=1.9992 reconstruction_repairs=0 reconstruction_trace_hits=372 reconstruction_trace_fallbacks=0 memo_used_mb=788.415 memo_bytes_per_entry=272,C:\c++\test2\results\memo_backend_no_gate\raw_results.csv,False,0.9398306719251924,0.8823525681271919,True,True
700,0.2,0.8,4,D:\test2\results\memo_backend_no_gate\data\700\SDT_700_0.2_0.8_5.txt,12288,1200,SOLVED,SOLVED,MATCH,True,True,True,700,700,4813596,4813596,4813596,4813596,24148.6,25957.0,1.074886,24200.382,26664.188,1.101809,2717918,2717918,True,451002,451002,5435835,5435835,622.082,705.026,0,0,2.2254,2.0714,0,0,False,,[run] n=700 seed=4 input=D:\test2\results\memo_backend_no_gate\data\700\SDT_700_0.2_0.8_5.txt decomp=adaptive memo_backend=custom use_ub=0 use_lb=0 terminal_rules=1 position_filtering_enabled=1 enable_lawler_basic_rules=1 enable_simple_lb=0 enable_lb_memo=0 enable_edd_ub=0 ub_depth_limit=-1 lb_depth_limit=-1 terminal_all_tardy_spt=1 terminal_edd_at_most_one_tardy=1 enable_memo=1 enable_exact_memo=1 memo_full_key_verification=1 memo_memory_limit_mb=12288 cost=4813596 time_ms=24148.6 nodes=2717918 max_depth=699 memo_hits=451002 memo_misses=5435835 memo_exact_hits=451002 memo_lb_hits=0 rule4=1 valid_pos=431982812 valid_pos_pruned_3a=0 valid_pos_pruned_3b=0 memo_rejected=0 memo_forced_evict=0 lufo_passes=0 terminal_spt=51366 terminal_edd=248280 memo_peak=2717918 memo_final=2717918 memo_evictions=0 memo_clean_time_ms=0 reconstruction_time_ms=2.2254 reconstruction_repairs=0 reconstruction_trace_hits=381 reconstruction_trace_fallbacks=0 memo_used_mb=622.082 memo_bytes_per_entry=240,[run] n=700 seed=4 input=D:\test2\results\memo_backend_no_gate\data\700\SDT_700_0.2_0.8_5.txt decomp=adaptive memo_backend=std_unordered use_ub=0 use_lb=0 terminal_rules=1 position_filtering_enabled=1 enable_lawler_basic_rules=1 enable_simple_lb=0 enable_lb_memo=0 enable_edd_ub=0 ub_depth_limit=-1 lb_depth_limit=-1 terminal_all_tardy_spt=1 terminal_edd_at_most_one_tardy=1 enable_memo=1 enable_exact_memo=1 memo_full_key_verification=1 memo_memory_limit_mb=12288 cost=4813596 time_ms=25957 nodes=2717918 max_depth=699 memo_hits=451002 memo_misses=5435835 memo_exact_hits=451002 memo_lb_hits=0 rule4=1 valid_pos=431982812 valid_pos_pruned_3a=0 valid_pos_pruned_3b=0 memo_rejected=0 memo_forced_evict=0 lufo_passes=0 terminal_spt=51366 terminal_edd=248280 memo_peak=2717918 memo_final=2717918 memo_evictions=0 memo_clean_time_ms=0 reconstruction_time_ms=2.0714 reconstruction_repairs=0 reconstruction_trace_hits=381 reconstruction_trace_fallbacks=0 memo_used_mb=705.026 memo_bytes_per_entry=272,C:\c++\test2\results\memo_backend_no_gate\raw_results.csv,False,0.9303309319258773,0.8823532749146841,True,True
700,0.2,0.8,5,D:\test2\results\memo_backend_no_gate\data\700\SDT_700_0.2_0.8_6.txt,12288,1200,SOLVED,SOLVED,MATCH,True,True,True,700,700,4547212,4547212,4547212,4547212,22558.6,24235.6,1.07434,22608.761,24884.512,1.100658,2484845,2484845,True,458124,458124,4969689,4969689,568.736,644.567,0,0,1.9309,2.0602,0,0,False,,[run] n=700 seed=5 input=D:\test2\results\memo_backend_no_gate\data\700\SDT_700_0.2_0.8_6.txt decomp=adaptive memo_backend=custom use_ub=0 use_lb=0 terminal_rules=1 position_filtering_enabled=1 enable_lawler_basic_rules=1 enable_simple_lb=0 enable_lb_memo=0 enable_edd_ub=0 ub_depth_limit=-1 lb_depth_limit=-1 terminal_all_tardy_spt=1 terminal_edd_at_most_one_tardy=1 enable_memo=1 enable_exact_memo=1 memo_full_key_verification=1 memo_memory_limit_mb=12288 cost=4547212 time_ms=22558.6 nodes=2484845 max_depth=699 memo_hits=458124 memo_misses=4969689 memo_exact_hits=458124 memo_lb_hits=0 rule4=1 valid_pos=359642734 valid_pos_pruned_3a=0 valid_pos_pruned_3b=0 memo_rejected=0 memo_forced_evict=0 lufo_passes=0 terminal_spt=44990 terminal_edd=118923 memo_peak=2484845 memo_final=2484845 memo_evictions=0 memo_clean_time_ms=0 reconstruction_time_ms=1.9309 reconstruction_repairs=0 reconstruction_trace_hits=388 reconstruction_trace_fallbacks=0 memo_used_mb=568.736 memo_bytes_per_entry=240,[run] n=700 seed=5 input=D:\test2\results\memo_backend_no_gate\data\700\SDT_700_0.2_0.8_6.txt decomp=adaptive memo_backend=std_unordered use_ub=0 use_lb=0 terminal_rules=1 position_filtering_enabled=1 enable_lawler_basic_rules=1 enable_simple_lb=0 enable_lb_memo=0 enable_edd_ub=0 ub_depth_limit=-1 lb_depth_limit=-1 terminal_all_tardy_spt=1 terminal_edd_at_most_one_tardy=1 enable_memo=1 enable_exact_memo=1 memo_full_key_verification=1 memo_memory_limit_mb=12288 cost=4547212 time_ms=24235.6 nodes=2484845 max_depth=699 memo_hits=458124 memo_misses=4969689 memo_exact_hits=458124 memo_lb_hits=0 rule4=1 valid_pos=359642734 valid_pos_pruned_3a=0 valid_pos_pruned_3b=0 memo_rejected=0 memo_forced_evict=0 lufo_passes=0 terminal_spt=44990 terminal_edd=118923 memo_peak=2484845 memo_final=2484845 memo_evictions=0 memo_clean_time_ms=0 reconstruction_time_ms=2.0602 reconstruction_repairs=0 reconstruction_trace_hits=388 reconstruction_trace_fallbacks=0 memo_used_mb=644.567 memo_bytes_per_entry=272,C:\c++\test2\results\memo_backend_no_gate\raw_results.csv,False,0.9308042714023997,0.8823535800002171,True,True
700,0.2,0.8,6,D:\test2\results\memo_backend_no_gate\data\700\SDT_700_0.2_0.8_7.txt,12288,1200,SOLVED,SOLVED,MATCH,True,True,True,700,700,4544190,4544190,4544190,4544190,21171.5,22791.1,1.076499,21216.743,23340.584,1.100102,2138189,2138189,True,326470,326470,4276377,4276377,489.393,554.645,0,0,2.5323,2.3198,0,0,False,,[run] n=700 seed=6 input=D:\test2\results\memo_backend_no_gate\data\700\SDT_700_0.2_0.8_7.txt decomp=adaptive memo_backend=custom use_ub=0 use_lb=0 terminal_rules=1 position_filtering_enabled=1 enable_lawler_basic_rules=1 enable_simple_lb=0 enable_lb_memo=0 enable_edd_ub=0 ub_depth_limit=-1 lb_depth_limit=-1 terminal_all_tardy_spt=1 terminal_edd_at_most_one_tardy=1 enable_memo=1 enable_exact_memo=1 memo_full_key_verification=1 memo_memory_limit_mb=12288 cost=4544190 time_ms=21171.5 nodes=2138189 max_depth=699 memo_hits=326470 memo_misses=4276377 memo_exact_hits=326470 memo_lb_hits=0 rule4=1 valid_pos=362312680 valid_pos_pruned_3a=0 valid_pos_pruned_3b=0 memo_rejected=0 memo_forced_evict=0 lufo_passes=0 terminal_spt=66303 terminal_edd=132887 memo_peak=2138189 memo_final=2138189 memo_evictions=0 memo_clean_time_ms=0 reconstruction_time_ms=2.5323 reconstruction_repairs=0 reconstruction_trace_hits=440 reconstruction_trace_fallbacks=0 memo_used_mb=489.393 memo_bytes_per_entry=240,[run] n=700 seed=6 input=D:\test2\results\memo_backend_no_gate\data\700\SDT_700_0.2_0.8_7.txt decomp=adaptive memo_backend=std_unordered use_ub=0 use_lb=0 terminal_rules=1 position_filtering_enabled=1 enable_lawler_basic_rules=1 enable_simple_lb=0 enable_lb_memo=0 enable_edd_ub=0 ub_depth_limit=-1 lb_depth_limit=-1 terminal_all_tardy_spt=1 terminal_edd_at_most_one_tardy=1 enable_memo=1 enable_exact_memo=1 memo_full_key_verification=1 memo_memory_limit_mb=12288 cost=4544190 time_ms=22791.1 nodes=2138189 max_depth=699 memo_hits=326470 memo_misses=4276377 memo_exact_hits=326470 memo_lb_hits=0 rule4=1 valid_pos=362312680 valid_pos_pruned_3a=0 valid_pos_pruned_3b=0 memo_rejected=0 memo_forced_evict=0 lufo_passes=0 terminal_spt=66303 terminal_edd=132887 memo_peak=2138189 memo_final=2138189 memo_evictions=0 memo_clean_time_ms=0 reconstruction_time_ms=2.3198 reconstruction_repairs=0 reconstruction_trace_hits=440 reconstruction_trace_fallbacks=0 memo_used_mb=554.645 memo_bytes_per_entry=272,C:\c++\test2\results\memo_backend_no_gate\raw_results.csv,False,0.9289371728437855,0.8823535775135447,True,True
700,0.2,0.8,7,D:\test2\results\memo_backend_no_gate\data\700\SDT_700_0.2_0.8_8.txt,12288,1200,SOLVED,SOLVED,MATCH,True,True,True,700,700,4472580,4472580,4472580,4472580,14184.9,15140.3,1.067353,14228.951,15531.895,1.09157,1602512,1602512,True,352462,352462,3205023,3205023,366.786,415.691,0,0,2.05,2.1541,0,0,False,,[run] n=700 seed=7 input=D:\test2\results\memo_backend_no_gate\data\700\SDT_700_0.2_0.8_8.txt decomp=adaptive memo_backend=custom use_ub=0 use_lb=0 terminal_rules=1 position_filtering_enabled=1 enable_lawler_basic_rules=1 enable_simple_lb=0 enable_lb_memo=0 enable_edd_ub=0 ub_depth_limit=-1 lb_depth_limit=-1 terminal_all_tardy_spt=1 terminal_edd_at_most_one_tardy=1 enable_memo=1 enable_exact_memo=1 memo_full_key_verification=1 memo_memory_limit_mb=12288 cost=4472580 time_ms=14184.9 nodes=1602512 max_depth=699 memo_hits=352462 memo_misses=3205023 memo_exact_hits=352462 memo_lb_hits=0 rule4=1 valid_pos=247800082 valid_pos_pruned_3a=0 valid_pos_pruned_3b=0 memo_rejected=0 memo_forced_evict=0 lufo_passes=0 terminal_spt=24985 terminal_edd=138649 memo_peak=1602512 memo_final=1602512 memo_evictions=0 memo_clean_time_ms=0 reconstruction_time_ms=2.05 reconstruction_repairs=0 reconstruction_trace_hits=400 reconstruction_trace_fallbacks=0 memo_used_mb=366.786 memo_bytes_per_entry=240,[run] n=700 seed=7 input=D:\test2\results\memo_backend_no_gate\data\700\SDT_700_0.2_0.8_8.txt decomp=adaptive memo_backend=std_unordered use_ub=0 use_lb=0 terminal_rules=1 position_filtering_enabled=1 enable_lawler_basic_rules=1 enable_simple_lb=0 enable_lb_memo=0 enable_edd_ub=0 ub_depth_limit=-1 lb_depth_limit=-1 terminal_all_tardy_spt=1 terminal_edd_at_most_one_tardy=1 enable_memo=1 enable_exact_memo=1 memo_full_key_verification=1 memo_memory_limit_mb=12288 cost=4472580 time_ms=15140.3 nodes=1602512 max_depth=699 memo_hits=352462 memo_misses=3205023 memo_exact_hits=352462 memo_lb_hits=0 rule4=1 valid_pos=247800082 valid_pos_pruned_3a=0 valid_pos_pruned_3b=0 memo_rejected=0 memo_forced_evict=0 lufo_passes=0 terminal_spt=24985 terminal_edd=138649 memo_peak=1602512 memo_final=1602512 memo_evictions=0 memo_clean_time_ms=0 reconstruction_time_ms=2.1541 reconstruction_repairs=0 reconstruction_trace_hits=400 reconstruction_trace_fallbacks=0 memo_used_mb=415.691 memo_bytes_per_entry=272,C:\c++\test2\results\memo_backend_no_gate\raw_results.csv,False,0.9368968910787765,0.8823525166529947,True,True
700,0.2,0.8,8,D:\test2\results\memo_backend_no_gate\data\700\SDT_700_0.2_0.8_9.txt,12288,1200,SOLVED,SOLVED,MATCH,True,True,True,700,700,4380310,4380310,4380310,4380310,22282.1,23993.9,1.076824,22330.756,24621.378,1.102577,2335788,2335788,True,449407,449407,4671575,4671575,534.619,605.902,0,0,2.4894,2.4779,0,0,False,,[run] n=700 seed=8 input=D:\test2\results\memo_backend_no_gate\data\700\SDT_700_0.2_0.8_9.txt decomp=adaptive memo_backend=custom use_ub=0 use_lb=0 terminal_rules=1 position_filtering_enabled=1 enable_lawler_basic_rules=1 enable_simple_lb=0 enable_lb_memo=0 enable_edd_ub=0 ub_depth_limit=-1 lb_depth_limit=-1 terminal_all_tardy_spt=1 terminal_edd_at_most_one_tardy=1 enable_memo=1 enable_exact_memo=1 memo_full_key_verification=1 memo_memory_limit_mb=12288 cost=4380310 time_ms=22282.1 nodes=2335788 max_depth=699 memo_hits=449407 memo_misses=4671575 memo_exact_hits=449407 memo_lb_hits=0 rule4=1 valid_pos=379212250 valid_pos_pruned_3a=0 valid_pos_pruned_3b=0 memo_rejected=0 memo_forced_evict=0 lufo_passes=0 terminal_spt=58619 terminal_edd=149695 memo_peak=2335788 memo_final=2335788 memo_evictions=0 memo_clean_time_ms=0 reconstruction_time_ms=2.4894 reconstruction_repairs=0 reconstruction_trace_hits=461 reconstruction_trace_fallbacks=0 memo_used_mb=534.619 memo_bytes_per_entry=240,[run] n=700 seed=8 input=D:\test2\results\memo_backend_no_gate\data\700\SDT_700_0.2_0.8_9.txt decomp=adaptive memo_backend=std_unordered use_ub=0 use_lb=0 terminal_rules=1 position_filtering_enabled=1 enable_lawler_basic_rules=1 enable_simple_lb=0 enable_lb_memo=0 enable_edd_ub=0 ub_depth_limit=-1 lb_depth_limit=-1 terminal_all_tardy_spt=1 terminal_edd_at_most_one_tardy=1 enable_memo=1 enable_exact_memo=1 memo_full_key_verification=1 memo_memory_limit_mb=12288 cost=4380310 time_ms=23993.9 nodes=2335788 max_depth=699 memo_hits=449407 memo_misses=4671575 memo_exact_hits=449407 memo_lb_hits=0 rule4=1 valid_pos=379212250 valid_pos_pruned_3a=0 valid_pos_pruned_3b=0 memo_rejected=0 memo_forced_evict=0 lufo_passes=0 terminal_spt=58619 terminal_edd=149695 memo_peak=2335788 memo_final=2335788 memo_evictions=0 memo_clean_time_ms=0 reconstruction_time_ms=2.4779 reconstruction_repairs=0 reconstruction_trace_hits=461 reconstruction_trace_fallbacks=0 memo_used_mb=605.902 memo_bytes_per_entry=272,C:\c++\test2\results\memo_backend_no_gate\raw_results.csv,False,0.928656866953684,0.8823522615868573,True,True
700,0.2,0.8,9,D:\test2\results\memo_backend_no_gate\data\700\SDT_700_0.2_0.8_10.txt,12288,1200,SOLVED,SOLVED,MATCH,True,True,True,700,700,4249405,4249405,4249405,4249405,21447.5,23114.0,1.077701,21498.291,23726.173,1.103631,2361989,2361989,True,415758,415758,4723977,4723977,540.616,612.699,0,0,1.5929,1.691,0,0,False,,[run] n=700 seed=9 input=D:\test2\results\memo_backend_no_gate\data\700\SDT_700_0.2_0.8_10.txt decomp=adaptive memo_backend=custom use_ub=0 use_lb=0 terminal_rules=1 position_filtering_enabled=1 enable_lawler_basic_rules=1 enable_simple_lb=0 enable_lb_memo=0 enable_edd_ub=0 ub_depth_limit=-1 lb_depth_limit=-1 terminal_all_tardy_spt=1 terminal_edd_at_most_one_tardy=1 enable_memo=1 enable_exact_memo=1 memo_full_key_verification=1 memo_memory_limit_mb=12288 cost=4249405 time_ms=21447.5 nodes=2361989 max_depth=699 memo_hits=415758 memo_misses=4723977 memo_exact_hits=415758 memo_lb_hits=0 rule4=1 valid_pos=371863389 valid_pos_pruned_3a=0 valid_pos_pruned_3b=0 memo_rejected=0 memo_forced_evict=0 lufo_passes=0 terminal_spt=45071 terminal_edd=170664 memo_peak=2361989 memo_final=2361989 memo_evictions=0 memo_clean_time_ms=0 reconstruction_time_ms=1.5929 reconstruction_repairs=0 reconstruction_trace_hits=344 reconstruction_trace_fallbacks=0 memo_used_mb=540.616 memo_bytes_per_entry=240,[run] n=700 seed=9 input=D:\test2\results\memo_backend_no_gate\data\700\SDT_700_0.2_0.8_10.txt decomp=adaptive memo_backend=std_unordered use_ub=0 use_lb=0 terminal_rules=1 position_filtering_enabled=1 enable_lawler_basic_rules=1 enable_simple_lb=0 enable_lb_memo=0 enable_edd_ub=0 ub_depth_limit=-1 lb_depth_limit=-1 terminal_all_tardy_spt=1 terminal_edd_at_most_one_tardy=1 enable_memo=1 enable_exact_memo=1 memo_full_key_verification=1 memo_memory_limit_mb=12288 cost=4249405 time_ms=23114 nodes=2361989 max_depth=699 memo_hits=415758 memo_misses=4723977 memo_exact_hits=415758 memo_lb_hits=0 rule4=1 valid_pos=371863389 valid_pos_pruned_3a=0 valid_pos_pruned_3b=0 memo_rejected=0 memo_forced_evict=0 lufo_passes=0 terminal_spt=45071 terminal_edd=170664 memo_peak=2361989 memo_final=2361989 memo_evictions=0 memo_clean_time_ms=0 reconstruction_time_ms=1.691 reconstruction_repairs=0 reconstruction_trace_hits=344 reconstruction_trace_fallbacks=0 memo_used_mb=612.699 memo_bytes_per_entry=272,C:\c++\test2\results\memo_backend_no_gate\raw_results.csv,False,0.9279008393181621,0.882351693082574,True,True
700,0.4,0.6,0,D:\test2\results\memo_backend_no_gate\data\700\SDT_700_0.4_0.6_1.txt,12288,1200,SOLVED,SOLVED,MATCH,True,True,True,700,700,2082545,2082545,2082545,2082545,20284.5,21962.1,1.082704,20342.136,22529.678,1.107537,2179270,2179270,True,507701,507701,4358539,4358539,498.795,565.301,0,0,2.4261,2.3546,0,0,False,,[run] n=700 seed=0 input=D:\test2\results\memo_backend_no_gate\data\700\SDT_700_0.4_0.6_1.txt decomp=adaptive memo_backend=custom use_ub=0 use_lb=0 terminal_rules=1 position_filtering_enabled=1 enable_lawler_basic_rules=1 enable_simple_lb=0 enable_lb_memo=0 enable_edd_ub=0 ub_depth_limit=-1 lb_depth_limit=-1 terminal_all_tardy_spt=1 terminal_edd_at_most_one_tardy=1 enable_memo=1 enable_exact_memo=1 memo_full_key_verification=1 memo_memory_limit_mb=12288 cost=2082545 time_ms=20284.5 nodes=2179270 max_depth=699 memo_hits=507701 memo_misses=4358539 memo_exact_hits=507701 memo_lb_hits=0 rule4=1 valid_pos=335592966 valid_pos_pruned_3a=0 valid_pos_pruned_3b=0 memo_rejected=0 memo_forced_evict=0 lufo_passes=0 terminal_spt=30359 terminal_edd=129814 memo_peak=2179270 memo_final=2179270 memo_evictions=0 memo_clean_time_ms=0 reconstruction_time_ms=2.4261 reconstruction_repairs=0 reconstruction_trace_hits=432 reconstruction_trace_fallbacks=0 memo_used_mb=498.795 memo_bytes_per_entry=240,[run] n=700 seed=0 input=D:\test2\results\memo_backend_no_gate\data\700\SDT_700_0.4_0.6_1.txt decomp=adaptive memo_backend=std_unordered use_ub=0 use_lb=0 terminal_rules=1 position_filtering_enabled=1 enable_lawler_basic_rules=1 enable_simple_lb=0 enable_lb_memo=0 enable_edd_ub=0 ub_depth_limit=-1 lb_depth_limit=-1 terminal_all_tardy_spt=1 terminal_edd_at_most_one_tardy=1 enable_memo=1 enable_exact_memo=1 memo_full_key_verification=1 memo_memory_limit_mb=12288 cost=2082545 time_ms=21962.1 nodes=2179270 max_depth=699 memo_hits=507701 memo_misses=4358539 memo_exact_hits=507701 memo_lb_hits=0 rule4=1 valid_pos=335592966 valid_pos_pruned_3a=0 valid_pos_pruned_3b=0 memo_rejected=0 memo_forced_evict=0 lufo_passes=0 terminal_spt=30359 terminal_edd=129814 memo_peak=2179270 memo_final=2179270 memo_evictions=0 memo_clean_time_ms=0 reconstruction_time_ms=2.3546 reconstruction_repairs=0 reconstruction_trace_hits=432 reconstruction_trace_fallbacks=0 memo_used_mb=565.301 memo_bytes_per_entry=272,C:\c++\test2\results\memo_backend_no_gate\raw_results.csv,False,0.9236138620623712,0.8823529411764706,True,True
700,0.4,0.6,1,D:\test2\results\memo_backend_no_gate\data\700\SDT_700_0.4_0.6_2.txt,12288,1200,SOLVED,SOLVED,MATCH,True,True,True,700,700,1897766,1897766,1897766,1897766,29267.2,31163.8,1.064803,29323.673,31991.8,1.090989,3101755,3101755,True,622885,622885,6203509,6203509,709.935,804.593,0,0,2.2551,2.4313,0,0,False,,[run] n=700 seed=1 input=D:\test2\results\memo_backend_no_gate\data\700\SDT_700_0.4_0.6_2.txt decomp=adaptive memo_backend=custom use_ub=0 use_lb=0 terminal_rules=1 position_filtering_enabled=1 enable_lawler_basic_rules=1 enable_simple_lb=0 enable_lb_memo=0 enable_edd_ub=0 ub_depth_limit=-1 lb_depth_limit=-1 terminal_all_tardy_spt=1 terminal_edd_at_most_one_tardy=1 enable_memo=1 enable_exact_memo=1 memo_full_key_verification=1 memo_memory_limit_mb=12288 cost=1897766 time_ms=29267.2 nodes=3101755 max_depth=699 memo_hits=622885 memo_misses=6203509 memo_exact_hits=622885 memo_lb_hits=0 rule4=1 valid_pos=478685947 valid_pos_pruned_3a=0 valid_pos_pruned_3b=0 memo_rejected=0 memo_forced_evict=0 lufo_passes=0 terminal_spt=34719 terminal_edd=283277 memo_peak=3101755 memo_final=3101755 memo_evictions=0 memo_clean_time_ms=0 reconstruction_time_ms=2.2551 reconstruction_repairs=0 reconstruction_trace_hits=470 reconstruction_trace_fallbacks=0 memo_used_mb=709.935 memo_bytes_per_entry=240,[run] n=700 seed=1 input=D:\test2\results\memo_backend_no_gate\data\700\SDT_700_0.4_0.6_2.txt decomp=adaptive memo_backend=std_unordered use_ub=0 use_lb=0 terminal_rules=1 position_filtering_enabled=1 enable_lawler_basic_rules=1 enable_simple_lb=0 enable_lb_memo=0 enable_edd_ub=0 ub_depth_limit=-1 lb_depth_limit=-1 terminal_all_tardy_spt=1 terminal_edd_at_most_one_tardy=1 enable_memo=1 enable_exact_memo=1 memo_full_key_verification=1 memo_memory_limit_mb=12288 cost=1897766 time_ms=31163.8 nodes=3101755 max_depth=699 memo_hits=622885 memo_misses=6203509 memo_exact_hits=622885 memo_lb_hits=0 rule4=1 valid_pos=478685947 valid_pos_pruned_3a=0 valid_pos_pruned_3b=0 memo_rejected=0 memo_forced_evict=0 lufo_passes=0 terminal_spt=34719 terminal_edd=283277 memo_peak=3101755 memo_final=3101755 memo_evictions=0 memo_clean_time_ms=0 reconstruction_time_ms=2.4313 reconstruction_repairs=0 reconstruction_trace_hits=470 reconstruction_trace_fallbacks=0 memo_used_mb=804.593 memo_bytes_per_entry=272,C:\c++\test2\results\memo_backend_no_gate\raw_results.csv,False,0.939140926331192,0.8823529411764706,True,True
700,0.4,0.6,2,D:\test2\results\memo_backend_no_gate\data\700\SDT_700_0.4_0.6_3.txt,12288,1200,SOLVED,SOLVED,MATCH,True,True,True,700,700,1931023,1931023,1931023,1931023,15915.2,16982.9,1.067087,15957.613,17491.226,1.096105,1950300,1950300,True,563982,563982,3900599,3900599,446.388,505.907,0,0,2.0117,1.9848,0,0,False,,[run] n=700 seed=2 input=D:\test2\results\memo_backend_no_gate\data\700\SDT_700_0.4_0.6_3.txt decomp=adaptive memo_backend=custom use_ub=0 use_lb=0 terminal_rules=1 position_filtering_enabled=1 enable_lawler_basic_rules=1 enable_simple_lb=0 enable_lb_memo=0 enable_edd_ub=0 ub_depth_limit=-1 lb_depth_limit=-1 terminal_all_tardy_spt=1 terminal_edd_at_most_one_tardy=1 enable_memo=1 enable_exact_memo=1 memo_full_key_verification=1 memo_memory_limit_mb=12288 cost=1931023 time_ms=15915.2 nodes=1950300 max_depth=699 memo_hits=563982 memo_misses=3900599 memo_exact_hits=563982 memo_lb_hits=0 rule4=1 valid_pos=245350299 valid_pos_pruned_3a=0 valid_pos_pruned_3b=0 memo_rejected=0 memo_forced_evict=0 lufo_passes=0 terminal_spt=13576 terminal_edd=115060 memo_peak=1950300 memo_final=1950300 memo_evictions=0 memo_clean_time_ms=0 reconstruction_time_ms=2.0117 reconstruction_repairs=0 reconstruction_trace_hits=388 reconstruction_trace_fallbacks=0 memo_used_mb=446.388 memo_bytes_per_entry=240,[run] n=700 seed=2 input=D:\test2\results\memo_backend_no_gate\data\700\SDT_700_0.4_0.6_3.txt decomp=adaptive memo_backend=std_unordered use_ub=0 use_lb=0 terminal_rules=1 position_filtering_enabled=1 enable_lawler_basic_rules=1 enable_simple_lb=0 enable_lb_memo=0 enable_edd_ub=0 ub_depth_limit=-1 lb_depth_limit=-1 terminal_all_tardy_spt=1 terminal_edd_at_most_one_tardy=1 enable_memo=1 enable_exact_memo=1 memo_full_key_verification=1 memo_memory_limit_mb=12288 cost=1931023 time_ms=16982.9 nodes=1950300 max_depth=699 memo_hits=563982 memo_misses=3900599 memo_exact_hits=563982 memo_lb_hits=0 rule4=1 valid_pos=245350299 valid_pos_pruned_3a=0 valid_pos_pruned_3b=0 memo_rejected=0 memo_forced_evict=0 lufo_passes=0 terminal_spt=13576 terminal_edd=115060 memo_peak=1950300 memo_final=1950300 memo_evictions=0 memo_clean_time_ms=0 reconstruction_time_ms=1.9848 reconstruction_repairs=0 reconstruction_trace_hits=388 reconstruction_trace_fallbacks=0 memo_used_mb=505.907 memo_bytes_per_entry=272,C:\c++\test2\results\memo_backend_no_gate\raw_results.csv,False,0.9371308787074056,0.8823518947158272,True,True
700,0.4,0.6,3,D:\test2\results\memo_backend_no_gate\data\700\SDT_700_0.4_0.6_4.txt,12288,1200,SOLVED,SOLVED,MATCH,True,True,True,700,700,1865469,1865469,1865469,1865469,19969.3,21684.2,1.085877,20013.193,22281.513,1.113341,2272216,2272216,True,505232,505232,4544431,4544431,520.069,589.411,0,0,2.261,2.1086,0,0,False,,[run] n=700 seed=3 input=D:\test2\results\memo_backend_no_gate\data\700\SDT_700_0.4_0.6_4.txt decomp=adaptive memo_backend=custom use_ub=0 use_lb=0 terminal_rules=1 position_filtering_enabled=1 enable_lawler_basic_rules=1 enable_simple_lb=0 enable_lb_memo=0 enable_edd_ub=0 ub_depth_limit=-1 lb_depth_limit=-1 terminal_all_tardy_spt=1 terminal_edd_at_most_one_tardy=1 enable_memo=1 enable_exact_memo=1 memo_full_key_verification=1 memo_memory_limit_mb=12288 cost=1865469 time_ms=19969.3 nodes=2272216 max_depth=699 memo_hits=505232 memo_misses=4544431 memo_exact_hits=505232 memo_lb_hits=0 rule4=1 valid_pos=308849900 valid_pos_pruned_3a=0 valid_pos_pruned_3b=0 memo_rejected=0 memo_forced_evict=0 lufo_passes=0 terminal_spt=17518 terminal_edd=172931 memo_peak=2272216 memo_final=2272216 memo_evictions=0 memo_clean_time_ms=0 reconstruction_time_ms=2.261 reconstruction_repairs=0 reconstruction_trace_hits=421 reconstruction_trace_fallbacks=0 memo_used_mb=520.069 memo_bytes_per_entry=240,[run] n=700 seed=3 input=D:\test2\results\memo_backend_no_gate\data\700\SDT_700_0.4_0.6_4.txt decomp=adaptive memo_backend=std_unordered use_ub=0 use_lb=0 terminal_rules=1 position_filtering_enabled=1 enable_lawler_basic_rules=1 enable_simple_lb=0 enable_lb_memo=0 enable_edd_ub=0 ub_depth_limit=-1 lb_depth_limit=-1 terminal_all_tardy_spt=1 terminal_edd_at_most_one_tardy=1 enable_memo=1 enable_exact_memo=1 memo_full_key_verification=1 memo_memory_limit_mb=12288 cost=1865469 time_ms=21684.2 nodes=2272216 max_depth=699 memo_hits=505232 memo_misses=4544431 memo_exact_hits=505232 memo_lb_hits=0 rule4=1 valid_pos=308849900 valid_pos_pruned_3a=0 valid_pos_pruned_3b=0 memo_rejected=0 memo_forced_evict=0 lufo_passes=0 terminal_spt=17518 terminal_edd=172931 memo_peak=2272216 memo_final=2272216 memo_evictions=0 memo_clean_time_ms=0 reconstruction_time_ms=2.1086 reconstruction_repairs=0 reconstruction_trace_hits=421 reconstruction_trace_fallbacks=0 memo_used_mb=589.411 memo_bytes_per_entry=272,C:\c++\test2\results\memo_backend_no_gate\raw_results.csv,False,0.9209147674343531,0.8823537395807001,True,True
700,0.4,0.6,4,D:\test2\results\memo_backend_no_gate\data\700\SDT_700_0.4_0.6_5.txt,12288,1200,SOLVED,SOLVED,MATCH,True,True,True,700,700,2071505,2071505,2071505,2071505,32511.9,34478.5,1.060489,32582.949,35398.081,1.086399,3305037,3305037,True,669347,669347,6610073,6610073,756.463,857.325,0,0,1.9308,2.0317,0,0,False,,[run] n=700 seed=4 input=D:\test2\results\memo_backend_no_gate\data\700\SDT_700_0.4_0.6_5.txt decomp=adaptive memo_backend=custom use_ub=0 use_lb=0 terminal_rules=1 position_filtering_enabled=1 enable_lawler_basic_rules=1 enable_simple_lb=0 enable_lb_memo=0 enable_edd_ub=0 ub_depth_limit=-1 lb_depth_limit=-1 terminal_all_tardy_spt=1 terminal_edd_at_most_one_tardy=1 enable_memo=1 enable_exact_memo=1 memo_full_key_verification=1 memo_memory_limit_mb=12288 cost=2071505 time_ms=32511.9 nodes=3305037 max_depth=699 memo_hits=669347 memo_misses=6610073 memo_exact_hits=669347 memo_lb_hits=0 rule4=1 valid_pos=555781135 valid_pos_pruned_3a=0 valid_pos_pruned_3b=0 memo_rejected=0 memo_forced_evict=0 lufo_passes=0 terminal_spt=60080 terminal_edd=339953 memo_peak=3305037 memo_final=3305037 memo_evictions=0 memo_clean_time_ms=0 reconstruction_time_ms=1.9308 reconstruction_repairs=0 reconstruction_trace_hits=388 reconstruction_trace_fallbacks=0 memo_used_mb=756.463 memo_bytes_per_entry=240,[run] n=700 seed=4 input=D:\test2\results\memo_backend_no_gate\data\700\SDT_700_0.4_0.6_5.txt decomp=adaptive memo_backend=std_unordered use_ub=0 use_lb=0 terminal_rules=1 position_filtering_enabled=1 enable_lawler_basic_rules=1 enable_simple_lb=0 enable_lb_memo=0 enable_edd_ub=0 ub_depth_limit=-1 lb_depth_limit=-1 terminal_all_tardy_spt=1 terminal_edd_at_most_one_tardy=1 enable_memo=1 enable_exact_memo=1 memo_full_key_verification=1 memo_memory_limit_mb=12288 cost=2071505 time_ms=34478.5 nodes=3305037 max_depth=699 memo_hits=669347 memo_misses=6610073 memo_exact_hits=669347 memo_lb_hits=0 rule4=1 valid_pos=555781135 valid_pos_pruned_3a=0 valid_pos_pruned_3b=0 memo_rejected=0 memo_forced_evict=0 lufo_passes=0 terminal_spt=60080 terminal_edd=339953 memo_peak=3305037 memo_final=3305037 memo_evictions=0 memo_clean_time_ms=0 reconstruction_time_ms=2.0317 reconstruction_repairs=0 reconstruction_trace_hits=388 reconstruction_trace_fallbacks=0 memo_used_mb=857.325 memo_bytes_per_entry=272,C:\c++\test2\results\memo_backend_no_gate\raw_results.csv,False,0.9429615557521355,0.8823526667249875,True,True
700,0.4,0.6,5,D:\test2\results\memo_backend_no_gate\data\700\SDT_700_0.4_0.6_6.txt,12288,1200,SOLVED,SOLVED,MATCH,True,True,True,700,700,1849627,1849627,1849627,1849627,19241.0,20961.9,1.089439,19286.485,21550.923,1.117411,2279709,2279709,True,595381,595381,4559417,4559417,521.784,591.355,0,0,2.0514,2.1748,0,0,False,,[run] n=700 seed=5 input=D:\test2\results\memo_backend_no_gate\data\700\SDT_700_0.4_0.6_6.txt decomp=adaptive memo_backend=custom use_ub=0 use_lb=0 terminal_rules=1 position_filtering_enabled=1 enable_lawler_basic_rules=1 enable_simple_lb=0 enable_lb_memo=0 enable_edd_ub=0 ub_depth_limit=-1 lb_depth_limit=-1 terminal_all_tardy_spt=1 terminal_edd_at_most_one_tardy=1 enable_memo=1 enable_exact_memo=1 memo_full_key_verification=1 memo_memory_limit_mb=12288 cost=1849627 time_ms=19241 nodes=2279709 max_depth=699 memo_hits=595381 memo_misses=4559417 memo_exact_hits=595381 memo_lb_hits=0 rule4=1 valid_pos=306020483 valid_pos_pruned_3a=0 valid_pos_pruned_3b=0 memo_rejected=0 memo_forced_evict=0 lufo_passes=0 terminal_spt=19046 terminal_edd=189169 memo_peak=2279709 memo_final=2279709 memo_evictions=0 memo_clean_time_ms=0 reconstruction_time_ms=2.0514 reconstruction_repairs=0 reconstruction_trace_hits=425 reconstruction_trace_fallbacks=0 memo_used_mb=521.784 memo_bytes_per_entry=240,[run] n=700 seed=5 input=D:\test2\results\memo_backend_no_gate\data\700\SDT_700_0.4_0.6_6.txt decomp=adaptive memo_backend=std_unordered use_ub=0 use_lb=0 terminal_rules=1 position_filtering_enabled=1 enable_lawler_basic_rules=1 enable_simple_lb=0 enable_lb_memo=0 enable_edd_ub=0 ub_depth_limit=-1 lb_depth_limit=-1 terminal_all_tardy_spt=1 terminal_edd_at_most_one_tardy=1 enable_memo=1 enable_exact_memo=1 memo_full_key_verification=1 memo_memory_limit_mb=12288 cost=1849627 time_ms=20961.9 nodes=2279709 max_depth=699 memo_hits=595381 memo_misses=4559417 memo_exact_hits=595381 memo_lb_hits=0 rule4=1 valid_pos=306020483 valid_pos_pruned_3a=0 valid_pos_pruned_3b=0 memo_rejected=0 memo_forced_evict=0 lufo_passes=0 terminal_spt=19046 terminal_edd=189169 memo_peak=2279709 memo_final=2279709 memo_evictions=0 memo_clean_time_ms=0 reconstruction_time_ms=2.1748 reconstruction_repairs=0 reconstruction_trace_hits=425 reconstruction_trace_fallbacks=0 memo_used_mb=591.355 memo_bytes_per_entry=272,C:\c++\test2\results\memo_backend_no_gate\raw_results.csv,False,0.9179034343260868,0.8823532395938142,True,True
700,0.4,0.6,6,D:\test2\results\memo_backend_no_gate\data\700\SDT_700_0.4_0.6_7.txt,12288,1200,SOLVED,SOLVED,MATCH,True,True,True,700,700,1927528,1927528,1927528,1927528,20389.7,22032.3,1.08056,20436.643,22603.973,1.106051,2197909,2197909,True,441780,441780,4395817,4395817,503.061,570.136,0,0,1.9727,2.1728,0,0,False,,[run] n=700 seed=6 input=D:\test2\results\memo_backend_no_gate\data\700\SDT_700_0.4_0.6_7.txt decomp=adaptive memo_backend=custom use_ub=0 use_lb=0 terminal_rules=1 position_filtering_enabled=1 enable_lawler_basic_rules=1 enable_simple_lb=0 enable_lb_memo=0 enable_edd_ub=0 ub_depth_limit=-1 lb_depth_limit=-1 terminal_all_tardy_spt=1 terminal_edd_at_most_one_tardy=1 enable_memo=1 enable_exact_memo=1 memo_full_key_verification=1 memo_memory_limit_mb=12288 cost=1927528 time_ms=20389.7 nodes=2197909 max_depth=699 memo_hits=441780 memo_misses=4395817 memo_exact_hits=441780 memo_lb_hits=0 rule4=1 valid_pos=340213492 valid_pos_pruned_3a=0 valid_pos_pruned_3b=0 memo_rejected=0 memo_forced_evict=0 lufo_passes=0 terminal_spt=29435 terminal_edd=227759 memo_peak=2197909 memo_final=2197909 memo_evictions=0 memo_clean_time_ms=0 reconstruction_time_ms=1.9727 reconstruction_repairs=0 reconstruction_trace_hits=404 reconstruction_trace_fallbacks=0 memo_used_mb=503.061 memo_bytes_per_entry=240,[run] n=700 seed=6 input=D:\test2\results\memo_backend_no_gate\data\700\SDT_700_0.4_0.6_7.txt decomp=adaptive memo_backend=std_unordered use_ub=0 use_lb=0 terminal_rules=1 position_filtering_enabled=1 enable_lawler_basic_rules=1 enable_simple_lb=0 enable_lb_memo=0 enable_edd_ub=0 ub_depth_limit=-1 lb_depth_limit=-1 terminal_all_tardy_spt=1 terminal_edd_at_most_one_tardy=1 enable_memo=1 enable_exact_memo=1 memo_full_key_verification=1 memo_memory_limit_mb=12288 cost=1927528 time_ms=22032.3 nodes=2197909 max_depth=699 memo_hits=441780 memo_misses=4395817 memo_exact_hits=441780 memo_lb_hits=0 rule4=1 valid_pos=340213492 valid_pos_pruned_3a=0 valid_pos_pruned_3b=0 memo_rejected=0 memo_forced_evict=0 lufo_passes=0 terminal_spt=29435 terminal_edd=227759 memo_peak=2197909 memo_final=2197909 memo_evictions=0 memo_clean_time_ms=0 reconstruction_time_ms=2.1728 reconstruction_repairs=0 reconstruction_trace_hits=404 reconstruction_trace_fallbacks=0 memo_used_mb=570.136 memo_bytes_per_entry=272,C:\c++\test2\results\memo_backend_no_gate\raw_results.csv,False,0.92544582272391,0.8823526316527986,True,True
700,0.4,0.6,7,D:\test2\results\memo_backend_no_gate\data\700\SDT_700_0.4_0.6_8.txt,12288,1200,SOLVED,SOLVED,MATCH,True,True,True,700,700,1885175,1885175,1885175,1885175,16971.4,18069.1,1.064679,17014.608,18522.283,1.088611,1848921,1848921,True,455459,455459,3697841,3697841,423.184,479.609,0,0,2.5505,2.3777,0,0,False,,[run] n=700 seed=7 input=D:\test2\results\memo_backend_no_gate\data\700\SDT_700_0.4_0.6_8.txt decomp=adaptive memo_backend=custom use_ub=0 use_lb=0 terminal_rules=1 position_filtering_enabled=1 enable_lawler_basic_rules=1 enable_simple_lb=0 enable_lb_memo=0 enable_edd_ub=0 ub_depth_limit=-1 lb_depth_limit=-1 terminal_all_tardy_spt=1 terminal_edd_at_most_one_tardy=1 enable_memo=1 enable_exact_memo=1 memo_full_key_verification=1 memo_memory_limit_mb=12288 cost=1885175 time_ms=16971.4 nodes=1848921 max_depth=699 memo_hits=455459 memo_misses=3697841 memo_exact_hits=455459 memo_lb_hits=0 rule4=1 valid_pos=285363002 valid_pos_pruned_3a=0 valid_pos_pruned_3b=0 memo_rejected=0 memo_forced_evict=0 lufo_passes=0 terminal_spt=21617 terminal_edd=166141 memo_peak=1848921 memo_final=1848921 memo_evictions=0 memo_clean_time_ms=0 reconstruction_time_ms=2.5505 reconstruction_repairs=0 reconstruction_trace_hits=473 reconstruction_trace_fallbacks=0 memo_used_mb=423.184 memo_bytes_per_entry=240,[run] n=700 seed=7 input=D:\test2\results\memo_backend_no_gate\data\700\SDT_700_0.4_0.6_8.txt decomp=adaptive memo_backend=std_unordered use_ub=0 use_lb=0 terminal_rules=1 position_filtering_enabled=1 enable_lawler_basic_rules=1 enable_simple_lb=0 enable_lb_memo=0 enable_edd_ub=0 ub_depth_limit=-1 lb_depth_limit=-1 terminal_all_tardy_spt=1 terminal_edd_at_most_one_tardy=1 enable_memo=1 enable_exact_memo=1 memo_full_key_verification=1 memo_memory_limit_mb=12288 cost=1885175 time_ms=18069.1 nodes=1848921 max_depth=699 memo_hits=455459 memo_misses=3697841 memo_exact_hits=455459 memo_lb_hits=0 rule4=1 valid_pos=285363002 valid_pos_pruned_3a=0 valid_pos_pruned_3b=0 memo_rejected=0 memo_forced_evict=0 lufo_passes=0 terminal_spt=21617 terminal_edd=166141 memo_peak=1848921 memo_final=1848921 memo_evictions=0 memo_clean_time_ms=0 reconstruction_time_ms=2.3777 reconstruction_repairs=0 reconstruction_trace_hits=473 reconstruction_trace_fallbacks=0 memo_used_mb=479.609 memo_bytes_per_entry=272,C:\c++\test2\results\memo_backend_no_gate\raw_results.csv,False,0.9392498796287586,0.882352082633979,True,True
700,0.4,0.6,8,D:\test2\results\memo_backend_no_gate\data\700\SDT_700_0.4_0.6_9.txt,12288,1200,SOLVED,SOLVED,MATCH,True,True,True,700,700,1865976,1865976,1865976,1865976,19574.6,21199.4,1.083006,19626.27,21753.062,1.108365,2146051,2146051,True,474155,474155,4292101,4292101,491.192,556.684,0,0,2.1434,2.3064,0,0,False,,[run] n=700 seed=8 input=D:\test2\results\memo_backend_no_gate\data\700\SDT_700_0.4_0.6_9.txt decomp=adaptive memo_backend=custom use_ub=0 use_lb=0 terminal_rules=1 position_filtering_enabled=1 enable_lawler_basic_rules=1 enable_simple_lb=0 enable_lb_memo=0 enable_edd_ub=0 ub_depth_limit=-1 lb_depth_limit=-1 terminal_all_tardy_spt=1 terminal_edd_at_most_one_tardy=1 enable_memo=1 enable_exact_memo=1 memo_full_key_verification=1 memo_memory_limit_mb=12288 cost=1865976 time_ms=19574.6 nodes=2146051 max_depth=699 memo_hits=474155 memo_misses=4292101 memo_exact_hits=474155 memo_lb_hits=0 rule4=1 valid_pos=331991203 valid_pos_pruned_3a=0 valid_pos_pruned_3b=0 memo_rejected=0 memo_forced_evict=0 lufo_passes=0 terminal_spt=24793 terminal_edd=209753 memo_peak=2146051 memo_final=2146051 memo_evictions=0 memo_clean_time_ms=0 reconstruction_time_ms=2.1434 reconstruction_repairs=0 reconstruction_trace_hits=444 reconstruction_trace_fallbacks=0 memo_used_mb=491.192 memo_bytes_per_entry=240,[run] n=700 seed=8 input=D:\test2\results\memo_backend_no_gate\data\700\SDT_700_0.4_0.6_9.txt decomp=adaptive memo_backend=std_unordered use_ub=0 use_lb=0 terminal_rules=1 position_filtering_enabled=1 enable_lawler_basic_rules=1 enable_simple_lb=0 enable_lb_memo=0 enable_edd_ub=0 ub_depth_limit=-1 lb_depth_limit=-1 terminal_all_tardy_spt=1 terminal_edd_at_most_one_tardy=1 enable_memo=1 enable_exact_memo=1 memo_full_key_verification=1 memo_memory_limit_mb=12288 cost=1865976 time_ms=21199.4 nodes=2146051 max_depth=699 memo_hits=474155 memo_misses=4292101 memo_exact_hits=474155 memo_lb_hits=0 rule4=1 valid_pos=331991203 valid_pos_pruned_3a=0 valid_pos_pruned_3b=0 memo_rejected=0 memo_forced_evict=0 lufo_passes=0 terminal_spt=24793 terminal_edd=209753 memo_peak=2146051 memo_final=2146051 memo_evictions=0 memo_clean_time_ms=0 reconstruction_time_ms=2.3064 reconstruction_repairs=0 reconstruction_trace_hits=444 reconstruction_trace_fallbacks=0 memo_used_mb=556.684 memo_bytes_per_entry=272,C:\c++\test2\results\memo_backend_no_gate\raw_results.csv,False,0.9233563214053226,0.8823533638473533,True,True
700,0.4,0.6,9,D:\test2\results\memo_backend_no_gate\data\700\SDT_700_0.4_0.6_10.txt,12288,1200,SOLVED,SOLVED,MATCH,True,True,True,700,700,1769059,1769059,1769059,1769059,26619.3,28356.5,1.065261,26688.352,29129.131,1.091455,2901701,2901701,True,572361,572361,5803401,5803401,664.147,752.7,0,0,1.9591,2.1128,0,0,False,,[run] n=700 seed=9 input=D:\test2\results\memo_backend_no_gate\data\700\SDT_700_0.4_0.6_10.txt decomp=adaptive memo_backend=custom use_ub=0 use_lb=0 terminal_rules=1 position_filtering_enabled=1 enable_lawler_basic_rules=1 enable_simple_lb=0 enable_lb_memo=0 enable_edd_ub=0 ub_depth_limit=-1 lb_depth_limit=-1 terminal_all_tardy_spt=1 terminal_edd_at_most_one_tardy=1 enable_memo=1 enable_exact_memo=1 memo_full_key_verification=1 memo_memory_limit_mb=12288 cost=1769059 time_ms=26619.3 nodes=2901701 max_depth=699 memo_hits=572361 memo_misses=5803401 memo_exact_hits=572361 memo_lb_hits=0 rule4=1 valid_pos=443098240 valid_pos_pruned_3a=0 valid_pos_pruned_3b=0 memo_rejected=0 memo_forced_evict=0 lufo_passes=0 terminal_spt=38639 terminal_edd=275200 memo_peak=2901701 memo_final=2901701 memo_evictions=0 memo_clean_time_ms=0 reconstruction_time_ms=1.9591 reconstruction_repairs=0 reconstruction_trace_hits=412 reconstruction_trace_fallbacks=0 memo_used_mb=664.147 memo_bytes_per_entry=240,[run] n=700 seed=9 input=D:\test2\results\memo_backend_no_gate\data\700\SDT_700_0.4_0.6_10.txt decomp=adaptive memo_backend=std_unordered use_ub=0 use_lb=0 terminal_rules=1 position_filtering_enabled=1 enable_lawler_basic_rules=1 enable_simple_lb=0 enable_lb_memo=0 enable_edd_ub=0 ub_depth_limit=-1 lb_depth_limit=-1 terminal_all_tardy_spt=1 terminal_edd_at_most_one_tardy=1 enable_memo=1 enable_exact_memo=1 memo_full_key_verification=1 memo_memory_limit_mb=12288 cost=1769059 time_ms=28356.5 nodes=2901701 max_depth=699 memo_hits=572361 memo_misses=5803401 memo_exact_hits=572361 memo_lb_hits=0 rule4=1 valid_pos=443098240 valid_pos_pruned_3a=0 valid_pos_pruned_3b=0 memo_rejected=0 memo_forced_evict=0 lufo_passes=0 terminal_spt=38639 terminal_edd=275200 memo_peak=2901701 memo_final=2901701 memo_evictions=0 memo_clean_time_ms=0 reconstruction_time_ms=2.1128 reconstruction_repairs=0 reconstruction_trace_hits=412 reconstruction_trace_fallbacks=0 memo_used_mb=752.7 memo_bytes_per_entry=272,C:\c++\test2\results\memo_backend_no_gate\raw_results.csv,False,0.9387371502124733,0.8823528630264381,True,True
900,0.2,0.6,0,D:\test2\results\memo_backend_no_gate\data\900\SDT_900_0.2_0.6_1.txt,12288,1200,SOLVED,SOLVED,MATCH,True,True,True,900,900,3953208,3953208,3953208,3953208,129765.0,139027.0,1.071375,129989.982,143352.527,1.102797,12162898,12162898,True,2323028,2323028,24325795,24325795,3155.05,3526.23,0,0,3.5727,3.6952,0,0,False,,[run] n=900 seed=0 input=D:\test2\results\memo_backend_no_gate\data\900\SDT_900_0.2_0.6_1.txt decomp=adaptive memo_backend=custom use_ub=0 use_lb=0 terminal_rules=1 position_filtering_enabled=1 enable_lawler_basic_rules=1 enable_simple_lb=0 enable_lb_memo=0 enable_edd_ub=0 ub_depth_limit=-1 lb_depth_limit=-1 terminal_all_tardy_spt=1 terminal_edd_at_most_one_tardy=1 enable_memo=1 enable_exact_memo=1 memo_full_key_verification=1 memo_memory_limit_mb=12288 cost=3953208 time_ms=129765 nodes=12162898 max_depth=899 memo_hits=2323028 memo_misses=24325795 memo_exact_hits=2323028 memo_lb_hits=0 rule4=1 valid_pos=2225624313 valid_pos_pruned_3a=0 valid_pos_pruned_3b=0 memo_rejected=0 memo_forced_evict=0 lufo_passes=0 terminal_spt=319912 terminal_edd=1612932 memo_peak=12162898 memo_final=12162898 memo_evictions=0 memo_clean_time_ms=0 reconstruction_time_ms=3.5727 reconstruction_repairs=0 reconstruction_trace_hits=514 reconstruction_trace_fallbacks=0 memo_used_mb=3155.05 memo_bytes_per_entry=272,[run] n=900 seed=0 input=D:\test2\results\memo_backend_no_gate\data\900\SDT_900_0.2_0.6_1.txt decomp=adaptive memo_backend=std_unordered use_ub=0 use_lb=0 terminal_rules=1 position_filtering_enabled=1 enable_lawler_basic_rules=1 enable_simple_lb=0 enable_lb_memo=0 enable_edd_ub=0 ub_depth_limit=-1 lb_depth_limit=-1 terminal_all_tardy_spt=1 terminal_edd_at_most_one_tardy=1 enable_memo=1 enable_exact_memo=1 memo_full_key_verification=1 memo_memory_limit_mb=12288 cost=3953208 time_ms=139027 nodes=12162898 max_depth=899 memo_hits=2323028 memo_misses=24325795 memo_exact_hits=2323028 memo_lb_hits=0 rule4=1 valid_pos=2225624313 valid_pos_pruned_3a=0 valid_pos_pruned_3b=0 memo_rejected=0 memo_forced_evict=0 lufo_passes=0 terminal_spt=319912 terminal_edd=1612932 memo_peak=12162898 memo_final=12162898 memo_evictions=0 memo_clean_time_ms=0 reconstruction_time_ms=3.6952 reconstruction_repairs=0 reconstruction_trace_hits=514 reconstruction_trace_fallbacks=0 memo_used_mb=3526.23 memo_bytes_per_entry=304,C:\c++\test2\results\memo_backend_no_gate\raw_results.csv,False,0.9333798470800636,0.8947374391347134,True,True
900,0.2,0.6,1,D:\test2\results\memo_backend_no_gate\data\900\SDT_900_0.2_0.6_2.txt,12288,1200,SOLVED,SOLVED,MATCH,True,True,True,900,900,3953035,3953035,3953035,3953035,155486.0,165761.0,1.066083,155758.29,170942.079,1.097483,14049409,14049409,True,2839652,2839652,28098817,28098817,3644.41,4073.16,0,0,3.92,3.7397,0,0,False,,[run] n=900 seed=1 input=D:\test2\results\memo_backend_no_gate\data\900\SDT_900_0.2_0.6_2.txt decomp=adaptive memo_backend=custom use_ub=0 use_lb=0 terminal_rules=1 position_filtering_enabled=1 enable_lawler_basic_rules=1 enable_simple_lb=0 enable_lb_memo=0 enable_edd_ub=0 ub_depth_limit=-1 lb_depth_limit=-1 terminal_all_tardy_spt=1 terminal_edd_at_most_one_tardy=1 enable_memo=1 enable_exact_memo=1 memo_full_key_verification=1 memo_memory_limit_mb=12288 cost=3953035 time_ms=155486 nodes=14049409 max_depth=899 memo_hits=2839652 memo_misses=28098817 memo_exact_hits=2839652 memo_lb_hits=0 rule4=1 valid_pos=2694641911 valid_pos_pruned_3a=0 valid_pos_pruned_3b=0 memo_rejected=0 memo_forced_evict=0 lufo_passes=0 terminal_spt=461711 terminal_edd=1989588 memo_peak=14049409 memo_final=14049409 memo_evictions=0 memo_clean_time_ms=0 reconstruction_time_ms=3.92 reconstruction_repairs=0 reconstruction_trace_hits=528 reconstruction_trace_fallbacks=0 memo_used_mb=3644.41 memo_bytes_per_entry=272,[run] n=900 seed=1 input=D:\test2\results\memo_backend_no_gate\data\900\SDT_900_0.2_0.6_2.txt decomp=adaptive memo_backend=std_unordered use_ub=0 use_lb=0 terminal_rules=1 position_filtering_enabled=1 enable_lawler_basic_rules=1 enable_simple_lb=0 enable_lb_memo=0 enable_edd_ub=0 ub_depth_limit=-1 lb_depth_limit=-1 terminal_all_tardy_spt=1 terminal_edd_at_most_one_tardy=1 enable_memo=1 enable_exact_memo=1 memo_full_key_verification=1 memo_memory_limit_mb=12288 cost=3953035 time_ms=165761 nodes=14049409 max_depth=899 memo_hits=2839652 memo_misses=28098817 memo_exact_hits=2839652 memo_lb_hits=0 rule4=1 valid_pos=2694641911 valid_pos_pruned_3a=0 valid_pos_pruned_3b=0 memo_rejected=0 memo_forced_evict=0 lufo_passes=0 terminal_spt=461711 terminal_edd=1989588 memo_peak=14049409 memo_final=14049409 memo_evictions=0 memo_clean_time_ms=0 reconstruction_time_ms=3.7397 reconstruction_repairs=0 reconstruction_trace_hits=528 reconstruction_trace_fallbacks=0 memo_used_mb=4073.16 memo_bytes_per_entry=304,C:\c++\test2\results\memo_backend_no_gate\raw_results.csv,False,0.9380131635306255,0.8947377466144222,True,True
900,0.2,0.6,2,D:\test2\results\memo_backend_no_gate\data\900\SDT_900_0.2_0.6_3.txt,12288,1200,SOLVED,SOLVED,MATCH,True,True,True,900,900,3807208,3807208,3807208,3807208,135669.0,144914.0,1.068144,135908.784,149419.941,1.099413,12442850,12442850,True,2614293,2614293,24885699,24885699,3227.67,3607.39,0,0,3.9537,4.009,0,0,False,,[run] n=900 seed=2 input=D:\test2\results\memo_backend_no_gate\data\900\SDT_900_0.2_0.6_3.txt decomp=adaptive memo_backend=custom use_ub=0 use_lb=0 terminal_rules=1 position_filtering_enabled=1 enable_lawler_basic_rules=1 enable_simple_lb=0 enable_lb_memo=0 enable_edd_ub=0 ub_depth_limit=-1 lb_depth_limit=-1 terminal_all_tardy_spt=1 terminal_edd_at_most_one_tardy=1 enable_memo=1 enable_exact_memo=1 memo_full_key_verification=1 memo_memory_limit_mb=12288 cost=3807208 time_ms=135669 nodes=12442850 max_depth=899 memo_hits=2614293 memo_misses=24885699 memo_exact_hits=2614293 memo_lb_hits=0 rule4=1 valid_pos=2367555919 valid_pos_pruned_3a=0 valid_pos_pruned_3b=0 memo_rejected=0 memo_forced_evict=0 lufo_passes=0 terminal_spt=314933 terminal_edd=1881149 memo_peak=12442850 memo_final=12442850 memo_evictions=0 memo_clean_time_ms=0 reconstruction_time_ms=3.9537 reconstruction_repairs=0 reconstruction_trace_hits=567 reconstruction_trace_fallbacks=0 memo_used_mb=3227.67 memo_bytes_per_entry=272,[run] n=900 seed=2 input=D:\test2\results\memo_backend_no_gate\data\900\SDT_900_0.2_0.6_3.txt decomp=adaptive memo_backend=std_unordered use_ub=0 use_lb=0 terminal_rules=1 position_filtering_enabled=1 enable_lawler_basic_rules=1 enable_simple_lb=0 enable_lb_memo=0 enable_edd_ub=0 ub_depth_limit=-1 lb_depth_limit=-1 terminal_all_tardy_spt=1 terminal_edd_at_most_one_tardy=1 enable_memo=1 enable_exact_memo=1 memo_full_key_verification=1 memo_memory_limit_mb=12288 cost=3807208 time_ms=144914 nodes=12442850 max_depth=899 memo_hits=2614293 memo_misses=24885699 memo_exact_hits=2614293 memo_lb_hits=0 rule4=1 valid_pos=2367555919 valid_pos_pruned_3a=0 valid_pos_pruned_3b=0 memo_rejected=0 memo_forced_evict=0 lufo_passes=0 terminal_spt=314933 terminal_edd=1881149 memo_peak=12442850 memo_final=12442850 memo_evictions=0 memo_clean_time_ms=0 reconstruction_time_ms=4.009 reconstruction_repairs=0 reconstruction_trace_hits=567 reconstruction_trace_fallbacks=0 memo_used_mb=3607.39 memo_bytes_per_entry=304,C:\c++\test2\results\memo_backend_no_gate\raw_results.csv,False,0.9362035414107678,0.8947383010985782,True,True
900,0.2,0.6,3,D:\test2\results\memo_backend_no_gate\data\900\SDT_900_0.2_0.6_4.txt,12288,1200,SOLVED,SOLVED,MATCH,True,True,True,900,900,3825010,3825010,3825010,3825010,101514.0,110161.0,1.08518,101685.561,113372.998,1.114937,9412975,9412975,True,1904302,1904302,18825949,18825949,2441.72,2728.98,0,0,3.3875,3.2467,0,0,False,,[run] n=900 seed=3 input=D:\test2\results\memo_backend_no_gate\data\900\SDT_900_0.2_0.6_4.txt decomp=adaptive memo_backend=custom use_ub=0 use_lb=0 terminal_rules=1 position_filtering_enabled=1 enable_lawler_basic_rules=1 enable_simple_lb=0 enable_lb_memo=0 enable_edd_ub=0 ub_depth_limit=-1 lb_depth_limit=-1 terminal_all_tardy_spt=1 terminal_edd_at_most_one_tardy=1 enable_memo=1 enable_exact_memo=1 memo_full_key_verification=1 memo_memory_limit_mb=12288 cost=3825010 time_ms=101514 nodes=9412975 max_depth=899 memo_hits=1904302 memo_misses=18825949 memo_exact_hits=1904302 memo_lb_hits=0 rule4=1 valid_pos=1721331498 valid_pos_pruned_3a=0 valid_pos_pruned_3b=0 memo_rejected=0 memo_forced_evict=0 lufo_passes=0 terminal_spt=255033 terminal_edd=1227700 memo_peak=9412975 memo_final=9412975 memo_evictions=0 memo_clean_time_ms=0 reconstruction_time_ms=3.3875 reconstruction_repairs=0 reconstruction_trace_hits=501 reconstruction_trace_fallbacks=0 memo_used_mb=2441.72 memo_bytes_per_entry=272,[run] n=900 seed=3 input=D:\test2\results\memo_backend_no_gate\data\900\SDT_900_0.2_0.6_4.txt decomp=adaptive memo_backend=std_unordered use_ub=0 use_lb=0 terminal_rules=1 position_filtering_enabled=1 enable_lawler_basic_rules=1 enable_simple_lb=0 enable_lb_memo=0 enable_edd_ub=0 ub_depth_limit=-1 lb_depth_limit=-1 terminal_all_tardy_spt=1 terminal_edd_at_most_one_tardy=1 enable_memo=1 enable_exact_memo=1 memo_full_key_verification=1 memo_memory_limit_mb=12288 cost=3825010 time_ms=110161 nodes=9412975 max_depth=899 memo_hits=1904302 memo_misses=18825949 memo_exact_hits=1904302 memo_lb_hits=0 rule4=1 valid_pos=1721331498 valid_pos_pruned_3a=0 valid_pos_pruned_3b=0 memo_rejected=0 memo_forced_evict=0 lufo_passes=0 terminal_spt=255033 terminal_edd=1227700 memo_peak=9412975 memo_final=9412975 memo_evictions=0 memo_clean_time_ms=0 reconstruction_time_ms=3.2467 reconstruction_repairs=0 reconstruction_trace_hits=501 reconstruction_trace_fallbacks=0 memo_used_mb=2728.98 memo_bytes_per_entry=304,C:\c++\test2\results\memo_backend_no_gate\raw_results.csv,False,0.9215057960621272,0.8947372278287125,True,True
900,0.2,0.6,4,D:\test2\results\memo_backend_no_gate\data\900\SDT_900_0.2_0.6_5.txt,12288,1200,SOLVED,SOLVED,MATCH,True,True,True,900,900,3969702,3969702,3969702,3969702,155870.0,166495.0,1.068166,156088.69,171639.12,1.099626,14160464,14160464,True,2824772,2824772,28320927,28320927,3673.22,4105.36,0,0,3.9985,3.9275,0,0,False,,[run] n=900 seed=4 input=D:\test2\results\memo_backend_no_gate\data\900\SDT_900_0.2_0.6_5.txt decomp=adaptive memo_backend=custom use_ub=0 use_lb=0 terminal_rules=1 position_filtering_enabled=1 enable_lawler_basic_rules=1 enable_simple_lb=0 enable_lb_memo=0 enable_edd_ub=0 ub_depth_limit=-1 lb_depth_limit=-1 terminal_all_tardy_spt=1 terminal_edd_at_most_one_tardy=1 enable_memo=1 enable_exact_memo=1 memo_full_key_verification=1 memo_memory_limit_mb=12288 cost=3969702 time_ms=155870 nodes=14160464 max_depth=899 memo_hits=2824772 memo_misses=28320927 memo_exact_hits=2824772 memo_lb_hits=0 rule4=1 valid_pos=2628557412 valid_pos_pruned_3a=0 valid_pos_pruned_3b=0 memo_rejected=0 memo_forced_evict=0 lufo_passes=0 terminal_spt=399048 terminal_edd=1802190 memo_peak=14160464 memo_final=14160464 memo_evictions=0 memo_clean_time_ms=0 reconstruction_time_ms=3.9985 reconstruction_repairs=0 reconstruction_trace_hits=552 reconstruction_trace_fallbacks=0 memo_used_mb=3673.22 memo_bytes_per_entry=272,[run] n=900 seed=4 input=D:\test2\results\memo_backend_no_gate\data\900\SDT_900_0.2_0.6_5.txt decomp=adaptive memo_backend=std_unordered use_ub=0 use_lb=0 terminal_rules=1 position_filtering_enabled=1 enable_lawler_basic_rules=1 enable_simple_lb=0 enable_lb_memo=0 enable_edd_ub=0 ub_depth_limit=-1 lb_depth_limit=-1 terminal_all_tardy_spt=1 terminal_edd_at_most_one_tardy=1 enable_memo=1 enable_exact_memo=1 memo_full_key_verification=1 memo_memory_limit_mb=12288 cost=3969702 time_ms=166495 nodes=14160464 max_depth=899 memo_hits=2824772 memo_misses=28320927 memo_exact_hits=2824772 memo_lb_hits=0 rule4=1 valid_pos=2628557412 valid_pos_pruned_3a=0 valid_pos_pruned_3b=0 memo_rejected=0 memo_forced_evict=0 lufo_passes=0 terminal_spt=399048 terminal_edd=1802190 memo_peak=14160464 memo_final=14160464 memo_evictions=0 memo_clean_time_ms=0 reconstruction_time_ms=3.9275 reconstruction_repairs=0 reconstruction_trace_hits=552 reconstruction_trace_fallbacks=0 memo_used_mb=4105.36 memo_bytes_per_entry=304,C:\c++\test2\results\memo_backend_no_gate\raw_results.csv,False,0.9361842697978918,0.8947376113178869,True,True
900,0.2,0.6,5,D:\test2\results\memo_backend_no_gate\data\900\SDT_900_0.2_0.6_6.txt,12288,1200,SOLVED,SOLVED,MATCH,True,True,True,900,900,3882717,3882717,3882717,3882717,137453.0,144169.0,1.04886,137730.079,148604.161,1.078952,13154037,13154037,True,2704315,2704315,26308073,26308073,3412.15,3813.58,0,0,4.4029,4.2333,0,0,False,,[run] n=900 seed=5 input=D:\test2\results\memo_backend_no_gate\data\900\SDT_900_0.2_0.6_6.txt decomp=adaptive memo_backend=custom use_ub=0 use_lb=0 terminal_rules=1 position_filtering_enabled=1 enable_lawler_basic_rules=1 enable_simple_lb=0 enable_lb_memo=0 enable_edd_ub=0 ub_depth_limit=-1 lb_depth_limit=-1 terminal_all_tardy_spt=1 terminal_edd_at_most_one_tardy=1 enable_memo=1 enable_exact_memo=1 memo_full_key_verification=1 memo_memory_limit_mb=12288 cost=3882717 time_ms=137453 nodes=13154037 max_depth=899 memo_hits=2704315 memo_misses=26308073 memo_exact_hits=2704315 memo_lb_hits=0 rule4=1 valid_pos=2398735142 valid_pos_pruned_3a=0 valid_pos_pruned_3b=0 memo_rejected=0 memo_forced_evict=0 lufo_passes=0 terminal_spt=427055 terminal_edd=1898990 memo_peak=13154037 memo_final=13154037 memo_evictions=0 memo_clean_time_ms=0 reconstruction_time_ms=4.4029 reconstruction_repairs=0 reconstruction_trace_hits=609 reconstruction_trace_fallbacks=0 memo_used_mb=3412.15 memo_bytes_per_entry=272,[run] n=900 seed=5 input=D:\test2\results\memo_backend_no_gate\data\900\SDT_900_0.2_0.6_6.txt decomp=adaptive memo_backend=std_unordered use_ub=0 use_lb=0 terminal_rules=1 position_filtering_enabled=1 enable_lawler_basic_rules=1 enable_simple_lb=0 enable_lb_memo=0 enable_edd_ub=0 ub_depth_limit=-1 lb_depth_limit=-1 terminal_all_tardy_spt=1 terminal_edd_at_most_one_tardy=1 enable_memo=1 enable_exact_memo=1 memo_full_key_verification=1 memo_memory_limit_mb=12288 cost=3882717 time_ms=144169 nodes=13154037 max_depth=899 memo_hits=2704315 memo_misses=26308073 memo_exact_hits=2704315 memo_lb_hits=0 rule4=1 valid_pos=2398735142 valid_pos_pruned_3a=0 valid_pos_pruned_3b=0 memo_rejected=0 memo_forced_evict=0 lufo_passes=0 terminal_spt=427055 terminal_edd=1898990 memo_peak=13154037 memo_final=13154037 memo_evictions=0 memo_clean_time_ms=0 reconstruction_time_ms=4.2333 reconstruction_repairs=0 reconstruction_trace_hits=609 reconstruction_trace_fallbacks=0 memo_used_mb=3813.58 memo_bytes_per_entry=304,C:\c++\test2\results\memo_backend_no_gate\raw_results.csv,False,0.9534157828659421,0.8947367040943156,True,True
900,0.2,0.6,6,D:\test2\results\memo_backend_no_gate\data\900\SDT_900_0.2_0.6_7.txt,12288,1200,SOLVED,SOLVED,MATCH,True,True,True,900,900,3701036,3701036,3701036,3701036,119526.0,128634.0,1.076201,119775.729,132339.771,1.104896,11459394,11459394,True,2209759,2209759,22918787,22918787,2972.56,3322.27,0,0,3.8904,3.8971,0,0,False,,[run] n=900 seed=6 input=D:\test2\results\memo_backend_no_gate\data\900\SDT_900_0.2_0.6_7.txt decomp=adaptive memo_backend=custom use_ub=0 use_lb=0 terminal_rules=1 position_filtering_enabled=1 enable_lawler_basic_rules=1 enable_simple_lb=0 enable_lb_memo=0 enable_edd_ub=0 ub_depth_limit=-1 lb_depth_limit=-1 terminal_all_tardy_spt=1 terminal_edd_at_most_one_tardy=1 enable_memo=1 enable_exact_memo=1 memo_full_key_verification=1 memo_memory_limit_mb=12288 cost=3701036 time_ms=119526 nodes=11459394 max_depth=899 memo_hits=2209759 memo_misses=22918787 memo_exact_hits=2209759 memo_lb_hits=0 rule4=1 valid_pos=2091227257 valid_pos_pruned_3a=0 valid_pos_pruned_3b=0 memo_rejected=0 memo_forced_evict=0 lufo_passes=0 terminal_spt=383063 terminal_edd=1479142 memo_peak=11459394 memo_final=11459394 memo_evictions=0 memo_clean_time_ms=0 reconstruction_time_ms=3.8904 reconstruction_repairs=0 reconstruction_trace_hits=570 reconstruction_trace_fallbacks=0 memo_used_mb=2972.56 memo_bytes_per_entry=272,[run] n=900 seed=6 input=D:\test2\results\memo_backend_no_gate\data\900\SDT_900_0.2_0.6_7.txt decomp=adaptive memo_backend=std_unordered use_ub=0 use_lb=0 terminal_rules=1 position_filtering_enabled=1 enable_lawler_basic_rules=1 enable_simple_lb=0 enable_lb_memo=0 enable_edd_ub=0 ub_depth_limit=-1 lb_depth_limit=-1 terminal_all_tardy_spt=1 terminal_edd_at_most_one_tardy=1 enable_memo=1 enable_exact_memo=1 memo_full_key_verification=1 memo_memory_limit_mb=12288 cost=3701036 time_ms=128634 nodes=11459394 max_depth=899 memo_hits=2209759 memo_misses=22918787 memo_exact_hits=2209759 memo_lb_hits=0 rule4=1 valid_pos=2091227257 valid_pos_pruned_3a=0 valid_pos_pruned_3b=0 memo_rejected=0 memo_forced_evict=0 lufo_passes=0 terminal_spt=383063 terminal_edd=1479142 memo_peak=11459394 memo_final=11459394 memo_evictions=0 memo_clean_time_ms=0 reconstruction_time_ms=3.8971 reconstruction_repairs=0 reconstruction_trace_hits=570 reconstruction_trace_fallbacks=0 memo_used_mb=3322.27 memo_bytes_per_entry=304,C:\c++\test2\results\memo_backend_no_gate\raw_results.csv,False,0.9291944586967675,0.8947376342079362,True,True
900,0.2,0.6,7,D:\test2\results\memo_backend_no_gate\data\900\SDT_900_0.2_0.6_8.txt,12288,1200,SOLVED,SOLVED,MATCH,True,True,True,900,900,3564708,3564708,3564708,3564708,105798.0,115181.0,1.088688,106028.871,118439.524,1.11705,10124925,10124925,True,2000960,2000960,20249849,20249849,2626.4,2935.39,0,0,4.1706,4.2328,0,0,False,,[run] n=900 seed=7 input=D:\test2\results\memo_backend_no_gate\data\900\SDT_900_0.2_0.6_8.txt decomp=adaptive memo_backend=custom use_ub=0 use_lb=0 terminal_rules=1 position_filtering_enabled=1 enable_lawler_basic_rules=1 enable_simple_lb=0 enable_lb_memo=0 enable_edd_ub=0 ub_depth_limit=-1 lb_depth_limit=-1 terminal_all_tardy_spt=1 terminal_edd_at_most_one_tardy=1 enable_memo=1 enable_exact_memo=1 memo_full_key_verification=1 memo_memory_limit_mb=12288 cost=3564708 time_ms=105798 nodes=10124925 max_depth=899 memo_hits=2000960 memo_misses=20249849 memo_exact_hits=2000960 memo_lb_hits=0 rule4=1 valid_pos=1854524920 valid_pos_pruned_3a=0 valid_pos_pruned_3b=0 memo_rejected=0 memo_forced_evict=0 lufo_passes=0 terminal_spt=330267 terminal_edd=1360230 memo_peak=10124925 memo_final=10124925 memo_evictions=0 memo_clean_time_ms=0 reconstruction_time_ms=4.1706 reconstruction_repairs=0 reconstruction_trace_hits=585 reconstruction_trace_fallbacks=0 memo_used_mb=2626.4 memo_bytes_per_entry=272,[run] n=900 seed=7 input=D:\test2\results\memo_backend_no_gate\data\900\SDT_900_0.2_0.6_8.txt decomp=adaptive memo_backend=std_unordered use_ub=0 use_lb=0 terminal_rules=1 position_filtering_enabled=1 enable_lawler_basic_rules=1 enable_simple_lb=0 enable_lb_memo=0 enable_edd_ub=0 ub_depth_limit=-1 lb_depth_limit=-1 terminal_all_tardy_spt=1 terminal_edd_at_most_one_tardy=1 enable_memo=1 enable_exact_memo=1 memo_full_key_verification=1 memo_memory_limit_mb=12288 cost=3564708 time_ms=115181 nodes=10124925 max_depth=899 memo_hits=2000960 memo_misses=20249849 memo_exact_hits=2000960 memo_lb_hits=0 rule4=1 valid_pos=1854524920 valid_pos_pruned_3a=0 valid_pos_pruned_3b=0 memo_rejected=0 memo_forced_evict=0 lufo_passes=0 terminal_spt=330267 terminal_edd=1360230 memo_peak=10124925 memo_final=10124925 memo_evictions=0 memo_clean_time_ms=0 reconstruction_time_ms=4.2328 reconstruction_repairs=0 reconstruction_trace_hits=585 reconstruction_trace_fallbacks=0 memo_used_mb=2935.39 memo_bytes_per_entry=304,C:\c++\test2\results\memo_backend_no_gate\raw_results.csv,False,0.9185369114697737,0.8947363042048928,True,True
900,0.2,0.6,8,D:\test2\results\memo_backend_no_gate\data\900\SDT_900_0.2_0.6_9.txt,12288,1200,SOLVED,SOLVED,MATCH,True,True,True,900,900,3608732,3608732,3608732,3608732,119063.0,128012.0,1.075162,119333.414,131832.371,1.10474,11727425,11727425,True,2509897,2509897,23454849,23454849,3042.09,3399.98,0,0,4.2087,4.0224,0,0,False,,[run] n=900 seed=8 input=D:\test2\results\memo_backend_no_gate\data\900\SDT_900_0.2_0.6_9.txt decomp=adaptive memo_backend=custom use_ub=0 use_lb=0 terminal_rules=1 position_filtering_enabled=1 enable_lawler_basic_rules=1 enable_simple_lb=0 enable_lb_memo=0 enable_edd_ub=0 ub_depth_limit=-1 lb_depth_limit=-1 terminal_all_tardy_spt=1 terminal_edd_at_most_one_tardy=1 enable_memo=1 enable_exact_memo=1 memo_full_key_verification=1 memo_memory_limit_mb=12288 cost=3608732 time_ms=119063 nodes=11727425 max_depth=899 memo_hits=2509897 memo_misses=23454849 memo_exact_hits=2509897 memo_lb_hits=0 rule4=1 valid_pos=2153039249 valid_pos_pruned_3a=0 valid_pos_pruned_3b=0 memo_rejected=0 memo_forced_evict=0 lufo_passes=0 terminal_spt=396389 terminal_edd=1751025 memo_peak=11727425 memo_final=11727425 memo_evictions=0 memo_clean_time_ms=0 reconstruction_time_ms=4.2087 reconstruction_repairs=0 reconstruction_trace_hits=580 reconstruction_trace_fallbacks=0 memo_used_mb=3042.09 memo_bytes_per_entry=272,[run] n=900 seed=8 input=D:\test2\results\memo_backend_no_gate\data\900\SDT_900_0.2_0.6_9.txt decomp=adaptive memo_backend=std_unordered use_ub=0 use_lb=0 terminal_rules=1 position_filtering_enabled=1 enable_lawler_basic_rules=1 enable_simple_lb=0 enable_lb_memo=0 enable_edd_ub=0 ub_depth_limit=-1 lb_depth_limit=-1 terminal_all_tardy_spt=1 terminal_edd_at_most_one_tardy=1 enable_memo=1 enable_exact_memo=1 memo_full_key_verification=1 memo_memory_limit_mb=12288 cost=3608732 time_ms=128012 nodes=11727425 max_depth=899 memo_hits=2509897 memo_misses=23454849 memo_exact_hits=2509897 memo_lb_hits=0 rule4=1 valid_pos=2153039249 valid_pos_pruned_3a=0 valid_pos_pruned_3b=0 memo_rejected=0 memo_forced_evict=0 lufo_passes=0 terminal_spt=396389 terminal_edd=1751025 memo_peak=11727425 memo_final=11727425 memo_evictions=0 memo_clean_time_ms=0 reconstruction_time_ms=4.0224 reconstruction_repairs=0 reconstruction_trace_hits=580 reconstruction_trace_fallbacks=0 memo_used_mb=3399.98 memo_bytes_per_entry=304,C:\c++\test2\results\memo_backend_no_gate\raw_results.csv,False,0.9300924913289379,0.8947376161036241,True,True
900,0.2,0.6,9,D:\test2\results\memo_backend_no_gate\data\900\SDT_900_0.2_0.6_10.txt,12288,1200,SOLVED,SOLVED,MATCH,True,True,True,900,900,3685524,3685524,3685524,3685524,154510.0,165484.0,1.071025,154832.825,170401.178,1.100549,14430264,14430264,True,2848399,2848399,28860527,28860527,3743.2,4183.58,0,0,3.5147,3.4831,0,0,False,,[run] n=900 seed=9 input=D:\test2\results\memo_backend_no_gate\data\900\SDT_900_0.2_0.6_10.txt decomp=adaptive memo_backend=custom use_ub=0 use_lb=0 terminal_rules=1 position_filtering_enabled=1 enable_lawler_basic_rules=1 enable_simple_lb=0 enable_lb_memo=0 enable_edd_ub=0 ub_depth_limit=-1 lb_depth_limit=-1 terminal_all_tardy_spt=1 terminal_edd_at_most_one_tardy=1 enable_memo=1 enable_exact_memo=1 memo_full_key_verification=1 memo_memory_limit_mb=12288 cost=3685524 time_ms=154510 nodes=14430264 max_depth=899 memo_hits=2848399 memo_misses=28860527 memo_exact_hits=2848399 memo_lb_hits=0 rule4=1 valid_pos=2741749599 valid_pos_pruned_3a=0 valid_pos_pruned_3b=0 memo_rejected=0 memo_forced_evict=0 lufo_passes=0 terminal_spt=431044 terminal_edd=2043023 memo_peak=14430264 memo_final=14430264 memo_evictions=0 memo_clean_time_ms=0 reconstruction_time_ms=3.5147 reconstruction_repairs=0 reconstruction_trace_hits=501 reconstruction_trace_fallbacks=0 memo_used_mb=3743.2 memo_bytes_per_entry=272,[run] n=900 seed=9 input=D:\test2\results\memo_backend_no_gate\data\900\SDT_900_0.2_0.6_10.txt decomp=adaptive memo_backend=std_unordered use_ub=0 use_lb=0 terminal_rules=1 position_filtering_enabled=1 enable_lawler_basic_rules=1 enable_simple_lb=0 enable_lb_memo=0 enable_edd_ub=0 ub_depth_limit=-1 lb_depth_limit=-1 terminal_all_tardy_spt=1 terminal_edd_at_most_one_tardy=1 enable_memo=1 enable_exact_memo=1 memo_full_key_verification=1 memo_memory_limit_mb=12288 cost=3685524 time_ms=165484 nodes=14430264 max_depth=899 memo_hits=2848399 memo_misses=28860527 memo_exact_hits=2848399 memo_lb_hits=0 rule4=1 valid_pos=2741749599 valid_pos_pruned_3a=0 valid_pos_pruned_3b=0 memo_rejected=0 memo_forced_evict=0 lufo_passes=0 terminal_spt=431044 terminal_edd=2043023 memo_peak=14430264 memo_final=14430264 memo_evictions=0 memo_clean_time_ms=0 reconstruction_time_ms=3.4831 reconstruction_repairs=0 reconstruction_trace_hits=501 reconstruction_trace_fallbacks=0 memo_used_mb=4183.58 memo_bytes_per_entry=304,C:\c++\test2\results\memo_backend_no_gate\raw_results.csv,False,0.9336854318242247,0.8947360872745351,True,True
900,0.2,0.4,0,D:\test2\results\memo_backend_no_gate\data\900\SDT_900_0.2_0.4_1.txt,12288,1200,SOLVED,SOLVED,MATCH,True,True,True,900,900,1418873,1418873,1418873,1418873,67097.6,72456.1,1.079861,67283.436,74936.217,1.113739,8084222,8084222,True,1618787,1618787,16168443,16168443,2097.04,2343.75,0,0,2.0571,2.2014,0,0,False,,[run] n=900 seed=0 input=D:\test2\results\memo_backend_no_gate\data\900\SDT_900_0.2_0.4_1.txt decomp=adaptive memo_backend=custom use_ub=0 use_lb=0 terminal_rules=1 position_filtering_enabled=1 enable_lawler_basic_rules=1 enable_simple_lb=0 enable_lb_memo=0 enable_edd_ub=0 ub_depth_limit=-1 lb_depth_limit=-1 terminal_all_tardy_spt=1 terminal_edd_at_most_one_tardy=1 enable_memo=1 enable_exact_memo=1 memo_full_key_verification=1 memo_memory_limit_mb=12288 cost=1418873 time_ms=67097.6 nodes=8084222 max_depth=899 memo_hits=1618787 memo_misses=16168443 memo_exact_hits=1618787 memo_lb_hits=0 rule4=1 valid_pos=1091237177 valid_pos_pruned_3a=0 valid_pos_pruned_3b=0 memo_rejected=0 memo_forced_evict=0 lufo_passes=0 terminal_spt=253354 terminal_edd=1159334 memo_peak=8084222 memo_final=8084222 memo_evictions=0 memo_clean_time_ms=0 reconstruction_time_ms=2.0571 reconstruction_repairs=0 reconstruction_trace_hits=382 reconstruction_trace_fallbacks=0 memo_used_mb=2097.04 memo_bytes_per_entry=272,[run] n=900 seed=0 input=D:\test2\results\memo_backend_no_gate\data\900\SDT_900_0.2_0.4_1.txt decomp=adaptive memo_backend=std_unordered use_ub=0 use_lb=0 terminal_rules=1 position_filtering_enabled=1 enable_lawler_basic_rules=1 enable_simple_lb=0 enable_lb_memo=0 enable_edd_ub=0 ub_depth_limit=-1 lb_depth_limit=-1 terminal_all_tardy_spt=1 terminal_edd_at_most_one_tardy=1 enable_memo=1 enable_exact_memo=1 memo_full_key_verification=1 memo_memory_limit_mb=12288 cost=1418873 time_ms=72456.1 nodes=8084222 max_depth=899 memo_hits=1618787 memo_misses=16168443 memo_exact_hits=1618787 memo_lb_hits=0 rule4=1 valid_pos=1091237177 valid_pos_pruned_3a=0 valid_pos_pruned_3b=0 memo_rejected=0 memo_forced_evict=0 lufo_passes=0 terminal_spt=253354 terminal_edd=1159334 memo_peak=8084222 memo_final=8084222 memo_evictions=0 memo_clean_time_ms=0 reconstruction_time_ms=2.2014 reconstruction_repairs=0 reconstruction_trace_hits=382 reconstruction_trace_fallbacks=0 memo_used_mb=2343.75 memo_bytes_per_entry=304,C:\c++\test2\results\memo_backend_no_gate\raw_results.csv,False,0.9260448740685739,0.8947370666666666,True,True
900,0.2,0.4,1,D:\test2\results\memo_backend_no_gate\data\900\SDT_900_0.2_0.4_2.txt,12288,1200,SOLVED,SOLVED,MATCH,True,True,True,900,900,1405474,1405474,1405474,1405474,55278.2,60357.5,1.091886,55451.003,62556.332,1.128137,7322474,7322474,True,1622069,1622069,14644947,14644947,1899.45,2122.91,0,0,1.8379,1.8801,0,0,False,,[run] n=900 seed=1 input=D:\test2\results\memo_backend_no_gate\data\900\SDT_900_0.2_0.4_2.txt decomp=adaptive memo_backend=custom use_ub=0 use_lb=0 terminal_rules=1 position_filtering_enabled=1 enable_lawler_basic_rules=1 enable_simple_lb=0 enable_lb_memo=0 enable_edd_ub=0 ub_depth_limit=-1 lb_depth_limit=-1 terminal_all_tardy_spt=1 terminal_edd_at_most_one_tardy=1 enable_memo=1 enable_exact_memo=1 memo_full_key_verification=1 memo_memory_limit_mb=12288 cost=1405474 time_ms=55278.2 nodes=7322474 max_depth=899 memo_hits=1622069 memo_misses=14644947 memo_exact_hits=1622069 memo_lb_hits=0 rule4=1 valid_pos=903005646 valid_pos_pruned_3a=0 valid_pos_pruned_3b=0 memo_rejected=0 memo_forced_evict=0 lufo_passes=0 terminal_spt=175240 terminal_edd=1268721 memo_peak=7322474 memo_final=7322474 memo_evictions=0 memo_clean_time_ms=0 reconstruction_time_ms=1.8379 reconstruction_repairs=0 reconstruction_trace_hits=301 reconstruction_trace_fallbacks=0 memo_used_mb=1899.45 memo_bytes_per_entry=272,[run] n=900 seed=1 input=D:\test2\results\memo_backend_no_gate\data\900\SDT_900_0.2_0.4_2.txt decomp=adaptive memo_backend=std_unordered use_ub=0 use_lb=0 terminal_rules=1 position_filtering_enabled=1 enable_lawler_basic_rules=1 enable_simple_lb=0 enable_lb_memo=0 enable_edd_ub=0 ub_depth_limit=-1 lb_depth_limit=-1 terminal_all_tardy_spt=1 terminal_edd_at_most_one_tardy=1 enable_memo=1 enable_exact_memo=1 memo_full_key_verification=1 memo_memory_limit_mb=12288 cost=1405474 time_ms=60357.5 nodes=7322474 max_depth=899 memo_hits=1622069 memo_misses=14644947 memo_exact_hits=1622069 memo_lb_hits=0 rule4=1 valid_pos=903005646 valid_pos_pruned_3a=0 valid_pos_pruned_3b=0 memo_rejected=0 memo_forced_evict=0 lufo_passes=0 terminal_spt=175240 terminal_edd=1268721 memo_peak=7322474 memo_final=7322474 memo_evictions=0 memo_clean_time_ms=0 reconstruction_time_ms=1.8801 reconstruction_repairs=0 reconstruction_trace_hits=301 reconstruction_trace_fallbacks=0 memo_used_mb=2122.91 memo_bytes_per_entry=304,C:\c++\test2\results\memo_backend_no_gate\raw_results.csv,False,0.9158464151099697,0.8947388254801194,True,True
900,0.2,0.4,2,D:\test2\results\memo_backend_no_gate\data\900\SDT_900_0.2_0.4_3.txt,12288,1200,SOLVED,SOLVED,MATCH,True,True,True,900,900,1387743,1387743,1387743,1387743,64331.9,69675.9,1.083069,64499.83,72083.883,1.117583,7762177,7762177,True,1694040,1694040,15524353,15524353,2013.5,2250.39,0,0,2.0065,2.2366,0,0,False,,[run] n=900 seed=2 input=D:\test2\results\memo_backend_no_gate\data\900\SDT_900_0.2_0.4_3.txt decomp=adaptive memo_backend=custom use_ub=0 use_lb=0 terminal_rules=1 position_filtering_enabled=1 enable_lawler_basic_rules=1 enable_simple_lb=0 enable_lb_memo=0 enable_edd_ub=0 ub_depth_limit=-1 lb_depth_limit=-1 terminal_all_tardy_spt=1 terminal_edd_at_most_one_tardy=1 enable_memo=1 enable_exact_memo=1 memo_full_key_verification=1 memo_memory_limit_mb=12288 cost=1387743 time_ms=64331.9 nodes=7762177 max_depth=899 memo_hits=1694040 memo_misses=15524353 memo_exact_hits=1694040 memo_lb_hits=0 rule4=1 valid_pos=1113530299 valid_pos_pruned_3a=0 valid_pos_pruned_3b=0 memo_rejected=0 memo_forced_evict=0 lufo_passes=0 terminal_spt=225524 terminal_edd=1228464 memo_peak=7762177 memo_final=7762177 memo_evictions=0 memo_clean_time_ms=0 reconstruction_time_ms=2.0065 reconstruction_repairs=0 reconstruction_trace_hits=376 reconstruction_trace_fallbacks=0 memo_used_mb=2013.5 memo_bytes_per_entry=272,[run] n=900 seed=2 input=D:\test2\results\memo_backend_no_gate\data\900\SDT_900_0.2_0.4_3.txt decomp=adaptive memo_backend=std_unordered use_ub=0 use_lb=0 terminal_rules=1 position_filtering_enabled=1 enable_lawler_basic_rules=1 enable_simple_lb=0 enable_lb_memo=0 enable_edd_ub=0 ub_depth_limit=-1 lb_depth_limit=-1 terminal_all_tardy_spt=1 terminal_edd_at_most_one_tardy=1 enable_memo=1 enable_exact_memo=1 memo_full_key_verification=1 memo_memory_limit_mb=12288 cost=1387743 time_ms=69675.9 nodes=7762177 max_depth=899 memo_hits=1694040 memo_misses=15524353 memo_exact_hits=1694040 memo_lb_hits=0 rule4=1 valid_pos=1113530299 valid_pos_pruned_3a=0 valid_pos_pruned_3b=0 memo_rejected=0 memo_forced_evict=0 lufo_passes=0 terminal_spt=225524 terminal_edd=1228464 memo_peak=7762177 memo_final=7762177 memo_evictions=0 memo_clean_time_ms=0 reconstruction_time_ms=2.2366 reconstruction_repairs=0 reconstruction_trace_hits=376 reconstruction_trace_fallbacks=0 memo_used_mb=2250.39 memo_bytes_per_entry=304,C:\c++\test2\results\memo_backend_no_gate\raw_results.csv,False,0.9233020312618855,0.8947338016965949,True,True
900,0.2,0.4,3,D:\test2\results\memo_backend_no_gate\data\900\SDT_900_0.2_0.4_4.txt,12288,1200,SOLVED,SOLVED,MATCH,True,True,True,900,900,1393004,1393004,1393004,1393004,63641.1,69078.0,1.085431,63822.37,71564.128,1.121302,8063029,8063029,True,1877452,1877452,16126057,16126057,2091.54,2337.61,0,0,1.9465,2.335,0,0,False,,[run] n=900 seed=3 input=D:\test2\results\memo_backend_no_gate\data\900\SDT_900_0.2_0.4_4.txt decomp=adaptive memo_backend=custom use_ub=0 use_lb=0 terminal_rules=1 position_filtering_enabled=1 enable_lawler_basic_rules=1 enable_simple_lb=0 enable_lb_memo=0 enable_edd_ub=0 ub_depth_limit=-1 lb_depth_limit=-1 terminal_all_tardy_spt=1 terminal_edd_at_most_one_tardy=1 enable_memo=1 enable_exact_memo=1 memo_full_key_verification=1 memo_memory_limit_mb=12288 cost=1393004 time_ms=63641.1 nodes=8063029 max_depth=899 memo_hits=1877452 memo_misses=16126057 memo_exact_hits=1877452 memo_lb_hits=0 rule4=1 valid_pos=1046961089 valid_pos_pruned_3a=0 valid_pos_pruned_3b=0 memo_rejected=0 memo_forced_evict=0 lufo_passes=0 terminal_spt=186266 terminal_edd=1465484 memo_peak=8063029 memo_final=8063029 memo_evictions=0 memo_clean_time_ms=0 reconstruction_time_ms=1.9465 reconstruction_repairs=0 reconstruction_trace_hits=355 reconstruction_trace_fallbacks=0 memo_used_mb=2091.54 memo_bytes_per_entry=272,[run] n=900 seed=3 input=D:\test2\results\memo_backend_no_gate\data\900\SDT_900_0.2_0.4_4.txt decomp=adaptive memo_backend=std_unordered use_ub=0 use_lb=0 terminal_rules=1 position_filtering_enabled=1 enable_lawler_basic_rules=1 enable_simple_lb=0 enable_lb_memo=0 enable_edd_ub=0 ub_depth_limit=-1 lb_depth_limit=-1 terminal_all_tardy_spt=1 terminal_edd_at_most_one_tardy=1 enable_memo=1 enable_exact_memo=1 memo_full_key_verification=1 memo_memory_limit_mb=12288 cost=1393004 time_ms=69078 nodes=8063029 max_depth=899 memo_hits=1877452 memo_misses=16126057 memo_exact_hits=1877452 memo_lb_hits=0 rule4=1 valid_pos=1046961089 valid_pos_pruned_3a=0 valid_pos_pruned_3b=0 memo_rejected=0 memo_forced_evict=0 lufo_passes=0 terminal_spt=186266 terminal_edd=1465484 memo_peak=8063029 memo_final=8063029 memo_evictions=0 memo_clean_time_ms=0 reconstruction_time_ms=2.335 reconstruction_repairs=0 reconstruction_trace_hits=355 reconstruction_trace_fallbacks=0 memo_used_mb=2337.61 memo_bytes_per_entry=304,C:\c++\test2\results\memo_backend_no_gate\raw_results.csv,False,0.921293320594111,0.8947343654416262,True,True
900,0.2,0.4,4,D:\test2\results\memo_backend_no_gate\data\900\SDT_900_0.2_0.4_5.txt,12288,1200,SOLVED,SOLVED,MATCH,True,True,True,900,900,1438867,1438867,1438867,1438867,67143.0,72439.7,1.078887,67325.805,74832.179,1.111493,7850146,7850146,True,1813080,1813080,15700291,15700291,2036.32,2275.89,0,0,2.6951,2.8605,0,0,False,,[run] n=900 seed=4 input=D:\test2\results\memo_backend_no_gate\data\900\SDT_900_0.2_0.4_5.txt decomp=adaptive memo_backend=custom use_ub=0 use_lb=0 terminal_rules=1 position_filtering_enabled=1 enable_lawler_basic_rules=1 enable_simple_lb=0 enable_lb_memo=0 enable_edd_ub=0 ub_depth_limit=-1 lb_depth_limit=-1 terminal_all_tardy_spt=1 terminal_edd_at_most_one_tardy=1 enable_memo=1 enable_exact_memo=1 memo_full_key_verification=1 memo_memory_limit_mb=12288 cost=1438867 time_ms=67143 nodes=7850146 max_depth=899 memo_hits=1813080 memo_misses=15700291 memo_exact_hits=1813080 memo_lb_hits=0 rule4=1 valid_pos=1127143725 valid_pos_pruned_3a=0 valid_pos_pruned_3b=0 memo_rejected=0 memo_forced_evict=0 lufo_passes=0 terminal_spt=198249 terminal_edd=1310453 memo_peak=7850146 memo_final=7850146 memo_evictions=0 memo_clean_time_ms=0 reconstruction_time_ms=2.6951 reconstruction_repairs=0 reconstruction_trace_hits=449 reconstruction_trace_fallbacks=0 memo_used_mb=2036.32 memo_bytes_per_entry=272,[run] n=900 seed=4 input=D:\test2\results\memo_backend_no_gate\data\900\SDT_900_0.2_0.4_5.txt decomp=adaptive memo_backend=std_unordered use_ub=0 use_lb=0 terminal_rules=1 position_filtering_enabled=1 enable_lawler_basic_rules=1 enable_simple_lb=0 enable_lb_memo=0 enable_edd_ub=0 ub_depth_limit=-1 lb_depth_limit=-1 terminal_all_tardy_spt=1 terminal_edd_at_most_one_tardy=1 enable_memo=1 enable_exact_memo=1 memo_full_key_verification=1 memo_memory_limit_mb=12288 cost=1438867 time_ms=72439.7 nodes=7850146 max_depth=899 memo_hits=1813080 memo_misses=15700291 memo_exact_hits=1813080 memo_lb_hits=0 rule4=1 valid_pos=1127143725 valid_pos_pruned_3a=0 valid_pos_pruned_3b=0 memo_rejected=0 memo_forced_evict=0 lufo_passes=0 terminal_spt=198249 terminal_edd=1310453 memo_peak=7850146 memo_final=7850146 memo_evictions=0 memo_clean_time_ms=0 reconstruction_time_ms=2.8605 reconstruction_repairs=0 reconstruction_trace_hits=449 reconstruction_trace_fallbacks=0 memo_used_mb=2275.89 memo_bytes_per_entry=304,C:\c++\test2\results\memo_backend_no_gate\raw_results.csv,False,0.9268812543398165,0.8947356858196135,True,True
900,0.2,0.4,5,D:\test2\results\memo_backend_no_gate\data\900\SDT_900_0.2_0.4_6.txt,12288,1200,SOLVED,SOLVED,MATCH,True,True,True,900,900,1419716,1419716,1419716,1419716,68199.5,74118.0,1.086782,68389.628,76924.582,1.124799,8174012,8174012,True,1751620,1751620,16348023,16348023,2120.33,2369.78,0,0,2.5303,2.5371,0,0,False,,[run] n=900 seed=5 input=D:\test2\results\memo_backend_no_gate\data\900\SDT_900_0.2_0.4_6.txt decomp=adaptive memo_backend=custom use_ub=0 use_lb=0 terminal_rules=1 position_filtering_enabled=1 enable_lawler_basic_rules=1 enable_simple_lb=0 enable_lb_memo=0 enable_edd_ub=0 ub_depth_limit=-1 lb_depth_limit=-1 terminal_all_tardy_spt=1 terminal_edd_at_most_one_tardy=1 enable_memo=1 enable_exact_memo=1 memo_full_key_verification=1 memo_memory_limit_mb=12288 cost=1419716 time_ms=68199.5 nodes=8174012 max_depth=899 memo_hits=1751620 memo_misses=16348023 memo_exact_hits=1751620 memo_lb_hits=0 rule4=1 valid_pos=1142533406 valid_pos_pruned_3a=0 valid_pos_pruned_3b=0 memo_rejected=0 memo_forced_evict=0 lufo_passes=0 terminal_spt=229060 terminal_edd=1289737 memo_peak=8174012 memo_final=8174012 memo_evictions=0 memo_clean_time_ms=0 reconstruction_time_ms=2.5303 reconstruction_repairs=0 reconstruction_trace_hits=399 reconstruction_trace_fallbacks=0 memo_used_mb=2120.33 memo_bytes_per_entry=272,[run] n=900 seed=5 input=D:\test2\results\memo_backend_no_gate\data\900\SDT_900_0.2_0.4_6.txt decomp=adaptive memo_backend=std_unordered use_ub=0 use_lb=0 terminal_rules=1 position_filtering_enabled=1 enable_lawler_basic_rules=1 enable_simple_lb=0 enable_lb_memo=0 enable_edd_ub=0 ub_depth_limit=-1 lb_depth_limit=-1 terminal_all_tardy_spt=1 terminal_edd_at_most_one_tardy=1 enable_memo=1 enable_exact_memo=1 memo_full_key_verification=1 memo_memory_limit_mb=12288 cost=1419716 time_ms=74118 nodes=8174012 max_depth=899 memo_hits=1751620 memo_misses=16348023 memo_exact_hits=1751620 memo_lb_hits=0 rule4=1 valid_pos=1142533406 valid_pos_pruned_3a=0 valid_pos_pruned_3b=0 memo_rejected=0 memo_forced_evict=0 lufo_passes=0 terminal_spt=229060 terminal_edd=1289737 memo_peak=8174012 memo_final=8174012 memo_evictions=0 memo_clean_time_ms=0 reconstruction_time_ms=2.5371 reconstruction_repairs=0 reconstruction_trace_hits=399 reconstruction_trace_fallbacks=0 memo_used_mb=2369.78 memo_bytes_per_entry=304,C:\c++\test2\results\memo_backend_no_gate\raw_results.csv,False,0.9201476024717342,0.8947370642000522,True,True
900,0.2,0.4,6,D:\test2\results\memo_backend_no_gate\data\900\SDT_900_0.2_0.4_7.txt,12288,1200,SOLVED,SOLVED,MATCH,True,True,True,900,900,1345035,1345035,1345035,1345035,75393.2,79673.6,1.056774,75563.747,82307.262,1.089243,8304867,8304867,True,1764259,1764259,16609733,16609733,2154.28,2407.72,0,0,2.2334,2.4912,0,0,False,,[run] n=900 seed=6 input=D:\test2\results\memo_backend_no_gate\data\900\SDT_900_0.2_0.4_7.txt decomp=adaptive memo_backend=custom use_ub=0 use_lb=0 terminal_rules=1 position_filtering_enabled=1 enable_lawler_basic_rules=1 enable_simple_lb=0 enable_lb_memo=0 enable_edd_ub=0 ub_depth_limit=-1 lb_depth_limit=-1 terminal_all_tardy_spt=1 terminal_edd_at_most_one_tardy=1 enable_memo=1 enable_exact_memo=1 memo_full_key_verification=1 memo_memory_limit_mb=12288 cost=1345035 time_ms=75393.2 nodes=8304867 max_depth=899 memo_hits=1764259 memo_misses=16609733 memo_exact_hits=1764259 memo_lb_hits=0 rule4=1 valid_pos=1147245038 valid_pos_pruned_3a=0 valid_pos_pruned_3b=0 memo_rejected=0 memo_forced_evict=0 lufo_passes=0 terminal_spt=273842 terminal_edd=1253642 memo_peak=8304867 memo_final=8304867 memo_evictions=0 memo_clean_time_ms=0 reconstruction_time_ms=2.2334 reconstruction_repairs=0 reconstruction_trace_hits=372 reconstruction_trace_fallbacks=0 memo_used_mb=2154.28 memo_bytes_per_entry=272,[run] n=900 seed=6 input=D:\test2\results\memo_backend_no_gate\data\900\SDT_900_0.2_0.4_7.txt decomp=adaptive memo_backend=std_unordered use_ub=0 use_lb=0 terminal_rules=1 position_filtering_enabled=1 enable_lawler_basic_rules=1 enable_simple_lb=0 enable_lb_memo=0 enable_edd_ub=0 ub_depth_limit=-1 lb_depth_limit=-1 terminal_all_tardy_spt=1 terminal_edd_at_most_one_tardy=1 enable_memo=1 enable_exact_memo=1 memo_full_key_verification=1 memo_memory_limit_mb=12288 cost=1345035 time_ms=79673.6 nodes=8304867 max_depth=899 memo_hits=1764259 memo_misses=16609733 memo_exact_hits=1764259 memo_lb_hits=0 rule4=1 valid_pos=1147245038 valid_pos_pruned_3a=0 valid_pos_pruned_3b=0 memo_rejected=0 memo_forced_evict=0 lufo_passes=0 terminal_spt=273842 terminal_edd=1253642 memo_peak=8304867 memo_final=8304867 memo_evictions=0 memo_clean_time_ms=0 reconstruction_time_ms=2.4912 reconstruction_repairs=0 reconstruction_trace_hits=372 reconstruction_trace_fallbacks=0 memo_used_mb=2407.72 memo_bytes_per_entry=304,C:\c++\test2\results\memo_backend_no_gate\raw_results.csv,False,0.946275805285565,0.8947385908660477,True,True
900,0.2,0.4,7,D:\test2\results\memo_backend_no_gate\data\900\SDT_900_0.2_0.4_8.txt,12288,1200,SOLVED,SOLVED,MATCH,True,True,True,900,900,1296781,1296781,1296781,1296781,59747.0,65834.7,1.101891,59906.323,68027.96,1.135572,6811367,6811367,True,1336879,1336879,13622733,13622733,1766.86,1974.73,0,0,2.0177,2.3878,0,0,False,,[run] n=900 seed=7 input=D:\test2\results\memo_backend_no_gate\data\900\SDT_900_0.2_0.4_8.txt decomp=adaptive memo_backend=custom use_ub=0 use_lb=0 terminal_rules=1 position_filtering_enabled=1 enable_lawler_basic_rules=1 enable_simple_lb=0 enable_lb_memo=0 enable_edd_ub=0 ub_depth_limit=-1 lb_depth_limit=-1 terminal_all_tardy_spt=1 terminal_edd_at_most_one_tardy=1 enable_memo=1 enable_exact_memo=1 memo_full_key_verification=1 memo_memory_limit_mb=12288 cost=1296781 time_ms=59747 nodes=6811367 max_depth=899 memo_hits=1336879 memo_misses=13622733 memo_exact_hits=1336879 memo_lb_hits=0 rule4=1 valid_pos=983377888 valid_pos_pruned_3a=0 valid_pos_pruned_3b=0 memo_rejected=0 memo_forced_evict=0 lufo_passes=0 terminal_spt=172066 terminal_edd=985396 memo_peak=6811367 memo_final=6811367 memo_evictions=0 memo_clean_time_ms=0 reconstruction_time_ms=2.0177 reconstruction_repairs=0 reconstruction_trace_hits=372 reconstruction_trace_fallbacks=0 memo_used_mb=1766.86 memo_bytes_per_entry=272,[run] n=900 seed=7 input=D:\test2\results\memo_backend_no_gate\data\900\SDT_900_0.2_0.4_8.txt decomp=adaptive memo_backend=std_unordered use_ub=0 use_lb=0 terminal_rules=1 position_filtering_enabled=1 enable_lawler_basic_rules=1 enable_simple_lb=0 enable_lb_memo=0 enable_edd_ub=0 ub_depth_limit=-1 lb_depth_limit=-1 terminal_all_tardy_spt=1 terminal_edd_at_most_one_tardy=1 enable_memo=1 enable_exact_memo=1 memo_full_key_verification=1 memo_memory_limit_mb=12288 cost=1296781 time_ms=65834.7 nodes=6811367 max_depth=899 memo_hits=1336879 memo_misses=13622733 memo_exact_hits=1336879 memo_lb_hits=0 rule4=1 valid_pos=983377888 valid_pos_pruned_3a=0 valid_pos_pruned_3b=0 memo_rejected=0 memo_forced_evict=0 lufo_passes=0 terminal_spt=172066 terminal_edd=985396 memo_peak=6811367 memo_final=6811367 memo_evictions=0 memo_clean_time_ms=0 reconstruction_time_ms=2.3878 reconstruction_repairs=0 reconstruction_trace_hits=372 reconstruction_trace_fallbacks=0 memo_used_mb=1974.73 memo_bytes_per_entry=304,C:\c++\test2\results\memo_backend_no_gate\raw_results.csv,False,0.9075305272143718,0.894734976427157,True,True
900,0.2,0.4,8,D:\test2\results\memo_backend_no_gate\data\900\SDT_900_0.2_0.4_9.txt,12288,1200,SOLVED,SOLVED,MATCH,True,True,True,900,900,1310737,1310737,1310737,1310737,54957.7,58529.4,1.06499,55112.958,60338.505,1.094815,6264136,6264136,True,1254122,1254122,12528271,12528271,1624.91,1816.08,0,0,2.5294,2.4704,0,0,False,,[run] n=900 seed=8 input=D:\test2\results\memo_backend_no_gate\data\900\SDT_900_0.2_0.4_9.txt decomp=adaptive memo_backend=custom use_ub=0 use_lb=0 terminal_rules=1 position_filtering_enabled=1 enable_lawler_basic_rules=1 enable_simple_lb=0 enable_lb_memo=0 enable_edd_ub=0 ub_depth_limit=-1 lb_depth_limit=-1 terminal_all_tardy_spt=1 terminal_edd_at_most_one_tardy=1 enable_memo=1 enable_exact_memo=1 memo_full_key_verification=1 memo_memory_limit_mb=12288 cost=1310737 time_ms=54957.7 nodes=6264136 max_depth=899 memo_hits=1254122 memo_misses=12528271 memo_exact_hits=1254122 memo_lb_hits=0 rule4=1 valid_pos=892271623 valid_pos_pruned_3a=0 valid_pos_pruned_3b=0 memo_rejected=0 memo_forced_evict=0 lufo_passes=0 terminal_spt=141315 terminal_edd=938790 memo_peak=6264136 memo_final=6264136 memo_evictions=0 memo_clean_time_ms=0 reconstruction_time_ms=2.5294 reconstruction_repairs=0 reconstruction_trace_hits=427 reconstruction_trace_fallbacks=0 memo_used_mb=1624.91 memo_bytes_per_entry=272,[run] n=900 seed=8 input=D:\test2\results\memo_backend_no_gate\data\900\SDT_900_0.2_0.4_9.txt decomp=adaptive memo_backend=std_unordered use_ub=0 use_lb=0 terminal_rules=1 position_filtering_enabled=1 enable_lawler_basic_rules=1 enable_simple_lb=0 enable_lb_memo=0 enable_edd_ub=0 ub_depth_limit=-1 lb_depth_limit=-1 terminal_all_tardy_spt=1 terminal_edd_at_most_one_tardy=1 enable_memo=1 enable_exact_memo=1 memo_full_key_verification=1 memo_memory_limit_mb=12288 cost=1310737 time_ms=58529.4 nodes=6264136 max_depth=899 memo_hits=1254122 memo_misses=12528271 memo_exact_hits=1254122 memo_lb_hits=0 rule4=1 valid_pos=892271623 valid_pos_pruned_3a=0 valid_pos_pruned_3b=0 memo_rejected=0 memo_forced_evict=0 lufo_passes=0 terminal_spt=141315 terminal_edd=938790 memo_peak=6264136 memo_final=6264136 memo_evictions=0 memo_clean_time_ms=0 reconstruction_time_ms=2.4704 reconstruction_repairs=0 reconstruction_trace_hits=427 reconstruction_trace_fallbacks=0 memo_used_mb=1816.08 memo_bytes_per_entry=304,C:\c++\test2\results\memo_backend_no_gate\raw_results.csv,False,0.9389759676333602,0.8947348134443417,True,True
900,0.2,0.4,9,D:\test2\results\memo_backend_no_gate\data\900\SDT_900_0.2_0.4_10.txt,12288,1200,SOLVED,SOLVED,MATCH,True,True,True,900,900,1360547,1360547,1360547,1360547,81770.9,90366.6,1.105119,81957.819,93443.644,1.140143,9294851,9294851,True,2070514,2070514,18589701,18589701,2411.08,2694.74,0,0,2.3931,2.8886,0,0,False,,[run] n=900 seed=9 input=D:\test2\results\memo_backend_no_gate\data\900\SDT_900_0.2_0.4_10.txt decomp=adaptive memo_backend=custom use_ub=0 use_lb=0 terminal_rules=1 position_filtering_enabled=1 enable_lawler_basic_rules=1 enable_simple_lb=0 enable_lb_memo=0 enable_edd_ub=0 ub_depth_limit=-1 lb_depth_limit=-1 terminal_all_tardy_spt=1 terminal_edd_at_most_one_tardy=1 enable_memo=1 enable_exact_memo=1 memo_full_key_verification=1 memo_memory_limit_mb=12288 cost=1360547 time_ms=81770.9 nodes=9294851 max_depth=899 memo_hits=2070514 memo_misses=18589701 memo_exact_hits=2070514 memo_lb_hits=0 rule4=1 valid_pos=1427129198 valid_pos_pruned_3a=0 valid_pos_pruned_3b=0 memo_rejected=0 memo_forced_evict=0 lufo_passes=0 terminal_spt=231866 terminal_edd=1560654 memo_peak=9294851 memo_final=9294851 memo_evictions=0 memo_clean_time_ms=0 reconstruction_time_ms=2.3931 reconstruction_repairs=0 reconstruction_trace_hits=398 reconstruction_trace_fallbacks=0 memo_used_mb=2411.08 memo_bytes_per_entry=272,[run] n=900 seed=9 input=D:\test2\results\memo_backend_no_gate\data\900\SDT_900_0.2_0.4_10.txt decomp=adaptive memo_backend=std_unordered use_ub=0 use_lb=0 terminal_rules=1 position_filtering_enabled=1 enable_lawler_basic_rules=1 enable_simple_lb=0 enable_lb_memo=0 enable_edd_ub=0 ub_depth_limit=-1 lb_depth_limit=-1 terminal_all_tardy_spt=1 terminal_edd_at_most_one_tardy=1 enable_memo=1 enable_exact_memo=1 memo_full_key_verification=1 memo_memory_limit_mb=12288 cost=1360547 time_ms=90366.6 nodes=9294851 max_depth=899 memo_hits=2070514 memo_misses=18589701 memo_exact_hits=2070514 memo_lb_hits=0 rule4=1 valid_pos=1427129198 valid_pos_pruned_3a=0 valid_pos_pruned_3b=0 memo_rejected=0 memo_forced_evict=0 lufo_passes=0 terminal_spt=231866 terminal_edd=1560654 memo_peak=9294851 memo_final=9294851 memo_evictions=0 memo_clean_time_ms=0 reconstruction_time_ms=2.8886 reconstruction_repairs=0 reconstruction_trace_hits=398 reconstruction_trace_fallbacks=0 memo_used_mb=2694.74 memo_bytes_per_entry=304,C:\c++\test2\results\memo_backend_no_gate\raw_results.csv,False,0.9048796789964433,0.8947356702316365,True,True
900,0.2,0.8,0,D:\test2\results\memo_backend_no_gate\data\900\SDT_900_0.2_0.8_1.txt,12288,1200,SOLVED,SOLVED,MATCH,True,True,True,900,900,7942080,7942080,7942080,7942080,60446.3,62815.8,1.0392,60569.679,64191.927,1.059803,4907080,4907080,True,833626,833626,9814159,9814159,1272.89,1422.65,0,0,2.6394,2.8822,0,0,False,,[run] n=900 seed=0 input=D:\test2\results\memo_backend_no_gate\data\900\SDT_900_0.2_0.8_1.txt decomp=adaptive memo_backend=custom use_ub=0 use_lb=0 terminal_rules=1 position_filtering_enabled=1 enable_lawler_basic_rules=1 enable_simple_lb=0 enable_lb_memo=0 enable_edd_ub=0 ub_depth_limit=-1 lb_depth_limit=-1 terminal_all_tardy_spt=1 terminal_edd_at_most_one_tardy=1 enable_memo=1 enable_exact_memo=1 memo_full_key_verification=1 memo_memory_limit_mb=12288 cost=7942080 time_ms=60446.3 nodes=4907080 max_depth=899 memo_hits=833626 memo_misses=9814159 memo_exact_hits=833626 memo_lb_hits=0 rule4=1 valid_pos=1027032220 valid_pos_pruned_3a=0 valid_pos_pruned_3b=0 memo_rejected=0 memo_forced_evict=0 lufo_passes=0 terminal_spt=181331 terminal_edd=263571 memo_peak=4907080 memo_final=4907080 memo_evictions=0 memo_clean_time_ms=0 reconstruction_time_ms=2.6394 reconstruction_repairs=0 reconstruction_trace_hits=451 reconstruction_trace_fallbacks=0 memo_used_mb=1272.89 memo_bytes_per_entry=272,[run] n=900 seed=0 input=D:\test2\results\memo_backend_no_gate\data\900\SDT_900_0.2_0.8_1.txt decomp=adaptive memo_backend=std_unordered use_ub=0 use_lb=0 terminal_rules=1 position_filtering_enabled=1 enable_lawler_basic_rules=1 enable_simple_lb=0 enable_lb_memo=0 enable_edd_ub=0 ub_depth_limit=-1 lb_depth_limit=-1 terminal_all_tardy_spt=1 terminal_edd_at_most_one_tardy=1 enable_memo=1 enable_exact_memo=1 memo_full_key_verification=1 memo_memory_limit_mb=12288 cost=7942080 time_ms=62815.8 nodes=4907080 max_depth=899 memo_hits=833626 memo_misses=9814159 memo_exact_hits=833626 memo_lb_hits=0 rule4=1 valid_pos=1027032220 valid_pos_pruned_3a=0 valid_pos_pruned_3b=0 memo_rejected=0 memo_forced_evict=0 lufo_passes=0 terminal_spt=181331 terminal_edd=263571 memo_peak=4907080 memo_final=4907080 memo_evictions=0 memo_clean_time_ms=0 reconstruction_time_ms=2.8822 reconstruction_repairs=0 reconstruction_trace_hits=451 reconstruction_trace_fallbacks=0 memo_used_mb=1422.65 memo_bytes_per_entry=304,C:\c++\test2\results\memo_backend_no_gate\raw_results.csv,False,0.9622785986965063,0.8947316627420658,True,True
900,0.2,0.8,1,D:\test2\results\memo_backend_no_gate\data\900\SDT_900_0.2_0.8_2.txt,12288,1200,SOLVED,SOLVED,MATCH,True,True,True,900,900,7939849,7939849,7939849,7939849,62215.8,66198.0,1.064006,62341.724,67675.453,1.085556,5223973,5223973,True,856783,856783,10447945,10447945,1355.1,1514.52,0,0,2.6218,2.6589,0,0,False,,[run] n=900 seed=1 input=D:\test2\results\memo_backend_no_gate\data\900\SDT_900_0.2_0.8_2.txt decomp=adaptive memo_backend=custom use_ub=0 use_lb=0 terminal_rules=1 position_filtering_enabled=1 enable_lawler_basic_rules=1 enable_simple_lb=0 enable_lb_memo=0 enable_edd_ub=0 ub_depth_limit=-1 lb_depth_limit=-1 terminal_all_tardy_spt=1 terminal_edd_at_most_one_tardy=1 enable_memo=1 enable_exact_memo=1 memo_full_key_verification=1 memo_memory_limit_mb=12288 cost=7939849 time_ms=62215.8 nodes=5223973 max_depth=899 memo_hits=856783 memo_misses=10447945 memo_exact_hits=856783 memo_lb_hits=0 rule4=1 valid_pos=1092193940 valid_pos_pruned_3a=0 valid_pos_pruned_3b=0 memo_rejected=0 memo_forced_evict=0 lufo_passes=0 terminal_spt=136300 terminal_edd=353140 memo_peak=5223973 memo_final=5223973 memo_evictions=0 memo_clean_time_ms=0 reconstruction_time_ms=2.6218 reconstruction_repairs=0 reconstruction_trace_hits=422 reconstruction_trace_fallbacks=0 memo_used_mb=1355.1 memo_bytes_per_entry=272,[run] n=900 seed=1 input=D:\test2\results\memo_backend_no_gate\data\900\SDT_900_0.2_0.8_2.txt decomp=adaptive memo_backend=std_unordered use_ub=0 use_lb=0 terminal_rules=1 position_filtering_enabled=1 enable_lawler_basic_rules=1 enable_simple_lb=0 enable_lb_memo=0 enable_edd_ub=0 ub_depth_limit=-1 lb_depth_limit=-1 terminal_all_tardy_spt=1 terminal_edd_at_most_one_tardy=1 enable_memo=1 enable_exact_memo=1 memo_full_key_verification=1 memo_memory_limit_mb=12288 cost=7939849 time_ms=66198 nodes=5223973 max_depth=899 memo_hits=856783 memo_misses=10447945 memo_exact_hits=856783 memo_lb_hits=0 rule4=1 valid_pos=1092193940 valid_pos_pruned_3a=0 valid_pos_pruned_3b=0 memo_rejected=0 memo_forced_evict=0 lufo_passes=0 terminal_spt=136300 terminal_edd=353140 memo_peak=5223973 memo_final=5223973 memo_evictions=0 memo_clean_time_ms=0 reconstruction_time_ms=2.6589 reconstruction_repairs=0 reconstruction_trace_hits=422 reconstruction_trace_fallbacks=0 memo_used_mb=1514.52 memo_bytes_per_entry=304,C:\c++\test2\results\memo_backend_no_gate\raw_results.csv,False,0.939844104051482,0.8947389271848506,True,True
900,0.2,0.8,2,D:\test2\results\memo_backend_no_gate\data\900\SDT_900_0.2_0.8_3.txt,12288,1200,SOLVED,SOLVED,MATCH,True,True,True,900,900,7570717,7570717,7570717,7570717,57115.0,61066.7,1.069188,57231.966,62410.386,1.090481,4726801,4726801,True,832009,832009,9453601,9453601,1226.13,1370.38,0,0,2.5799,2.7648,0,0,False,,[run] n=900 seed=2 input=D:\test2\results\memo_backend_no_gate\data\900\SDT_900_0.2_0.8_3.txt decomp=adaptive memo_backend=custom use_ub=0 use_lb=0 terminal_rules=1 position_filtering_enabled=1 enable_lawler_basic_rules=1 enable_simple_lb=0 enable_lb_memo=0 enable_edd_ub=0 ub_depth_limit=-1 lb_depth_limit=-1 terminal_all_tardy_spt=1 terminal_edd_at_most_one_tardy=1 enable_memo=1 enable_exact_memo=1 memo_full_key_verification=1 memo_memory_limit_mb=12288 cost=7570717 time_ms=57115 nodes=4726801 max_depth=899 memo_hits=832009 memo_misses=9453601 memo_exact_hits=832009 memo_lb_hits=0 rule4=1 valid_pos=1008293373 valid_pos_pruned_3a=0 valid_pos_pruned_3b=0 memo_rejected=0 memo_forced_evict=0 lufo_passes=0 terminal_spt=134205 terminal_edd=290754 memo_peak=4726801 memo_final=4726801 memo_evictions=0 memo_clean_time_ms=0 reconstruction_time_ms=2.5799 reconstruction_repairs=0 reconstruction_trace_hits=445 reconstruction_trace_fallbacks=0 memo_used_mb=1226.13 memo_bytes_per_entry=272,[run] n=900 seed=2 input=D:\test2\results\memo_backend_no_gate\data\900\SDT_900_0.2_0.8_3.txt decomp=adaptive memo_backend=std_unordered use_ub=0 use_lb=0 terminal_rules=1 position_filtering_enabled=1 enable_lawler_basic_rules=1 enable_simple_lb=0 enable_lb_memo=0 enable_edd_ub=0 ub_depth_limit=-1 lb_depth_limit=-1 terminal_all_tardy_spt=1 terminal_edd_at_most_one_tardy=1 enable_memo=1 enable_exact_memo=1 memo_full_key_verification=1 memo_memory_limit_mb=12288 cost=7570717 time_ms=61066.7 nodes=4726801 max_depth=899 memo_hits=832009 memo_misses=9453601 memo_exact_hits=832009 memo_lb_hits=0 rule4=1 valid_pos=1008293373 valid_pos_pruned_3a=0 valid_pos_pruned_3b=0 memo_rejected=0 memo_forced_evict=0 lufo_passes=0 terminal_spt=134205 terminal_edd=290754 memo_peak=4726801 memo_final=4726801 memo_evictions=0 memo_clean_time_ms=0 reconstruction_time_ms=2.7648 reconstruction_repairs=0 reconstruction_trace_hits=445 reconstruction_trace_fallbacks=0 memo_used_mb=1370.38 memo_bytes_per_entry=304,C:\c++\test2\results\memo_backend_no_gate\raw_results.csv,False,0.9352887907812277,0.8947372261708432,True,True
900,0.2,0.8,3,D:\test2\results\memo_backend_no_gate\data\900\SDT_900_0.2_0.8_4.txt,12288,1200,SOLVED,SOLVED,MATCH,True,True,True,900,900,7697764,7697764,7697764,7697764,53492.9,57279.4,1.070785,53609.968,58547.893,1.092108,4433550,4433550,True,1001314,1001314,8867099,8867099,1150.06,1285.36,0,0,3.6234,3.5197,0,0,False,,[run] n=900 seed=3 input=D:\test2\results\memo_backend_no_gate\data\900\SDT_900_0.2_0.8_4.txt decomp=adaptive memo_backend=custom use_ub=0 use_lb=0 terminal_rules=1 position_filtering_enabled=1 enable_lawler_basic_rules=1 enable_simple_lb=0 enable_lb_memo=0 enable_edd_ub=0 ub_depth_limit=-1 lb_depth_limit=-1 terminal_all_tardy_spt=1 terminal_edd_at_most_one_tardy=1 enable_memo=1 enable_exact_memo=1 memo_full_key_verification=1 memo_memory_limit_mb=12288 cost=7697764 time_ms=53492.9 nodes=4433550 max_depth=899 memo_hits=1001314 memo_misses=8867099 memo_exact_hits=1001314 memo_lb_hits=0 rule4=1 valid_pos=914673486 valid_pos_pruned_3a=0 valid_pos_pruned_3b=0 memo_rejected=0 memo_forced_evict=0 lufo_passes=0 terminal_spt=145673 terminal_edd=307825 memo_peak=4433550 memo_final=4433550 memo_evictions=0 memo_clean_time_ms=0 reconstruction_time_ms=3.6234 reconstruction_repairs=0 reconstruction_trace_hits=540 reconstruction_trace_fallbacks=0 memo_used_mb=1150.06 memo_bytes_per_entry=272,[run] n=900 seed=3 input=D:\test2\results\memo_backend_no_gate\data\900\SDT_900_0.2_0.8_4.txt decomp=adaptive memo_backend=std_unordered use_ub=0 use_lb=0 terminal_rules=1 position_filtering_enabled=1 enable_lawler_basic_rules=1 enable_simple_lb=0 enable_lb_memo=0 enable_edd_ub=0 ub_depth_limit=-1 lb_depth_limit=-1 terminal_all_tardy_spt=1 terminal_edd_at_most_one_tardy=1 enable_memo=1 enable_exact_memo=1 memo_full_key_verification=1 memo_memory_limit_mb=12288 cost=7697764 time_ms=57279.4 nodes=4433550 max_depth=899 memo_hits=1001314 memo_misses=8867099 memo_exact_hits=1001314 memo_lb_hits=0 rule4=1 valid_pos=914673486 valid_pos_pruned_3a=0 valid_pos_pruned_3b=0 memo_rejected=0 memo_forced_evict=0 lufo_passes=0 terminal_spt=145673 terminal_edd=307825 memo_peak=4433550 memo_final=4433550 memo_evictions=0 memo_clean_time_ms=0 reconstruction_time_ms=3.5197 reconstruction_repairs=0 reconstruction_trace_hits=540 reconstruction_trace_fallbacks=0 memo_used_mb=1285.36 memo_bytes_per_entry=304,C:\c++\test2\results\memo_backend_no_gate\raw_results.csv,False,0.933894209785717,0.8947376610443767,True,True
900,0.2,0.8,4,D:\test2\results\memo_backend_no_gate\data\900\SDT_900_0.2_0.8_5.txt,12288,1200,SOLVED,SOLVED,MATCH,True,True,True,900,900,7893460,7893460,7893460,7893460,70607.2,75067.1,1.063165,70755.751,76813.055,1.085609,5910441,5910441,True,1092404,1092404,11820881,11820881,1533.16,1713.54,0,0,3.5421,3.4853,0,0,False,,[run] n=900 seed=4 input=D:\test2\results\memo_backend_no_gate\data\900\SDT_900_0.2_0.8_5.txt decomp=adaptive memo_backend=custom use_ub=0 use_lb=0 terminal_rules=1 position_filtering_enabled=1 enable_lawler_basic_rules=1 enable_simple_lb=0 enable_lb_memo=0 enable_edd_ub=0 ub_depth_limit=-1 lb_depth_limit=-1 terminal_all_tardy_spt=1 terminal_edd_at_most_one_tardy=1 enable_memo=1 enable_exact_memo=1 memo_full_key_verification=1 memo_memory_limit_mb=12288 cost=7893460 time_ms=70607.2 nodes=5910441 max_depth=899 memo_hits=1092404 memo_misses=11820881 memo_exact_hits=1092404 memo_lb_hits=0 rule4=1 valid_pos=1184031763 valid_pos_pruned_3a=0 valid_pos_pruned_3b=0 memo_rejected=0 memo_forced_evict=0 lufo_passes=0 terminal_spt=145661 terminal_edd=351207 memo_peak=5910441 memo_final=5910441 memo_evictions=0 memo_clean_time_ms=0 reconstruction_time_ms=3.5421 reconstruction_repairs=0 reconstruction_trace_hits=528 reconstruction_trace_fallbacks=0 memo_used_mb=1533.16 memo_bytes_per_entry=272,[run] n=900 seed=4 input=D:\test2\results\memo_backend_no_gate\data\900\SDT_900_0.2_0.8_5.txt decomp=adaptive memo_backend=std_unordered use_ub=0 use_lb=0 terminal_rules=1 position_filtering_enabled=1 enable_lawler_basic_rules=1 enable_simple_lb=0 enable_lb_memo=0 enable_edd_ub=0 ub_depth_limit=-1 lb_depth_limit=-1 terminal_all_tardy_spt=1 terminal_edd_at_most_one_tardy=1 enable_memo=1 enable_exact_memo=1 memo_full_key_verification=1 memo_memory_limit_mb=12288 cost=7893460 time_ms=75067.1 nodes=5910441 max_depth=899 memo_hits=1092404 memo_misses=11820881 memo_exact_hits=1092404 memo_lb_hits=0 rule4=1 valid_pos=1184031763 valid_pos_pruned_3a=0 valid_pos_pruned_3b=0 memo_rejected=0 memo_forced_evict=0 lufo_passes=0 terminal_spt=145661 terminal_edd=351207 memo_peak=5910441 memo_final=5910441 memo_evictions=0 memo_clean_time_ms=0 reconstruction_time_ms=3.4853 reconstruction_repairs=0 reconstruction_trace_hits=528 reconstruction_trace_fallbacks=0 memo_used_mb=1713.54 memo_bytes_per_entry=304,C:\c++\test2\results\memo_backend_no_gate\raw_results.csv,False,0.9405878207630239,0.8947325419890987,True,True
900,0.2,0.8,5,D:\test2\results\memo_backend_no_gate\data\900\SDT_900_0.2_0.8_6.txt,12288,1200,SOLVED,SOLVED,MATCH,True,True,True,900,900,7725927,7725927,7725927,7725927,56185.1,60196.2,1.071391,56304.39,61559.389,1.093332,4769860,4769860,True,963106,963106,9539719,9539719,1237.3,1382.86,0,0,3.5343,3.7061,0,0,False,,[run] n=900 seed=5 input=D:\test2\results\memo_backend_no_gate\data\900\SDT_900_0.2_0.8_6.txt decomp=adaptive memo_backend=custom use_ub=0 use_lb=0 terminal_rules=1 position_filtering_enabled=1 enable_lawler_basic_rules=1 enable_simple_lb=0 enable_lb_memo=0 enable_edd_ub=0 ub_depth_limit=-1 lb_depth_limit=-1 terminal_all_tardy_spt=1 terminal_edd_at_most_one_tardy=1 enable_memo=1 enable_exact_memo=1 memo_full_key_verification=1 memo_memory_limit_mb=12288 cost=7725927 time_ms=56185.1 nodes=4769860 max_depth=899 memo_hits=963106 memo_misses=9539719 memo_exact_hits=963106 memo_lb_hits=0 rule4=1 valid_pos=977790495 valid_pos_pruned_3a=0 valid_pos_pruned_3b=0 memo_rejected=0 memo_forced_evict=0 lufo_passes=0 terminal_spt=153125 terminal_edd=407534 memo_peak=4769860 memo_final=4769860 memo_evictions=0 memo_clean_time_ms=0 reconstruction_time_ms=3.5343 reconstruction_repairs=0 reconstruction_trace_hits=551 reconstruction_trace_fallbacks=0 memo_used_mb=1237.3 memo_bytes_per_entry=272,[run] n=900 seed=5 input=D:\test2\results\memo_backend_no_gate\data\900\SDT_900_0.2_0.8_6.txt decomp=adaptive memo_backend=std_unordered use_ub=0 use_lb=0 terminal_rules=1 position_filtering_enabled=1 enable_lawler_basic_rules=1 enable_simple_lb=0 enable_lb_memo=0 enable_edd_ub=0 ub_depth_limit=-1 lb_depth_limit=-1 terminal_all_tardy_spt=1 terminal_edd_at_most_one_tardy=1 enable_memo=1 enable_exact_memo=1 memo_full_key_verification=1 memo_memory_limit_mb=12288 cost=7725927 time_ms=60196.2 nodes=4769860 max_depth=899 memo_hits=963106 memo_misses=9539719 memo_exact_hits=963106 memo_lb_hits=0 rule4=1 valid_pos=977790495 valid_pos_pruned_3a=0 valid_pos_pruned_3b=0 memo_rejected=0 memo_forced_evict=0 lufo_passes=0 terminal_spt=153125 terminal_edd=407534 memo_peak=4769860 memo_final=4769860 memo_evictions=0 memo_clean_time_ms=0 reconstruction_time_ms=3.7061 reconstruction_repairs=0 reconstruction_trace_hits=551 reconstruction_trace_fallbacks=0 memo_used_mb=1382.86 memo_bytes_per_entry=304,C:\c++\test2\results\memo_backend_no_gate\raw_results.csv,False,0.9333662257750489,0.8947398869010601,True,True
900,0.2,0.8,6,D:\test2\results\memo_backend_no_gate\data\900\SDT_900_0.2_0.8_7.txt,12288,1200,SOLVED,SOLVED,MATCH,True,True,True,900,900,7412419,7412419,7412419,7412419,44840.9,47565.5,1.060761,44947.987,48678.08,1.082987,4043240,4043240,True,797188,797188,8086479,8086479,1048.81,1172.2,0,0,2.6869,2.845,0,0,False,,[run] n=900 seed=6 input=D:\test2\results\memo_backend_no_gate\data\900\SDT_900_0.2_0.8_7.txt decomp=adaptive memo_backend=custom use_ub=0 use_lb=0 terminal_rules=1 position_filtering_enabled=1 enable_lawler_basic_rules=1 enable_simple_lb=0 enable_lb_memo=0 enable_edd_ub=0 ub_depth_limit=-1 lb_depth_limit=-1 terminal_all_tardy_spt=1 terminal_edd_at_most_one_tardy=1 enable_memo=1 enable_exact_memo=1 memo_full_key_verification=1 memo_memory_limit_mb=12288 cost=7412419 time_ms=44840.9 nodes=4043240 max_depth=899 memo_hits=797188 memo_misses=8086479 memo_exact_hits=797188 memo_lb_hits=0 rule4=1 valid_pos=804633063 valid_pos_pruned_3a=0 valid_pos_pruned_3b=0 memo_rejected=0 memo_forced_evict=0 lufo_passes=0 terminal_spt=99493 terminal_edd=349451 memo_peak=4043240 memo_final=4043240 memo_evictions=0 memo_clean_time_ms=0 reconstruction_time_ms=2.6869 reconstruction_repairs=0 reconstruction_trace_hits=434 reconstruction_trace_fallbacks=0 memo_used_mb=1048.81 memo_bytes_per_entry=272,[run] n=900 seed=6 input=D:\test2\results\memo_backend_no_gate\data\900\SDT_900_0.2_0.8_7.txt decomp=adaptive memo_backend=std_unordered use_ub=0 use_lb=0 terminal_rules=1 position_filtering_enabled=1 enable_lawler_basic_rules=1 enable_simple_lb=0 enable_lb_memo=0 enable_edd_ub=0 ub_depth_limit=-1 lb_depth_limit=-1 terminal_all_tardy_spt=1 terminal_edd_at_most_one_tardy=1 enable_memo=1 enable_exact_memo=1 memo_full_key_verification=1 memo_memory_limit_mb=12288 cost=7412419 time_ms=47565.5 nodes=4043240 max_depth=899 memo_hits=797188 memo_misses=8086479 memo_exact_hits=797188 memo_lb_hits=0 rule4=1 valid_pos=804633063 valid_pos_pruned_3a=0 valid_pos_pruned_3b=0 memo_rejected=0 memo_forced_evict=0 lufo_passes=0 terminal_spt=99493 terminal_edd=349451 memo_peak=4043240 memo_final=4043240 memo_evictions=0 memo_clean_time_ms=0 reconstruction_time_ms=2.845 reconstruction_repairs=0 reconstruction_trace_hits=434 reconstruction_trace_fallbacks=0 memo_used_mb=1172.2 memo_bytes_per_entry=304,C:\c++\test2\results\memo_backend_no_gate\raw_results.csv,False,0.9427189875014454,0.8947363931069783,True,True
900,0.2,0.8,7,D:\test2\results\memo_backend_no_gate\data\900\SDT_900_0.2_0.8_8.txt,12288,1200,SOLVED,SOLVED,MATCH,True,True,True,900,900,7163254,7163254,7163254,7163254,55869.5,59847.3,1.071198,55991.939,61229.226,1.093536,4840870,4840870,True,963346,963346,9681739,9681739,1255.72,1403.45,0,0,2.1781,2.3133,0,0,False,,[run] n=900 seed=7 input=D:\test2\results\memo_backend_no_gate\data\900\SDT_900_0.2_0.8_8.txt decomp=adaptive memo_backend=custom use_ub=0 use_lb=0 terminal_rules=1 position_filtering_enabled=1 enable_lawler_basic_rules=1 enable_simple_lb=0 enable_lb_memo=0 enable_edd_ub=0 ub_depth_limit=-1 lb_depth_limit=-1 terminal_all_tardy_spt=1 terminal_edd_at_most_one_tardy=1 enable_memo=1 enable_exact_memo=1 memo_full_key_verification=1 memo_memory_limit_mb=12288 cost=7163254 time_ms=55869.5 nodes=4840870 max_depth=899 memo_hits=963346 memo_misses=9681739 memo_exact_hits=963346 memo_lb_hits=0 rule4=1 valid_pos=969566566 valid_pos_pruned_3a=0 valid_pos_pruned_3b=0 memo_rejected=0 memo_forced_evict=0 lufo_passes=0 terminal_spt=98940 terminal_edd=340158 memo_peak=4840870 memo_final=4840870 memo_evictions=0 memo_clean_time_ms=0 reconstruction_time_ms=2.1781 reconstruction_repairs=0 reconstruction_trace_hits=371 reconstruction_trace_fallbacks=0 memo_used_mb=1255.72 memo_bytes_per_entry=272,[run] n=900 seed=7 input=D:\test2\results\memo_backend_no_gate\data\900\SDT_900_0.2_0.8_8.txt decomp=adaptive memo_backend=std_unordered use_ub=0 use_lb=0 terminal_rules=1 position_filtering_enabled=1 enable_lawler_basic_rules=1 enable_simple_lb=0 enable_lb_memo=0 enable_edd_ub=0 ub_depth_limit=-1 lb_depth_limit=-1 terminal_all_tardy_spt=1 terminal_edd_at_most_one_tardy=1 enable_memo=1 enable_exact_memo=1 memo_full_key_verification=1 memo_memory_limit_mb=12288 cost=7163254 time_ms=59847.3 nodes=4840870 max_depth=899 memo_hits=963346 memo_misses=9681739 memo_exact_hits=963346 memo_lb_hits=0 rule4=1 valid_pos=969566566 valid_pos_pruned_3a=0 valid_pos_pruned_3b=0 memo_rejected=0 memo_forced_evict=0 lufo_passes=0 terminal_spt=98940 terminal_edd=340158 memo_peak=4840870 memo_final=4840870 memo_evictions=0 memo_clean_time_ms=0 reconstruction_time_ms=2.3133 reconstruction_repairs=0 reconstruction_trace_hits=371 reconstruction_trace_fallbacks=0 memo_used_mb=1403.45 memo_bytes_per_entry=304,C:\c++\test2\results\memo_backend_no_gate\raw_results.csv,False,0.9335341778158747,0.8947379671523745,True,True
900,0.2,0.8,8,D:\test2\results\memo_backend_no_gate\data\900\SDT_900_0.2_0.8_9.txt,12288,1200,SOLVED,SOLVED,MATCH,True,True,True,900,900,7202739,7202739,7202739,7202739,56072.8,59812.5,1.066694,56203.504,61229.702,1.089429,4971840,4971840,True,916072,916072,9943679,9943679,1289.69,1441.42,0,0,4.2769,3.7987,0,0,False,,[run] n=900 seed=8 input=D:\test2\results\memo_backend_no_gate\data\900\SDT_900_0.2_0.8_9.txt decomp=adaptive memo_backend=custom use_ub=0 use_lb=0 terminal_rules=1 position_filtering_enabled=1 enable_lawler_basic_rules=1 enable_simple_lb=0 enable_lb_memo=0 enable_edd_ub=0 ub_depth_limit=-1 lb_depth_limit=-1 terminal_all_tardy_spt=1 terminal_edd_at_most_one_tardy=1 enable_memo=1 enable_exact_memo=1 memo_full_key_verification=1 memo_memory_limit_mb=12288 cost=7202739 time_ms=56072.8 nodes=4971840 max_depth=899 memo_hits=916072 memo_misses=9943679 memo_exact_hits=916072 memo_lb_hits=0 rule4=1 valid_pos=1005831265 valid_pos_pruned_3a=0 valid_pos_pruned_3b=0 memo_rejected=0 memo_forced_evict=0 lufo_passes=0 terminal_spt=120375 terminal_edd=436795 memo_peak=4971840 memo_final=4971840 memo_evictions=0 memo_clean_time_ms=0 reconstruction_time_ms=4.2769 reconstruction_repairs=0 reconstruction_trace_hits=569 reconstruction_trace_fallbacks=0 memo_used_mb=1289.69 memo_bytes_per_entry=272,[run] n=900 seed=8 input=D:\test2\results\memo_backend_no_gate\data\900\SDT_900_0.2_0.8_9.txt decomp=adaptive memo_backend=std_unordered use_ub=0 use_lb=0 terminal_rules=1 position_filtering_enabled=1 enable_lawler_basic_rules=1 enable_simple_lb=0 enable_lb_memo=0 enable_edd_ub=0 ub_depth_limit=-1 lb_depth_limit=-1 terminal_all_tardy_spt=1 terminal_edd_at_most_one_tardy=1 enable_memo=1 enable_exact_memo=1 memo_full_key_verification=1 memo_memory_limit_mb=12288 cost=7202739 time_ms=59812.5 nodes=4971840 max_depth=899 memo_hits=916072 memo_misses=9943679 memo_exact_hits=916072 memo_lb_hits=0 rule4=1 valid_pos=1005831265 valid_pos_pruned_3a=0 valid_pos_pruned_3b=0 memo_rejected=0 memo_forced_evict=0 lufo_passes=0 terminal_spt=120375 terminal_edd=436795 memo_peak=4971840 memo_final=4971840 memo_evictions=0 memo_clean_time_ms=0 reconstruction_time_ms=3.7987 reconstruction_repairs=0 reconstruction_trace_hits=569 reconstruction_trace_fallbacks=0 memo_used_mb=1441.42 memo_bytes_per_entry=304,C:\c++\test2\results\memo_backend_no_gate\raw_results.csv,False,0.9374762800417973,0.8947357466942321,True,True
900,0.2,0.8,9,D:\test2\results\memo_backend_no_gate\data\900\SDT_900_0.2_0.8_10.txt,12288,1200,SOLVED,SOLVED,MATCH,True,True,True,900,900,7299740,7299740,7299740,7299740,55587.1,59936.9,1.078252,55711.645,61330.549,1.100857,4907011,4907011,True,879335,879335,9814021,9814021,1272.88,1422.63,0,0,3.9076,3.8296,0,0,False,,[run] n=900 seed=9 input=D:\test2\results\memo_backend_no_gate\data\900\SDT_900_0.2_0.8_10.txt decomp=adaptive memo_backend=custom use_ub=0 use_lb=0 terminal_rules=1 position_filtering_enabled=1 enable_lawler_basic_rules=1 enable_simple_lb=0 enable_lb_memo=0 enable_edd_ub=0 ub_depth_limit=-1 lb_depth_limit=-1 terminal_all_tardy_spt=1 terminal_edd_at_most_one_tardy=1 enable_memo=1 enable_exact_memo=1 memo_full_key_verification=1 memo_memory_limit_mb=12288 cost=7299740 time_ms=55587.1 nodes=4907011 max_depth=899 memo_hits=879335 memo_misses=9814021 memo_exact_hits=879335 memo_lb_hits=0 rule4=1 valid_pos=957995372 valid_pos_pruned_3a=0 valid_pos_pruned_3b=0 memo_rejected=0 memo_forced_evict=0 lufo_passes=0 terminal_spt=117491 terminal_edd=331664 memo_peak=4907011 memo_final=4907011 memo_evictions=0 memo_clean_time_ms=0 reconstruction_time_ms=3.9076 reconstruction_repairs=0 reconstruction_trace_hits=565 reconstruction_trace_fallbacks=0 memo_used_mb=1272.88 memo_bytes_per_entry=272,[run] n=900 seed=9 input=D:\test2\results\memo_backend_no_gate\data\900\SDT_900_0.2_0.8_10.txt decomp=adaptive memo_backend=std_unordered use_ub=0 use_lb=0 terminal_rules=1 position_filtering_enabled=1 enable_lawler_basic_rules=1 enable_simple_lb=0 enable_lb_memo=0 enable_edd_ub=0 ub_depth_limit=-1 lb_depth_limit=-1 terminal_all_tardy_spt=1 terminal_edd_at_most_one_tardy=1 enable_memo=1 enable_exact_memo=1 memo_full_key_verification=1 memo_memory_limit_mb=12288 cost=7299740 time_ms=59936.9 nodes=4907011 max_depth=899 memo_hits=879335 memo_misses=9814021 memo_exact_hits=879335 memo_lb_hits=0 rule4=1 valid_pos=957995372 valid_pos_pruned_3a=0 valid_pos_pruned_3b=0 memo_rejected=0 memo_forced_evict=0 lufo_passes=0 terminal_spt=117491 terminal_edd=331664 memo_peak=4907011 memo_final=4907011 memo_evictions=0 memo_clean_time_ms=0 reconstruction_time_ms=3.8296 reconstruction_repairs=0 reconstruction_trace_hits=565 reconstruction_trace_fallbacks=0 memo_used_mb=1422.63 memo_bytes_per_entry=304,C:\c++\test2\results\memo_backend_no_gate\raw_results.csv,False,0.9274270107396277,0.8947372120649782,True,True
900,0.4,0.6,0,D:\test2\results\memo_backend_no_gate\data\900\SDT_900_0.4_0.6_1.txt,12288,1200,SOLVED,SOLVED,MATCH,True,True,True,900,900,3275640,3275640,3275640,3275640,54080.0,58134.0,1.074963,54204.301,59608.085,1.099693,4942031,4942031,True,1105552,1105552,9884061,9884061,1281.96,1432.78,0,0,3.6999,3.7871,0,0,False,,[run] n=900 seed=0 input=D:\test2\results\memo_backend_no_gate\data\900\SDT_900_0.4_0.6_1.txt decomp=adaptive memo_backend=custom use_ub=0 use_lb=0 terminal_rules=1 position_filtering_enabled=1 enable_lawler_basic_rules=1 enable_simple_lb=0 enable_lb_memo=0 enable_edd_ub=0 ub_depth_limit=-1 lb_depth_limit=-1 terminal_all_tardy_spt=1 terminal_edd_at_most_one_tardy=1 enable_memo=1 enable_exact_memo=1 memo_full_key_verification=1 memo_memory_limit_mb=12288 cost=3275640 time_ms=54080 nodes=4942031 max_depth=899 memo_hits=1105552 memo_misses=9884061 memo_exact_hits=1105552 memo_lb_hits=0 rule4=1 valid_pos=900202147 valid_pos_pruned_3a=0 valid_pos_pruned_3b=0 memo_rejected=0 memo_forced_evict=0 lufo_passes=0 terminal_spt=56923 terminal_edd=434479 memo_peak=4942031 memo_final=4942031 memo_evictions=0 memo_clean_time_ms=0 reconstruction_time_ms=3.6999 reconstruction_repairs=0 reconstruction_trace_hits=565 reconstruction_trace_fallbacks=0 memo_used_mb=1281.96 memo_bytes_per_entry=272,[run] n=900 seed=0 input=D:\test2\results\memo_backend_no_gate\data\900\SDT_900_0.4_0.6_1.txt decomp=adaptive memo_backend=std_unordered use_ub=0 use_lb=0 terminal_rules=1 position_filtering_enabled=1 enable_lawler_basic_rules=1 enable_simple_lb=0 enable_lb_memo=0 enable_edd_ub=0 ub_depth_limit=-1 lb_depth_limit=-1 terminal_all_tardy_spt=1 terminal_edd_at_most_one_tardy=1 enable_memo=1 enable_exact_memo=1 memo_full_key_verification=1 memo_memory_limit_mb=12288 cost=3275640 time_ms=58134 nodes=4942031 max_depth=899 memo_hits=1105552 memo_misses=9884061 memo_exact_hits=1105552 memo_lb_hits=0 rule4=1 valid_pos=900202147 valid_pos_pruned_3a=0 valid_pos_pruned_3b=0 memo_rejected=0 memo_forced_evict=0 lufo_passes=0 terminal_spt=56923 terminal_edd=434479 memo_peak=4942031 memo_final=4942031 memo_evictions=0 memo_clean_time_ms=0 reconstruction_time_ms=3.7871 reconstruction_repairs=0 reconstruction_trace_hits=565 reconstruction_trace_fallbacks=0 memo_used_mb=1432.78 memo_bytes_per_entry=304,C:\c++\test2\results\memo_backend_no_gate\raw_results.csv,False,0.9302645611862249,0.8947361074275185,True,True
900,0.4,0.6,1,D:\test2\results\memo_backend_no_gate\data\900\SDT_900_0.4_0.6_2.txt,12288,1200,SOLVED,SOLVED,MATCH,True,True,True,900,900,3266382,3266382,3266382,3266382,53404.9,57060.0,1.068441,53521.329,58347.608,1.090175,4553343,4553343,True,1042271,1042271,9106685,9106685,1181.13,1320.09,0,0,3.4426,3.3001,0,0,False,,[run] n=900 seed=1 input=D:\test2\results\memo_backend_no_gate\data\900\SDT_900_0.4_0.6_2.txt decomp=adaptive memo_backend=custom use_ub=0 use_lb=0 terminal_rules=1 position_filtering_enabled=1 enable_lawler_basic_rules=1 enable_simple_lb=0 enable_lb_memo=0 enable_edd_ub=0 ub_depth_limit=-1 lb_depth_limit=-1 terminal_all_tardy_spt=1 terminal_edd_at_most_one_tardy=1 enable_memo=1 enable_exact_memo=1 memo_full_key_verification=1 memo_memory_limit_mb=12288 cost=3266382 time_ms=53404.9 nodes=4553343 max_depth=899 memo_hits=1042271 memo_misses=9106685 memo_exact_hits=1042271 memo_lb_hits=0 rule4=1 valid_pos=924378972 valid_pos_pruned_3a=0 valid_pos_pruned_3b=0 memo_rejected=0 memo_forced_evict=0 lufo_passes=0 terminal_spt=58518 terminal_edd=463743 memo_peak=4553343 memo_final=4553343 memo_evictions=0 memo_clean_time_ms=0 reconstruction_time_ms=3.4426 reconstruction_repairs=0 reconstruction_trace_hits=521 reconstruction_trace_fallbacks=0 memo_used_mb=1181.13 memo_bytes_per_entry=272,[run] n=900 seed=1 input=D:\test2\results\memo_backend_no_gate\data\900\SDT_900_0.4_0.6_2.txt decomp=adaptive memo_backend=std_unordered use_ub=0 use_lb=0 terminal_rules=1 position_filtering_enabled=1 enable_lawler_basic_rules=1 enable_simple_lb=0 enable_lb_memo=0 enable_edd_ub=0 ub_depth_limit=-1 lb_depth_limit=-1 terminal_all_tardy_spt=1 terminal_edd_at_most_one_tardy=1 enable_memo=1 enable_exact_memo=1 memo_full_key_verification=1 memo_memory_limit_mb=12288 cost=3266382 time_ms=57060 nodes=4553343 max_depth=899 memo_hits=1042271 memo_misses=9106685 memo_exact_hits=1042271 memo_lb_hits=0 rule4=1 valid_pos=924378972 valid_pos_pruned_3a=0 valid_pos_pruned_3b=0 memo_rejected=0 memo_forced_evict=0 lufo_passes=0 terminal_spt=58518 terminal_edd=463743 memo_peak=4553343 memo_final=4553343 memo_evictions=0 memo_clean_time_ms=0 reconstruction_time_ms=3.3001 reconstruction_repairs=0 reconstruction_trace_hits=521 reconstruction_trace_fallbacks=0 memo_used_mb=1320.09 memo_bytes_per_entry=304,C:\c++\test2\results\memo_backend_no_gate\raw_results.csv,False,0.9359428671573782,0.894734449923869,True,True
900,0.4,0.6,2,D:\test2\results\memo_backend_no_gate\data\900\SDT_900_0.4_0.6_3.txt,12288,1200,SOLVED,SOLVED,MATCH,True,True,True,900,900,3211151,3211151,3211151,3211151,52827.0,56864.2,1.076423,52950.842,58254.002,1.100153,4815499,4815499,True,1381068,1381068,9630997,9630997,1249.14,1396.09,0,0,3.5338,3.7626,0,0,False,,[run] n=900 seed=2 input=D:\test2\results\memo_backend_no_gate\data\900\SDT_900_0.4_0.6_3.txt decomp=adaptive memo_backend=custom use_ub=0 use_lb=0 terminal_rules=1 position_filtering_enabled=1 enable_lawler_basic_rules=1 enable_simple_lb=0 enable_lb_memo=0 enable_edd_ub=0 ub_depth_limit=-1 lb_depth_limit=-1 terminal_all_tardy_spt=1 terminal_edd_at_most_one_tardy=1 enable_memo=1 enable_exact_memo=1 memo_full_key_verification=1 memo_memory_limit_mb=12288 cost=3211151 time_ms=52827 nodes=4815499 max_depth=899 memo_hits=1381068 memo_misses=9630997 memo_exact_hits=1381068 memo_lb_hits=0 rule4=1 valid_pos=918095618 valid_pos_pruned_3a=0 valid_pos_pruned_3b=0 memo_rejected=0 memo_forced_evict=0 lufo_passes=0 terminal_spt=58141 terminal_edd=553252 memo_peak=4815499 memo_final=4815499 memo_evictions=0 memo_clean_time_ms=0 reconstruction_time_ms=3.5338 reconstruction_repairs=0 reconstruction_trace_hits=550 reconstruction_trace_fallbacks=0 memo_used_mb=1249.14 memo_bytes_per_entry=272,[run] n=900 seed=2 input=D:\test2\results\memo_backend_no_gate\data\900\SDT_900_0.4_0.6_3.txt decomp=adaptive memo_backend=std_unordered use_ub=0 use_lb=0 terminal_rules=1 position_filtering_enabled=1 enable_lawler_basic_rules=1 enable_simple_lb=0 enable_lb_memo=0 enable_edd_ub=0 ub_depth_limit=-1 lb_depth_limit=-1 terminal_all_tardy_spt=1 terminal_edd_at_most_one_tardy=1 enable_memo=1 enable_exact_memo=1 memo_full_key_verification=1 memo_memory_limit_mb=12288 cost=3211151 time_ms=56864.2 nodes=4815499 max_depth=899 memo_hits=1381068 memo_misses=9630997 memo_exact_hits=1381068 memo_lb_hits=0 rule4=1 valid_pos=918095618 valid_pos_pruned_3a=0 valid_pos_pruned_3b=0 memo_rejected=0 memo_forced_evict=0 lufo_passes=0 terminal_spt=58141 terminal_edd=553252 memo_peak=4815499 memo_final=4815499 memo_evictions=0 memo_clean_time_ms=0 reconstruction_time_ms=3.7626 reconstruction_repairs=0 reconstruction_trace_hits=550 reconstruction_trace_fallbacks=0 memo_used_mb=1396.09 memo_bytes_per_entry=304,C:\c++\test2\results\memo_backend_no_gate\raw_results.csv,False,0.9290027820667486,0.8947417430108375,True,True
900,0.4,0.6,3,D:\test2\results\memo_backend_no_gate\data\900\SDT_900_0.4_0.6_4.txt,12288,1200,SOLVED,SOLVED,MATCH,True,True,True,900,900,3194073,3194073,3194073,3194073,37075.7,39483.7,1.064948,37167.614,40365.611,1.086043,3279174,3279174,True,928227,928227,6558347,6558347,850.616,950.688,0,0,4.0322,4.106,0,0,False,,[run] n=900 seed=3 input=D:\test2\results\memo_backend_no_gate\data\900\SDT_900_0.4_0.6_4.txt decomp=adaptive memo_backend=custom use_ub=0 use_lb=0 terminal_rules=1 position_filtering_enabled=1 enable_lawler_basic_rules=1 enable_simple_lb=0 enable_lb_memo=0 enable_edd_ub=0 ub_depth_limit=-1 lb_depth_limit=-1 terminal_all_tardy_spt=1 terminal_edd_at_most_one_tardy=1 enable_memo=1 enable_exact_memo=1 memo_full_key_verification=1 memo_memory_limit_mb=12288 cost=3194073 time_ms=37075.7 nodes=3279174 max_depth=899 memo_hits=928227 memo_misses=6558347 memo_exact_hits=928227 memo_lb_hits=0 rule4=1 valid_pos=606146051 valid_pos_pruned_3a=0 valid_pos_pruned_3b=0 memo_rejected=0 memo_forced_evict=0 lufo_passes=0 terminal_spt=31200 terminal_edd=264178 memo_peak=3279174 memo_final=3279174 memo_evictions=0 memo_clean_time_ms=0 reconstruction_time_ms=4.0322 reconstruction_repairs=0 reconstruction_trace_hits=629 reconstruction_trace_fallbacks=0 memo_used_mb=850.616 memo_bytes_per_entry=272,[run] n=900 seed=3 input=D:\test2\results\memo_backend_no_gate\data\900\SDT_900_0.4_0.6_4.txt decomp=adaptive memo_backend=std_unordered use_ub=0 use_lb=0 terminal_rules=1 position_filtering_enabled=1 enable_lawler_basic_rules=1 enable_simple_lb=0 enable_lb_memo=0 enable_edd_ub=0 ub_depth_limit=-1 lb_depth_limit=-1 terminal_all_tardy_spt=1 terminal_edd_at_most_one_tardy=1 enable_memo=1 enable_exact_memo=1 memo_full_key_verification=1 memo_memory_limit_mb=12288 cost=3194073 time_ms=39483.7 nodes=3279174 max_depth=899 memo_hits=928227 memo_misses=6558347 memo_exact_hits=928227 memo_lb_hits=0 rule4=1 valid_pos=606146051 valid_pos_pruned_3a=0 valid_pos_pruned_3b=0 memo_rejected=0 memo_forced_evict=0 lufo_passes=0 terminal_spt=31200 terminal_edd=264178 memo_peak=3279174 memo_final=3279174 memo_evictions=0 memo_clean_time_ms=0 reconstruction_time_ms=4.106 reconstruction_repairs=0 reconstruction_trace_hits=629 reconstruction_trace_fallbacks=0 memo_used_mb=950.688 memo_bytes_per_entry=304,C:\c++\test2\results\memo_backend_no_gate\raw_results.csv,False,0.9390128078168966,0.8947372849978121,True,True
900,0.4,0.6,4,D:\test2\results\memo_backend_no_gate\data\900\SDT_900_0.4_0.6_5.txt,12288,1200,SOLVED,SOLVED,MATCH,True,True,True,900,900,3372956,3372956,3372956,3372956,76196.5,80816.2,1.060629,76357.107,82738.932,1.083579,6423108,6423108,True,1623471,1623471,12846215,12846215,1666.15,1862.17,0,0,3.2157,3.3148,0,0,False,,[run] n=900 seed=4 input=D:\test2\results\memo_backend_no_gate\data\900\SDT_900_0.4_0.6_5.txt decomp=adaptive memo_backend=custom use_ub=0 use_lb=0 terminal_rules=1 position_filtering_enabled=1 enable_lawler_basic_rules=1 enable_simple_lb=0 enable_lb_memo=0 enable_edd_ub=0 ub_depth_limit=-1 lb_depth_limit=-1 terminal_all_tardy_spt=1 terminal_edd_at_most_one_tardy=1 enable_memo=1 enable_exact_memo=1 memo_full_key_verification=1 memo_memory_limit_mb=12288 cost=3372956 time_ms=76196.5 nodes=6423108 max_depth=899 memo_hits=1623471 memo_misses=12846215 memo_exact_hits=1623471 memo_lb_hits=0 rule4=1 valid_pos=1255008583 valid_pos_pruned_3a=0 valid_pos_pruned_3b=0 memo_rejected=0 memo_forced_evict=0 lufo_passes=0 terminal_spt=85118 terminal_edd=536363 memo_peak=6423108 memo_final=6423108 memo_evictions=0 memo_clean_time_ms=0 reconstruction_time_ms=3.2157 reconstruction_repairs=0 reconstruction_trace_hits=509 reconstruction_trace_fallbacks=0 memo_used_mb=1666.15 memo_bytes_per_entry=272,[run] n=900 seed=4 input=D:\test2\results\memo_backend_no_gate\data\900\SDT_900_0.4_0.6_5.txt decomp=adaptive memo_backend=std_unordered use_ub=0 use_lb=0 terminal_rules=1 position_filtering_enabled=1 enable_lawler_basic_rules=1 enable_simple_lb=0 enable_lb_memo=0 enable_edd_ub=0 ub_depth_limit=-1 lb_depth_limit=-1 terminal_all_tardy_spt=1 terminal_edd_at_most_one_tardy=1 enable_memo=1 enable_exact_memo=1 memo_full_key_verification=1 memo_memory_limit_mb=12288 cost=3372956 time_ms=80816.2 nodes=6423108 max_depth=899 memo_hits=1623471 memo_misses=12846215 memo_exact_hits=1623471 memo_lb_hits=0 rule4=1 valid_pos=1255008583 valid_pos_pruned_3a=0 valid_pos_pruned_3b=0 memo_rejected=0 memo_forced_evict=0 lufo_passes=0 terminal_spt=85118 terminal_edd=536363 memo_peak=6423108 memo_final=6423108 memo_evictions=0 memo_clean_time_ms=0 reconstruction_time_ms=3.3148 reconstruction_repairs=0 reconstruction_trace_hits=509 reconstruction_trace_fallbacks=0 memo_used_mb=1862.17 memo_bytes_per_entry=304,C:\c++\test2\results\memo_backend_no_gate\raw_results.csv,False,0.9428369559568502,0.8947357115623171,True,True
900,0.4,0.6,5,D:\test2\results\memo_backend_no_gate\data\900\SDT_900_0.4_0.6_6.txt,12288,1200,SOLVED,SOLVED,MATCH,True,True,True,900,900,3278430,3278430,3278430,3278430,54594.0,58753.9,1.076197,54722.326,60181.049,1.099753,5011358,5011358,True,1173921,1173921,10022715,10022715,1299.94,1452.88,0,0,3.6079,3.513,0,0,False,,[run] n=900 seed=5 input=D:\test2\results\memo_backend_no_gate\data\900\SDT_900_0.4_0.6_6.txt decomp=adaptive memo_backend=custom use_ub=0 use_lb=0 terminal_rules=1 position_filtering_enabled=1 enable_lawler_basic_rules=1 enable_simple_lb=0 enable_lb_memo=0 enable_edd_ub=0 ub_depth_limit=-1 lb_depth_limit=-1 terminal_all_tardy_spt=1 terminal_edd_at_most_one_tardy=1 enable_memo=1 enable_exact_memo=1 memo_full_key_verification=1 memo_memory_limit_mb=12288 cost=3278430 time_ms=54594 nodes=5011358 max_depth=899 memo_hits=1173921 memo_misses=10022715 memo_exact_hits=1173921 memo_lb_hits=0 rule4=1 valid_pos=955010011 valid_pos_pruned_3a=0 valid_pos_pruned_3b=0 memo_rejected=0 memo_forced_evict=0 lufo_passes=0 terminal_spt=74372 terminal_edd=605116 memo_peak=5011358 memo_final=5011358 memo_evictions=0 memo_clean_time_ms=0 reconstruction_time_ms=3.6079 reconstruction_repairs=0 reconstruction_trace_hits=537 reconstruction_trace_fallbacks=0 memo_used_mb=1299.94 memo_bytes_per_entry=272,[run] n=900 seed=5 input=D:\test2\results\memo_backend_no_gate\data\900\SDT_900_0.4_0.6_6.txt decomp=adaptive memo_backend=std_unordered use_ub=0 use_lb=0 terminal_rules=1 position_filtering_enabled=1 enable_lawler_basic_rules=1 enable_simple_lb=0 enable_lb_memo=0 enable_edd_ub=0 ub_depth_limit=-1 lb_depth_limit=-1 terminal_all_tardy_spt=1 terminal_edd_at_most_one_tardy=1 enable_memo=1 enable_exact_memo=1 memo_full_key_verification=1 memo_memory_limit_mb=12288 cost=3278430 time_ms=58753.9 nodes=5011358 max_depth=899 memo_hits=1173921 memo_misses=10022715 memo_exact_hits=1173921 memo_lb_hits=0 rule4=1 valid_pos=955010011 valid_pos_pruned_3a=0 valid_pos_pruned_3b=0 memo_rejected=0 memo_forced_evict=0 lufo_passes=0 terminal_spt=74372 terminal_edd=605116 memo_peak=5011358 memo_final=5011358 memo_evictions=0 memo_clean_time_ms=0 reconstruction_time_ms=3.513 reconstruction_repairs=0 reconstruction_trace_hits=537 reconstruction_trace_fallbacks=0 memo_used_mb=1452.88 memo_bytes_per_entry=304,C:\c++\test2\results\memo_backend_no_gate\raw_results.csv,False,0.9291978915442208,0.8947332195363691,True,True
900,0.4,0.6,6,D:\test2\results\memo_backend_no_gate\data\900\SDT_900_0.4_0.6_7.txt,12288,1200,SOLVED,SOLVED,MATCH,True,True,True,900,900,3098882,3098882,3098882,3098882,54723.0,58617.8,1.071173,54850.731,60003.09,1.093934,4915077,4915077,True,1141203,1141203,9830153,9830153,1274.97,1424.96,0,0,3.0369,2.9535,0,0,False,,[run] n=900 seed=6 input=D:\test2\results\memo_backend_no_gate\data\900\SDT_900_0.4_0.6_7.txt decomp=adaptive memo_backend=custom use_ub=0 use_lb=0 terminal_rules=1 position_filtering_enabled=1 enable_lawler_basic_rules=1 enable_simple_lb=0 enable_lb_memo=0 enable_edd_ub=0 ub_depth_limit=-1 lb_depth_limit=-1 terminal_all_tardy_spt=1 terminal_edd_at_most_one_tardy=1 enable_memo=1 enable_exact_memo=1 memo_full_key_verification=1 memo_memory_limit_mb=12288 cost=3098882 time_ms=54723 nodes=4915077 max_depth=899 memo_hits=1141203 memo_misses=9830153 memo_exact_hits=1141203 memo_lb_hits=0 rule4=1 valid_pos=941035964 valid_pos_pruned_3a=0 valid_pos_pruned_3b=0 memo_rejected=0 memo_forced_evict=0 lufo_passes=0 terminal_spt=59037 terminal_edd=579944 memo_peak=4915077 memo_final=4915077 memo_evictions=0 memo_clean_time_ms=0 reconstruction_time_ms=3.0369 reconstruction_repairs=0 reconstruction_trace_hits=477 reconstruction_trace_fallbacks=0 memo_used_mb=1274.97 memo_bytes_per_entry=272,[run] n=900 seed=6 input=D:\test2\results\memo_backend_no_gate\data\900\SDT_900_0.4_0.6_7.txt decomp=adaptive memo_backend=std_unordered use_ub=0 use_lb=0 terminal_rules=1 position_filtering_enabled=1 enable_lawler_basic_rules=1 enable_simple_lb=0 enable_lb_memo=0 enable_edd_ub=0 ub_depth_limit=-1 lb_depth_limit=-1 terminal_all_tardy_spt=1 terminal_edd_at_most_one_tardy=1 enable_memo=1 enable_exact_memo=1 memo_full_key_verification=1 memo_memory_limit_mb=12288 cost=3098882 time_ms=58617.8 nodes=4915077 max_depth=899 memo_hits=1141203 memo_misses=9830153 memo_exact_hits=1141203 memo_lb_hits=0 rule4=1 valid_pos=941035964 valid_pos_pruned_3a=0 valid_pos_pruned_3b=0 memo_rejected=0 memo_forced_evict=0 lufo_passes=0 terminal_spt=59037 terminal_edd=579944 memo_peak=4915077 memo_final=4915077 memo_evictions=0 memo_clean_time_ms=0 reconstruction_time_ms=2.9535 reconstruction_repairs=0 reconstruction_trace_hits=477 reconstruction_trace_fallbacks=0 memo_used_mb=1424.96 memo_bytes_per_entry=304,C:\c++\test2\results\memo_backend_no_gate\raw_results.csv,False,0.9335560188202218,0.8947409050078599,True,True
900,0.4,0.6,7,D:\test2\results\memo_backend_no_gate\data\900\SDT_900_0.4_0.6_8.txt,12288,1200,SOLVED,SOLVED,MATCH,True,True,True,900,900,2978383,2978383,2978383,2978383,43210.7,45775.7,1.05936,43313.13,46833.553,1.081278,3815831,3815831,True,910059,910059,7631661,7631661,989.824,1106.27,0,0,2.9647,2.844,0,0,False,,[run] n=900 seed=7 input=D:\test2\results\memo_backend_no_gate\data\900\SDT_900_0.4_0.6_8.txt decomp=adaptive memo_backend=custom use_ub=0 use_lb=0 terminal_rules=1 position_filtering_enabled=1 enable_lawler_basic_rules=1 enable_simple_lb=0 enable_lb_memo=0 enable_edd_ub=0 ub_depth_limit=-1 lb_depth_limit=-1 terminal_all_tardy_spt=1 terminal_edd_at_most_one_tardy=1 enable_memo=1 enable_exact_memo=1 memo_full_key_verification=1 memo_memory_limit_mb=12288 cost=2978383 time_ms=43210.7 nodes=3815831 max_depth=899 memo_hits=910059 memo_misses=7631661 memo_exact_hits=910059 memo_lb_hits=0 rule4=1 valid_pos=750814532 valid_pos_pruned_3a=0 valid_pos_pruned_3b=0 memo_rejected=0 memo_forced_evict=0 lufo_passes=0 terminal_spt=61155 terminal_edd=404225 memo_peak=3815831 memo_final=3815831 memo_evictions=0 memo_clean_time_ms=0 reconstruction_time_ms=2.9647 reconstruction_repairs=0 reconstruction_trace_hits=463 reconstruction_trace_fallbacks=0 memo_used_mb=989.824 memo_bytes_per_entry=272,[run] n=900 seed=7 input=D:\test2\results\memo_backend_no_gate\data\900\SDT_900_0.4_0.6_8.txt decomp=adaptive memo_backend=std_unordered use_ub=0 use_lb=0 terminal_rules=1 position_filtering_enabled=1 enable_lawler_basic_rules=1 enable_simple_lb=0 enable_lb_memo=0 enable_edd_ub=0 ub_depth_limit=-1 lb_depth_limit=-1 terminal_all_tardy_spt=1 terminal_edd_at_most_one_tardy=1 enable_memo=1 enable_exact_memo=1 memo_full_key_verification=1 memo_memory_limit_mb=12288 cost=2978383 time_ms=45775.7 nodes=3815831 max_depth=899 memo_hits=910059 memo_misses=7631661 memo_exact_hits=910059 memo_lb_hits=0 rule4=1 valid_pos=750814532 valid_pos_pruned_3a=0 valid_pos_pruned_3b=0 memo_rejected=0 memo_forced_evict=0 lufo_passes=0 terminal_spt=61155 terminal_edd=404225 memo_peak=3815831 memo_final=3815831 memo_evictions=0 memo_clean_time_ms=0 reconstruction_time_ms=2.844 reconstruction_repairs=0 reconstruction_trace_hits=463 reconstruction_trace_fallbacks=0 memo_used_mb=1106.27 memo_bytes_per_entry=304,C:\c++\test2\results\memo_backend_no_gate\raw_results.csv,False,0.9439659033067763,0.8947399821020184,True,True
900,0.4,0.6,8,D:\test2\results\memo_backend_no_gate\data\900\SDT_900_0.4_0.6_9.txt,12288,1200,SOLVED,SOLVED,MATCH,True,True,True,900,900,3055126,3055126,3055126,3055126,59806.7,64066.4,1.071224,59948.174,65597.124,1.094231,5341202,5341202,True,1360680,1360680,10682403,10682403,1385.5,1548.51,0,0,4.1422,4.0109,0,0,False,,[run] n=900 seed=8 input=D:\test2\results\memo_backend_no_gate\data\900\SDT_900_0.4_0.6_9.txt decomp=adaptive memo_backend=custom use_ub=0 use_lb=0 terminal_rules=1 position_filtering_enabled=1 enable_lawler_basic_rules=1 enable_simple_lb=0 enable_lb_memo=0 enable_edd_ub=0 ub_depth_limit=-1 lb_depth_limit=-1 terminal_all_tardy_spt=1 terminal_edd_at_most_one_tardy=1 enable_memo=1 enable_exact_memo=1 memo_full_key_verification=1 memo_memory_limit_mb=12288 cost=3055126 time_ms=59806.7 nodes=5341202 max_depth=899 memo_hits=1360680 memo_misses=10682403 memo_exact_hits=1360680 memo_lb_hits=0 rule4=1 valid_pos=1042961786 valid_pos_pruned_3a=0 valid_pos_pruned_3b=0 memo_rejected=0 memo_forced_evict=0 lufo_passes=0 terminal_spt=101206 terminal_edd=586985 memo_peak=5341202 memo_final=5341202 memo_evictions=0 memo_clean_time_ms=0 reconstruction_time_ms=4.1422 reconstruction_repairs=0 reconstruction_trace_hits=596 reconstruction_trace_fallbacks=0 memo_used_mb=1385.5 memo_bytes_per_entry=272,[run] n=900 seed=8 input=D:\test2\results\memo_backend_no_gate\data\900\SDT_900_0.4_0.6_9.txt decomp=adaptive memo_backend=std_unordered use_ub=0 use_lb=0 terminal_rules=1 position_filtering_enabled=1 enable_lawler_basic_rules=1 enable_simple_lb=0 enable_lb_memo=0 enable_edd_ub=0 ub_depth_limit=-1 lb_depth_limit=-1 terminal_all_tardy_spt=1 terminal_edd_at_most_one_tardy=1 enable_memo=1 enable_exact_memo=1 memo_full_key_verification=1 memo_memory_limit_mb=12288 cost=3055126 time_ms=64066.4 nodes=5341202 max_depth=899 memo_hits=1360680 memo_misses=10682403 memo_exact_hits=1360680 memo_lb_hits=0 rule4=1 valid_pos=1042961786 valid_pos_pruned_3a=0 valid_pos_pruned_3b=0 memo_rejected=0 memo_forced_evict=0 lufo_passes=0 terminal_spt=101206 terminal_edd=586985 memo_peak=5341202 memo_final=5341202 memo_evictions=0 memo_clean_time_ms=0 reconstruction_time_ms=4.0109 reconstruction_repairs=0 reconstruction_trace_hits=596 reconstruction_trace_fallbacks=0 memo_used_mb=1548.51 memo_bytes_per_entry=304,C:\c++\test2\results\memo_backend_no_gate\raw_results.csv,False,0.9335111696614762,0.8947310640551239,True,True
900,0.4,0.6,9,D:\test2\results\memo_backend_no_gate\data\900\SDT_900_0.4_0.6_10.txt,12288,1200,SOLVED,SOLVED,MATCH,True,True,True,900,900,3115858,3115858,3115858,3115858,67867.7,71968.9,1.060429,68016.101,73747.049,1.084259,5932342,5932342,True,1317096,1317096,11864683,11864683,1538.85,1719.89,0,0,2.7023,2.7222,0,0,False,,[run] n=900 seed=9 input=D:\test2\results\memo_backend_no_gate\data\900\SDT_900_0.4_0.6_10.txt decomp=adaptive memo_backend=custom use_ub=0 use_lb=0 terminal_rules=1 position_filtering_enabled=1 enable_lawler_basic_rules=1 enable_simple_lb=0 enable_lb_memo=0 enable_edd_ub=0 ub_depth_limit=-1 lb_depth_limit=-1 terminal_all_tardy_spt=1 terminal_edd_at_most_one_tardy=1 enable_memo=1 enable_exact_memo=1 memo_full_key_verification=1 memo_memory_limit_mb=12288 cost=3115858 time_ms=67867.7 nodes=5932342 max_depth=899 memo_hits=1317096 memo_misses=11864683 memo_exact_hits=1317096 memo_lb_hits=0 rule4=1 valid_pos=1188955742 valid_pos_pruned_3a=0 valid_pos_pruned_3b=0 memo_rejected=0 memo_forced_evict=0 lufo_passes=0 terminal_spt=83880 terminal_edd=677627 memo_peak=5932342 memo_final=5932342 memo_evictions=0 memo_clean_time_ms=0 reconstruction_time_ms=2.7023 reconstruction_repairs=0 reconstruction_trace_hits=434 reconstruction_trace_fallbacks=0 memo_used_mb=1538.85 memo_bytes_per_entry=272,[run] n=900 seed=9 input=D:\test2\results\memo_backend_no_gate\data\900\SDT_900_0.4_0.6_10.txt decomp=adaptive memo_backend=std_unordered use_ub=0 use_lb=0 terminal_rules=1 position_filtering_enabled=1 enable_lawler_basic_rules=1 enable_simple_lb=0 enable_lb_memo=0 enable_edd_ub=0 ub_depth_limit=-1 lb_depth_limit=-1 terminal_all_tardy_spt=1 terminal_edd_at_most_one_tardy=1 enable_memo=1 enable_exact_memo=1 memo_full_key_verification=1 memo_memory_limit_mb=12288 cost=3115858 time_ms=71968.9 nodes=5932342 max_depth=899 memo_hits=1317096 memo_misses=11864683 memo_exact_hits=1317096 memo_lb_hits=0 rule4=1 valid_pos=1188955742 valid_pos_pruned_3a=0 valid_pos_pruned_3b=0 memo_rejected=0 memo_forced_evict=0 lufo_passes=0 terminal_spt=83880 terminal_edd=677627 memo_peak=5932342 memo_final=5932342 memo_evictions=0 memo_clean_time_ms=0 reconstruction_time_ms=2.7222 reconstruction_repairs=0 reconstruction_trace_hits=434 reconstruction_trace_fallbacks=0 memo_used_mb=1719.89 memo_bytes_per_entry=304,C:\c++\test2\results\memo_backend_no_gate\raw_results.csv,False,0.9430142742212262,0.8947374541395088,True,True
