instance_key,bounds_mode,n,R,T,seed,objective_match,time_ratio,node_ratio,memory_ratio,bound_time_share,memo_lb_hit_rate
50|R=0.2|T=0.6|seed=0,simple_lb,50,0.2,0.6,0,True,1.2062182378804316,0.9985310319500551,1.0,0.0403086463584937,
50|R=0.2|T=0.6|seed=1,simple_lb,50,0.2,0.6,1,True,1.0996905578322322,0.9381663113006397,1.0,0.042360635789793905,
50|R=0.2|T=0.6|seed=2,simple_lb,50,0.2,0.6,2,True,1.117582114269942,1.0,1.0,0.03926895529760435,
50|R=0.2|T=0.6|seed=3,simple_lb,50,0.2,0.6,3,True,1.116151974000612,0.9841688654353562,1.0,0.04043767218979722,
50|R=0.2|T=0.6|seed=4,simple_lb,50,0.2,0.6,4,True,1.1229580704133986,0.9785100286532952,1.0,0.04232748660854953,
50|R=0.2|T=0.6|seed=5,simple_lb,50,0.2,0.6,5,True,1.1158084101641557,0.9754601226993865,1.0,0.042724707779121324,
50|R=0.2|T=0.6|seed=6,simple_lb,50,0.2,0.6,6,True,1.1372690401081569,1.0,1.0,0.042478998256459025,
50|R=0.2|T=0.6|seed=7,simple_lb,50,0.2,0.6,7,True,1.1151746031746033,0.9603854389721628,1.0,0.04099294010475974,
50|R=0.2|T=0.6|seed=8,simple_lb,50,0.2,0.6,8,True,1.1378673823394645,0.9936220208123532,1.0,0.04259284826729256,
50|R=0.2|T=0.6|seed=9,simple_lb,50,0.2,0.6,9,True,1.0465476256288353,0.9217638691322901,1.0,0.03708203475780466,
50|R=0.2|T=0.6|seed=0,simple_lb_lb_memo,50,0.2,0.6,0,True,1.2116856049791582,0.9985310319500551,1.0,0.058858873010449925,0.0
50|R=0.2|T=0.6|seed=1,simple_lb_lb_memo,50,0.2,0.6,1,True,1.1322238019570126,0.9381663113006397,1.0,0.06130890825823609,0.0
50|R=0.2|T=0.6|seed=2,simple_lb_lb_memo,50,0.2,0.6,2,True,1.1686447695280153,1.0,1.0,0.06353330184222956,0.0
50|R=0.2|T=0.6|seed=3,simple_lb_lb_memo,50,0.2,0.6,3,True,1.1437690368276083,0.9841688654353562,1.0216962524654833,0.06098213603119187,0.0
50|R=0.2|T=0.6|seed=4,simple_lb_lb_memo,50,0.2,0.6,4,True,1.1644158754496667,0.9785100286532952,1.0216962524654833,0.06290200050645733,0.0
50|R=0.2|T=0.6|seed=5,simple_lb_lb_memo,50,0.2,0.6,5,True,1.1585338430402519,0.9754601226993865,1.0216962524654833,0.06230590062111801,0.0
50|R=0.2|T=0.6|seed=6,simple_lb_lb_memo,50,0.2,0.6,6,True,1.1702568724650744,1.0,1.0216962524654833,0.06346272335181763,0.0
50|R=0.2|T=0.6|seed=7,simple_lb_lb_memo,50,0.2,0.6,7,True,1.2427513227513227,0.9603854389721628,1.0216962524654833,0.0856607629427793,0.0
50|R=0.2|T=0.6|seed=8,simple_lb_lb_memo,50,0.2,0.6,8,True,1.1587484453754011,0.9936220208123532,1.02465483234714,0.06330286631040209,0.0
50|R=0.2|T=0.6|seed=9,simple_lb_lb_memo,50,0.2,0.6,9,True,1.1133285422079717,0.9217638691322901,1.02465483234714,0.05457073340285019,0.0
50|R=0.2|T=0.6|seed=0,edd_ub,50,0.2,0.6,0,True,1.052418203620168,0.9963275798751378,1.02465483234714,0.0,
50|R=0.2|T=0.6|seed=1,edd_ub,50,0.2,0.6,1,True,1.0318641799782555,0.9936034115138592,1.02465483234714,0.0,
50|R=0.2|T=0.6|seed=2,edd_ub,50,0.2,0.6,2,True,1.0336737510350538,0.9763779527559056,1.02465483234714,0.0,
50|R=0.2|T=0.6|seed=3,edd_ub,50,0.2,0.6,3,True,1.0642697873704767,0.9992461364493027,1.02465483234714,0.0,
50|R=0.2|T=0.6|seed=4,edd_ub,50,0.2,0.6,4,True,1.0219378427787935,0.997134670487106,1.02465483234714,0.0,
50|R=0.2|T=0.6|seed=5,edd_ub,50,0.2,0.6,5,True,1.0098943107713065,0.9846625766871165,1.02465483234714,0.0,
50|R=0.2|T=0.6|seed=6,edd_ub,50,0.2,0.6,6,True,1.0100946372239747,0.9775784753363229,1.02465483234714,0.0,
50|R=0.2|T=0.6|seed=7,edd_ub,50,0.2,0.6,7,True,1.020740740740741,0.9882226980728052,1.02465483234714,0.0,
50|R=0.2|T=0.6|seed=8,edd_ub,50,0.2,0.6,8,True,1.025960594357531,0.9996643168848607,1.02465483234714,0.0,
50|R=0.2|T=0.6|seed=9,edd_ub,50,0.2,0.6,9,True,1.0165293824976505,1.0,1.02465483234714,0.0,
50|R=0.2|T=0.6|seed=0,simple_lb_edd_ub,50,0.2,0.6,0,True,1.158096842345686,0.9610723466764598,1.02465483234714,0.04057835245972364,
50|R=0.2|T=0.6|seed=1,simple_lb_edd_ub,50,0.2,0.6,1,True,1.107217529480639,0.9189765458422174,1.02465483234714,0.04041090716821512,
50|R=0.2|T=0.6|seed=2,simple_lb_edd_ub,50,0.2,0.6,2,True,1.1156500138007177,0.9291338582677166,1.02465483234714,0.040821375556655125,
50|R=0.2|T=0.6|seed=3,simple_lb_edd_ub,50,0.2,0.6,3,True,1.1457073320022735,0.9672069355446664,1.02465483234714,0.03950899955479234,
50|R=0.2|T=0.6|seed=4,simple_lb_edd_ub,50,0.2,0.6,4,True,1.1253169782390753,0.9498567335243553,1.02465483234714,0.04333927261293365,
50|R=0.2|T=0.6|seed=5,simple_lb_edd_ub,50,0.2,0.6,5,True,1.1135597031706768,0.9478527607361963,1.02465483234714,0.042306138933764136,
50|R=0.2|T=0.6|seed=6,simple_lb_edd_ub,50,0.2,0.6,6,True,1.1129337539432176,0.9282511210762332,1.02465483234714,0.04381276320051831,
50|R=0.2|T=0.6|seed=7,simple_lb_edd_ub,50,0.2,0.6,7,True,1.1172063492063493,0.9271948608137045,1.02465483234714,0.03993331817837387,
50|R=0.2|T=0.6|seed=8,simple_lb_edd_ub,50,0.2,0.6,8,True,1.1950382928585455,0.9795233299765022,1.0335305719921104,0.041135808419968674,
50|R=0.2|T=0.6|seed=9,simple_lb_edd_ub,50,0.2,0.6,9,True,1.0457736746088784,0.8904694167852063,1.0335305719921104,0.03695089073320294,
50|R=0.2|T=0.6|seed=0,simple_lb_lb_memo_edd_ub,50,0.2,0.6,0,True,1.1790955290355736,0.9610723466764598,1.0335305719921104,0.06009830746507179,0.0
50|R=0.2|T=0.6|seed=1,simple_lb_lb_memo_edd_ub,50,0.2,0.6,1,True,1.1537174876641298,0.9189765458422174,1.0335305719921104,0.06154403769481697,0.0
50|R=0.2|T=0.6|seed=2,simple_lb_lb_memo_edd_ub,50,0.2,0.6,2,True,1.1832735302235717,0.9291338582677166,1.0335305719921104,0.06414742243993468,0.0
50|R=0.2|T=0.6|seed=3,simple_lb_lb_memo_edd_ub,50,0.2,0.6,3,True,1.16237958523398,0.9672069355446664,1.0335305719921104,0.06020637169473038,0.0
50|R=0.2|T=0.6|seed=4,simple_lb_lb_memo_edd_ub,50,0.2,0.6,4,True,1.183110219968155,0.9498567335243553,1.0335305719921104,0.06385205861828332,0.0
50|R=0.2|T=0.6|seed=5,simple_lb_lb_memo_edd_ub,50,0.2,0.6,5,True,1.180233865527322,0.9478527607361963,1.0335305719921104,0.06087453558159474,0.0
50|R=0.2|T=0.6|seed=6,simple_lb_lb_memo_edd_ub,50,0.2,0.6,6,True,1.192789544840018,0.9282511210762332,1.0335305719921104,0.06437962823031586,0.0
50|R=0.2|T=0.6|seed=7,simple_lb_lb_memo_edd_ub,50,0.2,0.6,7,True,1.1824338624338624,0.9271948608137045,1.0335305719921104,0.05706103454447825,0.0
50|R=0.2|T=0.6|seed=8,simple_lb_lb_memo_edd_ub,50,0.2,0.6,8,True,1.221601099692348,0.9795233299765022,1.0374753451676528,0.060613854595336074,0.0
50|R=0.2|T=0.6|seed=9,simple_lb_lb_memo_edd_ub,50,0.2,0.6,9,True,1.1865221958096082,0.8904694167852063,1.0374753451676528,0.05264874435074314,0.0
50|R=0.2|T=0.4|seed=0,simple_lb,50,0.2,0.4,0,True,1.1856473229022249,0.9951372004168114,1.0202634245187436,0.07061640403140487,
50|R=0.2|T=0.4|seed=1,simple_lb,50,0.2,0.4,1,True,1.092619626926196,0.9780701754385965,1.0202634245187436,0.0372624703087886,
50|R=0.2|T=0.4|seed=2,simple_lb,50,0.2,0.4,2,True,1.1519187358916478,0.9808917197452229,1.0202634245187436,0.040956300215559474,
50|R=0.2|T=0.4|seed=3,simple_lb,50,0.2,0.4,3,True,1.1197891710589363,0.9898255813953488,1.0202634245187436,0.041783080369503386,
50|R=0.2|T=0.4|seed=4,simple_lb,50,0.2,0.4,4,True,1.1007131421918206,0.956989247311828,1.0202634245187436,0.04006346687822293,
50|R=0.2|T=0.4|seed=5,simple_lb,50,0.2,0.4,5,True,1.146523178807947,0.9965397923875432,1.0202634245187436,0.03670276774969916,
50|R=0.2|T=0.4|seed=6,simple_lb,50,0.2,0.4,6,True,1.129267232006958,1.0,1.0202634245187436,0.03956869163377298,
50|R=0.2|T=0.4|seed=7,simple_lb,50,0.2,0.4,7,True,1.1046314120711132,0.9641693811074918,1.0202634245187436,0.04131214761660687,
50|R=0.2|T=0.4|seed=8,simple_lb,50,0.2,0.4,8,True,1.1069777877496074,0.9935710111046172,1.0202634245187436,0.04053670598727148,
50|R=0.2|T=0.4|seed=9,simple_lb,50,0.2,0.4,9,True,1.1253178350889939,0.9777070063694268,1.0202634245187436,0.037981493436625775,
50|R=0.2|T=0.4|seed=0,simple_lb_lb_memo,50,0.2,0.4,0,True,1.1396316102198456,0.9951372004168114,1.0597771023302938,0.06118642104043564,0.0
50|R=0.2|T=0.4|seed=1,simple_lb_lb_memo,50,0.2,0.4,1,True,1.1343065693430656,0.9780701754385965,1.0597771023302938,0.058773058773058766,0.0
50|R=0.2|T=0.4|seed=2,simple_lb_lb_memo,50,0.2,0.4,2,True,1.1706546275395033,0.9808917197452229,1.0597771023302938,0.06228306980331663,0.0
50|R=0.2|T=0.4|seed=3,simple_lb_lb_memo,50,0.2,0.4,3,True,1.146931987936526,0.9898255813953488,1.0597771023302938,0.059397424555195116,0.0
50|R=0.2|T=0.4|seed=4,simple_lb_lb_memo,50,0.2,0.4,4,True,1.1579100567602967,0.956989247311828,1.0597771023302938,0.06309703368526898,0.0
50|R=0.2|T=0.4|seed=5,simple_lb_lb_memo,50,0.2,0.4,5,True,1.1919150110375276,0.9965397923875432,1.0597771023302938,0.0612339391133233,0.0
50|R=0.2|T=0.4|seed=6,simple_lb_lb_memo,50,0.2,0.4,6,True,1.1684061752554904,1.0,1.0597771023302938,0.059179305852796134,0.0
50|R=0.2|T=0.4|seed=7,simple_lb_lb_memo,50,0.2,0.4,7,True,1.1456233722115277,0.9641693811074918,1.0597771023302938,0.06355639023425916,0.0
50|R=0.2|T=0.4|seed=8,simple_lb_lb_memo,50,0.2,0.4,8,True,1.1310522773165808,0.9935710111046172,1.0597771023302938,0.06080022217373192,0.0
50|R=0.2|T=0.4|seed=9,simple_lb_lb_memo,50,0.2,0.4,9,True,1.1686644872260563,0.9777070063694268,1.0597771023302938,0.057293825113966024,0.0
50|R=0.2|T=0.4|seed=0,edd_ub,50,0.2,0.4,0,True,1.0547831253713607,0.9975686002084057,1.0699088145896656,0.0,
50|R=0.2|T=0.4|seed=1,edd_ub,50,0.2,0.4,1,True,1.0389294403892944,1.0,1.0699088145896656,0.0,
50|R=0.2|T=0.4|seed=2,edd_ub,50,0.2,0.4,2,True,1.0275395033860044,0.9936305732484076,1.0699088145896656,0.0,
50|R=0.2|T=0.4|seed=3,edd_ub,50,0.2,0.4,3,True,1.0027340116688745,0.998546511627907,1.0699088145896656,0.0,
50|R=0.2|T=0.4|seed=4,edd_ub,50,0.2,0.4,4,True,1.0234318148741086,0.996415770609319,1.0699088145896656,0.0,
50|R=0.2|T=0.4|seed=5,edd_ub,50,0.2,0.4,5,True,1.0248344370860927,0.9826989619377162,1.0699088145896656,0.0,
50|R=0.2|T=0.4|seed=6,edd_ub,50,0.2,0.4,6,True,1.0131550337029789,1.0,1.0699088145896656,0.0,
50|R=0.2|T=0.4|seed=7,edd_ub,50,0.2,0.4,7,True,1.2143585097950402,0.996742671009772,1.0699088145896656,0.0,
50|R=0.2|T=0.4|seed=8,edd_ub,50,0.2,0.4,8,True,1.0002468027821405,1.0,1.0699088145896656,0.0,
50|R=0.2|T=0.4|seed=9,edd_ub,50,0.2,0.4,9,True,1.0294224482382854,0.9968152866242038,1.0699088145896656,0.0,
50|R=0.2|T=0.4|seed=0,simple_lb_edd_ub,50,0.2,0.4,0,True,1.1491648511256356,0.9541507467870789,1.0699088145896656,0.03982443239268315,
50|R=0.2|T=0.4|seed=1,simple_lb_edd_ub,50,0.2,0.4,1,True,1.1060827250608272,0.9517543859649122,1.0699088145896656,0.03842205601994428,
50|R=0.2|T=0.4|seed=2,simple_lb_edd_ub,50,0.2,0.4,2,True,1.156433408577878,0.9681528662420382,1.0699088145896656,0.0388444270934999,
50|R=0.2|T=0.4|seed=3,simple_lb_edd_ub,50,0.2,0.4,3,True,1.1287240339355675,0.9651162790697675,1.0699088145896656,0.038305948159616444,
50|R=0.2|T=0.4|seed=4,simple_lb_edd_ub,50,0.2,0.4,4,True,1.116722456702081,0.9390681003584229,1.0699088145896656,0.039619444806464225,
50|R=0.2|T=0.4|seed=5,simple_lb_edd_ub,50,0.2,0.4,5,True,1.1237582781456954,0.9446366782006921,1.0699088145896656,0.038182934315531,
50|R=0.2|T=0.4|seed=6,simple_lb_edd_ub,50,0.2,0.4,6,True,1.1307893020221789,0.967479674796748,1.0699088145896656,0.038650129795212,
50|R=0.2|T=0.4|seed=7,simple_lb_edd_ub,50,0.2,0.4,7,True,1.1162948703431095,0.9315960912052117,1.0699088145896656,0.04017041996348144,
50|R=0.2|T=0.4|seed=8,simple_lb_edd_ub,50,0.2,0.4,8,True,1.1227058559569216,0.9772063120981882,1.0699088145896656,0.04044845020883711,
50|R=0.2|T=0.4|seed=9,simple_lb_edd_ub,50,0.2,0.4,9,True,1.11708439278363,0.9267515923566879,1.0699088145896656,0.03891177108172556,
50|R=0.2|T=0.4|seed=0,simple_lb_lb_memo_edd_ub,50,0.2,0.4,0,True,1.2326533306925462,0.9541507467870789,1.0699088145896656,0.057222430507203687,0.0
50|R=0.2|T=0.4|seed=1,simple_lb_lb_memo_edd_ub,50,0.2,0.4,1,True,1.1664233576642333,0.9517543859649122,1.0699088145896656,0.05701571408705327,0.0
50|R=0.2|T=0.4|seed=2,simple_lb_lb_memo_edd_ub,50,0.2,0.4,2,True,1.2015801354401805,0.9681528662420382,1.0699088145896656,0.06368589141461582,0.0
50|R=0.2|T=0.4|seed=3,simple_lb_lb_memo_edd_ub,50,0.2,0.4,3,True,1.165590912934412,0.9651162790697675,1.0699088145896656,0.05854330899066596,0.0
50|R=0.2|T=0.4|seed=4,simple_lb_lb_memo_edd_ub,50,0.2,0.4,4,True,1.1682433415805558,0.9390681003584229,1.0699088145896656,0.060047340226734774,0.0
50|R=0.2|T=0.4|seed=5,simple_lb_lb_memo_edd_ub,50,0.2,0.4,5,True,1.2041942604856513,0.9446366782006921,1.0699088145896656,0.06198441796516957,0.0
50|R=0.2|T=0.4|seed=6,simple_lb_lb_memo_edd_ub,50,0.2,0.4,6,True,1.1818873668188736,0.967479674796748,1.0699088145896656,0.06006807101462607,0.0
50|R=0.2|T=0.4|seed=7,simple_lb_lb_memo_edd_ub,50,0.2,0.4,7,True,1.1519646699128072,0.9315960912052117,1.0699088145896656,0.05917625086011992,0.0
50|R=0.2|T=0.4|seed=8,simple_lb_lb_memo_edd_ub,50,0.2,0.4,8,True,1.154117119138434,0.9772063120981882,1.0699088145896656,0.060051711736231264,0.0
50|R=0.2|T=0.4|seed=9,simple_lb_lb_memo_edd_ub,50,0.2,0.4,9,True,1.1850102918028818,0.9267515923566879,1.0699088145896656,0.05629917237151323,0.0
50|R=0.2|T=0.8|seed=0,simple_lb,50,0.2,0.8,0,True,1.0704043493034319,1.0,1.0371155885471899,0.041838613421370074,
50|R=0.2|T=0.8|seed=1,simple_lb,50,0.2,0.8,1,True,1.116518716245577,0.9921259842519685,1.004102564102564,0.042143889691982656,
50|R=0.2|T=0.8|seed=2,simple_lb,50,0.2,0.8,2,True,1.0759763313609467,0.9675324675324676,1.004102564102564,0.038495380554333485,
50|R=0.2|T=0.8|seed=3,simple_lb,50,0.2,0.8,3,True,1.1153801305970148,0.9714714714714715,1.004102564102564,0.044273691913648,
50|R=0.2|T=0.8|seed=4,simple_lb,50,0.2,0.8,4,True,1.1290147961024901,1.0,1.004102564102564,0.043950775131852325,
50|R=0.2|T=0.8|seed=5,simple_lb,50,0.2,0.8,5,True,1.0107343254452306,1.0,1.004102564102564,0.044412261646150135,
50|R=0.2|T=0.8|seed=6,simple_lb,50,0.2,0.8,6,True,1.1364928909952605,0.9947368421052631,1.004102564102564,0.04170141784820684,
50|R=0.2|T=0.8|seed=7,simple_lb,50,0.2,0.8,7,True,1.1398737251092763,0.9957627118644068,1.004102564102564,0.03848885101548076,
50|R=0.2|T=0.8|seed=8,simple_lb,50,0.2,0.8,8,True,1.1367574962946072,0.9882525697503671,1.0040899795501022,0.04257559801414172,
50|R=0.2|T=0.8|seed=9,simple_lb,50,0.2,0.8,9,True,1.117047110247693,0.987012987012987,1.0040899795501022,0.03695652173913044,
50|R=0.2|T=0.8|seed=0,simple_lb_lb_memo,50,0.2,0.8,0,True,1.1001698946653076,1.0,1.0413573700954402,0.061461486194329486,0.0
50|R=0.2|T=0.8|seed=1,simple_lb_lb_memo,50,0.2,0.8,1,True,1.1773542740083183,0.9921259842519685,1.0071794871794872,0.06306021301275967,0.0
50|R=0.2|T=0.8|seed=2,simple_lb_lb_memo,50,0.2,0.8,2,True,1.1218934911242604,0.9675324675324676,1.0071794871794872,0.0609704641350211,0.0
50|R=0.2|T=0.8|seed=3,simple_lb_lb_memo,50,0.2,0.8,3,True,1.358733675373134,0.9714714714714715,1.0071794871794872,0.05419437888865051,0.0
50|R=0.2|T=0.8|seed=4,simple_lb_lb_memo,50,0.2,0.8,4,True,1.160591844099603,1.0,1.0071794871794872,0.06358830845771145,0.0
50|R=0.2|T=0.8|seed=5,simple_lb_lb_memo,50,0.2,0.8,5,True,1.0312271285679435,1.0,1.0071794871794872,0.06742370475514549,0.0
50|R=0.2|T=0.8|seed=6,simple_lb_lb_memo,50,0.2,0.8,6,True,1.178725645076356,0.9947368421052631,1.0071794871794872,0.0646890636168692,0.0
50|R=0.2|T=0.8|seed=7,simple_lb_lb_memo,50,0.2,0.8,7,True,1.1678808483082403,0.9957627118644068,1.0071794871794872,0.05586359855835875,0.0
50|R=0.2|T=0.8|seed=8,simple_lb_lb_memo,50,0.2,0.8,8,True,1.1688518983012197,0.9882525697503671,1.0040899795501022,0.06174404994147484,0.0
50|R=0.2|T=0.8|seed=9,simple_lb_lb_memo,50,0.2,0.8,9,True,1.1738708110733365,0.987012987012987,1.0040899795501022,0.05833678113363674,0.0
50|R=0.2|T=0.8|seed=0,edd_ub,50,0.2,0.8,0,True,0.9558273870200477,0.9871794871794872,1.0413573700954402,0.0,
50|R=0.2|T=0.8|seed=1,edd_ub,50,0.2,0.8,1,True,1.2482463219318394,0.9905511811023622,1.0071794871794872,0.0,
50|R=0.2|T=0.8|seed=2,edd_ub,50,0.2,0.8,2,True,0.9945562130177515,0.974025974025974,1.0071794871794872,0.0,
50|R=0.2|T=0.8|seed=3,edd_ub,50,0.2,0.8,3,True,1.000116604477612,0.9984984984984985,1.0071794871794872,0.0,
50|R=0.2|T=0.8|seed=4,edd_ub,50,0.2,0.8,4,True,1.0088415734391916,0.9951923076923077,1.0071794871794872,0.0,
50|R=0.2|T=0.8|seed=5,edd_ub,50,0.2,0.8,5,True,0.9019272993413027,0.9924812030075187,1.0071794871794872,0.0,
50|R=0.2|T=0.8|seed=6,edd_ub,50,0.2,0.8,6,True,1.001053185887309,0.968421052631579,1.0071794871794872,0.0,
50|R=0.2|T=0.8|seed=7,edd_ub,50,0.2,0.8,7,True,1.0137607252711671,0.9788135593220338,1.0071794871794872,0.0,
50|R=0.2|T=0.8|seed=8,edd_ub,50,0.2,0.8,8,True,1.0285600273629005,0.9897209985315712,1.0040899795501022,0.0,
50|R=0.2|T=0.8|seed=9,edd_ub,50,0.2,0.8,9,True,1.0531811559009228,1.0,1.0040899795501022,0.0,
50|R=0.2|T=0.8|seed=0,simple_lb_edd_ub,50,0.2,0.8,0,True,1.0965681277607882,0.9432234432234432,1.0413573700954402,0.04115022310361924,
50|R=0.2|T=0.8|seed=1,simple_lb_edd_ub,50,0.2,0.8,1,True,1.1162704078465455,0.9543307086614173,1.0071794871794872,0.042264486708931154,
50|R=0.2|T=0.8|seed=2,simple_lb_edd_ub,50,0.2,0.8,2,True,1.0201183431952663,0.8441558441558441,1.0071794871794872,0.04083526682134571,
50|R=0.2|T=0.8|seed=3,simple_lb_edd_ub,50,0.2,0.8,3,True,1.1062849813432836,0.9234234234234234,1.0071794871794872,0.04374176548089592,
50|R=0.2|T=0.8|seed=4,simple_lb_edd_ub,50,0.2,0.8,4,True,1.1503067484662575,0.9711538461538461,1.0071794871794872,0.04282352941176471,
50|R=0.2|T=0.8|seed=5,simple_lb_edd_ub,50,0.2,0.8,5,True,1.0092705537936082,0.9548872180451128,1.0071794871794872,0.04205946337926033,
50|R=0.2|T=0.8|seed=6,simple_lb_edd_ub,50,0.2,0.8,6,True,1.1011058451816746,0.9052631578947369,1.0071794871794872,0.04514586322333811,
50|R=0.2|T=0.8|seed=7,simple_lb_edd_ub,50,0.2,0.8,7,True,1.1206087097296422,0.940677966101695,1.0071794871794872,0.037272464605605314,
50|R=0.2|T=0.8|seed=8,simple_lb_edd_ub,50,0.2,0.8,8,True,1.3156994641431992,0.9383259911894273,1.0040899795501022,0.08453206239168111,
50|R=0.2|T=0.8|seed=9,simple_lb_edd_ub,50,0.2,0.8,9,True,1.090577950461389,0.9155844155844156,1.0040899795501022,0.03674014696058785,
50|R=0.2|T=0.8|seed=0,simple_lb_lb_memo_edd_ub,50,0.2,0.8,0,True,1.1149167516139993,0.9432234432234432,1.0413573700954402,0.06320858222601487,0.0
50|R=0.2|T=0.8|seed=1,simple_lb_lb_memo_edd_ub,50,0.2,0.8,1,True,1.1831274442858029,0.9543307086614173,1.0092307692307692,0.06243769347814681,0.0
50|R=0.2|T=0.8|seed=2,simple_lb_lb_memo_edd_ub,50,0.2,0.8,2,True,1.162603550295858,0.8441558441558441,1.0092307692307692,0.0625,0.0
50|R=0.2|T=0.8|seed=3,simple_lb_lb_memo_edd_ub,50,0.2,0.8,3,True,1.1900069962686568,0.9234234234234234,1.0092307692307692,0.06315222184116406,0.0
50|R=0.2|T=0.8|seed=4,simple_lb_lb_memo_edd_ub,50,0.2,0.8,4,True,1.1932515337423313,0.9711538461538461,1.0092307692307692,0.06275517919249962,0.0
50|R=0.2|T=0.8|seed=5,simple_lb_lb_memo_edd_ub,50,0.2,0.8,5,True,1.0780678214198585,0.9548872180451128,1.0092307692307692,0.06675718488345779,0.0
50|R=0.2|T=0.8|seed=6,simple_lb_lb_memo_edd_ub,50,0.2,0.8,6,True,1.2029489204844657,0.9052631578947369,1.0092307692307692,0.0641744002801611,0.0
50|R=0.2|T=0.8|seed=7,simple_lb_lb_memo_edd_ub,50,0.2,0.8,7,True,1.193459608224057,0.940677966101695,1.0092307692307692,0.054666304937601745,0.0
50|R=0.2|T=0.8|seed=8,simple_lb_lb_memo_edd_ub,50,0.2,0.8,8,True,1.1919393455706304,0.9383259911894273,1.0081799591002045,0.06140896264766368,0.0
50|R=0.2|T=0.8|seed=9,simple_lb_lb_memo_edd_ub,50,0.2,0.8,9,True,1.1986401165614375,0.9155844155844156,1.0081799591002045,0.05915721231766613,0.0
50|R=0.4|T=0.6|seed=0,simple_lb,50,0.4,0.6,0,True,1.160019390947953,0.9778972520908005,1.0204918032786885,0.03797203859889066,
50|R=0.4|T=0.6|seed=1,simple_lb,50,0.4,0.6,1,True,1.097640599495474,0.9872340425531915,1.0204918032786885,0.03934027308368258,
50|R=0.4|T=0.6|seed=2,simple_lb,50,0.4,0.6,2,True,1.1464153483675532,1.0,1.0204918032786885,0.03728714034057545,
50|R=0.4|T=0.6|seed=3,simple_lb,50,0.4,0.6,3,True,1.124472276949057,0.991442542787286,1.0020120724346075,0.03831633397993451,
50|R=0.4|T=0.6|seed=4,simple_lb,50,0.4,0.6,4,True,1.1135178499799439,0.9720812182741116,1.0020120724346075,0.03926512968299711,
50|R=0.4|T=0.6|seed=5,simple_lb,50,0.4,0.6,5,True,0.6178546831955923,0.9285714285714286,1.0020120724346075,0.039013515396405185,
50|R=0.4|T=0.6|seed=6,simple_lb,50,0.4,0.6,6,True,1.1089887640449438,0.9715302491103203,1.0020120724346075,0.0398936170212766,
50|R=0.4|T=0.6|seed=7,simple_lb,50,0.4,0.6,7,True,1.227588351124469,0.9214092140921409,1.0020120724346075,0.03292528493035036,
50|R=0.4|T=0.6|seed=8,simple_lb,50,0.4,0.6,8,True,1.1197841578448737,0.979381443298969,1.0150602409638554,0.042762552878425605,
50|R=0.4|T=0.6|seed=9,simple_lb,50,0.4,0.6,9,True,1.1234829512617994,0.9951690821256038,1.0150602409638554,0.037037037037037035,
50|R=0.4|T=0.6|seed=0,simple_lb_lb_memo,50,0.4,0.6,0,True,1.099246397250011,0.9778972520908005,1.035860655737705,0.05913482740648679,0.0
50|R=0.4|T=0.6|seed=1,simple_lb_lb_memo,50,0.4,0.6,1,True,1.1230152841667902,0.9872340425531915,1.035860655737705,0.06170718816067653,0.0
50|R=0.4|T=0.6|seed=2,simple_lb_lb_memo,50,0.4,0.6,2,True,2.2951868057892963,1.0,1.035860655737705,0.03402258395659188,0.0
50|R=0.4|T=0.6|seed=3,simple_lb_lb_memo,50,0.4,0.6,3,True,1.1462379210057227,0.991442542787286,1.0201207243460764,0.057518773915000716,0.0
50|R=0.4|T=0.6|seed=4,simple_lb_lb_memo,50,0.4,0.6,4,True,1.1597472924187726,0.9720812182741116,1.0201207243460764,0.058798097708603544,0.0
50|R=0.4|T=0.6|seed=5,simple_lb_lb_memo,50,0.4,0.6,5,True,0.640668044077135,0.9285714285714286,1.0201207243460764,0.06154259607632357,0.0
50|R=0.4|T=0.6|seed=6,simple_lb_lb_memo,50,0.4,0.6,6,True,1.1540730337078653,0.9715302491103203,1.0201207243460764,0.0599975660216624,0.0
50|R=0.4|T=0.6|seed=7,simple_lb_lb_memo,50,0.4,0.6,7,True,1.1050886102186757,0.9214092140921409,1.0201207243460764,0.05673825377473506,0.0
50|R=0.4|T=0.6|seed=8,simple_lb_lb_memo,50,0.4,0.6,8,True,1.239074020678008,0.979381443298969,1.0180722891566265,0.057893687044978555,0.0
50|R=0.4|T=0.6|seed=9,simple_lb_lb_memo,50,0.4,0.6,9,True,1.1581583509921016,0.9951690821256038,1.0180722891566265,0.0563872255489022,0.0
50|R=0.4|T=0.6|seed=0,edd_ub,50,0.4,0.6,0,True,0.9667048609580892,0.9814814814814815,1.0389344262295082,0.0,
50|R=0.4|T=0.6|seed=1,edd_ub,50,0.4,0.6,1,True,0.9867932927734084,1.0,1.0389344262295082,0.0,
50|R=0.4|T=0.6|seed=2,edd_ub,50,0.4,0.6,2,True,1.0575563783237967,1.0,1.0389344262295082,0.0,
50|R=0.4|T=0.6|seed=3,edd_ub,50,0.4,0.6,3,True,1.0145417018482032,1.0,1.0201207243460764,0.0,
50|R=0.4|T=0.6|seed=4,edd_ub,50,0.4,0.6,4,True,1.042218210990774,1.0,1.0201207243460764,0.0,
50|R=0.4|T=0.6|seed=5,edd_ub,50,0.4,0.6,5,True,0.5828168044077136,0.9621848739495799,1.0201207243460764,0.0,
50|R=0.4|T=0.6|seed=6,edd_ub,50,0.4,0.6,6,True,1.0133426966292136,1.0,1.0201207243460764,0.0,
50|R=0.4|T=0.6|seed=7,edd_ub,50,0.4,0.6,7,True,1.0041455073064567,0.981029810298103,1.0201207243460764,0.0,
50|R=0.4|T=0.6|seed=8,edd_ub,50,0.4,0.6,8,True,1.016517691642295,0.9983722192078134,1.0180722891566265,0.0,
50|R=0.4|T=0.6|seed=9,edd_ub,50,0.4,0.6,9,True,0.9660951647081486,0.9227053140096618,1.0180722891566265,0.0,
50|R=0.4|T=0.6|seed=0,simple_lb_edd_ub,50,0.4,0.6,0,True,1.0959631571988895,0.9205495818399044,1.0389344262295082,0.03930675352353379,
50|R=0.4|T=0.6|seed=1,simple_lb_edd_ub,50,0.4,0.6,1,True,1.0802789731414155,0.9361702127659575,1.0389344262295082,0.03956043956043956,
50|R=0.4|T=0.6|seed=2,simple_lb_edd_ub,50,0.4,0.6,2,True,1.0646247054863685,0.8627450980392157,1.0389344262295082,0.038570976920644956,
50|R=0.4|T=0.6|seed=3,simple_lb_edd_ub,50,0.4,0.6,3,True,1.1037855333520967,0.9480440097799511,1.0201207243460764,0.039204436794798236,
50|R=0.4|T=0.6|seed=4,simple_lb_edd_ub,50,0.4,0.6,4,True,1.1266546329723224,0.9543147208121827,1.0201207243460764,0.03960836671117045,
50|R=0.4|T=0.6|seed=5,simple_lb_edd_ub,50,0.4,0.6,5,True,0.597107438016529,0.8403361344537815,1.0201207243460764,0.04022491349480969,
50|R=0.4|T=0.6|seed=6,simple_lb_edd_ub,50,0.4,0.6,6,True,1.089747191011236,0.9252669039145908,1.0201207243460764,0.04188684108776904,
50|R=0.4|T=0.6|seed=7,simple_lb_edd_ub,50,0.4,0.6,7,True,1.0539952326665976,0.8373983739837398,1.0201207243460764,0.03942969518190757,
50|R=0.4|T=0.6|seed=8,simple_lb_edd_ub,50,0.4,0.6,8,True,1.1390616633027144,0.9696147585458491,1.0180722891566265,0.04207500090406104,
50|R=0.4|T=0.6|seed=9,simple_lb_edd_ub,50,0.4,0.6,9,True,1.0514351762666152,0.8502415458937198,1.0180722891566265,0.039391718578233786,
50|R=0.4|T=0.6|seed=0,simple_lb_lb_memo_edd_ub,50,0.4,0.6,0,True,1.1166101097351373,0.9205495818399044,1.0420081967213115,0.05817579034613411,0.0
50|R=0.4|T=0.6|seed=1,simple_lb_lb_memo_edd_ub,50,0.4,0.6,1,True,1.1528416679032496,0.9361702127659575,1.0420081967213115,0.0628137469429785,0.0
50|R=0.4|T=0.6|seed=2,simple_lb_lb_memo_edd_ub,50,0.4,0.6,2,True,1.1851228542578258,0.8627450980392157,1.0420081967213115,0.06532235160465777,0.0
50|R=0.4|T=0.6|seed=3,simple_lb_lb_memo_edd_ub,50,0.4,0.6,3,True,1.151092973074397,0.9480440097799511,1.0241448692152917,0.05711316679571295,0.0
50|R=0.4|T=0.6|seed=4,simple_lb_lb_memo_edd_ub,50,0.4,0.6,4,True,1.175591656638588,0.9543147208121827,1.0241448692152917,0.05868804913418067,0.0
50|R=0.4|T=0.6|seed=5,simple_lb_lb_memo_edd_ub,50,0.4,0.6,5,True,0.650051652892562,0.8403361344537815,1.0241448692152917,0.05985962124221957,0.0
50|R=0.4|T=0.6|seed=6,simple_lb_lb_memo_edd_ub,50,0.4,0.6,6,True,1.1661516853932585,0.9252669039145908,1.0241448692152917,0.06190533542093219,0.0
50|R=0.4|T=0.6|seed=7,simple_lb_lb_memo_edd_ub,50,0.4,0.6,7,True,1.1435381904860606,0.8373983739837398,1.0241448692152917,0.054014863150262826,0.0
50|R=0.4|T=0.6|seed=8,simple_lb_lb_memo_edd_ub,50,0.4,0.6,8,True,1.2137002100753798,0.9696147585458491,1.0240963855421688,0.0597997624300017,0.0
50|R=0.4|T=0.6|seed=9,simple_lb_lb_memo_edd_ub,50,0.4,0.6,9,True,1.1554613754575227,0.8502415458937198,1.0240963855421688,0.053517839279759914,0.0
100|R=0.2|T=0.6|seed=0,simple_lb,100,0.2,0.6,0,True,1.147803256795107,0.994103556292611,1.5248397435897436,0.05990305716348328,
100|R=0.2|T=0.6|seed=1,simple_lb,100,0.2,0.6,1,True,1.1485552886684245,0.9950473861204525,1.3506032647267565,0.05959209253532065,
100|R=0.2|T=0.6|seed=2,simple_lb,100,0.2,0.6,2,True,1.2084989487576923,0.9914031317163033,1.3506032647267565,0.061742034617191764,
100|R=0.2|T=0.6|seed=3,simple_lb,100,0.2,0.6,3,True,1.147871365523905,0.9874768089053804,1.3506032647267565,0.061326269516244335,
100|R=0.2|T=0.6|seed=4,simple_lb,100,0.2,0.6,4,True,1.1118957481756848,0.9311662833175484,1.0031529164477142,0.05856634058489313,
100|R=0.2|T=0.6|seed=5,simple_lb,100,0.2,0.6,5,True,1.1717355365086433,0.9585072738772928,1.0031529164477142,0.06451805851204194,
100|R=0.2|T=0.6|seed=6,simple_lb,100,0.2,0.6,6,True,1.1578691007205928,0.9394021493723471,1.0031529164477142,0.06620145986890244,
100|R=0.2|T=0.6|seed=7,simple_lb,100,0.2,0.6,7,True,1.20793381521365,0.9679703949467237,1.0031529164477142,0.0647412216873764,
100|R=0.2|T=0.6|seed=8,simple_lb,100,0.2,0.6,8,True,1.1871987978806453,0.9934970736831574,1.0031529164477142,0.06345434452841327,
100|R=0.2|T=0.6|seed=9,simple_lb,100,0.2,0.6,9,True,1.1289427091302542,0.9385049978270317,1.0031529164477142,0.057853159851301114,
100|R=0.2|T=0.6|seed=0,simple_lb_lb_memo,100,0.2,0.6,0,True,1.19361388918398,0.994103556292611,1.529647435897436,0.07584665381661725,0.0
100|R=0.2|T=0.6|seed=1,simple_lb_lb_memo,100,0.2,0.6,1,True,1.1930232922048962,0.9950473861204525,1.3548616039744499,0.07492712230664048,0.0
100|R=0.2|T=0.6|seed=2,simple_lb_lb_memo,100,0.2,0.6,2,True,1.2181263843914816,0.9914031317163033,1.3548616039744499,0.07879961196524485,0.0
100|R=0.2|T=0.6|seed=3,simple_lb_lb_memo,100,0.2,0.6,3,True,1.1906050973730928,0.9874768089053804,1.3548616039744499,0.07924356947096882,0.0
100|R=0.2|T=0.6|seed=4,simple_lb_lb_memo,100,0.2,0.6,4,True,1.1344614841875693,0.9311662833175484,1.0031529164477142,0.07316816698063013,0.0
100|R=0.2|T=0.6|seed=5,simple_lb_lb_memo,100,0.2,0.6,5,True,1.2132264727344688,0.9585072738772928,1.0031529164477142,0.07840178877867601,0.0
100|R=0.2|T=0.6|seed=6,simple_lb_lb_memo,100,0.2,0.6,6,True,1.1531340313919747,0.9394021493723471,1.0031529164477142,0.07819560036147385,0.0
100|R=0.2|T=0.6|seed=7,simple_lb_lb_memo,100,0.2,0.6,7,True,1.2198517480454345,0.9679703949467237,1.0031529164477142,0.07897614188899807,0.0
100|R=0.2|T=0.6|seed=8,simple_lb_lb_memo,100,0.2,0.6,8,True,1.2096994212681902,0.9934970736831574,1.0031529164477142,0.07917672054332026,0.0
100|R=0.2|T=0.6|seed=9,simple_lb_lb_memo,100,0.2,0.6,9,True,1.168389837300633,0.9385049978270317,1.0031529164477142,0.07270607016799911,0.0
100|R=0.2|T=0.6|seed=0,edd_ub,100,0.2,0.6,0,True,1.0053419938384958,0.9994472084024323,1.529647435897436,0.0,
100|R=0.2|T=0.6|seed=1,edd_ub,100,0.2,0.6,1,True,1.0061164532004288,0.9992662794252523,1.3548616039744499,0.0,
100|R=0.2|T=0.6|seed=2,edd_ub,100,0.2,0.6,2,True,1.0015193136999125,0.999385937979736,1.3548616039744499,0.0,
100|R=0.2|T=0.6|seed=3,edd_ub,100,0.2,0.6,3,True,0.9968481715944341,0.9997680890538033,1.3548616039744499,0.0,
100|R=0.2|T=0.6|seed=4,edd_ub,100,0.2,0.6,4,True,1.0248588112102728,0.9976999052902178,1.0031529164477142,0.0,
100|R=0.2|T=0.6|seed=5,edd_ub,100,0.2,0.6,5,True,1.036403514196546,0.996584440227704,1.0031529164477142,0.0,
100|R=0.2|T=0.6|seed=6,edd_ub,100,0.2,0.6,6,True,1.0238318046695343,0.9992775219001174,1.0031529164477142,0.0,
100|R=0.2|T=0.6|seed=7,edd_ub,100,0.2,0.6,7,True,1.07789783809477,0.9999361960058699,1.0031529164477142,0.0,
100|R=0.2|T=0.6|seed=8,edd_ub,100,0.2,0.6,8,True,1.0224892149880294,0.999549797408834,1.0031529164477142,0.0,
100|R=0.2|T=0.6|seed=9,edd_ub,100,0.2,0.6,9,True,1.0405036175654112,0.9967405475880052,1.0031529164477142,0.0,
100|R=0.2|T=0.6|seed=0,simple_lb_edd_ub,100,0.2,0.6,0,True,1.197237946367596,0.9910632025059886,1.529647435897436,0.05937411268405468,
100|R=0.2|T=0.6|seed=1,simple_lb_edd_ub,100,0.2,0.6,1,True,1.179503329134425,0.9888719046163252,1.3548616039744499,0.058920688408560996,
100|R=0.2|T=0.6|seed=2,simple_lb_edd_ub,100,0.2,0.6,2,True,1.2016134395318263,0.9817316548971446,1.3548616039744499,0.06319845037144256,
100|R=0.2|T=0.6|seed=3,simple_lb_edd_ub,100,0.2,0.6,3,True,1.172349799272242,0.9708951762523191,1.3548616039744499,0.06194930498773508,
100|R=0.2|T=0.6|seed=4,simple_lb_edd_ub,100,0.2,0.6,4,True,1.1267237573398288,0.9219997294006224,1.0031529164477142,0.057963906260887356,
100|R=0.2|T=0.6|seed=5,simple_lb_edd_ub,100,0.2,0.6,5,True,1.1838727897130183,0.9377609108159393,1.0031529164477142,0.0624984764538113,
100|R=0.2|T=0.6|seed=6,simple_lb_edd_ub,100,0.2,0.6,6,True,1.1322454088425356,0.9230560823625034,1.0031529164477142,0.06239913230972997,
100|R=0.2|T=0.6|seed=7,simple_lb_edd_ub,100,0.2,0.6,7,True,1.2218534362655915,0.9604415236393798,1.0031529164477142,0.06320886963170638,
100|R=0.2|T=0.6|seed=8,simple_lb_edd_ub,100,0.2,0.6,8,True,1.1985680828836522,0.9882447101195538,1.0031529164477142,0.06242954715734252,
100|R=0.2|T=0.6|seed=9,simple_lb_edd_ub,100,0.2,0.6,9,True,1.1344364539844223,0.9172099087353325,1.0031529164477142,0.05820884019062544,
100|R=0.2|T=0.6|seed=0,simple_lb_lb_memo_edd_ub,100,0.2,0.6,0,True,1.2256446056485513,0.9910632025059886,1.529647435897436,0.07486992548420408,0.0
100|R=0.2|T=0.6|seed=1,simple_lb_lb_memo_edd_ub,100,0.2,0.6,1,True,1.2104787537848853,0.9888719046163252,1.3548616039744499,0.0743136462793892,0.0
100|R=0.2|T=0.6|seed=2,simple_lb_lb_memo_edd_ub,100,0.2,0.6,2,True,1.2633886322595826,0.9817316548971446,1.3548616039744499,0.07726818128444231,0.0
100|R=0.2|T=0.6|seed=3,simple_lb_lb_memo_edd_ub,100,0.2,0.6,3,True,1.2176717113814748,0.9708951762523191,1.3548616039744499,0.07627294769657084,0.0
100|R=0.2|T=0.6|seed=4,simple_lb_lb_memo_edd_ub,100,0.2,0.6,4,True,1.1658314462279473,0.9219997294006224,1.0131371518654755,0.07198385899181668,0.0
100|R=0.2|T=0.6|seed=5,simple_lb_lb_memo_edd_ub,100,0.2,0.6,5,True,1.2281506767425656,0.9377609108159393,1.0131371518654755,0.07868774316127279,0.0
100|R=0.2|T=0.6|seed=6,simple_lb_lb_memo_edd_ub,100,0.2,0.6,6,True,1.2077467387357603,0.9230560823625034,1.0131371518654755,0.07623135340716605,0.0
100|R=0.2|T=0.6|seed=7,simple_lb_lb_memo_edd_ub,100,0.2,0.6,7,True,1.2684147121010965,0.9604415236393798,1.0131371518654755,0.07995664660522243,0.0
100|R=0.2|T=0.6|seed=8,simple_lb_lb_memo_edd_ub,100,0.2,0.6,8,True,1.2273107305776072,0.9882447101195538,1.0131371518654755,0.07921976689679533,0.0
100|R=0.2|T=0.6|seed=9,simple_lb_lb_memo_edd_ub,100,0.2,0.6,9,True,1.1952392402019716,0.9172099087353325,1.0131371518654755,0.07252976353760904,0.0
100|R=0.2|T=0.4|seed=0,simple_lb,100,0.2,0.4,0,True,1.1656083352539597,0.9873628993800667,1.2169086251067465,0.06291207854634712,
100|R=0.2|T=0.4|seed=1,simple_lb,100,0.2,0.4,1,True,1.150207800428572,0.9921405455386038,1.1825726141078838,0.059016704032334465,
100|R=0.2|T=0.4|seed=2,simple_lb,100,0.2,0.4,2,True,1.2139367109362191,0.9837017191337352,1.1825726141078838,0.06090791215321862,
100|R=0.2|T=0.4|seed=3,simple_lb,100,0.2,0.4,3,True,1.186049826895662,0.9585127201565558,1.1825726141078838,0.06706273573836548,
100|R=0.2|T=0.4|seed=4,simple_lb,100,0.2,0.4,4,True,1.1132158069393743,0.9289779757485771,1.0,0.05947508424280913,
100|R=0.2|T=0.4|seed=5,simple_lb,100,0.2,0.4,5,True,1.090242105372394,0.9185758513931889,1.0,0.06103237228604879,
100|R=0.2|T=0.4|seed=6,simple_lb,100,0.2,0.4,6,True,1.1045083274838874,0.9131028207461328,1.0,0.06103849209214992,
100|R=0.2|T=0.4|seed=7,simple_lb,100,0.2,0.4,7,True,1.1025019976028765,0.8988346144309447,1.0,0.06334035437380622,
100|R=0.2|T=0.4|seed=8,simple_lb,100,0.2,0.4,8,True,1.1717676063352924,0.9737038140643623,1.0014035087719297,0.06145132668133083,
100|R=0.2|T=0.4|seed=9,simple_lb,100,0.2,0.4,9,True,1.213404044991851,0.9746115953012505,1.0014035087719297,0.07514889962898946,
100|R=0.2|T=0.4|seed=0,simple_lb_lb_memo,100,0.2,0.4,0,True,1.191095710777496,0.9873628993800667,1.2186165670367208,0.07730596775915448,0.0
100|R=0.2|T=0.4|seed=1,simple_lb_lb_memo,100,0.2,0.4,1,True,1.1868543529130975,0.9921405455386038,1.1842323651452282,0.07548110130887534,0.0
100|R=0.2|T=0.4|seed=2,simple_lb_lb_memo,100,0.2,0.4,2,True,1.1884735202492211,0.9837017191337352,1.1842323651452282,0.07681589294336759,0.0
100|R=0.2|T=0.4|seed=3,simple_lb_lb_memo,100,0.2,0.4,3,True,1.1640689701989002,0.9585127201565558,1.1842323651452282,0.07760133893946197,0.0
100|R=0.2|T=0.4|seed=4,simple_lb_lb_memo,100,0.2,0.4,4,True,1.1471302308847688,0.9289779757485771,1.0014035087719297,0.0762362622299326,0.0
100|R=0.2|T=0.4|seed=5,simple_lb_lb_memo,100,0.2,0.4,5,True,1.1048327677635605,0.9185758513931889,1.0014035087719297,0.07667308505142535,0.0
100|R=0.2|T=0.4|seed=6,simple_lb_lb_memo,100,0.2,0.4,6,True,1.1225352562057305,0.9131028207461328,1.0014035087719297,0.07625950401478007,0.0
100|R=0.2|T=0.4|seed=7,simple_lb_lb_memo,100,0.2,0.4,7,True,1.135271008123585,0.8988346144309447,1.0014035087719297,0.07687908736326579,0.0
100|R=0.2|T=0.4|seed=8,simple_lb_lb_memo,100,0.2,0.4,8,True,1.1673199521864728,0.9737038140643623,1.0414035087719298,0.07881403480327424,0.0
100|R=0.2|T=0.4|seed=9,simple_lb_lb_memo,100,0.2,0.4,9,True,1.1942344171631623,0.9746115953012505,1.0414035087719298,0.07758562831383252,0.0
100|R=0.2|T=0.4|seed=0,edd_ub,100,0.2,0.4,0,True,0.9899544612841441,1.0,1.2672929120409906,0.0,
100|R=0.2|T=0.4|seed=1,edd_ub,100,0.2,0.4,1,True,1.0021117296985986,1.0,1.2315352697095436,0.0,
100|R=0.2|T=0.4|seed=2,edd_ub,100,0.2,0.4,2,True,1.015986227250369,1.0,1.2315352697095436,0.0,
100|R=0.2|T=0.4|seed=3,edd_ub,100,0.2,0.4,3,True,1.0380422238816103,1.0,1.2315352697095436,0.0,
100|R=0.2|T=0.4|seed=4,edd_ub,100,0.2,0.4,4,True,0.9996452571382565,0.9955456570155902,1.0414035087719298,0.0,
100|R=0.2|T=0.4|seed=5,edd_ub,100,0.2,0.4,5,True,1.022788829737555,0.9944272445820433,1.0414035087719298,0.0,
100|R=0.2|T=0.4|seed=6,edd_ub,100,0.2,0.4,6,True,1.0041158828409165,1.0,1.0414035087719298,0.0,
100|R=0.2|T=0.4|seed=7,edd_ub,100,0.2,0.4,7,True,0.9975029964043148,1.0,1.0414035087719298,0.0,
100|R=0.2|T=0.4|seed=8,edd_ub,100,0.2,0.4,8,True,0.992509214065146,1.0,1.055438596491228,0.0,
100|R=0.2|T=0.4|seed=9,edd_ub,100,0.2,0.4,9,True,0.9946164738571696,0.9958317544524441,1.055438596491228,0.0,
100|R=0.2|T=0.4|seed=0,simple_lb_edd_ub,100,0.2,0.4,0,True,1.2011253546536116,0.9785407725321889,1.2843723313407345,0.06018500138949541,
100|R=0.2|T=0.4|seed=1,simple_lb_edd_ub,100,0.2,0.4,1,True,1.1731722123351995,0.9839728771767606,1.2481327800829876,0.05999761177131383,
100|R=0.2|T=0.4|seed=2,simple_lb_edd_ub,100,0.2,0.4,2,True,1.1639367109362189,0.9723152489394954,1.2481327800829876,0.06127048747332315,
100|R=0.2|T=0.4|seed=3,simple_lb_edd_ub,100,0.2,0.4,3,True,1.1858054443011337,0.9373776908023483,1.2481327800829876,0.06056754884618247,
100|R=0.2|T=0.4|seed=4,simple_lb_edd_ub,100,0.2,0.4,4,True,1.116519192595183,0.9106656768126701,1.055438596491228,0.0597002145187749,
100|R=0.2|T=0.4|seed=5,simple_lb_edd_ub,100,0.2,0.4,5,True,1.073067463653062,0.8947368421052632,1.055438596491228,0.060935747166453905,
100|R=0.2|T=0.4|seed=6,simple_lb_edd_ub,100,0.2,0.4,6,True,1.0950322251292195,0.881255686988171,1.055438596491228,0.06002243557057735,
100|R=0.2|T=0.4|seed=7,simple_lb_edd_ub,100,0.2,0.4,7,True,1.0877197363164204,0.8886684849987603,1.055438596491228,0.06302273440309757,
100|R=0.2|T=0.4|seed=8,simple_lb_edd_ub,100,0.2,0.4,8,True,1.1501294949696186,0.9706495828367103,1.055438596491228,0.06199685609488877,
100|R=0.2|T=0.4|seed=9,simple_lb_edd_ub,100,0.2,0.4,9,True,1.173795719896337,0.9575596816976127,1.055438596491228,0.060693312696317205,
100|R=0.2|T=0.4|seed=0,simple_lb_lb_memo_edd_ub,100,0.2,0.4,0,True,1.2183553609320732,0.9785407725321889,1.2843723313407345,0.0759024670258705,0.0
100|R=0.2|T=0.4|seed=1,simple_lb_lb_memo_edd_ub,100,0.2,0.4,1,True,1.208921149984694,0.9839728771767606,1.2481327800829876,0.07454967617886772,0.0
100|R=0.2|T=0.4|seed=2,simple_lb_lb_memo_edd_ub,100,0.2,0.4,2,True,1.2291933103787507,0.9723152489394954,1.2481327800829876,0.07643877095046585,0.0
100|R=0.2|T=0.4|seed=3,simple_lb_lb_memo_edd_ub,100,0.2,0.4,3,True,1.2191433032380694,0.9373776908023483,1.2481327800829876,0.07784867922847342,0.0
100|R=0.2|T=0.4|seed=4,simple_lb_lb_memo_edd_ub,100,0.2,0.4,4,True,1.1527331553748574,0.9106656768126701,1.055438596491228,0.07607960225065367,0.0
100|R=0.2|T=0.4|seed=5,simple_lb_lb_memo_edd_ub,100,0.2,0.4,5,True,1.1332150306652968,0.8947368421052632,1.055438596491228,0.07484432234432235,0.0
100|R=0.2|T=0.4|seed=6,simple_lb_lb_memo_edd_ub,100,0.2,0.4,6,True,1.149352306808755,0.881255686988171,1.055438596491228,0.0760486355939261,0.0
100|R=0.2|T=0.4|seed=7,simple_lb_lb_memo_edd_ub,100,0.2,0.4,7,True,1.1274470635237714,0.8886684849987603,1.055438596491228,0.07746426884006614,0.0
100|R=0.2|T=0.4|seed=8,simple_lb_lb_memo_edd_ub,100,0.2,0.4,8,True,1.2028214961649566,0.9706495828367103,1.055438596491228,0.07805095185350047,0.0
100|R=0.2|T=0.4|seed=9,simple_lb_lb_memo_edd_ub,100,0.2,0.4,9,True,1.215995618370782,0.9575596816976127,1.055438596491228,0.07599942874092301,0.0
100|R=0.2|T=0.8|seed=0,simple_lb,100,0.2,0.8,0,True,1.2198239136608917,0.9943365695792881,1.1893158388003748,0.056259921684834374,
100|R=0.2|T=0.8|seed=1,simple_lb,100,0.2,0.8,1,True,1.2017850407153474,0.9722404730617609,1.004750593824228,0.06117155082089793,
100|R=0.2|T=0.8|seed=2,simple_lb,100,0.2,0.8,2,True,1.1835721029514388,0.9884188515361106,1.0063341250989708,0.0637464016925051,
100|R=0.2|T=0.8|seed=3,simple_lb,100,0.2,0.8,3,True,1.1899287212469865,0.9870485678704857,1.0063341250989708,0.06045756414382259,
100|R=0.2|T=0.8|seed=4,simple_lb,100,0.2,0.8,4,True,1.16712718119267,0.9834588488434642,1.0063341250989708,0.06412403455084967,
100|R=0.2|T=0.8|seed=5,simple_lb,100,0.2,0.8,5,True,1.1438404332003025,0.9708684998638715,1.0063341250989708,0.05952152227542057,
100|R=0.2|T=0.8|seed=6,simple_lb,100,0.2,0.8,6,True,1.1240597414550475,0.936910084451068,1.0063341250989708,0.0610903514909708,
100|R=0.2|T=0.8|seed=7,simple_lb,100,0.2,0.8,7,True,1.1795049636744501,0.9788359788359788,1.0063341250989708,0.06110157461139589,
100|R=0.2|T=0.8|seed=8,simple_lb,100,0.2,0.8,8,True,1.1640986693577753,0.9903102885138814,1.0985027580772262,0.06533681287908578,
100|R=0.2|T=0.8|seed=9,simple_lb,100,0.2,0.8,9,True,1.09751651856915,0.9073587385019711,1.0985027580772262,0.06109315222871378,
100|R=0.2|T=0.8|seed=0,simple_lb_lb_memo,100,0.2,0.8,0,True,1.1495701117967518,0.9943365695792881,1.3064667291471415,0.07458898571556913,0.0
100|R=0.2|T=0.8|seed=1,simple_lb_lb_memo,100,0.2,0.8,1,True,1.207759213650181,0.9722404730617609,1.1037212984956453,0.07728838469664263,0.0
100|R=0.2|T=0.8|seed=2,simple_lb_lb_memo,100,0.2,0.8,2,True,1.1880823857805507,0.9884188515361106,1.1037212984956453,0.07949279399506787,0.0
100|R=0.2|T=0.8|seed=3,simple_lb_lb_memo,100,0.2,0.8,3,True,1.2420605564790559,0.9870485678704857,1.1037212984956453,0.07652367672407753,0.0
100|R=0.2|T=0.8|seed=4,simple_lb_lb_memo,100,0.2,0.8,4,True,1.180192457563899,0.9834588488434642,1.1037212984956453,0.07529680139554921,0.0
100|R=0.2|T=0.8|seed=5,simple_lb_lb_memo,100,0.2,0.8,5,True,1.1835826930853215,0.9708684998638715,1.1037212984956453,0.07319409990938934,0.0
100|R=0.2|T=0.8|seed=6,simple_lb_lb_memo,100,0.2,0.8,6,True,1.1395222357026316,0.936910084451068,1.1037212984956453,0.07612159483075115,0.0
100|R=0.2|T=0.8|seed=7,simple_lb_lb_memo,100,0.2,0.8,7,True,1.2099315524355982,0.9788359788359788,1.1037212984956453,0.0768607196210814,0.0
100|R=0.2|T=0.8|seed=8,simple_lb_lb_memo,100,0.2,0.8,8,True,1.3801156205675602,0.9903102885138814,1.0985027580772262,0.0851705924626727,0.0
100|R=0.2|T=0.8|seed=9,simple_lb_lb_memo,100,0.2,0.8,9,True,1.1773155833306208,0.9073587385019711,1.0985027580772262,0.07308869065172516,0.0
100|R=0.2|T=0.8|seed=0,edd_ub,100,0.2,0.8,0,True,1.0109989414164364,0.9902912621359223,1.3064667291471415,0.0,
100|R=0.2|T=0.8|seed=1,edd_ub,100,0.2,0.8,1,True,1.0683784863209747,0.9952365308804205,1.1037212984956453,0.0,
100|R=0.2|T=0.8|seed=2,edd_ub,100,0.2,0.8,2,True,1.2836347030089077,0.9958179186102621,1.1037212984956453,0.0,
100|R=0.2|T=0.8|seed=3,edd_ub,100,0.2,0.8,3,True,1.1397028746486106,0.9995018679950187,1.1037212984956453,0.0,
100|R=0.2|T=0.8|seed=4,edd_ub,100,0.2,0.8,4,True,1.0557118387657378,0.991796664873588,1.1037212984956453,0.0,
100|R=0.2|T=0.8|seed=5,edd_ub,100,0.2,0.8,5,True,1.011023400552049,0.9855703784372447,1.1037212984956453,0.0,
100|R=0.2|T=0.8|seed=6,edd_ub,100,0.2,0.8,6,True,1.0232857800276116,0.998012916045703,1.1037212984956453,0.0,
100|R=0.2|T=0.8|seed=7,edd_ub,100,0.2,0.8,7,True,1.0451039324071545,0.9991181657848325,1.1037212984956453,0.0,
100|R=0.2|T=0.8|seed=8,edd_ub,100,0.2,0.8,8,True,1.0127792978842198,0.9983669025585193,1.0985027580772262,0.0,
100|R=0.2|T=0.8|seed=9,edd_ub,100,0.2,0.8,9,True,1.0211242391693518,0.9917871222076216,1.0985027580772262,0.0,
100|R=0.2|T=0.8|seed=0,simple_lb_edd_ub,100,0.2,0.8,0,True,1.2153572074049213,0.9757281553398058,1.3064667291471415,0.058272433718558794,
100|R=0.2|T=0.8|seed=1,simple_lb_edd_ub,100,0.2,0.8,1,True,1.2474206217133728,0.9627135348226018,1.1037212984956453,0.05996531483457845,
100|R=0.2|T=0.8|seed=2,simple_lb_edd_ub,100,0.2,0.8,2,True,1.2284594228479946,0.9724947723982629,1.1037212984956453,0.06201025846657644,
100|R=0.2|T=0.8|seed=3,simple_lb_edd_ub,100,0.2,0.8,3,True,1.2177004551744546,0.9509339975093399,1.1037212984956453,0.06010792266733374,
100|R=0.2|T=0.8|seed=4,simple_lb_edd_ub,100,0.2,0.8,4,True,1.1600965205106084,0.9589833243679398,1.1037212984956453,0.06176804471842623,
100|R=0.2|T=0.8|seed=5,simple_lb_edd_ub,100,0.2,0.8,5,True,1.181455370171768,0.9275796351756058,1.1037212984956453,0.05912202380952381,
100|R=0.2|T=0.8|seed=6,simple_lb_edd_ub,100,0.2,0.8,6,True,1.1266200895285112,0.9031296572280179,1.1037212984956453,0.06145653853009328,
100|R=0.2|T=0.8|seed=7,simple_lb_edd_ub,100,0.2,0.8,7,True,1.1940421894813538,0.9521604938271605,1.1037212984956453,0.06276329840290085,
100|R=0.2|T=0.8|seed=8,simple_lb_edd_ub,100,0.2,0.8,8,True,1.207603768939197,0.9770277626565051,1.0985027580772262,0.06280207109852651,
100|R=0.2|T=0.8|seed=9,simple_lb_edd_ub,100,0.2,0.8,9,True,1.1019431696123423,0.8764783180026281,1.0985027580772262,0.06050312607689658,
100|R=0.2|T=0.8|seed=0,simple_lb_lb_memo_edd_ub,100,0.2,0.8,0,True,1.210580671813276,0.9757281553398058,1.3064667291471415,0.07390108132318127,0.0
100|R=0.2|T=0.8|seed=1,simple_lb_lb_memo_edd_ub,100,0.2,0.8,1,True,1.2494841243426746,0.9627135348226018,1.1037212984956453,0.07612806989505087,0.0
100|R=0.2|T=0.8|seed=2,simple_lb_lb_memo_edd_ub,100,0.2,0.8,2,True,1.2759841550018471,0.9724947723982629,1.1037212984956453,0.08126704038218713,0.0
100|R=0.2|T=0.8|seed=3,simple_lb_lb_memo_edd_ub,100,0.2,0.8,3,True,1.248387742491362,0.9509339975093399,1.1037212984956453,0.0751319357784734,0.0
100|R=0.2|T=0.8|seed=4,simple_lb_lb_memo_edd_ub,100,0.2,0.8,4,True,1.22536038908268,0.9589833243679398,1.1037212984956453,0.07450072102957582,0.0
100|R=0.2|T=0.8|seed=5,simple_lb_lb_memo_edd_ub,100,0.2,0.8,5,True,1.2010759682835492,0.9275796351756058,1.1037212984956453,0.07360647578898062,0.0
100|R=0.2|T=0.8|seed=6,simple_lb_lb_memo_edd_ub,100,0.2,0.8,6,True,1.155285947370623,0.9031296572280179,1.1037212984956453,0.07603893564320582,0.0
100|R=0.2|T=0.8|seed=7,simple_lb_lb_memo_edd_ub,100,0.2,0.8,7,True,1.245339330376847,0.9521604938271605,1.1037212984956453,0.07499043632845023,0.0
100|R=0.2|T=0.8|seed=8,simple_lb_lb_memo_edd_ub,100,0.2,0.8,8,True,1.22223493794151,0.9770277626565051,1.099290780141844,0.07806718874134604,0.0
100|R=0.2|T=0.8|seed=9,simple_lb_lb_memo_edd_ub,100,0.2,0.8,9,True,1.1815794898501664,0.8764783180026281,1.099290780141844,0.07367889444929067,0.0
100|R=0.4|T=0.6|seed=0,simple_lb,100,0.4,0.6,0,True,1.1649116910262538,0.9812199036918138,1.2365677626303127,0.06091645176996736,
100|R=0.4|T=0.6|seed=1,simple_lb,100,0.4,0.6,1,True,1.154760838631999,0.9580810433162552,1.2365677626303127,0.05579491598448944,
100|R=0.4|T=0.6|seed=2,simple_lb,100,0.4,0.6,2,True,1.2826527878764684,0.977069351230425,1.2365677626303127,0.05443506280395023,
100|R=0.4|T=0.6|seed=3,simple_lb,100,0.4,0.6,3,True,1.1530491095520776,0.9826746074715755,1.2365677626303127,0.05828574994539611,
100|R=0.4|T=0.6|seed=4,simple_lb,100,0.4,0.6,4,True,1.1715685217176461,0.9618974061916715,1.0,0.06170153295630095,
100|R=0.4|T=0.6|seed=5,simple_lb,100,0.4,0.6,5,True,1.134650124407785,0.9444444444444444,1.0,0.059125249703359924,
100|R=0.4|T=0.6|seed=6,simple_lb,100,0.4,0.6,6,True,1.1495064191089968,0.9585645578986312,1.0,0.06277253715404468,
100|R=0.4|T=0.6|seed=7,simple_lb,100,0.4,0.6,7,True,1.149513801954908,0.969475312983542,1.0,0.06160875033459103,
100|R=0.4|T=0.6|seed=8,simple_lb,100,0.4,0.6,8,True,1.1468058541999029,0.9886322843125523,1.0,0.06311764330332692,
100|R=0.4|T=0.6|seed=9,simple_lb,100,0.4,0.6,9,True,1.0761863299956467,0.8934256055363322,1.0,0.05960086299892125,
100|R=0.4|T=0.6|seed=0,simple_lb_lb_memo,100,0.4,0.6,0,True,1.18592413253436,0.9812199036918138,1.2365677626303127,0.07540752746741775,0.0
100|R=0.4|T=0.6|seed=1,simple_lb_lb_memo,100,0.4,0.6,1,True,1.1832442759485358,0.9580810433162552,1.2365677626303127,0.07038789025543993,0.0
100|R=0.4|T=0.6|seed=2,simple_lb_lb_memo,100,0.4,0.6,2,True,1.2246182694883472,0.977069351230425,1.2365677626303127,0.07815502882767457,0.0
100|R=0.4|T=0.6|seed=3,simple_lb_lb_memo,100,0.4,0.6,3,True,1.3079330814894765,0.9826746074715755,1.2365677626303127,0.07285305605985586,0.0
100|R=0.4|T=0.6|seed=4,simple_lb_lb_memo,100,0.4,0.6,4,True,1.218549071820886,0.9618974061916715,1.0,0.07474188648154585,0.0
100|R=0.4|T=0.6|seed=5,simple_lb_lb_memo,100,0.4,0.6,5,True,1.1889720167694877,0.9444444444444444,1.0,0.07363849411967062,0.0
100|R=0.4|T=0.6|seed=6,simple_lb_lb_memo,100,0.4,0.6,6,True,1.2090558027722367,0.9585645578986312,1.0,0.0747940308609986,0.0
100|R=0.4|T=0.6|seed=7,simple_lb_lb_memo,100,0.4,0.6,7,True,1.202407597081547,0.969475312983542,1.0,0.07569670838153329,0.0
100|R=0.4|T=0.6|seed=8,simple_lb_lb_memo,100,0.4,0.6,8,True,1.2023305819518624,0.9886322843125523,1.0,0.07516698075715036,0.0
100|R=0.4|T=0.6|seed=9,simple_lb_lb_memo,100,0.4,0.6,9,True,1.0980505973975718,0.8934256055363322,1.0,0.07306167400881057,0.0
100|R=0.4|T=0.6|seed=0,edd_ub,100,0.4,0.6,0,True,1.0238169013344816,0.9964686998394864,1.2365677626303127,0.0,
100|R=0.4|T=0.6|seed=1,edd_ub,100,0.4,0.6,1,True,1.0617331860652557,0.9846297158826269,1.2365677626303127,0.0,
100|R=0.4|T=0.6|seed=2,edd_ub,100,0.4,0.6,2,True,1.0811679614251273,0.9899328859060402,1.2365677626303127,0.0,
100|R=0.4|T=0.6|seed=3,edd_ub,100,0.4,0.6,3,True,0.9742399712178449,0.9891716296697347,1.2365677626303127,0.0,
100|R=0.4|T=0.6|seed=4,edd_ub,100,0.4,0.6,4,True,1.0297268308178604,0.9971680504601917,1.0,0.0,
100|R=0.4|T=0.6|seed=5,edd_ub,100,0.4,0.6,5,True,1.0141620368792392,0.985985985985986,1.0,0.0,
100|R=0.4|T=0.6|seed=6,edd_ub,100,0.4,0.6,6,True,1.0186179735051915,0.9866814650388457,1.0,0.0,
100|R=0.4|T=0.6|seed=7,edd_ub,100,0.4,0.6,7,True,1.0065416503336155,0.9915599943733295,1.0,0.0,
100|R=0.4|T=0.6|seed=8,edd_ub,100,0.4,0.6,8,True,1.003194531147642,0.9961708747158071,1.0,0.0,
100|R=0.4|T=0.6|seed=9,edd_ub,100,0.4,0.6,9,True,1.0441880713974752,0.9937716262975779,1.0,0.0,
100|R=0.4|T=0.6|seed=0,simple_lb_edd_ub,100,0.4,0.6,0,True,1.1531844273702674,0.9484751203852327,1.2365677626303127,0.06135377244636327,
100|R=0.4|T=0.6|seed=1,simple_lb_edd_ub,100,0.4,0.6,1,True,1.1601440839030022,0.9195777053252601,1.2365677626303127,0.05608065802677737,
100|R=0.4|T=0.6|seed=2,simple_lb_edd_ub,100,0.4,0.6,2,True,1.1498794535226358,0.9401565995525727,1.2365677626303127,0.06253432065895666,
100|R=0.4|T=0.6|seed=3,simple_lb_edd_ub,100,0.4,0.6,3,True,1.1013671523655333,0.9166215484569572,1.2365677626303127,0.05971416904859126,
100|R=0.4|T=0.6|seed=4,simple_lb_edd_ub,100,0.4,0.6,4,True,1.1992325144075124,0.9447769839737401,1.0,0.0608864565772972,
100|R=0.4|T=0.6|seed=5,simple_lb_edd_ub,100,0.4,0.6,5,True,1.1485991342581547,0.9074074074074074,1.0,0.060350903223413334,
100|R=0.4|T=0.6|seed=6,simple_lb_edd_ub,100,0.4,0.6,6,True,1.1343537414965987,0.8849426563078061,1.0,0.06207798356460867,
100|R=0.4|T=0.6|seed=7,simple_lb_edd_ub,100,0.4,0.6,7,True,1.1792547070799033,0.9409199606133071,1.0,0.06123448317767365,
100|R=0.4|T=0.6|seed=8,simple_lb_edd_ub,100,0.4,0.6,8,True,1.1647861706473068,0.969965298552112,1.0,0.06212016448924633,
100|R=0.4|T=0.6|seed=9,simple_lb_edd_ub,100,0.4,0.6,9,True,1.0780244763701448,0.8470588235294118,1.0,0.05698644889168087,
100|R=0.4|T=0.6|seed=0,simple_lb_lb_memo_edd_ub,100,0.4,0.6,0,True,1.1918113974507776,0.9484751203852327,1.2365677626303127,0.07657292428635638,0.0
100|R=0.4|T=0.6|seed=1,simple_lb_lb_memo_edd_ub,100,0.4,0.6,1,True,1.1975730618824443,0.9195777053252601,1.2365677626303127,0.07392035894559731,0.0
100|R=0.4|T=0.6|seed=2,simple_lb_lb_memo_edd_ub,100,0.4,0.6,2,True,1.2057709234242853,0.9401565995525727,1.2365677626303127,0.07315602386695443,0.0
100|R=0.4|T=0.6|seed=3,simple_lb_lb_memo_edd_ub,100,0.4,0.6,3,True,1.17422198237093,0.9166215484569572,1.2365677626303127,0.07093067790118729,0.0
100|R=0.4|T=0.6|seed=4,simple_lb_lb_memo_edd_ub,100,0.4,0.6,4,True,1.2054524027554183,0.9447769839737401,1.0,0.07584509550990398,0.0
100|R=0.4|T=0.6|seed=5,simple_lb_lb_memo_edd_ub,100,0.4,0.6,5,True,1.1880602610859265,0.9074074074074074,1.0,0.07282716279603517,0.0
100|R=0.4|T=0.6|seed=6,simple_lb_lb_memo_edd_ub,100,0.4,0.6,6,True,1.2078282440795867,0.8849426563078061,1.0,0.07361021417152779,0.0
100|R=0.4|T=0.6|seed=7,simple_lb_lb_memo_edd_ub,100,0.4,0.6,7,True,1.2047005466830207,0.9409199606133071,1.0,0.07514327499702604,0.0
100|R=0.4|T=0.6|seed=8,simple_lb_lb_memo_edd_ub,100,0.4,0.6,8,True,1.2100452398017771,0.969965298552112,1.0,0.07592336647410626,0.0
100|R=0.4|T=0.6|seed=9,simple_lb_lb_memo_edd_ub,100,0.4,0.6,9,True,1.1196004450249117,0.8470588235294118,1.0,0.07130975783629646,0.0
300|R=0.2|T=0.6|seed=0,simple_lb,300,0.2,0.6,0,True,1.3430516981787441,0.9975021829741334,1.4266713956375243,0.11668478715930432,
300|R=0.2|T=0.6|seed=1,simple_lb,300,0.2,0.6,1,True,1.341130935151702,0.9985680423844441,1.4148786493141048,0.11640036316532094,
300|R=0.2|T=0.6|seed=2,simple_lb,300,0.2,0.6,2,True,1.3593546421419878,0.9954388803164914,1.4148786493141048,0.12081557414111325,
300|R=0.2|T=0.6|seed=3,simple_lb,300,0.2,0.6,3,True,1.315130278822598,0.996657167203425,1.0,0.11216101215185567,
300|R=0.2|T=0.6|seed=4,simple_lb,300,0.2,0.6,4,True,1.3528712438026973,0.9947693218928091,1.0,0.11791356635819199,
300|R=0.2|T=0.6|seed=5,simple_lb,300,0.2,0.6,5,True,1.3588415663766138,0.9987334405915175,1.0,0.11776603993410054,
300|R=0.2|T=0.6|seed=6,simple_lb,300,0.2,0.6,6,True,1.3766416273742832,0.9982609963345551,1.0,0.12111074332274609,
300|R=0.2|T=0.6|seed=7,simple_lb,300,0.2,0.6,7,True,1.3792927458268662,0.997039778392372,1.0,0.11666710922867418,
300|R=0.2|T=0.6|seed=8,simple_lb,300,0.2,0.6,8,True,1.366787998629484,0.9945251224006438,1.0,0.11562965461213655,
300|R=0.2|T=0.6|seed=9,simple_lb,300,0.2,0.6,9,True,1.3752695805179507,0.9991502304481757,1.0,0.11807123429785853,
300|R=0.2|T=0.6|seed=0,simple_lb_lb_memo,300,0.2,0.6,0,True,1.3571864185888962,0.9975021829741334,1.4266713956375243,0.12314506355573016,0.0
300|R=0.2|T=0.6|seed=1,simple_lb_lb_memo,300,0.2,0.6,1,True,1.3635204028252488,0.9985680423844441,1.4148786493141048,0.12167659334772113,0.0
300|R=0.2|T=0.6|seed=2,simple_lb_lb_memo,300,0.2,0.6,2,True,1.3804875230931528,0.9954388803164914,1.4148786493141048,0.12621918868384085,0.0
300|R=0.2|T=0.6|seed=3,simple_lb_lb_memo,300,0.2,0.6,3,True,1.3368431303671542,0.996657167203425,1.001325875284856,0.11728104288657207,0.0
300|R=0.2|T=0.6|seed=4,simple_lb_lb_memo,300,0.2,0.6,4,True,1.3861298223770115,0.9947693218928091,1.001325875284856,0.12438839745307341,0.0
300|R=0.2|T=0.6|seed=5,simple_lb_lb_memo,300,0.2,0.6,5,True,1.3961780716507588,0.9987334405915175,1.001325875284856,0.12316439025257336,0.0
300|R=0.2|T=0.6|seed=6,simple_lb_lb_memo,300,0.2,0.6,6,True,1.4151070010881859,0.9982609963345551,1.001325875284856,0.12738551621797675,0.0
300|R=0.2|T=0.6|seed=7,simple_lb_lb_memo,300,0.2,0.6,7,True,1.3989263614152398,0.997039778392372,1.001325875284856,0.12231380561111496,0.0
300|R=0.2|T=0.6|seed=8,simple_lb_lb_memo,300,0.2,0.6,8,True,1.3867306915079003,0.9945251224006438,1.001325875284856,0.12162551738730835,0.0
300|R=0.2|T=0.6|seed=9,simple_lb_lb_memo,300,0.2,0.6,9,True,1.403874601945363,0.9991502304481757,1.001325875284856,0.12490587135920991,0.0
300|R=0.2|T=0.6|seed=0,edd_ub,300,0.2,0.6,0,True,1.0094519726086777,0.999853517204119,1.4285629839806113,0.0,
300|R=0.2|T=0.6|seed=1,edd_ub,300,0.2,0.6,1,True,1.0135014090774404,0.9998029416125381,1.4167546019463009,0.0,
300|R=0.2|T=0.6|seed=2,edd_ub,300,0.2,0.6,2,True,1.01733864732683,0.9996363339745638,1.4167546019463009,0.0,
300|R=0.2|T=0.6|seed=3,edd_ub,300,0.2,0.6,3,True,1.01453579320545,0.9998944504084254,1.0077066500932257,0.0,
300|R=0.2|T=0.6|seed=4,edd_ub,300,0.2,0.6,4,True,1.03013600259015,0.9999699846321316,1.0077066500932257,0.0,
300|R=0.2|T=0.6|seed=5,edd_ub,300,0.2,0.6,5,True,1.034464145689625,0.9997867124488834,1.0077066500932257,0.0,
300|R=0.2|T=0.6|seed=6,edd_ub,300,0.2,0.6,6,True,1.0347789046135722,0.999552232589137,1.0077066500932257,0.0,
300|R=0.2|T=0.6|seed=7,edd_ub,300,0.2,0.6,7,True,1.0343632049843765,0.9994097242948196,1.0077066500932257,0.0,
300|R=0.2|T=0.6|seed=8,edd_ub,300,0.2,0.6,8,True,1.0384017558787422,0.9997486260916892,1.0077066500932257,0.0,
300|R=0.2|T=0.6|seed=9,edd_ub,300,0.2,0.6,9,True,1.0406918342737377,0.9997331516346405,1.0077066500932257,0.0,
300|R=0.2|T=0.6|seed=0,simple_lb_edd_ub,300,0.2,0.6,0,True,1.3655237348880536,0.9960050146577915,1.4376662528817166,0.1143945512619463,
300|R=0.2|T=0.6|seed=1,simple_lb_edd_ub,300,0.2,0.6,1,True,1.3703676540556917,0.9974889131197721,1.4257826239887443,0.1128804093585989,
300|R=0.2|T=0.6|seed=2,simple_lb_edd_ub,300,0.2,0.6,2,True,1.3843479057218184,0.9937225126263485,1.4257826239887443,0.11691012170796285,
300|R=0.2|T=0.6|seed=3,simple_lb_edd_ub,300,0.2,0.6,3,True,1.3497644371021753,0.9948460906748223,1.0207582349285271,0.1098591888319192,
300|R=0.2|T=0.6|seed=4,simple_lb_edd_ub,300,0.2,0.6,4,True,1.3854960451488219,0.9938248383172185,1.0207582349285271,0.1156346972509549,
300|R=0.2|T=0.6|seed=5,simple_lb_edd_ub,300,0.2,0.6,5,True,1.390115212675723,0.9972693927097789,1.0207582349285271,0.11439447371438222,
300|R=0.2|T=0.6|seed=6,simple_lb_edd_ub,300,0.2,0.6,6,True,1.4052170893315454,0.9959249694546263,1.0207582349285271,0.11807667244192951,
300|R=0.2|T=0.6|seed=7,simple_lb_edd_ub,300,0.2,0.6,7,True,1.4032237504264469,0.9946366709334536,1.0207582349285271,0.11389348030709937,
300|R=0.2|T=0.6|seed=8,simple_lb_edd_ub,300,0.2,0.6,8,True,1.3875849460707028,0.9925694795176389,1.0207582349285271,0.11343775119573207,
300|R=0.2|T=0.6|seed=9,simple_lb_edd_ub,300,0.2,0.6,9,True,1.4184208033898773,0.9981709228549148,1.0207582349285271,0.11595107533504768,
300|R=0.2|T=0.6|seed=0,simple_lb_lb_memo_edd_ub,300,0.2,0.6,0,True,1.4007539287831359,0.9960050146577915,1.4562865756339776,0.12047002493490626,0.0
300|R=0.2|T=0.6|seed=1,simple_lb_lb_memo_edd_ub,300,0.2,0.6,1,True,1.3931763425924624,0.9974889131197721,1.444249032711924,0.11988758110119956,0.0
300|R=0.2|T=0.6|seed=2,simple_lb_lb_memo_edd_ub,300,0.2,0.6,2,True,1.4077255556005628,0.9937225126263485,1.444249032711924,0.12407408083909004,0.0
300|R=0.2|T=0.6|seed=3,simple_lb_lb_memo_edd_ub,300,0.2,0.6,3,True,1.371178365293264,0.9948460906748223,1.0376631448104412,0.11587624915566751,0.0
300|R=0.2|T=0.6|seed=4,simple_lb_lb_memo_edd_ub,300,0.2,0.6,4,True,1.4125169956464831,0.9938248383172185,1.0376631448104412,0.12204900788511165,0.0
300|R=0.2|T=0.6|seed=5,simple_lb_lb_memo_edd_ub,300,0.2,0.6,5,True,1.4297998612326739,0.9972693927097789,1.0376631448104412,0.12243086659526213,0.0
300|R=0.2|T=0.6|seed=6,simple_lb_lb_memo_edd_ub,300,0.2,0.6,6,True,1.4404112380564777,0.9959249694546263,1.0376631448104412,0.12501476625848068,0.0
300|R=0.2|T=0.6|seed=7,simple_lb_lb_memo_edd_ub,300,0.2,0.6,7,True,1.44561345534791,0.9946366709334536,1.0376631448104412,0.12069809069218408,0.0
300|R=0.2|T=0.6|seed=8,simple_lb_lb_memo_edd_ub,300,0.2,0.6,8,True,1.4251978124003035,0.9925694795176389,1.0376631448104412,0.1196624872436339,0.0
300|R=0.2|T=0.6|seed=9,simple_lb_lb_memo_edd_ub,300,0.2,0.6,9,True,1.432568042609467,0.9981709228549148,1.0376631448104412,0.12259142486435691,0.0
300|R=0.2|T=0.4|seed=0,simple_lb,300,0.2,0.4,0,True,1.3728199091049005,0.9956192055475993,1.1559231956111777,0.11702648453937087,
300|R=0.2|T=0.4|seed=1,simple_lb,300,0.2,0.4,1,True,1.352376059893272,0.9986152313895088,1.0,0.11173860192973885,
300|R=0.2|T=0.4|seed=2,simple_lb,300,0.2,0.4,2,True,1.3787573885279756,0.9978755383857153,1.0,0.11698102232333427,
300|R=0.2|T=0.4|seed=3,simple_lb,300,0.2,0.4,3,True,1.3442958899646198,0.9972990405547045,1.0,0.11125792265241223,
300|R=0.2|T=0.4|seed=4,simple_lb,300,0.2,0.4,4,True,1.3490222927557431,0.9919234547240514,1.0,0.11426617794144123,
300|R=0.2|T=0.4|seed=5,simple_lb,300,0.2,0.4,5,True,1.3635611835145276,0.9977782467260993,1.0,0.11628780412385306,
300|R=0.2|T=0.4|seed=6,simple_lb,300,0.2,0.4,6,True,1.3763681186841,0.9987495300521437,1.0,0.11922440258700709,
300|R=0.2|T=0.4|seed=7,simple_lb,300,0.2,0.4,7,True,1.3743843552977502,0.9967186781942422,1.0,0.1166353080399548,
300|R=0.2|T=0.4|seed=8,simple_lb,300,0.2,0.4,8,True,1.365889890952723,0.9983356117302687,1.0,0.11660988978792898,
300|R=0.2|T=0.4|seed=9,simple_lb,300,0.2,0.4,9,True,1.3269591930222717,0.99904634077423,1.0,0.11695709906273898,
300|R=0.2|T=0.4|seed=0,simple_lb_lb_memo,300,0.2,0.4,0,True,1.3937535324972545,0.9956192055475993,1.1559231956111777,0.12500040352941064,0.0
300|R=0.2|T=0.4|seed=1,simple_lb_lb_memo,300,0.2,0.4,1,True,1.3642731374597823,0.9986152313895088,1.0,0.11834673144237601,0.0
300|R=0.2|T=0.4|seed=2,simple_lb_lb_memo,300,0.2,0.4,2,True,1.4080324787656255,0.9978755383857153,1.0,0.12302936687444668,0.0
300|R=0.2|T=0.4|seed=3,simple_lb_lb_memo,300,0.2,0.4,3,True,1.3785313933147578,0.9972990405547045,1.0,0.11772428163189073,0.0
300|R=0.2|T=0.4|seed=4,simple_lb_lb_memo,300,0.2,0.4,4,True,1.3886865133401425,0.9919234547240514,1.0,0.12188007848934268,0.0
300|R=0.2|T=0.4|seed=5,simple_lb_lb_memo,300,0.2,0.4,5,True,1.3847412439694757,0.9977782467260993,1.0,0.12292034882974978,0.0
300|R=0.2|T=0.4|seed=6,simple_lb_lb_memo,300,0.2,0.4,6,True,1.4195754985555495,0.9987495300521437,1.0,0.1262421299050948,0.0
300|R=0.2|T=0.4|seed=7,simple_lb_lb_memo,300,0.2,0.4,7,True,1.388147028900028,0.9967186781942422,1.0,0.12358871881216843,0.0
300|R=0.2|T=0.4|seed=8,simple_lb_lb_memo,300,0.2,0.4,8,True,1.390333400233503,0.9983356117302687,1.0,0.12398724641223856,0.0
300|R=0.2|T=0.4|seed=9,simple_lb_lb_memo,300,0.2,0.4,9,True,1.343051977976334,0.99904634077423,1.0,0.12510351418432575,0.0
300|R=0.2|T=0.4|seed=0,edd_ub,300,0.2,0.4,0,True,1.032930185878004,0.9998944750131906,1.1559231956111777,0.0,
300|R=0.2|T=0.4|seed=1,edd_ub,300,0.2,0.4,1,True,1.0267972052230814,0.9998908163210959,1.0482017055988135,0.0,
300|R=0.2|T=0.4|seed=2,edd_ub,300,0.2,0.4,2,True,1.073684463937937,0.9998714302769454,1.0482017055988135,0.0,
300|R=0.2|T=0.4|seed=3,edd_ub,300,0.2,0.4,3,True,1.0349277686357763,0.9999534851989903,1.0482017055988135,0.0,
300|R=0.2|T=0.4|seed=4,edd_ub,300,0.2,0.4,4,True,1.0298530952574019,0.9999727143740678,1.0482017055988135,0.0,
300|R=0.2|T=0.4|seed=5,edd_ub,300,0.2,0.4,5,True,1.0323524230145376,0.9996814690646737,1.0482017055988135,0.0,
300|R=0.2|T=0.4|seed=6,edd_ub,300,0.2,0.4,6,True,1.0372326919327848,0.999885577913268,1.0482017055988135,0.0,
300|R=0.2|T=0.4|seed=7,edd_ub,300,0.2,0.4,7,True,1.032573197252065,0.9997766639608646,1.0482017055988135,0.0,
300|R=0.2|T=0.4|seed=8,edd_ub,300,0.2,0.4,8,True,1.0299239711940815,0.9998648408597666,1.0482017055988135,0.0,
300|R=0.2|T=0.4|seed=9,edd_ub,300,0.2,0.4,9,True,0.9981846882244659,0.9998057360836394,1.0482017055988135,0.0,
300|R=0.2|T=0.4|seed=0,simple_lb_edd_ub,300,0.2,0.4,0,True,1.4107527264493678,0.994503655687043,1.2116406651808675,0.11510069413546319,
300|R=0.2|T=0.4|seed=1,simple_lb_edd_ub,300,0.2,0.4,1,True,1.3744857652759621,0.9975606768322886,1.0482017055988135,0.10906026215266025,
300|R=0.2|T=0.4|seed=2,simple_lb_edd_ub,300,0.2,0.4,2,True,1.4069497039480061,0.9962500497442381,1.0482017055988135,0.11363876928417559,
300|R=0.2|T=0.4|seed=3,simple_lb_edd_ub,300,0.2,0.4,3,True,1.4645781838556289,0.996216796184546,1.0482017055988135,0.10762858082430264,
300|R=0.2|T=0.4|seed=4,simple_lb_edd_ub,300,0.2,0.4,4,True,1.4224183419820338,0.9912185760541347,1.0482017055988135,0.11085306627464288,
300|R=0.2|T=0.4|seed=5,simple_lb_edd_ub,300,0.2,0.4,5,True,1.4573474979236511,0.9960502164019542,1.0482017055988135,0.11171253125500968,
300|R=0.2|T=0.4|seed=6,simple_lb_edd_ub,300,0.2,0.4,6,True,1.498329733417014,0.9967594030436275,1.0482017055988135,0.11460661306576571,
300|R=0.2|T=0.4|seed=7,simple_lb_edd_ub,300,0.2,0.4,7,True,1.4798080365700417,0.9949019254143527,1.0482017055988135,0.11204244537966947,
300|R=0.2|T=0.4|seed=8,simple_lb_edd_ub,300,0.2,0.4,8,True,1.5239572097881422,0.997041945673749,1.0482017055988135,0.11348889395405097,
300|R=0.2|T=0.4|seed=9,simple_lb_edd_ub,300,0.2,0.4,9,True,1.3993848600136076,0.9979955495902797,1.0482017055988135,0.11439233427826956,
300|R=0.2|T=0.4|seed=0,simple_lb_lb_memo_edd_ub,300,0.2,0.4,0,True,1.5081645597510953,0.994503655687043,1.2116406651808675,0.12168841827027653,0.0
300|R=0.2|T=0.4|seed=1,simple_lb_lb_memo_edd_ub,300,0.2,0.4,1,True,1.478602993580806,0.9975606768322886,1.049758991472006,0.11547840535999208,0.0
300|R=0.2|T=0.4|seed=2,simple_lb_lb_memo_edd_ub,300,0.2,0.4,2,True,1.5682170879529895,0.9962500497442381,1.049758991472006,0.12125226274859442,0.0
300|R=0.2|T=0.4|seed=3,simple_lb_lb_memo_edd_ub,300,0.2,0.4,3,True,1.4947026617739552,0.996216796184546,1.049758991472006,0.1156552884652378,0.0
300|R=0.2|T=0.4|seed=4,simple_lb_lb_memo_edd_ub,300,0.2,0.4,4,True,1.4494429507333653,0.9912185760541347,1.049758991472006,0.11888290345002964,0.0
300|R=0.2|T=0.4|seed=5,simple_lb_lb_memo_edd_ub,300,0.2,0.4,5,True,1.5346131048206877,0.9960502164019542,1.049758991472006,0.12178396845874734,0.0
300|R=0.2|T=0.4|seed=6,simple_lb_lb_memo_edd_ub,300,0.2,0.4,6,True,1.491215092451084,0.9967594030436275,1.049758991472006,0.12305883575519029,0.0
300|R=0.2|T=0.4|seed=7,simple_lb_lb_memo_edd_ub,300,0.2,0.4,7,True,1.5448079886946482,0.9949019254143527,1.049758991472006,0.1213932289174271,0.0
300|R=0.2|T=0.4|seed=8,simple_lb_lb_memo_edd_ub,300,0.2,0.4,8,True,1.4629485710339527,0.997041945673749,1.049758991472006,0.12175010966266366,0.0
300|R=0.2|T=0.4|seed=9,simple_lb_lb_memo_edd_ub,300,0.2,0.4,9,True,1.4151085452944887,0.9979955495902797,1.049758991472006,0.12190050533831294,0.0
300|R=0.2|T=0.8|seed=0,simple_lb,300,0.2,0.8,0,True,1.3349380837223157,0.9964476843117196,1.9400347624565468,0.12133694783042395,
300|R=0.2|T=0.8|seed=1,simple_lb,300,0.2,0.8,1,True,1.3375132319242706,0.9952577124215447,1.5556329849012775,0.11552146626417384,
300|R=0.2|T=0.8|seed=2,simple_lb,300,0.2,0.8,2,True,1.3980925835933808,0.9938198380270346,1.5556329849012775,0.12011174842652692,
300|R=0.2|T=0.8|seed=3,simple_lb,300,0.2,0.8,3,True,1.3573389478062055,0.9961856786745233,1.0015678662087502,0.1127888644128733,
300|R=0.2|T=0.8|seed=4,simple_lb,300,0.2,0.8,4,True,1.1802416178487178,0.989662807448114,1.0015678662087502,0.11619797612807108,
300|R=0.2|T=0.8|seed=5,simple_lb,300,0.2,0.8,5,True,1.277516710729785,0.9945435266049101,1.0015678662087502,0.11820676989240007,
300|R=0.2|T=0.8|seed=6,simple_lb,300,0.2,0.8,6,True,1.355459310509756,0.9932255468578536,1.0015678662087502,0.1183647019998208,
300|R=0.2|T=0.8|seed=7,simple_lb,300,0.2,0.8,7,True,1.237117903559619,0.9912050978540193,1.0015678662087502,0.11904122802151947,
300|R=0.2|T=0.8|seed=8,simple_lb,300,0.2,0.8,8,True,1.3225318117747011,0.9918934830850052,1.0015678662087502,0.11815468735499068,
300|R=0.2|T=0.8|seed=9,simple_lb,300,0.2,0.8,9,True,1.5101173291380159,0.9912890703081438,1.0015678662087502,0.12152530336313924,
300|R=0.2|T=0.8|seed=0,simple_lb_lb_memo,300,0.2,0.8,0,True,1.3648334398931459,0.9964476843117196,1.9430764774044031,0.12671362591199573,0.0
300|R=0.2|T=0.8|seed=1,simple_lb_lb_memo,300,0.2,0.8,1,True,1.351165115248769,0.9952577124215447,1.5580720092915215,0.11976419225960332,0.0
300|R=0.2|T=0.8|seed=2,simple_lb_lb_memo,300,0.2,0.8,2,True,1.4171145373564715,0.9938198380270346,1.5580720092915215,0.12533427650594944,0.0
300|R=0.2|T=0.8|seed=3,simple_lb_lb_memo,300,0.2,0.8,3,True,1.3376273474257019,0.9961856786745233,1.0018665073913693,0.11811367713290644,0.0
300|R=0.2|T=0.8|seed=4,simple_lb_lb_memo,300,0.2,0.8,4,True,1.154686918794686,0.989662807448114,1.0018665073913693,0.12318907928229111,0.0
300|R=0.2|T=0.8|seed=5,simple_lb_lb_memo,300,0.2,0.8,5,True,1.2429548062054172,0.9945435266049101,1.0018665073913693,0.12450318581126568,0.0
300|R=0.2|T=0.8|seed=6,simple_lb_lb_memo,300,0.2,0.8,6,True,1.3087861786321098,0.9932255468578536,1.0018665073913693,0.12559421242958035,0.0
300|R=0.2|T=0.8|seed=7,simple_lb_lb_memo,300,0.2,0.8,7,True,1.227621372434351,0.9912050978540193,1.0018665073913693,0.1253242257954963,0.0
300|R=0.2|T=0.8|seed=8,simple_lb_lb_memo,300,0.2,0.8,8,True,1.3215132976870194,0.9918934830850052,1.0018665073913693,0.1250453746563628,0.0
300|R=0.2|T=0.8|seed=9,simple_lb_lb_memo,300,0.2,0.8,9,True,1.4830376063444493,0.9912890703081438,1.0018665073913693,0.12852180409184732,0.0
300|R=0.2|T=0.8|seed=0,edd_ub,300,0.2,0.8,0,True,0.976098379014312,0.9993471141933262,1.9436558516801854,0.0,
300|R=0.2|T=0.8|seed=1,edd_ub,300,0.2,0.8,1,True,0.9765167604637004,0.9994765886212171,1.5585365853658537,0.0,
300|R=0.2|T=0.8|seed=2,edd_ub,300,0.2,0.8,2,True,1.0106764714938439,0.9983670899052473,1.5585365853658537,0.0,
300|R=0.2|T=0.8|seed=3,edd_ub,300,0.2,0.8,3,True,1.006992195624593,0.9996553636302389,1.053755412871435,0.0,
300|R=0.2|T=0.8|seed=4,edd_ub,300,0.2,0.8,4,True,0.8678198307714793,0.9995264898895587,1.053755412871435,0.0,
300|R=0.2|T=0.8|seed=5,edd_ub,300,0.2,0.8,5,True,0.9280437222527061,0.9982032665203753,1.053755412871435,0.0,
300|R=0.2|T=0.8|seed=6,edd_ub,300,0.2,0.8,6,True,0.9774285408812383,0.9980686224303168,1.053755412871435,0.0,
300|R=0.2|T=0.8|seed=7,edd_ub,300,0.2,0.8,7,True,0.9160373650424566,0.998074198553809,1.053755412871435,0.0,
300|R=0.2|T=0.8|seed=8,edd_ub,300,0.2,0.8,8,True,0.9825148365399066,0.9984602146641909,1.053755412871435,0.0,
300|R=0.2|T=0.8|seed=9,edd_ub,300,0.2,0.8,9,True,0.997679361238006,0.9985376579382029,1.053755412871435,0.0,
300|R=0.2|T=0.8|seed=0,simple_lb_edd_ub,300,0.2,0.8,0,True,1.308570654816166,0.9925200878054298,2.044322132097335,0.1187535889204014,
300|R=0.2|T=0.8|seed=1,simple_lb_edd_ub,300,0.2,0.8,1,True,1.2970415464084135,0.9921217563159058,1.6392566782810685,0.1121439603646599,
300|R=0.2|T=0.8|seed=2,simple_lb_edd_ub,300,0.2,0.8,2,True,1.371463856413634,0.9879472196593588,1.6392566782810685,0.11787275708716062,
300|R=0.2|T=0.8|seed=3,simple_lb_edd_ub,300,0.2,0.8,3,True,1.338707650258194,0.9925268324030743,1.069732716141556,0.11016734759907229,
300|R=0.2|T=0.8|seed=4,simple_lb_edd_ub,300,0.2,0.8,4,True,1.1525520667627989,0.986021448007256,1.069732716141556,0.11424621413268389,
300|R=0.2|T=0.8|seed=5,simple_lb_edd_ub,300,0.2,0.8,5,True,1.251592632314062,0.9870325915671345,1.069732716141556,0.11606153321288355,
300|R=0.2|T=0.8|seed=6,simple_lb_edd_ub,300,0.2,0.8,6,True,1.3200587793785803,0.9864949886604726,1.069732716141556,0.11662202014973934,
300|R=0.2|T=0.8|seed=7,simple_lb_edd_ub,300,0.2,0.8,7,True,1.2310099604335951,0.9865623217560365,1.069732716141556,0.11655455309033104,
300|R=0.2|T=0.8|seed=8,simple_lb_edd_ub,300,0.2,0.8,8,True,1.3256464567345594,0.984701779810697,1.069732716141556,0.11685823245240556,
300|R=0.2|T=0.8|seed=9,simple_lb_edd_ub,300,0.2,0.8,9,True,1.3461072587156266,0.9846611890208621,1.069732716141556,0.1189048604154502,
300|R=0.2|T=0.8|seed=0,simple_lb_lb_memo_edd_ub,300,0.2,0.8,0,True,1.3530812295324899,0.9925200878054298,2.0753186558516803,0.12525510986122376,0.0
300|R=0.2|T=0.8|seed=1,simple_lb_lb_memo_edd_ub,300,0.2,0.8,1,True,1.3351536685744194,0.9921217563159058,1.6641114982578398,0.11855804694527415,0.0
300|R=0.2|T=0.8|seed=2,simple_lb_lb_memo_edd_ub,300,0.2,0.8,2,True,1.4064427514026498,0.9879472196593588,1.6641114982578398,0.12469845320189775,0.0
300|R=0.2|T=0.8|seed=3,simple_lb_lb_memo_edd_ub,300,0.2,0.8,3,True,1.3674700097964647,0.9925268324030743,1.0715245632372705,0.11638310797908188,0.0
300|R=0.2|T=0.8|seed=4,simple_lb_lb_memo_edd_ub,300,0.2,0.8,4,True,1.1755563610539084,0.986021448007256,1.0715245632372705,0.12072448243976926,0.0
300|R=0.2|T=0.8|seed=5,simple_lb_lb_memo_edd_ub,300,0.2,0.8,5,True,1.2729094128797327,0.9870325915671345,1.0715245632372705,0.12309558560873564,0.0
300|R=0.2|T=0.8|seed=6,simple_lb_lb_memo_edd_ub,300,0.2,0.8,6,True,1.3367020745140252,0.9864949886604726,1.0715245632372705,0.12349511222180774,0.0
300|R=0.2|T=0.8|seed=7,simple_lb_lb_memo_edd_ub,300,0.2,0.8,7,True,1.2598927148645849,0.9865623217560365,1.0715245632372705,0.123381387805432,0.0
300|R=0.2|T=0.8|seed=8,simple_lb_lb_memo_edd_ub,300,0.2,0.8,8,True,1.3484851156070576,0.984701779810697,1.0715245632372705,0.12345658567428112,0.0
300|R=0.2|T=0.8|seed=9,simple_lb_lb_memo_edd_ub,300,0.2,0.8,9,True,1.3675318125307436,0.9846611890208621,1.0715245632372705,0.12559615739526572,0.0
300|R=0.4|T=0.6|seed=0,simple_lb,300,0.4,0.6,0,True,1.3754764679274931,0.9936352591508915,1.159401659460091,0.11589402429224402,
300|R=0.4|T=0.6|seed=1,simple_lb,300,0.4,0.6,1,True,1.3552840702405313,0.9931680095960781,1.0,0.11757775450086914,
300|R=0.4|T=0.6|seed=2,simple_lb,300,0.4,0.6,2,True,1.3702345246440926,0.9951418241752399,1.0,0.12096850869930534,
300|R=0.4|T=0.6|seed=3,simple_lb,300,0.4,0.6,3,True,1.3407530800169702,0.9918538081502497,1.0,0.11244521364802766,
300|R=0.4|T=0.6|seed=4,simple_lb,300,0.4,0.6,4,True,1.3405867968316252,0.9810449478888439,1.0,0.11719232173305964,
300|R=0.4|T=0.6|seed=5,simple_lb,300,0.4,0.6,5,True,1.3393633805931566,0.9867162867628056,1.0,0.1163471040005038,
300|R=0.4|T=0.6|seed=6,simple_lb,300,0.4,0.6,6,True,1.3509095365261994,0.9912145031321286,1.0,0.11822988362605137,
300|R=0.4|T=0.6|seed=7,simple_lb,300,0.4,0.6,7,True,1.3474456550193887,0.992656777794096,1.0,0.1144156788688888,
300|R=0.4|T=0.6|seed=8,simple_lb,300,0.4,0.6,8,True,1.3371788437544248,0.9911225658648339,1.0,0.11487502749041266,
300|R=0.4|T=0.6|seed=9,simple_lb,300,0.4,0.6,9,True,1.365574377190751,0.995169429274057,1.0,0.11616653628995074,
300|R=0.4|T=0.6|seed=0,simple_lb_lb_memo,300,0.4,0.6,0,True,1.3848529000614227,0.9936352591508915,1.159401659460091,0.12221064054150871,0.0
300|R=0.4|T=0.6|seed=1,simple_lb_lb_memo,300,0.4,0.6,1,True,1.3667817680977332,0.9931680095960781,1.0,0.12325439897585533,0.0
300|R=0.4|T=0.6|seed=2,simple_lb_lb_memo,300,0.4,0.6,2,True,1.3934836813249953,0.9951418241752399,1.0,0.1266756658795283,0.0
300|R=0.4|T=0.6|seed=3,simple_lb_lb_memo,300,0.4,0.6,3,True,1.3570573665687875,0.9918538081502497,1.0,0.11717156697142628,0.0
300|R=0.4|T=0.6|seed=4,simple_lb_lb_memo,300,0.4,0.6,4,True,1.382318115496841,0.9810449478888439,1.0,0.1229937718754161,0.0
300|R=0.4|T=0.6|seed=5,simple_lb_lb_memo,300,0.4,0.6,5,True,1.3704708829711336,0.9867162867628056,1.0,0.12171510417420893,0.0
300|R=0.4|T=0.6|seed=6,simple_lb_lb_memo,300,0.4,0.6,6,True,1.380263685517271,0.9912145031321286,1.0,0.12481537339947683,0.0
300|R=0.4|T=0.6|seed=7,simple_lb_lb_memo,300,0.4,0.6,7,True,1.3753036084898382,0.992656777794096,1.0,0.12029516177020419,0.0
300|R=0.4|T=0.6|seed=8,simple_lb_lb_memo,300,0.4,0.6,8,True,1.3655756001353392,0.9911225658648339,1.0,0.12109264258267029,0.0
300|R=0.4|T=0.6|seed=9,simple_lb_lb_memo,300,0.4,0.6,9,True,1.3772223821360805,0.995169429274057,1.0,0.12228416512210437,0.0
300|R=0.4|T=0.6|seed=0,edd_ub,300,0.4,0.6,0,True,1.0464309036450556,0.9988901640791514,1.159401659460091,0.0,
300|R=0.4|T=0.6|seed=1,edd_ub,300,0.4,0.6,1,True,1.0255417622610254,0.9994752144775614,1.067029533313174,0.0,
300|R=0.4|T=0.6|seed=2,edd_ub,300,0.4,0.6,2,True,1.0268309084863638,0.9991958423053406,1.067029533313174,0.0,
300|R=0.4|T=0.6|seed=3,edd_ub,300,0.4,0.6,3,True,1.033014192881887,0.9990328722004863,1.067029533313174,0.0,
300|R=0.4|T=0.6|seed=4,edd_ub,300,0.4,0.6,4,True,1.0305120684795794,0.9996988416157865,1.067029533313174,0.0,
300|R=0.4|T=0.6|seed=5,edd_ub,300,0.4,0.6,5,True,1.0405299005411277,0.9990294217306157,1.067029533313174,0.0,
300|R=0.4|T=0.6|seed=6,edd_ub,300,0.4,0.6,6,True,1.0285581906510652,0.9982344258706046,1.067029533313174,0.0,
300|R=0.4|T=0.6|seed=7,edd_ub,300,0.4,0.6,7,True,1.0368040235875842,0.9993103756537064,1.067029533313174,0.0,
300|R=0.4|T=0.6|seed=8,edd_ub,300,0.4,0.6,8,True,1.0330632976350884,0.9969855911255803,1.067029533313174,0.0,
300|R=0.4|T=0.6|seed=9,edd_ub,300,0.4,0.6,9,True,1.0299307530315978,0.997748395132701,1.067029533313174,0.0,
300|R=0.4|T=0.6|seed=0,simple_lb_edd_ub,300,0.4,0.6,0,True,1.3843985883268997,0.9884097816902296,1.2371158116162206,0.1139831729309816,
300|R=0.4|T=0.6|seed=1,simple_lb_edd_ub,300,0.4,0.6,1,True,1.370978386141153,0.9906060131946074,1.067231125894567,0.11462166433145049,
300|R=0.4|T=0.6|seed=2,simple_lb_edd_ub,300,0.4,0.6,2,True,1.3922046785256044,0.9890076295292022,1.067231125894567,0.11774532579849,
300|R=0.4|T=0.6|seed=3,simple_lb_edd_ub,300,0.4,0.6,3,True,1.3763524661014401,0.9873698519888678,1.067231125894567,0.10985875144109726,
300|R=0.4|T=0.6|seed=4,simple_lb_edd_ub,300,0.4,0.6,4,True,1.380130264475862,0.9780763866730244,1.067231125894567,0.11465020043234532,
300|R=0.4|T=0.6|seed=5,simple_lb_edd_ub,300,0.4,0.6,5,True,1.3745056977278953,0.9824262159507934,1.067231125894567,0.1131532715772369,
300|R=0.4|T=0.6|seed=6,simple_lb_edd_ub,300,0.4,0.6,6,True,1.3711048216854673,0.9819982061766845,1.067231125894567,0.11574336312453844,
300|R=0.4|T=0.6|seed=7,simple_lb_edd_ub,300,0.4,0.6,7,True,1.3816091876971108,0.9887297502665909,1.067231125894567,0.11173187395275026,
300|R=0.4|T=0.6|seed=8,simple_lb_edd_ub,300,0.4,0.6,8,True,1.3697800207262978,0.9813709531560861,1.067231125894567,0.11288471148925201,
300|R=0.4|T=0.6|seed=9,simple_lb_edd_ub,300,0.4,0.6,9,True,1.373621383128852,0.9881830666538916,1.067231125894567,0.11407714930489306,
300|R=0.4|T=0.6|seed=0,simple_lb_lb_memo_edd_ub,300,0.4,0.6,0,True,1.4108407684336663,0.9884097816902296,1.2373495383896225,0.1202672837257009,0.0
300|R=0.4|T=0.6|seed=1,simple_lb_lb_memo_edd_ub,300,0.4,0.6,1,True,1.4027670356626045,0.9906060131946074,1.0695494405805865,0.12122493827603689,0.0
300|R=0.4|T=0.6|seed=2,simple_lb_lb_memo_edd_ub,300,0.4,0.6,2,True,1.4298470704308288,0.9890076295292022,1.0695494405805865,0.12454395078044812,0.0
300|R=0.4|T=0.6|seed=3,simple_lb_lb_memo_edd_ub,300,0.4,0.6,3,True,1.3957991967569627,0.9873698519888678,1.0695494405805865,0.1156280629246118,0.0
300|R=0.4|T=0.6|seed=4,simple_lb_lb_memo_edd_ub,300,0.4,0.6,4,True,1.3976927830155217,0.9780763866730244,1.0761011994758594,0.1208985646198877,0.0
300|R=0.4|T=0.6|seed=5,simple_lb_lb_memo_edd_ub,300,0.4,0.6,5,True,1.4023942992547016,0.9824262159507934,1.0761011994758594,0.12045092798935457,0.0
300|R=0.4|T=0.6|seed=6,simple_lb_lb_memo_edd_ub,300,0.4,0.6,6,True,1.4110765891390458,0.9819982061766845,1.0761011994758594,0.12210363515259252,0.0
300|R=0.4|T=0.6|seed=7,simple_lb_lb_memo_edd_ub,300,0.4,0.6,7,True,1.407542770439678,0.9887297502665909,1.0761011994758594,0.11866792376472206,0.0
300|R=0.4|T=0.6|seed=8,simple_lb_lb_memo_edd_ub,300,0.4,0.6,8,True,1.3995023827265785,0.9813709531560861,1.0761011994758594,0.11904303665667951,0.0
300|R=0.4|T=0.6|seed=9,simple_lb_lb_memo_edd_ub,300,0.4,0.6,9,True,1.4283656959318065,0.9881830666538916,1.0761011994758594,0.11979459463211017,0.0
500|R=0.2|T=0.6|seed=0,simple_lb,500,0.2,0.6,0,True,1.4957828961874213,0.9988953765865565,1.005907428645619,0.14935400477007196,
500|R=0.2|T=0.6|seed=1,simple_lb,500,0.2,0.6,1,True,1.4614226643103216,0.998814581025766,1.0051570355154333,0.14449621171203322,
500|R=0.2|T=0.6|seed=2,simple_lb,500,0.2,0.6,2,True,1.493401716519467,0.9975498751231046,1.0051570355154333,0.15139891023676597,
500|R=0.2|T=0.6|seed=3,simple_lb,500,0.2,0.6,3,True,1.4892669027142011,0.9985088339447672,1.0051386684803143,0.14962961256012705,
500|R=0.2|T=0.6|seed=4,simple_lb,500,0.2,0.6,4,True,1.4730222737934113,0.998395991512559,1.0062924253851955,0.14620207888488382,
500|R=0.2|T=0.6|seed=5,simple_lb,500,0.2,0.6,5,True,1.4908530578222716,0.9978078141920109,1.0062924253851955,0.14805937365872765,
500|R=0.2|T=0.6|seed=6,simple_lb,500,0.2,0.6,6,True,1.4572077615224013,0.9959827733724153,1.0062924253851955,0.1416317372778504,
500|R=0.2|T=0.6|seed=7,simple_lb,500,0.2,0.6,7,True,1.4571234496912522,0.9978915829538394,1.0045390009895452,0.14307739991667892,
500|R=0.2|T=0.6|seed=8,simple_lb,500,0.2,0.6,8,True,1.4706386396181432,0.9969049681248524,1.0045390009895452,0.146091326675723,
500|R=0.2|T=0.6|seed=9,simple_lb,500,0.2,0.6,9,True,1.430333630483742,0.9970534777269175,1.0045390009895452,0.13719444318002724,
500|R=0.2|T=0.6|seed=0,simple_lb_lb_memo,500,0.2,0.6,0,True,1.5178822955671842,0.9988953765865565,1.0104732434596326,0.1525877634055163,0.0
500|R=0.2|T=0.6|seed=1,simple_lb_lb_memo,500,0.2,0.6,1,True,1.4826362283417693,0.998814581025766,1.0097194442942863,0.14776940226614046,0.0
500|R=0.2|T=0.6|seed=2,simple_lb_lb_memo,500,0.2,0.6,2,True,1.5145300640159687,0.9975498751231046,1.0097194442942863,0.15413269193720236,0.0
500|R=0.2|T=0.6|seed=3,simple_lb_lb_memo,500,0.2,0.6,3,True,1.512966775163492,0.9985088339447672,1.0082369832993274,0.1530103150543687,0.0
500|R=0.2|T=0.6|seed=4,simple_lb_lb_memo,500,0.2,0.6,4,True,1.4941686584762905,0.998395991512559,1.0062924253851955,0.14965523922393736,0.0
500|R=0.2|T=0.6|seed=5,simple_lb_lb_memo,500,0.2,0.6,5,True,1.5143540780757125,0.9978078141920109,1.0062924253851955,0.15116699870378159,0.0
500|R=0.2|T=0.6|seed=6,simple_lb_lb_memo,500,0.2,0.6,6,True,1.477533584305483,0.9959827733724153,1.0067234134252774,0.14437243937827854,0.0
500|R=0.2|T=0.6|seed=7,simple_lb_lb_memo,500,0.2,0.6,7,True,1.4782850485012453,0.9978915829538394,1.0049692380501656,0.1460056079027937,0.0
500|R=0.2|T=0.6|seed=8,simple_lb_lb_memo,500,0.2,0.6,8,True,1.4899702001779411,0.9969049681248524,1.0049692380501656,0.1488025462869352,0.0
500|R=0.2|T=0.6|seed=9,simple_lb_lb_memo,500,0.2,0.6,9,True,1.451781535016775,0.9970534777269175,1.0049692380501656,0.14011555682846952,0.0
500|R=0.2|T=0.6|seed=0,edd_ub,500,0.2,0.6,0,True,1.0391300922762217,0.999911401485597,1.012940081795166,0.0,
500|R=0.2|T=0.6|seed=1,edd_ub,500,0.2,0.6,1,True,1.0335927005792818,0.9999722781601139,1.012184442402292,0.0,
500|R=0.2|T=0.6|seed=2,edd_ub,500,0.2,0.6,2,True,1.039082390536136,0.9999056254885236,1.012184442402292,0.0,
500|R=0.2|T=0.6|seed=3,edd_ub,500,0.2,0.6,3,True,1.0389832043134695,0.999943076148986,1.01069836231931,0.0,
500|R=0.2|T=0.6|seed=4,edd_ub,500,0.2,0.6,4,True,1.0335767982322162,0.9998946536952134,1.0087490572136624,0.0,
500|R=0.2|T=0.6|seed=5,edd_ub,500,0.2,0.6,5,True,1.0367191013654127,0.9999103728101415,1.0087490572136624,0.0,
500|R=0.2|T=0.6|seed=6,edd_ub,500,0.2,0.6,6,True,1.035639227566618,0.9998378862993454,1.0087490572136624,0.0,
500|R=0.2|T=0.6|seed=7,edd_ub,500,0.2,0.6,7,True,1.0336791326256545,0.9999077964060055,1.0069913522350815,0.0,
500|R=0.2|T=0.6|seed=8,edd_ub,500,0.2,0.6,8,True,1.0382134282389426,0.999814102405813,1.0069913522350815,0.0,
500|R=0.2|T=0.6|seed=9,edd_ub,500,0.2,0.6,9,True,1.03167739296308,0.9998990733504521,1.0069913522350815,0.0,
500|R=0.2|T=0.6|seed=0,simple_lb_edd_ub,500,0.2,0.6,0,True,1.5288194408352924,0.9982651839276578,1.012940081795166,0.146075000308153,
500|R=0.2|T=0.6|seed=1,simple_lb_edd_ub,500,0.2,0.6,1,True,1.4944542120167232,0.9984496457603997,1.012184442402292,0.14139015505224928,
500|R=0.2|T=0.6|seed=2,simple_lb_edd_ub,500,0.2,0.6,2,True,1.530892292185016,0.996455762963739,1.012184442402292,0.14766627031496385,
500|R=0.2|T=0.6|seed=3,simple_lb_edd_ub,500,0.2,0.6,3,True,1.5247428608746805,0.9978981962702538,1.01069836231931,0.14654269309190626,
500|R=0.2|T=0.6|seed=4,simple_lb_edd_ub,500,0.2,0.6,4,True,1.5072165916666116,0.9976291027037674,1.0087490572136624,0.14297438730925707,
500|R=0.2|T=0.6|seed=5,simple_lb_edd_ub,500,0.2,0.6,5,True,1.524871733807284,0.9974155328682822,1.0087490572136624,0.1442534994972738,
500|R=0.2|T=0.6|seed=6,simple_lb_edd_ub,500,0.2,0.6,6,True,1.4923302168674752,0.9948901434051246,1.0087490572136624,0.13828970704219207,
500|R=0.2|T=0.6|seed=7,simple_lb_edd_ub,500,0.2,0.6,7,True,1.4919262134945883,0.9972030166647422,1.0069913522350815,0.14001988891387135,
500|R=0.2|T=0.6|seed=8,simple_lb_edd_ub,500,0.2,0.6,8,True,1.5066536823759473,0.9961646391094061,1.0069913522350815,0.1423277569240414,
500|R=0.2|T=0.6|seed=9,simple_lb_edd_ub,500,0.2,0.6,9,True,1.4601769903770494,0.9962299877191024,1.0069913522350815,0.1340548973626554,
500|R=0.2|T=0.6|seed=0,simple_lb_lb_memo_edd_ub,500,0.2,0.6,0,True,1.5550209060419948,0.9982651839276578,1.012940081795166,0.1494263972334633,0.0
500|R=0.2|T=0.6|seed=1,simple_lb_lb_memo_edd_ub,500,0.2,0.6,1,True,1.520490509431424,0.9984496457603997,1.012184442402292,0.1449053773619774,0.0
500|R=0.2|T=0.6|seed=2,simple_lb_lb_memo_edd_ub,500,0.2,0.6,2,True,1.5518973400779774,0.996455762963739,1.012184442402292,0.15097636580929785,0.0
500|R=0.2|T=0.6|seed=3,simple_lb_lb_memo_edd_ub,500,0.2,0.6,3,True,1.5474755815844237,0.9978981962702538,1.01069836231931,0.1499367144885322,0.0
500|R=0.2|T=0.6|seed=4,simple_lb_lb_memo_edd_ub,500,0.2,0.6,4,True,1.5350611276159158,0.9976291027037674,1.0087490572136624,0.14681975898953822,0.0
500|R=0.2|T=0.6|seed=5,simple_lb_lb_memo_edd_ub,500,0.2,0.6,5,True,1.5497944212174088,0.9974155328682822,1.0087490572136624,0.14868372850607914,0.0
500|R=0.2|T=0.6|seed=6,simple_lb_lb_memo_edd_ub,500,0.2,0.6,6,True,1.5120728600252211,0.9948901434051246,1.0087490572136624,0.1416515723825932,0.0
500|R=0.2|T=0.6|seed=7,simple_lb_lb_memo_edd_ub,500,0.2,0.6,7,True,1.5158906942942516,0.9972030166647422,1.0069913522350815,0.1429972780360169,0.0
500|R=0.2|T=0.6|seed=8,simple_lb_lb_memo_edd_ub,500,0.2,0.6,8,True,1.5264658178183765,0.9961646391094061,1.0069913522350815,0.14575334415054314,0.0
500|R=0.2|T=0.6|seed=9,simple_lb_lb_memo_edd_ub,500,0.2,0.6,9,True,1.488179260181074,0.9962299877191024,1.0069913522350815,0.13763623931701247,0.0
500|R=0.2|T=0.4|seed=0,simple_lb,500,0.2,0.4,0,True,1.469176426110599,0.998101229183953,1.0865073036662538,0.14450837743793402,
500|R=0.2|T=0.4|seed=1,simple_lb,500,0.2,0.4,1,True,1.4775581561606193,0.9984592364196971,1.0865073036662538,0.1466225700613027,
500|R=0.2|T=0.4|seed=2,simple_lb,500,0.2,0.4,2,True,1.48696804392632,0.9989551920618357,1.0865073036662538,0.1467980974504628,
500|R=0.2|T=0.4|seed=3,simple_lb,500,0.2,0.4,3,True,1.4817460326758356,0.9990229308232067,1.0865073036662538,0.14795851394737147,
500|R=0.2|T=0.4|seed=4,simple_lb,500,0.2,0.4,4,True,1.4781742258028765,0.9994509291163448,1.0136160644576997,0.14346828366978337,
500|R=0.2|T=0.4|seed=5,simple_lb,500,0.2,0.4,5,True,1.492664931743013,0.9966100759552964,1.0136160644576997,0.14644241797033872,
500|R=0.2|T=0.4|seed=6,simple_lb,500,0.2,0.4,6,True,1.4561738732594347,0.996682621408414,1.0136160644576997,0.14191875033056475,
500|R=0.2|T=0.4|seed=7,simple_lb,500,0.2,0.4,7,True,1.4839691268679092,0.9987548629648434,1.0136160644576997,0.1435026763449262,
500|R=0.2|T=0.4|seed=8,simple_lb,500,0.2,0.4,8,True,1.454983572284163,0.9968721568787419,1.0136160644576997,0.14009532333512165,
500|R=0.2|T=0.4|seed=9,simple_lb,500,0.2,0.4,9,True,1.466352880351464,0.9985496453554479,1.0136160644576997,0.14372414522752835,
500|R=0.2|T=0.4|seed=0,simple_lb_lb_memo,500,0.2,0.4,0,True,1.49024049799375,0.998101229183953,1.1013012571467349,0.14865783428349819,0.0
500|R=0.2|T=0.4|seed=1,simple_lb_lb_memo,500,0.2,0.4,1,True,1.5042744457748205,0.9984592364196971,1.1013012571467349,0.1505763996842523,0.0
500|R=0.2|T=0.4|seed=2,simple_lb_lb_memo,500,0.2,0.4,2,True,1.512152003319312,0.9989551920618357,1.1013012571467349,0.15029359480647797,0.0
500|R=0.2|T=0.4|seed=3,simple_lb_lb_memo,500,0.2,0.4,3,True,1.5105415957091821,0.9990229308232067,1.1013012571467349,0.15229616202148033,0.0
500|R=0.2|T=0.4|seed=4,simple_lb_lb_memo,500,0.2,0.4,4,True,1.503107412848583,0.9994509291163448,1.0136160644576997,0.14748396319207768,0.0
500|R=0.2|T=0.4|seed=5,simple_lb_lb_memo,500,0.2,0.4,5,True,1.5130560399740838,0.9966100759552964,1.0136160644576997,0.1504545095410885,0.0
500|R=0.2|T=0.4|seed=6,simple_lb_lb_memo,500,0.2,0.4,6,True,1.490130074217608,0.996682621408414,1.0136160644576997,0.14532542846886687,0.0
500|R=0.2|T=0.4|seed=7,simple_lb_lb_memo,500,0.2,0.4,7,True,1.5068428407682326,0.9987548629648434,1.0136160644576997,0.14746133122703442,0.0
500|R=0.2|T=0.4|seed=8,simple_lb_lb_memo,500,0.2,0.4,8,True,1.4770219115571572,0.9968721568787419,1.0136160644576997,0.14320833459674925,0.0
500|R=0.2|T=0.4|seed=9,simple_lb_lb_memo,500,0.2,0.4,9,True,1.4875806235994862,0.9985496453554479,1.0136160644576997,0.14737425354901793,0.0
500|R=0.2|T=0.4|seed=0,edd_ub,500,0.2,0.4,0,True,1.0288305149846684,0.9999035177430871,1.1013012571467349,0.0,
500|R=0.2|T=0.4|seed=1,edd_ub,500,0.2,0.4,1,True,1.0369108424663065,0.9999455881019316,1.1013012571467349,0.0,
500|R=0.2|T=0.4|seed=2,edd_ub,500,0.2,0.4,2,True,1.037981340543145,0.9999254180056775,1.1013012571467349,0.0,
500|R=0.2|T=0.4|seed=3,edd_ub,500,0.2,0.4,3,True,1.0358338969097538,0.9999238743379654,1.1013012571467349,0.0,
500|R=0.2|T=0.4|seed=4,edd_ub,500,0.2,0.4,4,True,1.0390553437492263,0.9999860405707546,1.0136160644576997,0.0,
500|R=0.2|T=0.4|seed=5,edd_ub,500,0.2,0.4,5,True,1.0362504454094446,0.9999582737163447,1.0136160644576997,0.0,
500|R=0.2|T=0.4|seed=6,edd_ub,500,0.2,0.4,6,True,1.032500132615514,0.999886071255707,1.0136160644576997,0.0,
500|R=0.2|T=0.4|seed=7,edd_ub,500,0.2,0.4,7,True,1.037813469595544,0.9999735242906846,1.0136160644576997,0.0,
500|R=0.2|T=0.4|seed=8,edd_ub,500,0.2,0.4,8,True,1.0337259919238702,0.9998594145965527,1.0136160644576997,0.0,
500|R=0.2|T=0.4|seed=9,edd_ub,500,0.2,0.4,9,True,1.0334534799590225,0.9999662708222197,1.0136160644576997,0.0,
500|R=0.2|T=0.4|seed=0,simple_lb_edd_ub,500,0.2,0.4,0,True,1.5020932734020855,0.9967991046446558,1.1013012571467349,0.14171814555328321,
500|R=0.2|T=0.4|seed=1,simple_lb_edd_ub,500,0.2,0.4,1,True,1.5130162986590856,0.9970526888546295,1.1013012571467349,0.1438821288365229,
500|R=0.2|T=0.4|seed=2,simple_lb_edd_ub,500,0.2,0.4,2,True,1.5230329601071155,0.9977724404350572,1.1013012571467349,0.14347716182410278,
500|R=0.2|T=0.4|seed=3,simple_lb_edd_ub,500,0.2,0.4,3,True,1.5172110432012207,0.9984664004978471,1.1013012571467349,0.14510824509617648,
500|R=0.2|T=0.4|seed=4,simple_lb_edd_ub,500,0.2,0.4,4,True,1.512040830222604,0.9986918851511225,1.0136160644576997,0.14050662565906094,
500|R=0.2|T=0.4|seed=5,simple_lb_edd_ub,500,0.2,0.4,5,True,1.5215154863585365,0.996021869956672,1.0136160644576997,0.1431842495652001,
500|R=0.2|T=0.4|seed=6,simple_lb_edd_ub,500,0.2,0.4,6,True,1.488562542549467,0.9956615085014903,1.0136160644576997,0.13862969061903171,
500|R=0.2|T=0.4|seed=7,simple_lb_edd_ub,500,0.2,0.4,7,True,1.5207670102727502,0.9974302988017405,1.0136160644576997,0.14140228428279727,
500|R=0.2|T=0.4|seed=8,simple_lb_edd_ub,500,0.2,0.4,8,True,1.4867040105501044,0.9960016928522156,1.0136160644576997,0.13667782199753378,
500|R=0.2|T=0.4|seed=9,simple_lb_edd_ub,500,0.2,0.4,9,True,1.4964296769320273,0.9975404328518641,1.0136160644576997,0.1404383115068239,
500|R=0.2|T=0.4|seed=0,simple_lb_lb_memo_edd_ub,500,0.2,0.4,0,True,1.5220911491484288,0.9967991046446558,1.1013012571467349,0.1455321527234876,0.0
500|R=0.2|T=0.4|seed=1,simple_lb_lb_memo_edd_ub,500,0.2,0.4,1,True,1.5417628460992614,0.9970526888546295,1.1013012571467349,0.14776776772999425,0.0
500|R=0.2|T=0.4|seed=2,simple_lb_lb_memo_edd_ub,500,0.2,0.4,2,True,1.5416599677975018,0.9977724404350572,1.1013012571467349,0.1474972672642962,0.0
500|R=0.2|T=0.4|seed=3,simple_lb_lb_memo_edd_ub,500,0.2,0.4,3,True,1.5441062708596922,0.9984664004978471,1.1013012571467349,0.1490142991246434,0.0
500|R=0.2|T=0.4|seed=4,simple_lb_lb_memo_edd_ub,500,0.2,0.4,4,True,1.5378112316736017,0.9986918851511225,1.0136160644576997,0.14525713731556106,0.0
500|R=0.2|T=0.4|seed=5,simple_lb_lb_memo_edd_ub,500,0.2,0.4,5,True,1.5461550865448328,0.996021869956672,1.0136160644576997,0.14798581220348064,0.0
500|R=0.2|T=0.4|seed=6,simple_lb_lb_memo_edd_ub,500,0.2,0.4,6,True,1.5192559243235033,0.9956615085014903,1.0136160644576997,0.14295583020335226,0.0
500|R=0.2|T=0.4|seed=7,simple_lb_lb_memo_edd_ub,500,0.2,0.4,7,True,1.5427155161540391,0.9974302988017405,1.0136160644576997,0.1445878941823968,0.0
500|R=0.2|T=0.4|seed=8,simple_lb_lb_memo_edd_ub,500,0.2,0.4,8,True,1.5112700304014988,0.9960016928522156,1.0136160644576997,0.1404242330945921,0.0
500|R=0.2|T=0.4|seed=9,simple_lb_lb_memo_edd_ub,500,0.2,0.4,9,True,1.5185978794009243,0.9975404328518641,1.0136160644576997,0.14484288088239514,0.0
500|R=0.2|T=0.8|seed=0,simple_lb,500,0.2,0.8,0,True,1.4952689716211207,0.9985237430223273,1.4125072301044537,0.15330023827585595,
500|R=0.2|T=0.8|seed=1,simple_lb,500,0.2,0.8,1,True,1.4593319148904633,0.9975559315660838,1.411594695681741,0.14717173097328343,
500|R=0.2|T=0.8|seed=2,simple_lb,500,0.2,0.8,2,True,1.4702191467893955,0.996300372628943,1.013921113689095,0.15045385472812503,
500|R=0.2|T=0.8|seed=3,simple_lb,500,0.2,0.8,3,True,1.4750837230719023,0.9946778641638532,1.013921113689095,0.1524990481893959,
500|R=0.2|T=0.8|seed=4,simple_lb,500,0.2,0.8,4,True,1.5026212341312806,0.9969235269739889,1.013921113689095,0.15632934128149004,
500|R=0.2|T=0.8|seed=5,simple_lb,500,0.2,0.8,5,True,1.4616017899717837,0.9965257152164332,1.013921113689095,0.14927204004124087,
500|R=0.2|T=0.8|seed=6,simple_lb,500,0.2,0.8,6,True,1.486312077721991,0.996161602951144,1.0067207862597258,0.152526781040382,
500|R=0.2|T=0.8|seed=7,simple_lb,500,0.2,0.8,7,True,1.4741678828240385,0.9965485174720126,1.0067207862597258,0.14922231521504695,
500|R=0.2|T=0.8|seed=8,simple_lb,500,0.2,0.8,8,True,1.4427857072215375,0.9932269783604486,1.0067207862597258,0.14502255200628525,
500|R=0.2|T=0.8|seed=9,simple_lb,500,0.2,0.8,9,True,1.4576492934760463,0.9956313069160718,1.0066722871251355,0.1458944681135611,
500|R=0.2|T=0.8|seed=0,simple_lb_lb_memo,500,0.2,0.8,0,True,1.517669130526053,0.9985237430223273,1.4219318839100406,0.156600955580621,0.0
500|R=0.2|T=0.8|seed=1,simple_lb_lb_memo,500,0.2,0.8,1,True,1.4837368808561802,0.9975559315660838,1.4210132607956478,0.1506107125586638,0.0
500|R=0.2|T=0.8|seed=2,simple_lb_lb_memo,500,0.2,0.8,2,True,1.4951924489448116,0.996300372628943,1.0208328245206986,0.15328991295785271,0.0
500|R=0.2|T=0.8|seed=3,simple_lb_lb_memo,500,0.2,0.8,3,True,1.498988254508311,0.9946778641638532,1.0209793625595311,0.15560220524179905,0.0
500|R=0.2|T=0.8|seed=4,simple_lb_lb_memo,500,0.2,0.8,4,True,1.523669966516037,0.9969235269739889,1.0209793625595311,0.15997565860374324,0.0
500|R=0.2|T=0.8|seed=5,simple_lb_lb_memo,500,0.2,0.8,5,True,1.4858708959083293,0.9965257152164332,1.0209793625595311,0.15188931801699113,0.0
500|R=0.2|T=0.8|seed=6,simple_lb_lb_memo,500,0.2,0.8,6,True,1.5060457607053104,0.996161602951144,1.0070339411750535,0.15557859014869577,0.0
500|R=0.2|T=0.8|seed=7,simple_lb_lb_memo,500,0.2,0.8,7,True,1.4947320934702555,0.9965485174720126,1.0070339411750535,0.15244488741385917,0.0
500|R=0.2|T=0.8|seed=8,simple_lb_lb_memo,500,0.2,0.8,8,True,1.4606493727956424,0.9932269783604486,1.0070339411750535,0.14797528149073685,0.0
500|R=0.2|T=0.8|seed=9,simple_lb_lb_memo,500,0.2,0.8,9,True,1.4744643173019119,0.9956313069160718,1.0072263037456342,0.14885898285781235,0.0
500|R=0.2|T=0.8|seed=0,edd_ub,500,0.2,0.8,0,True,1.0391332772291135,0.9994259738844693,1.4227144363920927,0.0,
500|R=0.2|T=0.8|seed=1,edd_ub,500,0.2,0.8,1,True,1.0323973939052626,0.9996538711030929,1.421795307718463,0.0,
500|R=0.2|T=0.8|seed=2,edd_ub,500,0.2,0.8,2,True,1.0348070509821448,0.9995723405662168,1.021467822688973,0.0,
500|R=0.2|T=0.8|seed=3,edd_ub,500,0.2,0.8,3,True,1.0323635073871011,0.9997177352995447,1.021467822688973,0.0,
500|R=0.2|T=0.8|seed=4,edd_ub,500,0.2,0.8,4,True,1.0357628318051526,0.9994649082177421,1.021467822688973,0.0,
500|R=0.2|T=0.8|seed=5,edd_ub,500,0.2,0.8,5,True,1.0343760391272414,0.9996658650621802,1.021467822688973,0.0,
500|R=0.2|T=0.8|seed=6,edd_ub,500,0.2,0.8,6,True,1.0385146446081106,0.9994571439544209,1.007491629128225,0.0,
500|R=0.2|T=0.8|seed=7,edd_ub,500,0.2,0.8,7,True,1.0405982988170022,0.999501821544813,1.007491629128225,0.0,
500|R=0.2|T=0.8|seed=8,edd_ub,500,0.2,0.8,8,True,1.022798691794024,0.9991423155899541,1.007491629128225,0.0,
500|R=0.2|T=0.8|seed=9,edd_ub,500,0.2,0.8,9,True,1.0381759691611754,0.9996228751994791,1.0074430928580032,0.0,
500|R=0.2|T=0.8|seed=0,simple_lb_edd_ub,500,0.2,0.8,0,True,1.5313994744202382,0.9961970769846089,1.423020652580722,0.1499165967473396,
500|R=0.2|T=0.8|seed=1,simple_lb_edd_ub,500,0.2,0.8,1,True,1.4931893410491952,0.9955663129428551,1.4221013260795647,0.14416519611751294,
500|R=0.2|T=0.8|seed=2,simple_lb_edd_ub,500,0.2,0.8,2,True,1.5109653344560598,0.9947763693100499,1.0216632067407498,0.14682883642787722,
500|R=0.2|T=0.8|seed=3,simple_lb_edd_ub,500,0.2,0.8,3,True,1.5113589820314532,0.9931598186723585,1.0216632067407498,0.149004302782712,
500|R=0.2|T=0.8|seed=4,simple_lb_edd_ub,500,0.2,0.8,4,True,1.5501851552193966,0.9945661978011262,1.0216632067407498,0.15237440044431289,
500|R=0.2|T=0.8|seed=5,simple_lb_edd_ub,500,0.2,0.8,5,True,1.498327163243675,0.994746057447257,1.0216632067407498,0.14536910932682243,
500|R=0.2|T=0.8|seed=6,simple_lb_edd_ub,500,0.2,0.8,6,True,1.5238241816705032,0.9940140519792449,1.0076843398453497,0.1488365034815957,
500|R=0.2|T=0.8|seed=7,simple_lb_edd_ub,500,0.2,0.8,7,True,1.5198657256992727,0.9947154762330556,1.0076843398453497,0.1454422369446065,
500|R=0.2|T=0.8|seed=8,simple_lb_edd_ub,500,0.2,0.8,8,True,1.4737625171122393,0.9891754857052598,1.0076843398453497,0.14182689340236662,
500|R=0.2|T=0.8|seed=9,simple_lb_edd_ub,500,0.2,0.8,9,True,1.49324678253034,0.9936702579533636,1.00763579429122,0.14236055294750868,
500|R=0.2|T=0.8|seed=0,simple_lb_lb_memo_edd_ub,500,0.2,0.8,0,True,1.5574438179429986,0.9961970769846089,1.4232928447483923,0.15318708221917543,0.0
500|R=0.2|T=0.8|seed=1,simple_lb_lb_memo_edd_ub,500,0.2,0.8,1,True,1.519238091948262,0.9955663129428551,1.422373342400544,0.14754153402607756,0.0
500|R=0.2|T=0.8|seed=2,simple_lb_lb_memo_edd_ub,500,0.2,0.8,2,True,1.5354443104031368,0.9947763693100499,1.0216632067407498,0.150201366323059,0.0
500|R=0.2|T=0.8|seed=3,simple_lb_lb_memo_edd_ub,500,0.2,0.8,3,True,1.5424390419054526,0.9931598186723585,1.0216632067407498,0.15239108396276121,0.0
500|R=0.2|T=0.8|seed=4,simple_lb_lb_memo_edd_ub,500,0.2,0.8,4,True,1.567913584719328,0.9945661978011262,1.0216632067407498,0.15653421801872477,0.0
500|R=0.2|T=0.8|seed=5,simple_lb_lb_memo_edd_ub,500,0.2,0.8,5,True,1.5218592822153232,0.994746057447257,1.0216632067407498,0.14936420370729722,0.0
500|R=0.2|T=0.8|seed=6,simple_lb_lb_memo_edd_ub,500,0.2,0.8,6,True,1.5488941438964112,0.9940140519792449,1.0111772215932358,0.15212199652435296,0.0
500|R=0.2|T=0.8|seed=7,simple_lb_lb_memo_edd_ub,500,0.2,0.8,7,True,1.5360736670500204,0.9947154762330556,1.0111772215932358,0.1489841877374013,0.0
500|R=0.2|T=0.8|seed=8,simple_lb_lb_memo_edd_ub,500,0.2,0.8,8,True,1.500124681492945,0.9891754857052598,1.0111772215932358,0.14522498448106944,0.0
500|R=0.2|T=0.8|seed=9,simple_lb_lb_memo_edd_ub,500,0.2,0.8,9,True,1.512721086162593,0.9936702579533636,1.0111285077682766,0.14566473526905932,0.0
500|R=0.4|T=0.6|seed=0,simple_lb,500,0.4,0.6,0,True,1.470241998240747,0.9956129274508957,1.0123155003026494,0.14650924848081393,
500|R=0.4|T=0.6|seed=1,simple_lb,500,0.4,0.6,1,True,1.4540019840858784,0.9965034965034965,1.0060224283538697,0.14515311379146698,
500|R=0.4|T=0.6|seed=2,simple_lb,500,0.4,0.6,2,True,1.483528967537205,0.9929163713126183,1.0060224283538697,0.15191150988281152,
500|R=0.4|T=0.6|seed=3,simple_lb,500,0.4,0.6,3,True,1.4764576268111917,0.9955502501663246,1.0060224283538697,0.14853379134000447,
500|R=0.4|T=0.6|seed=4,simple_lb,500,0.4,0.6,4,True,1.4645263117956846,0.9909714421418866,1.0060224283538697,0.14744468716277495,
500|R=0.4|T=0.6|seed=5,simple_lb,500,0.4,0.6,5,True,1.4580600934041767,0.985721918645618,1.0060224283538697,0.14569584409190628,
500|R=0.4|T=0.6|seed=6,simple_lb,500,0.4,0.6,6,True,1.4483355501335575,0.994505639190283,1.0060224283538697,0.14205586895444866,
500|R=0.4|T=0.6|seed=7,simple_lb,500,0.4,0.6,7,True,1.431757147211827,0.9864337414525868,1.0060224283538697,0.1419354812251536,
500|R=0.4|T=0.6|seed=8,simple_lb,500,0.4,0.6,8,True,1.446911130051618,0.9938009154790858,1.0060224283538697,0.14262655725795378,
500|R=0.4|T=0.6|seed=9,simple_lb,500,0.4,0.6,9,True,1.4191174429401474,0.9933459328979622,1.0060224283538697,0.13586215540720642,
500|R=0.4|T=0.6|seed=0,simple_lb_lb_memo,500,0.4,0.6,0,True,1.4901390364977916,0.9956129274508957,1.0150859058527728,0.14983993382630442,0.0
500|R=0.4|T=0.6|seed=1,simple_lb_lb_memo,500,0.4,0.6,1,True,1.479370475748929,0.9965034965034965,1.0134523974341225,0.1485474639404599,0.0
500|R=0.4|T=0.6|seed=2,simple_lb_lb_memo,500,0.4,0.6,2,True,1.5028960574236114,0.9929163713126183,1.0134523974341225,0.15510306067744095,0.0
500|R=0.4|T=0.6|seed=3,simple_lb_lb_memo,500,0.4,0.6,3,True,1.4989971659532946,0.9955502501663246,1.0134523974341225,0.15201136876918778,0.0
500|R=0.4|T=0.6|seed=4,simple_lb_lb_memo,500,0.4,0.6,4,True,1.4793472929498817,0.9909714421418866,1.0134523974341225,0.15078889603125614,0.0
500|R=0.4|T=0.6|seed=5,simple_lb_lb_memo,500,0.4,0.6,5,True,1.4832461424878391,0.985721918645618,1.0134523974341225,0.14868572971254085,0.0
500|R=0.4|T=0.6|seed=6,simple_lb_lb_memo,500,0.4,0.6,6,True,1.4644604452151295,0.994505639190283,1.0134523974341225,0.14507821460606707,0.0
500|R=0.4|T=0.6|seed=7,simple_lb_lb_memo,500,0.4,0.6,7,True,1.4592563561779939,0.9864337414525868,1.0134523974341225,0.14479394916654806,0.0
500|R=0.4|T=0.6|seed=8,simple_lb_lb_memo,500,0.4,0.6,8,True,1.4651049865457797,0.9938009154790858,1.0134523974341225,0.14545732976314565,0.0
500|R=0.4|T=0.6|seed=9,simple_lb_lb_memo,500,0.4,0.6,9,True,1.4435367116699813,0.9933459328979622,1.0134523974341225,0.1387324849061047,0.0
500|R=0.4|T=0.6|seed=0,edd_ub,500,0.4,0.6,0,True,1.0355787784865613,0.9995588836349982,1.0242352283838525,0.0,
500|R=0.4|T=0.6|seed=1,edd_ub,500,0.4,0.6,1,True,1.0315682647948237,0.9998031742623508,1.0151599058562923,0.0,
500|R=0.4|T=0.6|seed=2,edd_ub,500,0.4,0.6,2,True,1.0389652919296748,0.9995238633088481,1.0151599058562923,0.0,
500|R=0.4|T=0.6|seed=3,edd_ub,500,0.4,0.6,3,True,1.034838213462466,0.9995903532724936,1.0151599058562923,0.0,
500|R=0.4|T=0.6|seed=4,edd_ub,500,0.4,0.6,4,True,1.0293777773682922,0.9995702187891098,1.0151599058562923,0.0,
500|R=0.4|T=0.6|seed=5,edd_ub,500,0.4,0.6,5,True,1.042930917161882,0.9993572005207726,1.0151599058562923,0.0,
500|R=0.4|T=0.6|seed=6,edd_ub,500,0.4,0.6,6,True,1.0328040791932822,0.999551200367283,1.0151599058562923,0.0,
500|R=0.4|T=0.6|seed=7,edd_ub,500,0.4,0.6,7,True,1.0340970547760726,0.9996211790695051,1.0151599058562923,0.0,
500|R=0.4|T=0.6|seed=8,edd_ub,500,0.4,0.6,8,True,1.0388393202223725,0.9995221721857405,1.0151599058562923,0.0,
500|R=0.4|T=0.6|seed=9,edd_ub,500,0.4,0.6,9,True,1.032286979514249,0.9988024176194308,1.0151599058562923,0.0,
500|R=0.4|T=0.6|seed=0,simple_lb_edd_ub,500,0.4,0.6,0,True,1.5006883023355944,0.9937238528482327,1.0242352283838525,0.14333855977033347,
500|R=0.4|T=0.6|seed=1,simple_lb_edd_ub,500,0.4,0.6,1,True,1.4899137486388196,0.9939821750708003,1.0151599058562923,0.14227622819205663,
500|R=0.4|T=0.6|seed=2,simple_lb_edd_ub,500,0.4,0.6,2,True,1.516847417773344,0.9905600302234824,1.0151599058562923,0.14821041697316956,
500|R=0.4|T=0.6|seed=3,simple_lb_edd_ub,500,0.4,0.6,3,True,1.503070187889913,0.993534224625304,1.0151599058562923,0.1455835497626964,
500|R=0.4|T=0.6|seed=4,simple_lb_edd_ub,500,0.4,0.6,4,True,1.49140137106061,0.9883212998096983,1.0151599058562923,0.144092915085166,
500|R=0.4|T=0.6|seed=5,simple_lb_edd_ub,500,0.4,0.6,5,True,1.4876307010489487,0.9830352268113879,1.0151599058562923,0.142250393768155,
500|R=0.4|T=0.6|seed=6,simple_lb_edd_ub,500,0.4,0.6,6,True,1.4785947505566626,0.99182772505527,1.0151599058562923,0.13871163554783203,
500|R=0.4|T=0.6|seed=7,simple_lb_edd_ub,500,0.4,0.6,7,True,1.4713759912842501,0.9845673034972834,1.0151599058562923,0.13893595692752245,
500|R=0.4|T=0.6|seed=8,simple_lb_edd_ub,500,0.4,0.6,8,True,1.4782090247936375,0.9916633673793778,1.0151599058562923,0.1392622692351441,
500|R=0.4|T=0.6|seed=9,simple_lb_edd_ub,500,0.4,0.6,9,True,1.4530470245619722,0.9889098881632704,1.0151599058562923,0.13273463148122377,
500|R=0.4|T=0.6|seed=0,simple_lb_lb_memo_edd_ub,500,0.4,0.6,0,True,1.5209672895540591,0.9937238528482327,1.0242352283838525,0.14666135721923804,0.0
500|R=0.4|T=0.6|seed=1,simple_lb_lb_memo_edd_ub,500,0.4,0.6,1,True,1.5142122903381756,0.9939821750708003,1.0151599058562923,0.145680195866757,0.0
500|R=0.4|T=0.6|seed=2,simple_lb_lb_memo_edd_ub,500,0.4,0.6,2,True,1.5466145812694172,0.9905600302234824,1.0151599058562923,0.1516802201760788,0.0
500|R=0.4|T=0.6|seed=3,simple_lb_lb_memo_edd_ub,500,0.4,0.6,3,True,1.5291893171994866,0.993534224625304,1.0151599058562923,0.14893948390339956,0.0
500|R=0.4|T=0.6|seed=4,simple_lb_lb_memo_edd_ub,500,0.4,0.6,4,True,1.5166141081796842,0.9883212998096983,1.0151599058562923,0.14796401930786568,0.0
500|R=0.4|T=0.6|seed=5,simple_lb_lb_memo_edd_ub,500,0.4,0.6,5,True,1.5168996284055645,0.9830352268113879,1.0151599058562923,0.14606535923470396,0.0
500|R=0.4|T=0.6|seed=6,simple_lb_lb_memo_edd_ub,500,0.4,0.6,6,True,1.5053630280776389,0.99182772505527,1.0151599058562923,0.14245033908353116,0.0
500|R=0.4|T=0.6|seed=7,simple_lb_lb_memo_edd_ub,500,0.4,0.6,7,True,1.4887851416421556,0.9845673034972834,1.0151599058562923,0.14189279701494392,0.0
500|R=0.4|T=0.6|seed=8,simple_lb_lb_memo_edd_ub,500,0.4,0.6,8,True,1.4999254464084903,0.9916633673793778,1.0151599058562923,0.14253115136541283,0.0
500|R=0.4|T=0.6|seed=9,simple_lb_lb_memo_edd_ub,500,0.4,0.6,9,True,1.472416896969209,0.9889098881632704,1.0151599058562923,0.13651374378716008,0.0
700|R=0.2|T=0.6|seed=0,simple_lb,700,0.2,0.6,0,True,1.5320630741605685,0.9976894439907052,1.507191948334038,0.15753014369852883,
700|R=0.2|T=0.6|seed=1,simple_lb,700,0.2,0.6,1,True,1.5390737639380583,0.9978396135939598,1.0000577594292268,0.15713061294099206,
700|R=0.2|T=0.6|seed=2,simple_lb,700,0.2,0.6,2,True,1.546688490581042,0.9978022733856983,1.0000577594292268,0.16065368180138764,
700|R=0.2|T=0.6|seed=3,simple_lb,700,0.2,0.6,3,True,1.5980340865705287,0.9983586885114523,1.0000577594292268,0.16117856132600114,
700|R=0.2|T=0.6|seed=4,simple_lb,700,0.2,0.6,4,True,1.5183202957155089,0.9957734484833316,1.0,0.1536250597089845,
700|R=0.2|T=0.6|seed=5,simple_lb,700,0.2,0.6,5,True,1.547722437217379,0.9979495963212871,1.0,0.16124166214850408,
700|R=0.2|T=0.6|seed=6,simple_lb,700,0.2,0.6,6,True,1.5392873814880144,0.9968623520440666,1.0,0.15960729003124674,
700|R=0.2|T=0.6|seed=7,simple_lb,700,0.2,0.6,7,True,1.5294662184753098,0.9968430708503156,1.0,0.15646944995258397,
700|R=0.2|T=0.6|seed=8,simple_lb,700,0.2,0.6,8,True,1.5384673032607872,0.9983734788454742,1.0,0.15834197062191377,
700|R=0.2|T=0.6|seed=9,simple_lb,700,0.2,0.6,9,True,1.5250725056607446,0.9978166905310661,1.0,0.15730767814940913,
700|R=0.2|T=0.6|seed=0,simple_lb_lb_memo,700,0.2,0.6,0,True,1.5491360474186824,0.9976894439907052,1.507191948334038,0.15990307415651048,0.0
700|R=0.2|T=0.6|seed=1,simple_lb_lb_memo,700,0.2,0.6,1,True,1.5549144443748932,0.9978396135939598,1.0007838779680782,0.15909614465636468,0.0
700|R=0.2|T=0.6|seed=2,simple_lb_lb_memo,700,0.2,0.6,2,True,1.558896368033632,0.9978022733856983,1.0007838779680782,0.16259661686058247,0.0
700|R=0.2|T=0.6|seed=3,simple_lb_lb_memo,700,0.2,0.6,3,True,1.56429184218926,0.9983586885114523,1.0007838779680782,0.16451482368210768,0.0
700|R=0.2|T=0.6|seed=4,simple_lb_lb_memo,700,0.2,0.6,4,True,1.5301813602729215,0.9957734484833316,1.0012211288290915,0.15579775296801418,0.0
700|R=0.2|T=0.6|seed=5,simple_lb_lb_memo,700,0.2,0.6,5,True,1.5667478915786759,0.9979495963212871,1.0012211288290915,0.16354697305194763,0.0
700|R=0.2|T=0.6|seed=6,simple_lb_lb_memo,700,0.2,0.6,6,True,1.5551660762558102,0.9968623520440666,1.0012211288290915,0.16162222135074342,0.0
700|R=0.2|T=0.6|seed=7,simple_lb_lb_memo,700,0.2,0.6,7,True,1.5427705594100456,0.9968430708503156,1.0012211288290915,0.1588082060737701,0.0
700|R=0.2|T=0.6|seed=8,simple_lb_lb_memo,700,0.2,0.6,8,True,1.55620902544793,0.9983734788454742,1.0012211288290915,0.16045012871478392,0.0
700|R=0.2|T=0.6|seed=9,simple_lb_lb_memo,700,0.2,0.6,9,True,1.543741233788444,0.9978166905310661,1.0012211288290915,0.15930737826129807,0.0
700|R=0.2|T=0.6|seed=0,edd_ub,700,0.2,0.6,0,True,1.0383889628735317,0.9999668192405546,1.5090324238731232,0.0,
700|R=0.2|T=0.6|seed=1,edd_ub,700,0.2,0.6,1,True,1.0374106711514919,0.9999550820415352,1.0012789587900224,0.0,
700|R=0.2|T=0.6|seed=2,edd_ub,700,0.2,0.6,2,True,1.0326628165977823,0.9999577736988041,1.0012789587900224,0.0,
700|R=0.2|T=0.6|seed=3,edd_ub,700,0.2,0.6,3,True,1.0376397875490415,0.9999546569906794,1.0012789587900224,0.0,
700|R=0.2|T=0.6|seed=4,edd_ub,700,0.2,0.6,4,True,1.0354445172465276,0.9999630722266216,1.0012211288290915,0.0,
700|R=0.2|T=0.6|seed=5,edd_ub,700,0.2,0.6,5,True,1.0373304482211194,0.9999179768273121,1.0012211288290915,0.0,
700|R=0.2|T=0.6|seed=6,edd_ub,700,0.2,0.6,6,True,1.0382011186308455,0.9999560071097967,1.0012211288290915,0.0,
700|R=0.2|T=0.6|seed=7,edd_ub,700,0.2,0.6,7,True,1.0364193985623293,0.9999512633005853,1.0012211288290915,0.0,
700|R=0.2|T=0.6|seed=8,edd_ub,700,0.2,0.6,8,True,1.0376702081363303,0.9999169507544873,1.0012211288290915,0.0,
700|R=0.2|T=0.6|seed=9,edd_ub,700,0.2,0.6,9,True,1.0362992036614282,0.9999655158570442,1.0012211288290915,0.0,
700|R=0.2|T=0.6|seed=0,simple_lb_edd_ub,700,0.2,0.6,0,True,1.5691404611456627,0.9971944976623118,1.5090324238731232,0.15436140450990676,
700|R=0.2|T=0.6|seed=1,simple_lb_edd_ub,700,0.2,0.6,1,True,1.573602598387328,0.9973992223055328,1.0012789587900224,0.15357326650372788,
700|R=0.2|T=0.6|seed=2,simple_lb_edd_ub,700,0.2,0.6,2,True,1.5765438465023747,0.9967803533644893,1.0012789587900224,0.15703430562859907,
700|R=0.2|T=0.6|seed=3,simple_lb_edd_ub,700,0.2,0.6,3,True,1.5819331880774994,0.9978889138451188,1.0012789587900224,0.15856945555253138,
700|R=0.2|T=0.6|seed=4,simple_lb_edd_ub,700,0.2,0.6,4,True,1.5495153653529148,0.995053294734485,1.0012211288290915,0.150404337288655,
700|R=0.2|T=0.6|seed=5,simple_lb_edd_ub,700,0.2,0.6,5,True,1.5817820103189826,0.9973452242929804,1.0012211288290915,0.1576572747870441,
700|R=0.2|T=0.6|seed=6,simple_lb_edd_ub,700,0.2,0.6,6,True,1.5721565907412902,0.9962031407513303,1.0012211288290915,0.15618606024294596,
700|R=0.2|T=0.6|seed=7,simple_lb_edd_ub,700,0.2,0.6,7,True,1.562400233954353,0.996276931748975,1.0012211288290915,0.1533476024610918,
700|R=0.2|T=0.6|seed=8,simple_lb_edd_ub,700,0.2,0.6,8,True,1.5727728146035762,0.9978898094540974,1.0012211288290915,0.1548356072286688,
700|R=0.2|T=0.6|seed=9,simple_lb_edd_ub,700,0.2,0.6,9,True,1.5605210835190901,0.9975368714407132,1.0012211288290915,0.15372370423032472,
700|R=0.2|T=0.6|seed=0,simple_lb_lb_memo_edd_ub,700,0.2,0.6,0,True,1.5861828959089557,0.9971944976623118,1.5090324238731232,0.1566645554893148,0.0
700|R=0.2|T=0.6|seed=1,simple_lb_lb_memo_edd_ub,700,0.2,0.6,1,True,1.5891087301583002,0.9973992223055328,1.0014879929148433,0.15612265865891548,0.0
700|R=0.2|T=0.6|seed=2,simple_lb_lb_memo_edd_ub,700,0.2,0.6,2,True,1.5932658655779521,0.9967803533644893,1.0014879929148433,0.159457325024222,0.0
700|R=0.2|T=0.6|seed=3,simple_lb_lb_memo_edd_ub,700,0.2,0.6,3,True,1.6019725274661574,0.9978889138451188,1.0014879929148433,0.16134103741030512,0.0
700|R=0.2|T=0.6|seed=4,simple_lb_lb_memo_edd_ub,700,0.2,0.6,4,True,1.566849465810918,0.995053294734485,1.0014549034923184,0.15249240495044916,0.0
700|R=0.2|T=0.6|seed=5,simple_lb_lb_memo_edd_ub,700,0.2,0.6,5,True,1.6023752919056788,0.9973452242929804,1.0014549034923184,0.1603039236578559,0.0
700|R=0.2|T=0.6|seed=6,simple_lb_lb_memo_edd_ub,700,0.2,0.6,6,True,1.5909534461547468,0.9962031407513303,1.0014549034923184,0.15814922973500067,0.0
700|R=0.2|T=0.6|seed=7,simple_lb_lb_memo_edd_ub,700,0.2,0.6,7,True,1.5806596766604464,0.996276931748975,1.0014549034923184,0.1557123298345171,0.0
700|R=0.2|T=0.6|seed=8,simple_lb_lb_memo_edd_ub,700,0.2,0.6,8,True,1.5934540344691401,0.9978898094540974,1.0014549034923184,0.15745148534594416,0.0
700|R=0.2|T=0.6|seed=9,simple_lb_lb_memo_edd_ub,700,0.2,0.6,9,True,1.5794092844299197,0.9975368714407132,1.0014549034923184,0.15668301193211437,0.0
700|R=0.2|T=0.4|seed=0,simple_lb,700,0.2,0.4,0,True,1.5480980876944657,0.9988638541806916,1.4968840390798606,0.16060327323814463,
700|R=0.2|T=0.4|seed=1,simple_lb,700,0.2,0.4,1,True,1.5361094550103231,0.9987062395461506,1.4968840390798606,0.15587223213036522,
700|R=0.2|T=0.4|seed=2,simple_lb,700,0.2,0.4,2,True,1.5472807243410942,0.9978168752561196,1.4968840390798606,0.15861669527244907,
700|R=0.2|T=0.4|seed=3,simple_lb,700,0.2,0.4,3,True,1.5577318659496766,0.9992871896205673,1.4968840390798606,0.16115764382325828,
700|R=0.2|T=0.4|seed=4,simple_lb,700,0.2,0.4,4,True,1.5319611679969933,0.9975462812339201,1.0013269363941333,0.15680152484566068,
700|R=0.2|T=0.4|seed=5,simple_lb,700,0.2,0.4,5,True,1.573667491237747,0.9982948017255456,1.0013269363941333,0.1636378662041889,
700|R=0.2|T=0.4|seed=6,simple_lb,700,0.2,0.4,6,True,1.5573990558541027,0.9975242039073478,1.0013269363941333,0.16253285770546658,
700|R=0.2|T=0.4|seed=7,simple_lb,700,0.2,0.4,7,True,1.5355210746987336,0.9975388380888729,1.0013269363941333,0.1577837921112083,
700|R=0.2|T=0.4|seed=8,simple_lb,700,0.2,0.4,8,True,1.5509041695935624,0.9992175354987338,1.0013269363941333,0.1590965806470439,
700|R=0.2|T=0.4|seed=9,simple_lb,700,0.2,0.4,9,True,1.557008811073313,0.9977455572757467,1.0013269363941333,0.16084752080091136,
700|R=0.2|T=0.4|seed=0,simple_lb_lb_memo,700,0.2,0.4,0,True,1.5707697028782375,0.9988638541806916,1.4988703089891127,0.16334243451181366,0.0
700|R=0.2|T=0.4|seed=1,simple_lb_lb_memo,700,0.2,0.4,1,True,1.554699292438849,0.9987062395461506,1.4988703089891127,0.15831807351149996,0.0
700|R=0.2|T=0.4|seed=2,simple_lb_lb_memo,700,0.2,0.4,2,True,1.5626769215724183,0.9978168752561196,1.4988703089891127,0.1613256167513835,0.0
700|R=0.2|T=0.4|seed=3,simple_lb_lb_memo,700,0.2,0.4,3,True,1.5797668765756567,0.9992871896205673,1.4988703089891127,0.1636187871356593,0.0
700|R=0.2|T=0.4|seed=4,simple_lb_lb_memo,700,0.2,0.4,4,True,1.552722524740564,0.9975462812339201,1.002500445767695,0.15914008613113362,0.0
700|R=0.2|T=0.4|seed=5,simple_lb_lb_memo,700,0.2,0.4,5,True,1.5969906748327227,0.9982948017255456,1.002500445767695,0.16679093063219882,0.0
700|R=0.2|T=0.4|seed=6,simple_lb_lb_memo,700,0.2,0.4,6,True,1.5814356505566352,0.9975242039073478,1.002500445767695,0.16489421942946872,0.0
700|R=0.2|T=0.4|seed=7,simple_lb_lb_memo,700,0.2,0.4,7,True,1.5533484961977164,0.9975388380888729,1.002500445767695,0.1603625603587297,0.0
700|R=0.2|T=0.4|seed=8,simple_lb_lb_memo,700,0.2,0.4,8,True,1.5705356502519712,0.9992175354987338,1.002500445767695,0.1616849794393041,0.0
700|R=0.2|T=0.4|seed=9,simple_lb_lb_memo,700,0.2,0.4,9,True,1.5772132105598704,0.9977455572757467,1.002500445767695,0.1631731156610545,0.0
700|R=0.2|T=0.4|seed=0,edd_ub,700,0.2,0.4,0,True,1.0329626127831018,0.9999910461362752,1.5006269164401078,0.0,
700|R=0.2|T=0.4|seed=1,edd_ub,700,0.2,0.4,1,True,1.032524543767047,0.9999458357398161,1.5006269164401078,0.0,
700|R=0.2|T=0.4|seed=2,edd_ub,700,0.2,0.4,2,True,1.0327914847689252,0.9999532897437197,1.5006269164401078,0.0,
700|R=0.2|T=0.4|seed=3,edd_ub,700,0.2,0.4,3,True,1.0316969101767477,0.9999482919039396,1.5006269164401078,0.0,
700|R=0.2|T=0.4|seed=4,edd_ub,700,0.2,0.4,4,True,1.0332547830489511,0.9999806176061359,1.0027658330465217,0.0,
700|R=0.2|T=0.4|seed=5,edd_ub,700,0.2,0.4,5,True,1.033546422545118,0.9999447082271578,1.0027658330465217,0.0,
700|R=0.2|T=0.4|seed=6,edd_ub,700,0.2,0.4,6,True,1.0345759388230567,0.9999706923799629,1.0027658330465217,0.0,
700|R=0.2|T=0.4|seed=7,edd_ub,700,0.2,0.4,7,True,1.032093220709228,0.9999456630511465,1.0027658330465217,0.0,
700|R=0.2|T=0.4|seed=8,edd_ub,700,0.2,0.4,8,True,1.0337501833282272,0.9999225174622177,1.0027658330465217,0.0,
700|R=0.2|T=0.4|seed=9,edd_ub,700,0.2,0.4,9,True,1.036153697504819,0.9999847829251187,1.0027658330465217,0.0,
700|R=0.2|T=0.4|seed=0,simple_lb_edd_ub,700,0.2,0.4,0,True,1.581531145955881,0.9977910486566219,1.5010241704219582,0.15783512019914536,
700|R=0.2|T=0.4|seed=1,simple_lb_edd_ub,700,0.2,0.4,1,True,1.5701939377734582,0.998018294567619,1.5010241704219582,0.1524171512075692,
700|R=0.2|T=0.4|seed=2,simple_lb_edd_ub,700,0.2,0.4,2,True,1.5779238925282104,0.9973192950792898,1.5010241704219582,0.15528228022609117,
700|R=0.2|T=0.4|seed=3,simple_lb_edd_ub,700,0.2,0.4,3,True,1.5915617968802618,0.9989296741343097,1.5010241704219582,0.15746607072673555,
700|R=0.2|T=0.4|seed=4,simple_lb_edd_ub,700,0.2,0.4,4,True,1.562167323066607,0.9970130346598736,1.002799006456375,0.15361778810496957,
700|R=0.2|T=0.4|seed=5,simple_lb_edd_ub,700,0.2,0.4,5,True,1.610466477936079,0.9975332497075987,1.002799006456375,0.16010390651043385,
700|R=0.2|T=0.4|seed=6,simple_lb_edd_ub,700,0.2,0.4,6,True,1.5932718388376002,0.9967005202242116,1.002799006456375,0.15913463357027957,
700|R=0.2|T=0.4|seed=7,simple_lb_edd_ub,700,0.2,0.4,7,True,1.5678045423891926,0.9968668711547175,1.002799006456375,0.1544858045930296,
700|R=0.2|T=0.4|seed=8,simple_lb_edd_ub,700,0.2,0.4,8,True,1.5814644497885189,0.9989043314375575,1.002799006456375,0.15611951671127888,
700|R=0.2|T=0.4|seed=9,simple_lb_edd_ub,700,0.2,0.4,9,True,1.588609190709658,0.9972152752967329,1.002799006456375,0.1572390931012145,
700|R=0.2|T=0.4|seed=0,simple_lb_lb_memo_edd_ub,700,0.2,0.4,0,True,1.6061170326622187,0.9977910486566219,1.5010738271696895,0.1603318888018777,0.0
700|R=0.2|T=0.4|seed=1,simple_lb_lb_memo_edd_ub,700,0.2,0.4,1,True,1.5890922140755552,0.998018294567619,1.5010738271696895,0.15562139262596614,0.0
700|R=0.2|T=0.4|seed=2,simple_lb_lb_memo_edd_ub,700,0.2,0.4,2,True,1.602356878809867,0.9973192950792898,1.5010738271696895,0.15814234261500806,0.0
700|R=0.2|T=0.4|seed=3,simple_lb_lb_memo_edd_ub,700,0.2,0.4,3,True,1.615549397603855,0.9989296741343097,1.5010738271696895,0.16083692385341086,0.0
700|R=0.2|T=0.4|seed=4,simple_lb_lb_memo_edd_ub,700,0.2,0.4,4,True,1.588161846047818,0.9970130346598736,1.0028570599236182,0.15614502781164874,0.0
700|R=0.2|T=0.4|seed=5,simple_lb_lb_memo_edd_ub,700,0.2,0.4,5,True,1.632648922508189,0.9975332497075987,1.0028570599236182,0.1638948057931479,0.0
700|R=0.2|T=0.4|seed=6,simple_lb_lb_memo_edd_ub,700,0.2,0.4,6,True,1.6137143798632108,0.9967005202242116,1.0028570599236182,0.16155534104494335,0.0
700|R=0.2|T=0.4|seed=7,simple_lb_lb_memo_edd_ub,700,0.2,0.4,7,True,1.5890197196853277,0.9968668711547175,1.0028570599236182,0.1577360917156021,0.0
700|R=0.2|T=0.4|seed=8,simple_lb_lb_memo_edd_ub,700,0.2,0.4,8,True,1.6028102684431584,0.9989043314375575,1.0028570599236182,0.15900562009179503,0.0
700|R=0.2|T=0.4|seed=9,simple_lb_lb_memo_edd_ub,700,0.2,0.4,9,True,1.613705021986764,0.9972152752967329,1.0028570599236182,0.1605813978554917,0.0
700|R=0.2|T=0.8|seed=0,simple_lb,700,0.2,0.8,0,True,1.5565194759261423,0.9982167903823786,1.4577664322117516,0.16736411873548435,
700|R=0.2|T=0.8|seed=1,simple_lb,700,0.2,0.8,1,True,1.5244939258937111,0.9962292797335116,1.4568696454580818,0.16408073431773101,
700|R=0.2|T=0.8|seed=2,simple_lb,700,0.2,0.8,2,True,1.5530706596609976,0.9965971856353806,1.4568696454580818,0.17003601637534554,
700|R=0.2|T=0.8|seed=3,simple_lb,700,0.2,0.8,3,True,1.5288079065241853,0.9981825282532301,1.0003291148672984,0.16081103129848615,
700|R=0.2|T=0.8|seed=4,simple_lb,700,0.2,0.8,4,True,1.5463878390467565,0.9955149493104648,1.0003291148672984,0.16397969686436947,
700|R=0.2|T=0.8|seed=5,simple_lb,700,0.2,0.8,5,True,1.5523489339971346,0.9968839102640205,1.0003291148672984,0.16744008732474372,
700|R=0.2|T=0.8|seed=6,simple_lb,700,0.2,0.8,6,True,1.5097010226373926,0.9948367520364196,1.0003291148672984,0.1588693412681272,
700|R=0.2|T=0.8|seed=7,simple_lb,700,0.2,0.8,7,True,1.5315398739505546,0.9923370308615473,1.0003291148672984,0.1631913316559821,
700|R=0.2|T=0.8|seed=8,simple_lb,700,0.2,0.8,8,True,1.5196836987360294,0.9960403084526507,1.0003291148672984,0.16098447091720064,
700|R=0.2|T=0.8|seed=9,simple_lb,700,0.2,0.8,9,True,1.5477868289790204,0.9955541706587118,1.0003291148672984,0.16570160549367471,
700|R=0.2|T=0.8|seed=0,simple_lb_lb_memo,700,0.2,0.8,0,True,1.576455385706064,0.9982167903823786,1.4582462048176412,0.1696899216509189,0.0
700|R=0.2|T=0.8|seed=1,simple_lb_lb_memo,700,0.2,0.8,1,True,1.54091247128435,0.9962292797335116,1.457349122918118,0.16597685344179058,0.0
700|R=0.2|T=0.8|seed=2,simple_lb_lb_memo,700,0.2,0.8,2,True,1.5719768408770451,0.9965971856353806,1.457349122918118,0.17183008264095667,0.0
700|R=0.2|T=0.8|seed=3,simple_lb_lb_memo,700,0.2,0.8,3,True,1.5431160628828475,0.9981825282532301,1.0038686521193756,0.16270819723882415,0.0
700|R=0.2|T=0.8|seed=4,simple_lb_lb_memo,700,0.2,0.8,4,True,1.5625310744485943,0.9955149493104648,1.0038686521193756,0.1662379529188847,0.0
700|R=0.2|T=0.8|seed=5,simple_lb_lb_memo,700,0.2,0.8,5,True,1.5710063018912215,0.9968839102640205,1.0038686521193756,0.1694757898716668,0.0
700|R=0.2|T=0.8|seed=6,simple_lb_lb_memo,700,0.2,0.8,6,True,1.528173893735208,0.9948367520364196,1.0038686521193756,0.1606395020688811,0.0
700|R=0.2|T=0.8|seed=7,simple_lb_lb_memo,700,0.2,0.8,7,True,1.55154447657054,0.9923370308615473,1.0038686521193756,0.16535852079957875,0.0
700|R=0.2|T=0.8|seed=8,simple_lb_lb_memo,700,0.2,0.8,8,True,1.5371725073620603,0.9960403084526507,1.0038686521193756,0.16303310265228682,0.0
700|R=0.2|T=0.8|seed=9,simple_lb_lb_memo,700,0.2,0.8,9,True,1.5677862177100148,0.9955541706587118,1.0038686521193756,0.16777209923448347,0.0
700|R=0.2|T=0.8|seed=0,edd_ub,700,0.2,0.8,0,True,1.0401310847749088,0.9998520962598604,1.4634060234092823,0.0,
700|R=0.2|T=0.8|seed=1,edd_ub,700,0.2,0.8,1,True,1.0254660585752693,0.9997662183648882,1.4625057672996373,0.0,
700|R=0.2|T=0.8|seed=2,edd_ub,700,0.2,0.8,2,True,1.0386136092503147,0.9998051453067447,1.4625057672996373,0.0,
700|R=0.2|T=0.8|seed=3,edd_ub,700,0.2,0.8,3,True,1.0368290984867283,0.9998150942936849,1.0038686521193756,0.0,
700|R=0.2|T=0.8|seed=4,edd_ub,700,0.2,0.8,4,True,1.0405967376917336,0.99974318577676,1.0038686521193756,0.0,
700|R=0.2|T=0.8|seed=5,edd_ub,700,0.2,0.8,5,True,1.0417737014528783,0.9997685972364474,1.0038686521193756,0.0,
700|R=0.2|T=0.8|seed=6,edd_ub,700,0.2,0.8,6,True,1.0350066366810515,0.9997974921767907,1.0038686521193756,0.0,
700|R=0.2|T=0.8|seed=7,edd_ub,700,0.2,0.8,7,True,1.0365402594739874,0.9995232484998552,1.0038686521193756,0.0,
700|R=0.2|T=0.8|seed=8,edd_ub,700,0.2,0.8,8,True,1.03978719424512,0.9997444117359966,1.0038686521193756,0.0,
700|R=0.2|T=0.8|seed=9,edd_ub,700,0.2,0.8,9,True,1.040605258336599,0.9998403887571026,1.0038686521193756,0.0,
700|R=0.2|T=0.8|seed=0,simple_lb_edd_ub,700,0.2,0.8,0,True,1.5950051916531736,0.9971673962364012,1.4634060234092823,0.16370630829010585,
700|R=0.2|T=0.8|seed=1,simple_lb_edd_ub,700,0.2,0.8,1,True,1.5596615744062927,0.9949198759711002,1.4625057672996373,0.16018130394738034,
700|R=0.2|T=0.8|seed=2,simple_lb_edd_ub,700,0.2,0.8,2,True,1.5916728887743146,0.9956229121691041,1.4625057672996373,0.16578751918617005,
700|R=0.2|T=0.8|seed=3,simple_lb_edd_ub,700,0.2,0.8,3,True,1.5662068122896562,0.9970592754394225,1.004502042996063,0.15688137310597972,
700|R=0.2|T=0.8|seed=4,simple_lb_edd_ub,700,0.2,0.8,4,True,1.5838598749575619,0.9945826180186451,1.004502042996063,0.16025424976626682,
700|R=0.2|T=0.8|seed=5,simple_lb_edd_ub,700,0.2,0.8,5,True,1.5912705446209197,0.995867347862744,1.004502042996063,0.16334653606079239,
700|R=0.2|T=0.8|seed=6,simple_lb_edd_ub,700,0.2,0.8,6,True,1.5463369993870266,0.9934486614607034,1.004502042996063,0.15520872749711315,
700|R=0.2|T=0.8|seed=7,simple_lb_edd_ub,700,0.2,0.8,7,True,1.5702546180383508,0.9904606018550876,1.004502042996063,0.1596082478628056,
700|R=0.2|T=0.8|seed=8,simple_lb_edd_ub,700,0.2,0.8,8,True,1.5613347292180553,0.9947105644861606,1.004502042996063,0.15718002043024593,
700|R=0.2|T=0.8|seed=9,simple_lb_edd_ub,700,0.2,0.8,9,True,1.5902673157377594,0.9945960798293303,1.004502042996063,0.16162401225325074,
700|R=0.2|T=0.8|seed=0,simple_lb_lb_memo_edd_ub,700,0.2,0.8,0,True,1.6158912258521818,0.9971673962364012,1.4643293593677864,0.16586455276480455,0.0
700|R=0.2|T=0.8|seed=1,simple_lb_lb_memo_edd_ub,700,0.2,0.8,1,True,1.5805615749997188,0.9949198759711002,1.4634285352415932,0.1629138281671099,0.0
700|R=0.2|T=0.8|seed=2,simple_lb_lb_memo_edd_ub,700,0.2,0.8,2,True,1.6112129270596034,0.9956229121691041,1.4634285352415932,0.1682044531659076,0.0
700|R=0.2|T=0.8|seed=3,simple_lb_lb_memo_edd_ub,700,0.2,0.8,3,True,1.5826055442558171,0.9970592754394225,1.004502042996063,0.1595053284837528,0.0
700|R=0.2|T=0.8|seed=4,simple_lb_lb_memo_edd_ub,700,0.2,0.8,4,True,1.6014685923592733,0.9945826180186451,1.004502042996063,0.162354124227876,0.0
700|R=0.2|T=0.8|seed=5,simple_lb_lb_memo_edd_ub,700,0.2,0.8,5,True,1.6100136161034515,0.995867347862744,1.004502042996063,0.1656417050427466,0.0
700|R=0.2|T=0.8|seed=6,simple_lb_lb_memo_edd_ub,700,0.2,0.8,6,True,1.5637859997021626,0.9934486614607034,1.004502042996063,0.15720068794138617,0.0
700|R=0.2|T=0.8|seed=7,simple_lb_lb_memo_edd_ub,700,0.2,0.8,7,True,1.5884600877285704,0.9904606018550876,1.004502042996063,0.1621035766725684,0.0
700|R=0.2|T=0.8|seed=8,simple_lb_lb_memo_edd_ub,700,0.2,0.8,8,True,1.576767690938809,0.9947105644861606,1.004502042996063,0.1595695103344258,0.0
700|R=0.2|T=0.8|seed=9,simple_lb_lb_memo_edd_ub,700,0.2,0.8,9,True,1.6070489175523281,0.9945960798293303,1.004502042996063,0.16425303195495536,0.0
700|R=0.4|T=0.6|seed=0,simple_lb,700,0.4,0.6,0,True,1.5141290019976958,0.9962386487218197,1.4634985602260173,0.15851756507430728,
700|R=0.4|T=0.6|seed=1,simple_lb,700,0.4,0.6,1,True,1.5167491478369892,0.9968708037868884,1.002598659116704,0.15754271157253458,
700|R=0.4|T=0.6|seed=2,simple_lb,700,0.4,0.6,2,True,1.528063201481956,0.9898697636261088,1.002598659116704,0.16338677948116304,
700|R=0.4|T=0.6|seed=3,simple_lb,700,0.4,0.6,3,True,1.5222015338333044,0.9911126406996518,1.002598659116704,0.16158426041548413,
700|R=0.4|T=0.6|seed=4,simple_lb,700,0.4,0.6,4,True,1.4933160658349456,0.9950520977526122,1.002598659116704,0.1530539085806962,
700|R=0.4|T=0.6|seed=5,simple_lb,700,0.4,0.6,5,True,1.5430857441038728,0.9914015341431736,1.002598659116704,0.16397114464413334,
700|R=0.4|T=0.6|seed=6,simple_lb,700,0.4,0.6,6,True,1.5218255634259341,0.9961122139269643,1.002598659116704,0.1588876558319472,
700|R=0.4|T=0.6|seed=7,simple_lb,700,0.4,0.6,7,True,1.5026894967842066,0.9915729228020018,1.002598659116704,0.156598286904981,
700|R=0.4|T=0.6|seed=8,simple_lb,700,0.4,0.6,8,True,1.5238667066300158,0.9968528240941152,1.002598659116704,0.15917324579737663,
700|R=0.4|T=0.6|seed=9,simple_lb,700,0.4,0.6,9,True,1.5073174275209689,0.9895940346713876,1.000222744709813,0.15699430193549774,
700|R=0.4|T=0.6|seed=0,simple_lb_lb_memo,700,0.4,0.6,0,True,1.5304049671525213,0.9962386487218197,1.4638245467881268,0.1608141058685421,0.0
700|R=0.4|T=0.6|seed=1,simple_lb_lb_memo,700,0.4,0.6,1,True,1.5347101189179526,0.9968708037868884,1.002598659116704,0.15950116580958346,0.0
700|R=0.4|T=0.6|seed=2,simple_lb_lb_memo,700,0.4,0.6,2,True,1.5471877585378955,0.9898697636261088,1.002598659116704,0.16545899143371745,0.0
700|R=0.4|T=0.6|seed=3,simple_lb_lb_memo,700,0.4,0.6,3,True,1.5409002534201,0.9911126406996518,1.002598659116704,0.1636323308540983,0.0
700|R=0.4|T=0.6|seed=4,simple_lb_lb_memo,700,0.4,0.6,4,True,1.5090760923358943,0.9950520977526122,1.002598659116704,0.1550199133927712,0.0
700|R=0.4|T=0.6|seed=5,simple_lb_lb_memo,700,0.4,0.6,5,True,1.560017132613686,0.9914015341431736,1.002598659116704,0.16622173880726854,0.0
700|R=0.4|T=0.6|seed=6,simple_lb_lb_memo,700,0.4,0.6,6,True,1.5380693073538902,0.9961122139269643,1.002598659116704,0.16075844707381912,0.0
700|R=0.4|T=0.6|seed=7,simple_lb_lb_memo,700,0.4,0.6,7,True,1.5190295158927292,0.9915729228020018,1.002598659116704,0.1589117480144876,0.0
700|R=0.4|T=0.6|seed=8,simple_lb_lb_memo,700,0.4,0.6,8,True,1.540969948284808,0.9968528240941152,1.002598659116704,0.16111533396722721,0.0
700|R=0.4|T=0.6|seed=9,simple_lb_lb_memo,700,0.4,0.6,9,True,1.5254907881992064,0.9895940346713876,1.000222744709813,0.15896028601945061,0.0
700|R=0.4|T=0.6|seed=0,edd_ub,700,0.4,0.6,0,True,1.0379124571721678,0.9995278235372396,1.4638245467881268,0.0,
700|R=0.4|T=0.6|seed=1,edd_ub,700,0.4,0.6,1,True,1.0372867539041877,0.999878133508288,1.002598659116704,0.0,
700|R=0.4|T=0.6|seed=2,edd_ub,700,0.4,0.6,2,True,1.0367850480372356,0.9992647285033072,1.002598659116704,0.0,
700|R=0.4|T=0.6|seed=3,edd_ub,700,0.4,0.6,3,True,1.034891605177092,0.9996580430733698,1.002598659116704,0.0,
700|R=0.4|T=0.6|seed=4,edd_ub,700,0.4,0.6,4,True,1.0368350155228736,0.9997975816912186,1.0032436723580815,0.0,
700|R=0.4|T=0.6|seed=5,edd_ub,700,0.4,0.6,5,True,1.0388196252803377,0.9996017035507602,1.0032436723580815,0.0,
700|R=0.4|T=0.6|seed=6,edd_ub,700,0.4,0.6,6,True,1.0380830111532207,0.9995827852745496,1.0032436723580815,0.0,
700|R=0.4|T=0.6|seed=7,edd_ub,700,0.4,0.6,7,True,1.029923700633516,0.9995516303833425,1.0032436723580815,0.0,
700|R=0.4|T=0.6|seed=8,edd_ub,700,0.4,0.6,8,True,1.0372143133596214,0.9994296500875328,1.0032436723580815,0.0,
700|R=0.4|T=0.6|seed=9,edd_ub,700,0.4,0.6,9,True,1.0389413663955076,0.9998070097504878,1.0008662294270512,0.0,
700|R=0.4|T=0.6|seed=0,simple_lb_edd_ub,700,0.4,0.6,0,True,1.5501839214069415,0.9945178890178822,1.464766285745332,0.1551161149705763,
700|R=0.4|T=0.6|seed=1,simple_lb_edd_ub,700,0.4,0.6,1,True,1.55294596364229,0.9957543390757813,1.0032436723580815,0.15400669318555624,
700|R=0.4|T=0.6|seed=2,simple_lb_edd_ub,700,0.4,0.6,2,True,1.5643223464214508,0.9880695277649593,1.0032436723580815,0.15957474019393733,
700|R=0.4|T=0.6|seed=3,simple_lb_edd_ub,700,0.4,0.6,3,True,1.5608839909482726,0.9898433951701775,1.0032436723580815,0.15778894862808884,
700|R=0.4|T=0.6|seed=4,simple_lb_edd_ub,700,0.4,0.6,4,True,1.5320995429239639,0.9931598345192505,1.0032436723580815,0.14962139304893618,
700|R=0.4|T=0.6|seed=5,simple_lb_edd_ub,700,0.4,0.6,5,True,1.5806577392644687,0.9898386153671368,1.0032436723580815,0.16013081598788884,
700|R=0.4|T=0.6|seed=6,simple_lb_edd_ub,700,0.4,0.6,6,True,1.5557099938433132,0.9937649829906515,1.0032436723580815,0.15532521853978276,
700|R=0.4|T=0.6|seed=7,simple_lb_edd_ub,700,0.4,0.6,7,True,1.5363857162163412,0.9895712147787817,1.0032436723580815,0.1534814665152901,
700|R=0.4|T=0.6|seed=8,simple_lb_edd_ub,700,0.4,0.6,8,True,1.5613892306778836,0.9949954591013913,1.0032436723580815,0.15558486728941306,
700|R=0.4|T=0.6|seed=9,simple_lb_edd_ub,700,0.4,0.6,9,True,1.544142939886179,0.9883395980495578,1.0009281029575547,0.15330833948270806,
700|R=0.4|T=0.6|seed=0,simple_lb_lb_memo_edd_ub,700,0.4,0.6,0,True,1.5690152452222181,0.9945178890178822,1.4648568375681403,0.15726558713656355,0.0
700|R=0.4|T=0.6|seed=1,simple_lb_lb_memo_edd_ub,700,0.4,0.6,1,True,1.570190535600874,0.9957543390757813,1.0033056928620603,0.15639156701530016,0.0
700|R=0.4|T=0.6|seed=2,simple_lb_lb_memo_edd_ub,700,0.4,0.6,2,True,1.5850763096731812,0.9880695277649593,1.0033056928620603,0.16204248783373446,0.0
700|R=0.4|T=0.6|seed=3,simple_lb_lb_memo_edd_ub,700,0.4,0.6,3,True,1.5728077884793585,0.9898433951701775,1.0033056928620603,0.1604880879609537,0.0
700|R=0.4|T=0.6|seed=4,simple_lb_lb_memo_edd_ub,700,0.4,0.6,4,True,1.5453099549740423,0.9931598345192505,1.0033056928620603,0.15186641959644478,0.0
700|R=0.4|T=0.6|seed=5,simple_lb_lb_memo_edd_ub,700,0.4,0.6,5,True,1.6023666697005532,0.9898386153671368,1.0033056928620603,0.16280612409858927,0.0
700|R=0.4|T=0.6|seed=6,simple_lb_lb_memo_edd_ub,700,0.4,0.6,6,True,1.5758062447633756,0.9937649829906515,1.0033056928620603,0.15731150293595866,0.0
700|R=0.4|T=0.6|seed=7,simple_lb_lb_memo_edd_ub,700,0.4,0.6,7,True,1.5522683975980407,0.9895712147787817,1.0033056928620603,0.1558925989440171,0.0
700|R=0.4|T=0.6|seed=8,simple_lb_lb_memo_edd_ub,700,0.4,0.6,8,True,1.5794237074069184,0.9949954591013913,1.0033056928620603,0.15802960672144264,0.0
700|R=0.4|T=0.6|seed=9,simple_lb_lb_memo_edd_ub,700,0.4,0.6,9,True,1.562775349142727,0.9883395980495578,1.0009281029575547,0.1562330160198628,0.0
900|R=0.2|T=0.6|seed=0,simple_lb,900,0.2,0.6,0,True,1.5779429448131583,0.9978602139062582,1.0,0.16679631453492022,
900|R=0.2|T=0.6|seed=1,simple_lb,900,0.2,0.6,1,True,1.5543628732833705,0.9978690206826494,1.0,0.16232557656101182,
900|R=0.2|T=0.6|seed=2,simple_lb,900,0.2,0.6,2,True,1.5662978896439983,0.9975667953885163,1.0,0.16326187656948563,
900|R=0.2|T=0.6|seed=3,simple_lb,900,0.2,0.6,3,True,1.5698694893986898,0.99744395369158,1.0,0.1662912390088306,
900|R=0.2|T=0.6|seed=4,simple_lb,900,0.2,0.6,4,True,1.5604987185481225,0.997060689536727,1.0,0.16479304475734077,
900|R=0.2|T=0.6|seed=5,simple_lb,900,0.2,0.6,5,True,1.5829885614568235,0.9980468353555643,1.0,0.1675304524329758,
900|R=0.2|T=0.6|seed=6,simple_lb,900,0.2,0.6,6,True,1.572513831535282,0.9982271313823401,1.0,0.16589554967174777,
900|R=0.2|T=0.6|seed=7,simple_lb,900,0.2,0.6,7,True,1.5663884849287477,0.9971825964142944,1.0001224734448755,0.16471749390452536,
900|R=0.2|T=0.6|seed=8,simple_lb,900,0.2,0.6,8,True,1.5887240285432254,0.9975718454818513,1.0001224734448755,0.1683474738267289,
900|R=0.2|T=0.6|seed=9,simple_lb,900,0.2,0.6,9,True,1.5939411460364938,0.997796159515862,1.0001224734448755,0.16594566405326605,
900|R=0.2|T=0.6|seed=0,simple_lb_lb_memo,900,0.2,0.6,0,True,1.615561166642756,0.9978602139062582,1.0001224734448755,0.16838581747855721,0.0
900|R=0.2|T=0.6|seed=1,simple_lb_lb_memo,900,0.2,0.6,1,True,1.6005125736330552,0.9978690206826494,1.0001224734448755,0.16337310884992287,0.0
900|R=0.2|T=0.6|seed=2,simple_lb_lb_memo,900,0.2,0.6,2,True,1.6201470191092542,0.9975667953885163,1.0001224734448755,0.1642876652726097,0.0
900|R=0.2|T=0.6|seed=3,simple_lb_lb_memo,900,0.2,0.6,3,True,1.6229331266206408,0.99744395369158,1.0001224734448755,0.1674500546643185,0.0
900|R=0.2|T=0.6|seed=4,simple_lb_lb_memo,900,0.2,0.6,4,True,1.6091266834233646,0.997060689536727,1.0003630977424542,0.16602855799547894,0.0
900|R=0.2|T=0.6|seed=5,simple_lb_lb_memo,900,0.2,0.6,5,True,1.6266987452111215,0.9980468353555643,1.0003630977424542,0.16884711740732855,0.0
900|R=0.2|T=0.6|seed=6,simple_lb_lb_memo,900,0.2,0.6,6,True,1.645709242630979,0.9982271313823401,1.0003630977424542,0.16621993031748125,0.0
900|R=0.2|T=0.6|seed=7,simple_lb_lb_memo,900,0.2,0.6,7,True,1.6093904377974229,0.9971825964142944,1.0003630977424542,0.16614098094753502,0.0
900|R=0.2|T=0.6|seed=8,simple_lb_lb_memo,900,0.2,0.6,8,True,1.648674856946727,0.9975718454818513,1.0003630977424542,0.16984808561628462,0.0
900|R=0.2|T=0.6|seed=9,simple_lb_lb_memo,900,0.2,0.6,9,True,1.6175981478535926,0.997796159515862,1.0003630977424542,0.16737389492137186,0.0
900|R=0.2|T=0.6|seed=0,edd_ub,900,0.2,0.6,0,True,1.0585817745863968,0.9999435989679434,1.0003630977424542,0.0,
900|R=0.2|T=0.6|seed=1,edd_ub,900,0.2,0.6,1,True,1.054256994968747,0.9999532364670998,1.0003630977424542,0.0,
900|R=0.2|T=0.6|seed=2,edd_ub,900,0.2,0.6,2,True,1.0578761285674216,0.9999440642618049,1.0003630977424542,0.0,
900|R=0.2|T=0.6|seed=3,edd_ub,900,0.2,0.6,3,True,1.065791116704408,0.9998935511886519,0.6777608396203035,0.0,
900|R=0.2|T=0.6|seed=4,edd_ub,900,0.2,0.6,4,True,1.0558212888243825,0.9999412448631627,0.9994193317848847,0.0,
900|R=0.2|T=0.6|seed=5,edd_ub,900,0.2,0.6,5,True,1.0550031614562474,0.9999760529790208,0.9995590955984485,0.0,
900|R=0.2|T=0.6|seed=6,edd_ub,900,0.2,0.6,6,True,1.05473734749188,0.9999580257036279,1.0001801080071697,0.0,
900|R=0.2|T=0.6|seed=7,edd_ub,900,0.2,0.6,7,True,1.0655467450308216,0.99995061691815,1.0001801080071697,0.0,
900|R=0.2|T=0.6|seed=8,edd_ub,900,0.2,0.6,8,True,1.074719368228133,0.9999623958371083,1.0001801080071697,0.0,
900|R=0.2|T=0.6|seed=9,edd_ub,900,0.2,0.6,9,True,1.0798806542924018,0.9999708252045839,1.0001801080071697,0.0,
900|R=0.2|T=0.6|seed=0,simple_lb_edd_ub,900,0.2,0.6,0,True,1.6929791661243059,0.9974210093679977,1.0001801080071697,0.1618516898096812,
900|R=0.2|T=0.6|seed=1,simple_lb_edd_ub,900,0.2,0.6,1,True,1.646771331332337,0.9975771934605933,1.0001801080071697,0.15717386016673546,
900|R=0.2|T=0.6|seed=2,simple_lb_edd_ub,900,0.2,0.6,2,True,1.654792809020289,0.9967093551718457,1.0001801080071697,0.15838647931980152,
900|R=0.2|T=0.6|seed=3,simple_lb_edd_ub,900,0.2,0.6,3,True,1.6593688283382986,0.9969335943206054,1.0001801080071697,0.16146212658219283,
900|R=0.2|T=0.6|seed=4,simple_lb_edd_ub,900,0.2,0.6,4,True,1.6510477299120456,0.9967171273483694,1.0001801080071697,0.1596081592398401,
900|R=0.2|T=0.6|seed=5,simple_lb_edd_ub,900,0.2,0.6,5,True,1.6762534885520342,0.9978154995306764,1.0001801080071697,0.16221390650607725,
900|R=0.2|T=0.6|seed=6,simple_lb_edd_ub,900,0.2,0.6,6,True,1.6589194675710324,0.9976254416245746,1.0002521512100377,0.16077454669749036,
900|R=0.2|T=0.6|seed=7,simple_lb_edd_ub,900,0.2,0.6,7,True,1.653820340139127,0.9966311849223575,1.0002521512100377,0.1596870025979202,
900|R=0.2|T=0.6|seed=8,simple_lb_edd_ub,900,0.2,0.6,8,True,1.6808308495507385,0.997163571713313,1.0002521512100377,0.16300428005583653,
900|R=0.2|T=0.6|seed=9,simple_lb_edd_ub,900,0.2,0.6,9,True,1.662346296543613,0.9974213915975481,1.0002521512100377,0.16129335474370066,
900|R=0.2|T=0.6|seed=0,simple_lb_lb_memo_edd_ub,900,0.2,0.6,0,True,1.6863412816434775,0.9974210093679977,1.0002521512100377,0.1633492325741517,0.0
900|R=0.2|T=0.6|seed=1,simple_lb_lb_memo_edd_ub,900,0.2,0.6,1,True,1.6544182291508278,0.9975771934605933,1.0002521512100377,0.15964709964218812,0.0
900|R=0.2|T=0.6|seed=2,simple_lb_lb_memo_edd_ub,900,0.2,0.6,2,True,1.671776793791239,0.9967093551718457,1.0002521512100377,0.1600339960447451,0.0
900|R=0.2|T=0.6|seed=3,simple_lb_lb_memo_edd_ub,900,0.2,0.6,3,True,1.6749977873524073,0.9969335943206054,1.0002521512100377,0.16332524512826968,0.0
900|R=0.2|T=0.6|seed=4,simple_lb_lb_memo_edd_ub,900,0.2,0.6,4,True,1.6704982993496276,0.9967171273483694,1.0002521512100377,0.16138403251350217,0.0
900|R=0.2|T=0.6|seed=5,simple_lb_lb_memo_edd_ub,900,0.2,0.6,5,True,1.6867711253845534,0.9978154995306764,1.0002521512100377,0.16454435619976623,0.0
900|R=0.2|T=0.6|seed=6,simple_lb_lb_memo_edd_ub,900,0.2,0.6,6,True,1.6764120499692412,0.9976254416245746,1.0002521512100377,0.16290971184143146,0.0
900|R=0.2|T=0.6|seed=7,simple_lb_lb_memo_edd_ub,900,0.2,0.6,7,True,1.6728089316156038,0.9966311849223575,1.0002521512100377,0.16162563209676029,0.0
900|R=0.2|T=0.6|seed=8,simple_lb_lb_memo_edd_ub,900,0.2,0.6,8,True,1.6969115581140994,0.997163571713313,1.0002521512100377,0.1652916328003788,0.0
900|R=0.2|T=0.6|seed=9,simple_lb_lb_memo_edd_ub,900,0.2,0.6,9,True,1.6820257383579316,0.9974213915975481,1.0002521512100377,0.16276148890108055,0.0
900|R=0.2|T=0.4|seed=0,simple_lb,900,0.2,0.4,0,True,1.5978208580108293,0.997982613540301,1.0005165772399895,0.16702260977259192,
900|R=0.2|T=0.4|seed=1,simple_lb,900,0.2,0.4,1,True,1.6214090176960971,0.9983539716221594,1.0005187030722529,0.16986469324947037,
900|R=0.2|T=0.4|seed=2,simple_lb,900,0.2,0.4,2,True,1.5914391601052846,0.9976344265275064,1.0006781404920027,0.16631409499928565,
900|R=0.2|T=0.4|seed=3,simple_lb,900,0.2,0.4,3,True,1.6071406628232225,0.9985356619702099,1.0006781404920027,0.16758557654520567,
900|R=0.2|T=0.4|seed=4,simple_lb,900,0.2,0.4,4,True,1.5810119105551637,0.998333406792689,1.0006781404920027,0.16446344342164557,
900|R=0.2|T=0.4|seed=5,simple_lb,900,0.2,0.4,5,True,1.6006827966619765,0.9978697119602956,1.0005909298642774,0.16705295088527775,
900|R=0.2|T=0.4|seed=6,simple_lb,900,0.2,0.4,6,True,1.5855463009076263,0.9971610623023824,1.0001614798352056,0.16420280499419393,
900|R=0.2|T=0.4|seed=7,simple_lb,900,0.2,0.4,7,True,1.577437668378474,0.9981037580268396,1.0001614798352056,0.1650340700580213,
900|R=0.2|T=0.4|seed=8,simple_lb,900,0.2,0.4,8,True,1.5799053789874467,0.9978608382704335,1.0001614798352056,0.16639889304592562,
900|R=0.2|T=0.4|seed=9,simple_lb,900,0.2,0.4,9,True,1.5692376211734163,0.9983807163772717,1.0001614798352056,0.16423594896144775,
900|R=0.2|T=0.4|seed=0,simple_lb_lb_memo,900,0.2,0.4,0,True,1.5999376219621517,0.997982613540301,1.0006781404920027,0.16996725056932066,0.0
900|R=0.2|T=0.4|seed=1,simple_lb_lb_memo,900,0.2,0.4,1,True,1.626391588859399,0.9983539716221594,1.0006781404920027,0.1725177430703949,0.0
900|R=0.2|T=0.4|seed=2,simple_lb_lb_memo,900,0.2,0.4,2,True,1.6149509165097597,0.9976344265275064,1.0006781404920027,0.16814806024171902,0.0
900|R=0.2|T=0.4|seed=3,simple_lb_lb_memo,900,0.2,0.4,3,True,1.6456243146229832,0.9985356619702099,1.0006781404920027,0.16777029084373993,0.0
900|R=0.2|T=0.4|seed=4,simple_lb_lb_memo,900,0.2,0.4,4,True,1.6087407202062853,0.998333406792689,1.0006781404920027,0.1660981706254725,0.0
900|R=0.2|T=0.4|seed=5,simple_lb_lb_memo,900,0.2,0.4,5,True,1.6122817852035805,0.9978697119602956,1.0005909298642774,0.16940256625006914,0.0
900|R=0.2|T=0.4|seed=6,simple_lb_lb_memo,900,0.2,0.4,6,True,1.6002726373206162,0.9971610623023824,1.0001614798352056,0.1663517651064409,0.0
900|R=0.2|T=0.4|seed=7,simple_lb_lb_memo,900,0.2,0.4,7,True,1.597038426271446,0.9981037580268396,1.0001614798352056,0.16681655266744358,0.0
900|R=0.2|T=0.4|seed=8,simple_lb_lb_memo,900,0.2,0.4,8,True,1.6031284291143464,0.9978608382704335,1.0001614798352056,0.16825683639107433,0.0
900|R=0.2|T=0.4|seed=9,simple_lb_lb_memo,900,0.2,0.4,9,True,1.5938874703335022,0.9983807163772717,1.0001614798352056,0.1656437615050011,0.0
900|R=0.2|T=0.4|seed=0,edd_ub,900,0.2,0.4,0,True,1.033817099491114,0.9999709310308401,1.0006781404920027,0.0,
900|R=0.2|T=0.4|seed=1,edd_ub,900,0.2,0.4,1,True,1.028880196406982,0.9999688629826476,1.0006781404920027,0.0,
900|R=0.2|T=0.4|seed=2,edd_ub,900,0.2,0.4,2,True,1.031708884328377,0.9999426707224017,1.0006781404920027,0.0,
900|R=0.2|T=0.4|seed=3,edd_ub,900,0.2,0.4,3,True,1.0341684669661826,0.9999496467146528,1.0006781404920027,0.0,
900|R=0.2|T=0.4|seed=4,edd_ub,900,0.2,0.4,4,True,1.0292749423535663,0.9999596185854378,1.0006781404920027,0.0,
900|R=0.2|T=0.4|seed=5,edd_ub,900,0.2,0.4,5,True,1.029231939553636,0.999975776888999,1.0005909298642774,0.0,
900|R=0.2|T=0.4|seed=6,edd_ub,900,0.2,0.4,6,True,1.0303682341270106,0.9999819383019619,1.0001614798352056,0.0,
900|R=0.2|T=0.4|seed=7,edd_ub,900,0.2,0.4,7,True,1.071352522968209,0.9999681414905407,1.0001614798352056,0.0,
900|R=0.2|T=0.4|seed=8,edd_ub,900,0.2,0.4,8,True,1.0450553668382832,0.9999498733743967,1.0001614798352056,0.0,
900|R=0.2|T=0.4|seed=9,edd_ub,900,0.2,0.4,9,True,1.0299847145038634,0.9999805268529856,1.0001614798352056,0.0,
900|R=0.2|T=0.4|seed=0,simple_lb_edd_ub,900,0.2,0.4,0,True,1.6291480362473145,0.9974549189767425,1.0006781404920027,0.16393839814064332,
900|R=0.2|T=0.4|seed=1,simple_lb_edd_ub,900,0.2,0.4,1,True,1.6528487166382069,0.9980109181678214,1.0006781404920027,0.166071892577629,
900|R=0.2|T=0.4|seed=2,simple_lb_edd_ub,900,0.2,0.4,2,True,1.627798379985704,0.9973222718317297,1.0006781404920027,0.16234662192229407,
900|R=0.2|T=0.4|seed=3,simple_lb_edd_ub,900,0.2,0.4,3,True,1.6424795469244649,0.9980814902191224,1.0006781404920027,0.16390601891736886,
900|R=0.2|T=0.4|seed=4,simple_lb_edd_ub,900,0.2,0.4,4,True,1.615833107904822,0.9978085757895458,1.0006781404920027,0.16063108032130838,
900|R=0.2|T=0.4|seed=5,simple_lb_edd_ub,900,0.2,0.4,5,True,1.6290217913575715,0.997008445791369,1.0005909298642774,0.1641609157099447,
900|R=0.2|T=0.4|seed=6,simple_lb_edd_ub,900,0.2,0.4,6,True,1.6101574611104976,0.9964396780827435,1.0001614798352056,0.16130633568159938,
900|R=0.2|T=0.4|seed=7,simple_lb_edd_ub,900,0.2,0.4,7,True,1.5982032255193752,0.9975426371828151,1.0001614798352056,0.16232182346647428,
900|R=0.2|T=0.4|seed=8,simple_lb_edd_ub,900,0.2,0.4,8,True,1.6066723667851976,0.9973423310094162,1.0001614798352056,0.16356816763253934,
900|R=0.2|T=0.4|seed=9,simple_lb_edd_ub,900,0.2,0.4,9,True,1.6555926392438134,0.9980244976492899,1.0001614798352056,0.15759320915710262,
900|R=0.2|T=0.4|seed=0,simple_lb_lb_memo_edd_ub,900,0.2,0.4,0,True,1.6496510237745379,0.9974549189767425,1.0006781404920027,0.16581772690229235,0.0
900|R=0.2|T=0.4|seed=1,simple_lb_lb_memo_edd_ub,900,0.2,0.4,1,True,1.673376142176725,0.9980109181678214,1.0006781404920027,0.16880256379261108,0.0
900|R=0.2|T=0.4|seed=2,simple_lb_lb_memo_edd_ub,900,0.2,0.4,2,True,1.6588508761784884,0.9973222718317297,1.0006781404920027,0.1643027747679505,0.0
900|R=0.2|T=0.4|seed=3,simple_lb_lb_memo_edd_ub,900,0.2,0.4,3,True,1.6153997742177129,0.9980814902191224,1.0006781404920027,0.16747932942352634,0.0
900|R=0.2|T=0.4|seed=4,simple_lb_lb_memo_edd_ub,900,0.2,0.4,4,True,1.5814172127463952,0.9978085757895458,1.0006781404920027,0.16475062769233226,0.0
900|R=0.2|T=0.4|seed=5,simple_lb_lb_memo_edd_ub,900,0.2,0.4,5,True,1.6445347679103808,0.997008445791369,1.0005909298642774,0.1666250333564219,0.0
900|R=0.2|T=0.4|seed=6,simple_lb_lb_memo_edd_ub,900,0.2,0.4,6,True,1.6150798024936819,0.9964396780827435,1.0001614798352056,0.16496227379182116,0.0
900|R=0.2|T=0.4|seed=7,simple_lb_lb_memo_edd_ub,900,0.2,0.4,7,True,1.5725250122329748,0.9975426371828151,1.0001614798352056,0.16534142119663692,0.0
900|R=0.2|T=0.4|seed=8,simple_lb_lb_memo_edd_ub,900,0.2,0.4,8,True,1.583525995270382,0.9973423310094162,1.0001614798352056,0.16721048290059712,0.0
900|R=0.2|T=0.4|seed=9,simple_lb_lb_memo_edd_ub,900,0.2,0.4,9,True,1.5762719973166832,0.9980244976492899,1.0001614798352056,0.16451862304540932,0.0
900|R=0.2|T=0.8|seed=0,simple_lb,900,0.2,0.8,0,True,1.5600102418304163,0.9969020272748763,1.001170724860518,0.16932797933314092,
900|R=0.2|T=0.8|seed=1,simple_lb,900,0.2,0.8,1,True,1.5669974323211187,0.9961600107810664,1.001170724860518,0.17020035681187037,
900|R=0.2|T=0.8|seed=2,simple_lb,900,0.2,0.8,2,True,1.5535333997822185,0.9955652882361665,1.001170724860518,0.16816010573340445,
900|R=0.2|T=0.8|seed=3,simple_lb,900,0.2,0.8,3,True,1.5483700154396567,0.9955764567897057,1.001170724860518,0.16643439973402727,
900|R=0.2|T=0.8|seed=4,simple_lb,900,0.2,0.8,4,True,1.546880744781141,0.9967604786174162,1.001170724860518,0.16744024429038545,
900|R=0.2|T=0.8|seed=5,simple_lb,900,0.2,0.8,5,True,1.550055031953153,0.994191234124272,1.001170724860518,0.16623882847591337,
900|R=0.2|T=0.8|seed=6,simple_lb,900,0.2,0.8,6,True,1.5776066728471858,0.993939513855225,1.001170724860518,0.17137855297719545,
900|R=0.2|T=0.8|seed=7,simple_lb,900,0.2,0.8,7,True,1.5752954889634714,0.996770415235278,1.0005770450828426,0.1717270102207591,
900|R=0.2|T=0.8|seed=8,simple_lb,900,0.2,0.8,8,True,1.5787805629130631,0.9954843679603527,1.0,0.17135908736555133,
900|R=0.2|T=0.8|seed=9,simple_lb,900,0.2,0.8,9,True,1.5758283300445712,0.9959321468812684,1.0,0.17256610293646432,
900|R=0.2|T=0.8|seed=0,simple_lb_lb_memo,900,0.2,0.8,0,True,1.5743823996195245,0.9969020272748763,1.001170724860518,0.17079455551023945,0.0
900|R=0.2|T=0.8|seed=1,simple_lb_lb_memo,900,0.2,0.8,1,True,1.5805787869983696,0.9961600107810664,1.001170724860518,0.1717142704776647,0.0
900|R=0.2|T=0.8|seed=2,simple_lb_lb_memo,900,0.2,0.8,2,True,1.5667583412975798,0.9955652882361665,1.001170724860518,0.16966749073520895,0.0
900|R=0.2|T=0.8|seed=3,simple_lb_lb_memo,900,0.2,0.8,3,True,1.5612813223333712,0.9955764567897057,1.001170724860518,0.16803355596951994,0.0
900|R=0.2|T=0.8|seed=4,simple_lb_lb_memo,900,0.2,0.8,4,True,1.5620197093554067,0.9967604786174162,1.001170724860518,0.16913111210966997,0.0
900|R=0.2|T=0.8|seed=5,simple_lb_lb_memo,900,0.2,0.8,5,True,1.56465767202298,0.994191234124272,1.001170724860518,0.16772782567085773,0.0
900|R=0.2|T=0.8|seed=6,simple_lb_lb_memo,900,0.2,0.8,6,True,1.5916195646648545,0.993939513855225,1.001170724860518,0.17281617327304694,0.0
900|R=0.2|T=0.8|seed=7,simple_lb_lb_memo,900,0.2,0.8,7,True,1.5901590249647857,0.996770415235278,1.0005770450828426,0.17328708863008432,0.0
900|R=0.2|T=0.8|seed=8,simple_lb_lb_memo,900,0.2,0.8,8,True,1.5925832971143412,0.9954843679603527,1.0,0.17305419573329342,0.0
900|R=0.2|T=0.8|seed=9,simple_lb_lb_memo,900,0.2,0.8,9,True,1.593080864459235,0.9959321468812684,1.0,0.17427407292305247,0.0
900|R=0.2|T=0.8|seed=0,edd_ub,900,0.2,0.8,0,True,1.0395698721910969,0.9997976393292957,1.001170724860518,0.0,
900|R=0.2|T=0.8|seed=1,edd_ub,900,0.2,0.8,1,True,1.038954449809796,0.999786752343475,1.001170724860518,0.0,
900|R=0.2|T=0.8|seed=2,edd_ub,900,0.2,0.8,2,True,1.0387011201188507,0.9998146738142774,1.001170724860518,0.0,
900|R=0.2|T=0.8|seed=3,edd_ub,900,0.2,0.8,3,True,1.0363488435368433,0.9997135478341284,1.001170724860518,0.0,
900|R=0.2|T=0.8|seed=4,edd_ub,900,0.2,0.8,4,True,1.0371179164307731,0.9997939240066858,1.001170724860518,0.0,
900|R=0.2|T=0.8|seed=5,edd_ub,900,0.2,0.8,5,True,1.037315018577358,0.9997995748302885,1.001170724860518,0.0,
900|R=0.2|T=0.8|seed=6,edd_ub,900,0.2,0.8,6,True,1.0381130963643082,0.9997994182883034,1.001170724860518,0.0,
900|R=0.2|T=0.8|seed=7,edd_ub,900,0.2,0.8,7,True,1.0428040678608212,0.9998376324916802,1.0005770450828426,0.0,
900|R=0.2|T=0.8|seed=8,edd_ub,900,0.2,0.8,8,True,1.0397544175213609,0.9998219974898629,1.0,0.0,
900|R=0.2|T=0.8|seed=9,edd_ub,900,0.2,0.8,9,True,1.0391932742174876,0.9998477688352441,1.0,0.0,
900|R=0.2|T=0.8|seed=0,simple_lb_edd_ub,900,0.2,0.8,0,True,1.5978261997552585,0.9959531941602745,1.001170724860518,0.16520475029939227,
900|R=0.2|T=0.8|seed=1,simple_lb_edd_ub,900,0.2,0.8,1,True,1.6037864821753063,0.9952350442852596,1.001170724860518,0.16604799503104825,
900|R=0.2|T=0.8|seed=2,simple_lb_edd_ub,900,0.2,0.8,2,True,1.5907869249202302,0.9945134140404895,1.001170724860518,0.164110587559051,
900|R=0.2|T=0.8|seed=3,simple_lb_edd_ub,900,0.2,0.8,3,True,1.5816663597698053,0.9944015518038593,1.001170724860518,0.16276158423579906,
900|R=0.2|T=0.8|seed=4,simple_lb_edd_ub,900,0.2,0.8,4,True,1.584618813205149,0.9960791419794225,1.001170724860518,0.16347005405244336,
900|R=0.2|T=0.8|seed=5,simple_lb_edd_ub,900,0.2,0.8,5,True,1.5880401038812046,0.9930197112703517,1.001170724860518,0.16233202208844152,
900|R=0.2|T=0.8|seed=6,simple_lb_edd_ub,900,0.2,0.8,6,True,1.6119480039360032,0.99290222692692,1.001170724860518,0.1674095659766088,
900|R=0.2|T=0.8|seed=7,simple_lb_edd_ub,900,0.2,0.8,7,True,1.613279024476789,0.9962044012749774,1.0005770450828426,0.167613391576886,
900|R=0.2|T=0.8|seed=8,simple_lb_edd_ub,900,0.2,0.8,8,True,1.6150295247422757,0.9947985051811804,1.0,0.16756598270739317,
900|R=0.2|T=0.8|seed=9,simple_lb_edd_ub,900,0.2,0.8,9,True,1.6146314366101193,0.9952360000823312,1.0,0.16875631573221136,
900|R=0.2|T=0.8|seed=0,simple_lb_lb_memo_edd_ub,900,0.2,0.8,0,True,1.6118937688668218,0.9959531941602745,1.001170724860518,0.16711213343942294,0.0
900|R=0.2|T=0.8|seed=1,simple_lb_lb_memo_edd_ub,900,0.2,0.8,1,True,1.6188681533614413,0.9952350442852596,1.001170724860518,0.1680505097812571,0.0
900|R=0.2|T=0.8|seed=2,simple_lb_lb_memo_edd_ub,900,0.2,0.8,2,True,1.6057185627500838,0.9945134140404895,1.001170724860518,0.16607507586186954,0.0
900|R=0.2|T=0.8|seed=3,simple_lb_lb_memo_edd_ub,900,0.2,0.8,3,True,1.597610008032253,0.9944015518038593,1.001170724860518,0.16455504577632513,0.0
900|R=0.2|T=0.8|seed=4,simple_lb_lb_memo_edd_ub,900,0.2,0.8,4,True,1.5989045640361017,0.9960791419794225,1.001170724860518,0.16544786778735276,0.0
900|R=0.2|T=0.8|seed=5,simple_lb_lb_memo_edd_ub,900,0.2,0.8,5,True,1.6011180943157364,0.9930197112703517,1.001170724860518,0.16422285678425474,0.0
900|R=0.2|T=0.8|seed=6,simple_lb_lb_memo_edd_ub,900,0.2,0.8,6,True,1.6283465379618278,0.99290222692692,1.001170724860518,0.16949053831300365,0.0
900|R=0.2|T=0.8|seed=7,simple_lb_lb_memo_edd_ub,900,0.2,0.8,7,True,1.6314897257697045,0.9962044012749774,1.0005770450828426,0.16963323384494103,0.0
900|R=0.2|T=0.8|seed=8,simple_lb_lb_memo_edd_ub,900,0.2,0.8,8,True,1.630710340593219,0.9947985051811804,1.0,0.16962055772840623,0.0
900|R=0.2|T=0.8|seed=9,simple_lb_lb_memo_edd_ub,900,0.2,0.8,9,True,1.6313269003512785,0.9952360000823312,1.0,0.17049949636602704,0.0
900|R=0.4|T=0.6|seed=0,simple_lb,900,0.4,0.6,0,True,1.5644459480110682,0.9938474687835831,1.0009634956387465,0.16884493288224675,
900|R=0.4|T=0.6|seed=1,simple_lb,900,0.4,0.6,1,True,1.542245153250869,0.9957455434391831,1.0009634956387465,0.16357798123277387,
900|R=0.4|T=0.6|seed=2,simple_lb,900,0.4,0.6,2,True,1.5492834511944547,0.9926063737112187,1.001247439717715,0.1640574044812466,
900|R=0.4|T=0.6|seed=3,simple_lb,900,0.4,0.6,3,True,1.5508633507339982,0.9957678366564263,1.001247439717715,0.16627216495484276,
900|R=0.4|T=0.6|seed=4,simple_lb,900,0.4,0.6,4,True,1.5393258388003517,0.9924510065843514,1.001247439717715,0.16444413844975705,
900|R=0.4|T=0.6|seed=5,simple_lb,900,0.4,0.6,5,True,1.5696410967380305,0.9919437006895137,1.001247439717715,0.16802760369029304,
900|R=0.4|T=0.6|seed=6,simple_lb,900,0.4,0.6,6,True,1.5661442040686722,0.9930033649523701,1.001247439717715,0.16542988045201892,
900|R=0.4|T=0.6|seed=7,simple_lb,900,0.4,0.6,7,True,1.5971897420798504,0.9943716060800386,1.001247439717715,0.16502329867298532,
900|R=0.4|T=0.6|seed=8,simple_lb,900,0.4,0.6,8,True,1.6107014545862037,0.9934430489616383,1.000283670763425,0.1658220310565679,
900|R=0.4|T=0.6|seed=9,simple_lb,900,0.4,0.6,9,True,1.6071766896966568,0.9944478925860983,1.000283670763425,0.16664993173699436,
900|R=0.4|T=0.6|seed=0,simple_lb_lb_memo,900,0.4,0.6,0,True,1.6195191532038213,0.9938474687835831,1.001247439717715,0.16973878102935988,0.0
900|R=0.4|T=0.6|seed=1,simple_lb_lb_memo,900,0.4,0.6,1,True,1.5953403697147501,0.9957455434391831,1.001247439717715,0.16429144837059897,0.0
900|R=0.4|T=0.6|seed=2,simple_lb_lb_memo,900,0.4,0.6,2,True,1.6119657866792394,0.9926063737112187,1.001247439717715,0.16469520915509583,0.0
900|R=0.4|T=0.6|seed=3,simple_lb_lb_memo,900,0.4,0.6,3,True,1.6198192733040713,0.9957678366564263,1.001247439717715,0.16668000243961037,0.0
900|R=0.4|T=0.6|seed=4,simple_lb_lb_memo,900,0.4,0.6,4,True,1.604821852343671,0.9924510065843514,1.001247439717715,0.16469563264100467,0.0
900|R=0.4|T=0.6|seed=5,simple_lb_lb_memo,900,0.4,0.6,5,True,1.6388623713403003,0.9919437006895137,1.001247439717715,0.1681718168614742,0.0
900|R=0.4|T=0.6|seed=6,simple_lb_lb_memo,900,0.4,0.6,6,True,1.6326912928446784,0.9930033649523701,1.001247439717715,0.16556803949510032,0.0
900|R=0.4|T=0.6|seed=7,simple_lb_lb_memo,900,0.4,0.6,7,True,1.6200093468450916,0.9943716060800386,1.001247439717715,0.1659726699864245,0.0
900|R=0.4|T=0.6|seed=8,simple_lb_lb_memo,900,0.4,0.6,8,True,1.626648686854838,0.9934430489616383,1.000283670763425,0.16707921162997985,0.0
900|R=0.4|T=0.6|seed=9,simple_lb_lb_memo,900,0.4,0.6,9,True,1.6345801489087415,0.9944478925860983,1.000283670763425,0.16766568588527173,0.0
900|R=0.4|T=0.6|seed=0,edd_ub,900,0.4,0.6,0,True,1.0769652903092712,0.9997260235720901,1.001247439717715,0.0,
900|R=0.4|T=0.6|seed=1,edd_ub,900,0.4,0.6,1,True,1.0742428089589149,0.9997158131948329,1.001336770439188,0.0,
900|R=0.4|T=0.6|seed=2,edd_ub,900,0.4,0.6,2,True,1.0748645247326003,0.9996091786126422,1.001336770439188,0.0,
900|R=0.4|T=0.6|seed=3,edd_ub,900,0.4,0.6,3,True,1.0750120818471856,0.9994657191109713,1.001336770439188,0.0,
900|R=0.4|T=0.6|seed=4,edd_ub,900,0.4,0.6,4,True,1.0685560338322748,0.9996764806072076,1.001336770439188,0.0,
900|R=0.4|T=0.6|seed=5,edd_ub,900,0.4,0.6,5,True,1.06602028899181,0.9993790106394315,1.001336770439188,0.0,
900|R=0.4|T=0.6|seed=6,edd_ub,900,0.4,0.6,6,True,1.0620811741991543,0.9996767090322288,1.001336770439188,0.0,
900|R=0.4|T=0.6|seed=7,edd_ub,900,0.4,0.6,7,True,1.0656357419952085,0.9996129283503383,1.001336770439188,0.0,
900|R=0.4|T=0.6|seed=8,edd_ub,900,0.4,0.6,8,True,1.0637525278181426,0.9998054744980625,1.0003729154979857,0.0,
900|R=0.4|T=0.6|seed=9,edd_ub,900,0.4,0.6,9,True,1.0677937560612238,0.9997547343022368,1.0008478249783264,0.0,
900|R=0.4|T=0.6|seed=0,simple_lb_edd_ub,900,0.4,0.6,0,True,1.643711450954464,0.9928531407431479,1.0018121374927418,0.16404437443474196,
900|R=0.4|T=0.6|seed=1,simple_lb_edd_ub,900,0.4,0.6,1,True,1.61975688648105,0.9946678736919227,1.0018121374927418,0.15862747911831043,
900|R=0.4|T=0.6|seed=2,simple_lb_edd_ub,900,0.4,0.6,2,True,1.6288959705237398,0.9912615494261342,1.0018121374927418,0.1594124322949387,
900|R=0.4|T=0.6|seed=3,simple_lb_edd_ub,900,0.4,0.6,3,True,1.631398302549028,0.9943711434647872,1.0018121374927418,0.1614347387910741,
900|R=0.4|T=0.6|seed=4,simple_lb_edd_ub,900,0.4,0.6,4,True,1.6159722393909752,0.9911388692203214,1.0018121374927418,0.1596777547822907,
900|R=0.4|T=0.6|seed=5,simple_lb_edd_ub,900,0.4,0.6,5,True,1.6507920347898293,0.9905293136112008,1.0018121374927418,0.16310857707399323,
900|R=0.4|T=0.6|seed=6,simple_lb_edd_ub,900,0.4,0.6,6,True,1.6313959800966809,0.9919801866786624,1.0018121374927418,0.1607319516110403,
900|R=0.4|T=0.6|seed=7,simple_lb_edd_ub,900,0.4,0.6,7,True,1.632029529858164,0.9932224461722754,1.0018121374927418,0.16091217591417142,
900|R=0.4|T=0.6|seed=8,simple_lb_edd_ub,900,0.4,0.6,8,True,1.6381201930478089,0.992306226201518,1.0008478249783264,0.16227857273830482,
900|R=0.4|T=0.6|seed=9,simple_lb_edd_ub,900,0.4,0.6,9,True,1.648194739037889,0.993365015031163,1.0008478249783264,0.1627430458743425,
900|R=0.4|T=0.6|seed=0,simple_lb_lb_memo_edd_ub,900,0.4,0.6,0,True,1.6616192885813141,0.9928531407431479,1.0018121374927418,0.1658175649755641,0.0
900|R=0.4|T=0.6|seed=1,simple_lb_lb_memo_edd_ub,900,0.4,0.6,1,True,1.6357932659123509,0.9946678736919227,1.0018121374927418,0.16078487897185545,0.0
900|R=0.4|T=0.6|seed=2,simple_lb_lb_memo_edd_ub,900,0.4,0.6,2,True,1.6452501547355096,0.9912615494261342,1.0018121374927418,0.16116502182527875,0.0
900|R=0.4|T=0.6|seed=3,simple_lb_lb_memo_edd_ub,900,0.4,0.6,3,True,1.6488608939748628,0.9943711434647872,1.0018121374927418,0.16355888605968025,0.0
900|R=0.4|T=0.6|seed=4,simple_lb_lb_memo_edd_ub,900,0.4,0.6,4,True,1.6336459614827248,0.9911388692203214,1.0018121374927418,0.1616711409507346,0.0
900|R=0.4|T=0.6|seed=5,simple_lb_lb_memo_edd_ub,900,0.4,0.6,5,True,1.666927186254375,0.9905293136112008,1.0018121374927418,0.1649197985722459,0.0
900|R=0.4|T=0.6|seed=6,simple_lb_lb_memo_edd_ub,900,0.4,0.6,6,True,1.6484065616864925,0.9919801866786624,1.0018121374927418,0.16281428799004305,0.0
900|R=0.4|T=0.6|seed=7,simple_lb_lb_memo_edd_ub,900,0.4,0.6,7,True,1.6664226451351478,0.9932224461722754,1.0018121374927418,0.16260539566604007,0.0
900|R=0.4|T=0.6|seed=8,simple_lb_lb_memo_edd_ub,900,0.4,0.6,8,True,1.6770625421969827,0.992306226201518,1.0008478249783264,0.1635365272696422,0.0
900|R=0.4|T=0.6|seed=9,simple_lb_lb_memo_edd_ub,900,0.4,0.6,9,True,1.683078420972177,0.993365015031163,1.0008478249783264,0.16426166855182658,0.0
