series_norm,config_norm,n,R,T,total_count,solved_count,solved_rate,oot_count,oom_count,err_count,median_time_ms_solved,p90_time_ms_solved,median_penalized_time_ms,p90_penalized_time_ms,median_nodes,p90_nodes,median_memory_peak_bytes,p90_memory_peak_bytes,median_memo_exact_hit_rate,median_memo_lb_hit_rate,median_bound_time_share,median_cleanup_time_share
article_code_comparison,article_code,50,0.2,0.2,10,10,1.0,0,0,0,53.3665,55.7255,53.3665,55.7255,,,1789952.0,1810432.0,,,,
article_code_comparison,article_code,50,0.2,0.4,10,10,1.0,0,0,0,53.4915,53.9731,53.4915,53.9731,,,1810432.0,1875968.0,,,,
article_code_comparison,article_code,50,0.2,0.6,10,10,1.0,0,0,0,53.345,53.4527,53.345,53.4527,,,1810432.0,1879244.8,,,,
article_code_comparison,article_code,50,0.2,0.8,10,10,1.0,0,0,0,53.2735,53.542899999999996,53.2735,53.542899999999996,,,1810432.0,1881292.8,,,,
article_code_comparison,article_code,50,0.4,0.2,10,10,1.0,0,0,0,53.6075,54.100100000000005,53.6075,54.100100000000005,,,1810432.0,1873510.4,,,,
article_code_comparison,article_code,50,0.4,0.4,10,10,1.0,0,0,0,53.599000000000004,54.0811,53.599000000000004,54.0811,,,1810432.0,1893990.4,,,,
article_code_comparison,article_code,50,0.4,0.6,10,10,1.0,0,0,0,53.479,54.229499999999994,53.479,54.229499999999994,,,1812480.0,1885388.8,,,,
article_code_comparison,article_code,50,0.4,0.8,10,10,1.0,0,0,0,53.290499999999994,53.645,53.290499999999994,53.645,,,1810432.0,1888665.6,,,,
article_code_comparison,article_code,50,0.6,0.2,10,10,1.0,0,0,0,53.5065,53.9407,53.5065,53.9407,,,1814528.0,1897267.2,,,,
article_code_comparison,article_code,50,0.6,0.4,10,10,1.0,0,0,0,53.4595,53.784800000000004,53.4595,53.784800000000004,,,1816576.0,1893990.4,,,,
article_code_comparison,article_code,50,0.6,0.6,10,10,1.0,0,0,0,53.432500000000005,53.9257,53.432500000000005,53.9257,,,1810432.0,1897267.2,,,,
article_code_comparison,article_code,50,0.6,0.8,10,10,1.0,0,0,0,53.586,54.0636,53.586,54.0636,,,1808384.0,1905049.6,,,,
article_code_comparison,article_code,50,0.8,0.2,10,10,1.0,0,0,0,53.375,54.137899999999995,53.375,54.137899999999995,,,1814528.0,1945599.9999999998,,,,
article_code_comparison,article_code,50,0.8,0.4,10,10,1.0,0,0,0,53.2605,53.613299999999995,53.2605,53.613299999999995,,,1810432.0,1882931.2,,,,
article_code_comparison,article_code,50,0.8,0.6,10,10,1.0,0,0,0,53.278000000000006,53.5869,53.278000000000006,53.5869,,,1810432.0,1893990.4,,,,
article_code_comparison,article_code,50,0.8,0.8,10,10,1.0,0,0,0,53.5505,53.63,53.5505,53.63,,,1796096.0,1893580.8,,,,
article_code_comparison,article_code,50,1.0,0.2,20,10,0.5,0,0,10,54.6995,55.540299999999995,6000029.0045,12000000.0,,,1998848.0,2164736.0,,,,
article_code_comparison,article_code,50,1.0,0.4,20,10,0.5,0,0,10,54.251999999999995,54.568000000000005,6000027.293,12000000.0,,,2043904.0,2168422.4,,,,
article_code_comparison,article_code,50,1.0,0.6,20,10,0.5,0,0,10,54.290499999999994,54.9288,6000027.639,12000000.0,,,2011136.0,2186854.4,,,,
article_code_comparison,article_code,50,1.0,0.8,20,10,0.5,0,0,10,53.911500000000004,55.641400000000004,6000027.926,12000000.0,,,2015232.0,2177843.2,,,,
article_code_comparison,article_code,100,0.2,0.2,10,10,1.0,0,0,0,53.433499999999995,53.5791,53.433499999999995,53.5791,,,1818624.0,1900953.6,,,,
article_code_comparison,article_code,100,0.2,0.4,10,10,1.0,0,0,0,53.2555,53.5011,53.2555,53.5011,,,1814528.0,1893171.2,,,,
article_code_comparison,article_code,100,0.2,0.6,10,10,1.0,0,0,0,53.239000000000004,59.28749999999999,53.239000000000004,59.28749999999999,,,1810432.0,2496511.999999998,,,,
article_code_comparison,article_code,100,0.2,0.8,10,10,1.0,0,0,0,53.3625,54.2446,53.3625,54.2446,,,1810432.0,1868185.6,,,,
article_code_comparison,article_code,100,0.4,0.2,10,10,1.0,0,0,0,53.682500000000005,54.249900000000004,53.682500000000005,54.249900000000004,,,1810432.0,1872281.6,,,,
article_code_comparison,article_code,100,0.4,0.4,10,10,1.0,0,0,0,53.423500000000004,53.8237,53.423500000000004,53.8237,,,1810432.0,1873920.0,,,,
article_code_comparison,article_code,100,0.4,0.6,10,10,1.0,0,0,0,53.508,54.097300000000004,53.508,54.097300000000004,,,1800192.0,1893580.8,,,,
article_code_comparison,article_code,100,0.4,0.8,10,10,1.0,0,0,0,53.342,53.6693,53.342,53.6693,,,1802240.0,1876377.6,,,,
article_code_comparison,article_code,100,0.6,0.2,10,10,1.0,0,0,0,53.3815,53.9229,53.3815,53.9229,,,1810432.0,1894400.0,,,,
article_code_comparison,article_code,100,0.6,0.4,10,10,1.0,0,0,0,53.375,54.129599999999996,53.375,54.129599999999996,,,1810432.0,1908736.0,,,,
article_code_comparison,article_code,100,0.6,0.6,10,10,1.0,0,0,0,53.54,54.2963,53.54,54.2963,,,1814528.0,1879654.4,,,,
article_code_comparison,article_code,100,0.6,0.8,10,10,1.0,0,0,0,53.3875,54.030899999999995,53.3875,54.030899999999995,,,1814528.0,1860812.8,,,,
article_code_comparison,article_code,100,0.8,0.2,10,10,1.0,0,0,0,53.2795,53.5933,53.2795,53.5933,,,1814528.0,1868185.6,,,,
article_code_comparison,article_code,100,0.8,0.4,10,10,1.0,0,0,0,53.3705,53.573499999999996,53.3705,53.573499999999996,,,1814528.0,1876377.6,,,,
article_code_comparison,article_code,100,0.8,0.6,10,10,1.0,0,0,0,53.4555,53.7988,53.4555,53.7988,,,1822720.0,1876377.6,,,,
article_code_comparison,article_code,100,0.8,0.8,10,10,1.0,0,0,0,53.209,53.862899999999996,53.209,53.862899999999996,,,1814528.0,1886617.6,,,,
article_code_comparison,article_code,100,1.0,0.2,20,10,0.5,0,0,10,54.203,54.993,6000028.896,12000000.0,,,2039808.0,2172108.8000000003,,,,
article_code_comparison,article_code,100,1.0,0.4,20,10,0.5,0,0,10,53.917,54.7725,6000027.753,12000000.0,,,2000896.0,2187264.0,,,,
article_code_comparison,article_code,100,1.0,0.6,20,10,0.5,0,0,10,54.6105,55.1001,6000027.5865,12000000.0,,,2013184.0,2194636.8,,,,
article_code_comparison,article_code,100,1.0,0.8,20,10,0.5,0,0,10,54.6725,58.1317,6000029.087,12000000.0,,,1984512.0,2179481.6,,,,
article_code_comparison,article_code,200,0.2,0.2,10,10,1.0,0,0,0,53.6205,54.187200000000004,53.6205,54.187200000000004,,,1802240.0,1841971.2,,,,
article_code_comparison,article_code,200,0.2,0.4,10,10,1.0,0,0,0,180.5655,261.7022,180.5655,261.7022,,,13258752.0,18634752.0,,,,
article_code_comparison,article_code,200,0.2,0.6,10,10,1.0,0,0,0,410.97249999999997,529.7175,410.97249999999997,529.7175,,,28639232.0,37029887.99999999,,,,
article_code_comparison,article_code,200,0.2,0.8,10,10,1.0,0,0,0,156.7425,207.24790000000002,156.7425,207.24790000000002,,,13043712.0,15706521.6,,,,
article_code_comparison,article_code,200,0.4,0.2,10,10,1.0,0,0,0,53.3465,53.7815,53.3465,53.7815,,,1810432.0,1845657.6,,,,
article_code_comparison,article_code,200,0.4,0.4,10,10,1.0,0,0,0,53.492000000000004,104.1538,53.492000000000004,104.1538,,,1802240.0,7551385.6,,,,
article_code_comparison,article_code,200,0.4,0.6,10,10,1.0,0,0,0,155.11149999999998,216.62069999999997,155.11149999999998,216.62069999999997,,,11571200.0,16080895.999999998,,,,
article_code_comparison,article_code,200,0.4,0.8,10,10,1.0,0,0,0,53.3195,54.0665,53.3195,54.0665,,,1810432.0,1872281.6,,,,
article_code_comparison,article_code,200,0.6,0.2,10,10,1.0,0,0,0,53.551500000000004,54.1136,53.551500000000004,54.1136,,,1810432.0,1841971.2,,,,
article_code_comparison,article_code,200,0.6,0.4,10,10,1.0,0,0,0,53.225,53.983,53.225,53.983,,,1812480.0,1875968.0,,,,
article_code_comparison,article_code,200,0.6,0.6,10,10,1.0,0,0,0,54.4735,109.85159999999998,54.4735,109.85159999999998,,,4777984.0,8266956.799999999,,,,
article_code_comparison,article_code,200,0.6,0.8,10,10,1.0,0,0,0,53.603,53.9342,53.603,53.9342,,,1814528.0,1871872.0,,,,
article_code_comparison,article_code,200,0.8,0.2,10,10,1.0,0,0,0,53.303,53.7885,53.303,53.7885,,,1800192.0,1826406.4,,,,
article_code_comparison,article_code,200,0.8,0.4,10,10,1.0,0,0,0,53.245000000000005,53.9222,53.245000000000005,53.9222,,,1814528.0,1876377.6,,,,
article_code_comparison,article_code,200,0.8,0.6,10,10,1.0,0,0,0,53.202,53.6156,53.202,53.6156,,,1796096.0,1861222.4,,,,
article_code_comparison,article_code,200,0.8,0.8,10,10,1.0,0,0,0,53.4465,53.9608,53.4465,53.9608,,,1798144.0,1861632.0,,,,
article_code_comparison,article_code,200,1.0,0.2,20,10,0.5,0,0,10,53.914500000000004,55.3274,6000029.137,12000000.0,,,1976320.0,2179481.6,,,,
article_code_comparison,article_code,200,1.0,0.4,20,10,0.5,0,0,10,54.2965,55.2797,6000028.8895,12000000.0,,,1996800.0,2227404.8,,,,
article_code_comparison,article_code,200,1.0,0.6,20,10,0.5,0,0,10,53.82,55.001000000000005,6000027.784,12000000.0,,,2000896.0,2183987.2,,,,
article_code_comparison,article_code,200,1.0,0.8,20,10,0.5,0,0,10,54.543499999999995,55.690000000000005,6000028.9385,12000000.0,,,2004992.0,2218393.6,,,,
article_code_comparison,article_code,300,0.2,0.2,10,10,1.0,0,0,0,53.235,53.6865,53.235,53.6865,,,1808384.0,1872281.6,,,,
article_code_comparison,article_code,300,0.2,0.4,10,10,1.0,0,0,0,897.8789999999999,1354.0049999999999,897.8789999999999,1354.0049999999999,,,61941760.0,90358169.6,,,,
article_code_comparison,article_code,300,0.2,0.6,10,10,1.0,0,0,0,2121.7945,3109.9748999999993,2121.7945,3109.9748999999993,,,146509824.0,207731916.79999995,,,,
article_code_comparison,article_code,300,0.2,0.8,10,10,1.0,0,0,0,615.0985000000001,1141.3091999999995,615.0985000000001,1141.3091999999995,,,43749376.0,78395801.59999996,,,,
article_code_comparison,article_code,300,0.4,0.2,10,10,1.0,0,0,0,53.469,53.8627,53.469,53.8627,,,1814528.0,1868185.6,,,,
article_code_comparison,article_code,300,0.4,0.4,10,10,1.0,0,0,0,206.32150000000001,269.3714,206.32150000000001,269.3714,,,14874624.0,19868057.599999998,,,,
article_code_comparison,article_code,300,0.4,0.6,10,10,1.0,0,0,0,540.5575,1347.778,540.5575,1347.778,,,39544832.0,92071116.8,,,,
article_code_comparison,article_code,300,0.4,0.8,10,10,1.0,0,0,0,53.4645,109.34759999999999,53.4645,109.34759999999999,,,1837056.0,8354611.199999998,,,,
article_code_comparison,article_code,300,0.6,0.2,10,10,1.0,0,0,0,53.429,53.569,53.429,53.569,,,1810432.0,1872691.2,,,,
article_code_comparison,article_code,300,0.6,0.4,10,10,1.0,0,0,0,53.416,53.754,53.416,53.754,,,1810432.0,1821900.8,,,,
article_code_comparison,article_code,300,0.6,0.6,10,10,1.0,0,0,0,206.022,583.7121999999999,206.022,583.7121999999999,,,14434304.0,38421708.8,,,,
article_code_comparison,article_code,300,0.6,0.8,10,10,1.0,0,0,0,53.4895,53.8572,53.4895,53.8572,,,1847296.0,1912422.4,,,,
article_code_comparison,article_code,300,0.8,0.2,10,10,1.0,0,0,0,53.3605,53.9366,53.3605,53.9366,,,1835008.0,1868595.2,,,,
article_code_comparison,article_code,300,0.8,0.4,10,10,1.0,0,0,0,53.349000000000004,53.5861,53.349000000000004,53.5861,,,1812480.0,1819443.2,,,,
article_code_comparison,article_code,300,0.8,0.6,10,10,1.0,0,0,0,53.471500000000006,119.53779999999995,53.471500000000006,119.53779999999995,,,1814528.0,8709734.399999995,,,,
article_code_comparison,article_code,300,0.8,0.8,10,10,1.0,0,0,0,53.2475,53.6673,53.2475,53.6673,,,1814528.0,1856716.8,,,,
article_code_comparison,article_code,300,1.0,0.2,20,10,0.5,0,0,10,53.998,54.6091,6000027.791,12000000.0,,,1996800.0,2164736.0,,,,
article_code_comparison,article_code,300,1.0,0.4,20,10,0.5,0,0,10,53.9765,55.1832,6000027.9705,12000000.0,,,1984512.0,2190540.8000000003,,,,
article_code_comparison,article_code,300,1.0,0.6,20,10,0.5,0,0,10,54.144,54.6334,6000027.3455,12000000.0,,,1990656.0,2186854.4000000004,,,,
article_code_comparison,article_code,300,1.0,0.8,20,10,0.5,0,0,10,53.829,54.463899999999995,6000027.299,12000000.0,,,2000896.0,2179072.0,,,,
article_code_comparison,article_code,400,0.2,0.2,10,10,1.0,0,0,0,53.924499999999995,104.2941,53.924499999999995,104.2941,,,1835008.0,7878656.0,,,,
article_code_comparison,article_code,400,0.2,0.4,10,10,1.0,0,0,0,2657.0235000000002,4604.9234,2657.0235000000002,4604.9234,,,182431744.0,310155673.6,,,,
article_code_comparison,article_code,400,0.2,0.6,10,10,1.0,0,0,0,7397.4439999999995,9201.8203,7397.4439999999995,9201.8203,,,518203392.0,650515660.8,,,,
article_code_comparison,article_code,400,0.2,0.8,10,10,1.0,0,0,0,2759.273,3674.8364,2759.273,3674.8364,,,199936000.0,263245004.79999998,,,,
article_code_comparison,article_code,400,0.4,0.2,10,10,1.0,0,0,0,60.1135,60.3183,60.1135,60.3183,,,1810432.0,1864089.6,,,,
article_code_comparison,article_code,400,0.4,0.4,10,10,1.0,0,0,0,361.5235,816.3437999999999,361.5235,816.3437999999999,,,26255360.0,57954303.99999999,,,,
article_code_comparison,article_code,400,0.4,0.6,10,10,1.0,0,0,0,2507.9444999999996,3838.4628,2507.9444999999996,3838.4628,,,180469760.0,273547264.0,,,,
article_code_comparison,article_code,400,0.4,0.8,10,10,1.0,0,0,0,60.0035,66.12499999999999,60.0035,66.12499999999999,,,1808384.0,2526412.799999998,,,,
article_code_comparison,article_code,400,0.6,0.2,10,10,1.0,0,0,0,60.0975,60.3314,60.0975,60.3314,,,1808384.0,1872281.6,,,,
article_code_comparison,article_code,400,0.6,0.4,10,10,1.0,0,0,0,59.959,66.15319999999998,59.959,66.15319999999998,,,1810432.0,2485862.3999999976,,,,
article_code_comparison,article_code,400,0.6,0.6,10,10,1.0,0,0,0,813.109,1535.5963,813.109,1535.5963,,,53213184.0,111391129.6,,,,
article_code_comparison,article_code,400,0.6,0.8,10,10,1.0,0,0,0,60.097,60.2391,60.097,60.2391,,,1843200.0,1941913.6,,,,
article_code_comparison,article_code,400,0.8,0.2,10,10,1.0,0,0,0,60.236,60.3925,60.236,60.3925,,,1810432.0,1832550.4,,,,
article_code_comparison,article_code,400,0.8,0.4,10,10,1.0,0,0,0,60.195499999999996,60.3363,60.195499999999996,60.3363,,,1806336.0,1848524.8,,,,
article_code_comparison,article_code,400,0.8,0.6,10,10,1.0,0,0,0,115.1345,179.6042,115.1345,179.6042,,,8171520.0,12057804.799999999,,,,
article_code_comparison,article_code,400,0.8,0.8,10,10,1.0,0,0,0,60.156499999999994,60.2966,60.156499999999994,60.2966,,,1816576.0,1839104.0,,,,
article_code_comparison,article_code,400,1.0,0.2,20,10,0.5,0,0,10,53.718,54.571200000000005,6000027.777,12000000.0,,,2033664.0,2183577.6,,,,
article_code_comparison,article_code,400,1.0,0.4,20,10,0.5,0,0,10,54.0985,55.706199999999995,6000028.007,12000000.0,,,2004992.0,2197913.6,,,,
article_code_comparison,article_code,400,1.0,0.6,20,10,0.5,0,0,10,53.882999999999996,54.6097,6000027.4385,12000000.0,,,1998848.0,2202419.2,,,,
article_code_comparison,article_code,400,1.0,0.8,20,10,0.5,0,0,10,54.379999999999995,54.9563,6000027.4975,12000000.0,,,1968128.0,2186035.2,,,,
article_code_comparison,article_code,500,0.2,0.2,10,10,1.0,0,0,0,149.94050000000001,299.95930000000004,149.94050000000001,299.95930000000004,,,10475520.0,21201715.2,,,,
article_code_comparison,article_code,500,0.2,0.4,10,10,1.0,0,0,0,9274.735499999999,10546.950099999998,9274.735499999999,10546.950099999998,,,648568832.0,741688934.4,,,,
article_code_comparison,article_code,500,0.2,0.6,10,10,1.0,0,0,0,20583.586,22795.288599999996,20583.586,22795.288599999996,,,1503932416.0,1615316991.9999998,,,,
article_code_comparison,article_code,500,0.2,0.8,10,10,1.0,0,0,0,5743.665999999999,7357.4631,5743.665999999999,7357.4631,,,415549440.0,557106790.4,,,,
article_code_comparison,article_code,500,0.4,0.2,10,10,1.0,0,0,0,60.091499999999996,60.2427,60.091499999999996,60.2427,,,1816576.0,1897267.2,,,,
article_code_comparison,article_code,500,0.4,0.4,10,10,1.0,0,0,0,1390.2314999999999,2000.3526000000002,1390.2314999999999,2000.3526000000002,,,101048320.0,144224665.6,,,,
article_code_comparison,article_code,500,0.4,0.6,10,10,1.0,0,0,0,6648.8405,9125.1237,6648.8405,9125.1237,,,494452736.0,662711091.1999999,,,,
article_code_comparison,article_code,500,0.4,0.8,10,10,1.0,0,0,0,60.0155,132.22269999999995,60.0155,132.22269999999995,,,1904640.0,9747660.799999997,,,,
article_code_comparison,article_code,500,0.6,0.2,10,10,1.0,0,0,0,60.21,60.308099999999996,60.21,60.308099999999996,,,1865728.0,1897676.8,,,,
article_code_comparison,article_code,500,0.6,0.4,10,10,1.0,0,0,0,119.7595,230.9376,119.7595,230.9376,,,8503296.0,16135372.799999999,,,,
article_code_comparison,article_code,500,0.6,0.6,10,10,1.0,0,0,0,2024.411,2816.4720999999995,2024.411,2816.4720999999995,,,141615104.0,201574399.99999997,,,,
article_code_comparison,article_code,500,0.6,0.8,10,10,1.0,0,0,0,60.172,60.3917,60.172,60.3917,,,1814528.0,1852211.2,,,,
article_code_comparison,article_code,500,0.8,0.2,10,10,1.0,0,0,0,60.2035,60.391600000000004,60.2035,60.391600000000004,,,1800192.0,1824358.4,,,,
article_code_comparison,article_code,500,0.8,0.4,10,10,1.0,0,0,0,60.1675,60.2156,60.1675,60.2156,,,1810432.0,1872281.6,,,,
article_code_comparison,article_code,500,0.8,0.6,10,10,1.0,0,0,0,110.06649999999999,375.17569999999995,110.06649999999999,375.17569999999995,,,8214528.0,27432140.799999997,,,,
article_code_comparison,article_code,500,0.8,0.8,10,10,1.0,0,0,0,60.176500000000004,60.2212,60.176500000000004,60.2212,,,1814528.0,1875968.0,,,,
article_code_comparison,article_code,500,1.0,0.2,20,10,0.5,0,0,10,54.1785,54.9653,6000028.0645,12000000.0,,,1998848.0,2197094.4,,,,
article_code_comparison,article_code,500,1.0,0.4,20,10,0.5,0,0,10,54.0285,55.192,6000029.0945,12000000.0,,,1998848.0,2179072.0,,,,
article_code_comparison,article_code,500,1.0,0.6,20,10,0.5,0,0,10,54.180499999999995,56.1869,6000029.803,12000000.0,,,2105344.0,2263040.0,,,,
article_code_comparison,article_code,500,1.0,0.8,20,10,0.5,0,0,10,54.34,54.8522,6000027.535,12000000.0,,,1996800.0,2264268.8000000003,,,,
article_code_comparison,article_code,600,0.2,0.2,10,10,1.0,0,0,0,389.834,606.5379,389.834,606.5379,,,27492352.0,39494041.6,,,,
article_code_comparison,article_code,600,0.2,0.4,10,10,1.0,0,0,0,14742.822,18569.5181,14742.822,18569.5181,,,1033400320.0,1316085350.3999999,,,,
article_code_comparison,article_code,600,0.2,0.6,10,10,1.0,0,0,0,33642.99800000001,51010.8672,33642.99800000001,51010.8672,,,2483767296.0,3746994175.9999995,,,,
article_code_comparison,article_code,600,0.2,0.8,10,10,1.0,0,0,0,12186.0585,14799.477599999997,12186.0585,14799.477599999997,,,912070656.0,1166312243.1999998,,,,
article_code_comparison,article_code,600,0.4,0.2,10,10,1.0,0,0,0,60.101,60.212500000000006,60.101,60.212500000000006,,,1839104.0,1874739.2,,,,
article_code_comparison,article_code,600,0.4,0.4,10,10,1.0,0,0,0,2387.094,2870.2598,2387.094,2870.2598,,,172294144.0,207022079.99999997,,,,
article_code_comparison,article_code,600,0.4,0.6,10,10,1.0,0,0,0,11336.252,15005.540099999998,11336.252,15005.540099999998,,,843614208.0,1145449267.1999998,,,,
article_code_comparison,article_code,600,0.4,0.8,10,10,1.0,0,0,0,85.378,304.95939999999996,85.378,304.95939999999996,,,5140480.0,19833241.599999998,,,,
article_code_comparison,article_code,600,0.6,0.2,10,10,1.0,0,0,0,60.087,60.2596,60.087,60.2596,,,1832960.0,1910784.0,,,,
article_code_comparison,article_code,600,0.6,0.4,10,10,1.0,0,0,0,179.853,240.1224,179.853,240.1224,,,12439552.0,17238835.2,,,,
article_code_comparison,article_code,600,0.6,0.6,10,10,1.0,0,0,0,2840.8745,4435.4083,2840.8745,4435.4083,,,202745856.0,314677248.0,,,,
article_code_comparison,article_code,600,0.6,0.8,10,10,1.0,0,0,0,60.118,60.3151,60.118,60.3151,,,1812480.0,1826406.4,,,,
article_code_comparison,article_code,600,0.8,0.2,10,10,1.0,0,0,0,60.072,60.286699999999996,60.072,60.286699999999996,,,1802240.0,1820262.4,,,,
article_code_comparison,article_code,600,0.8,0.4,10,10,1.0,0,0,0,60.113,60.2264,60.113,60.2264,,,1808384.0,1880064.0,,,,
article_code_comparison,article_code,600,0.8,0.6,10,10,1.0,0,0,0,270.025,688.8765,270.025,688.8765,,,17870848.0,45038387.199999996,,,,
article_code_comparison,article_code,600,0.8,0.8,10,10,1.0,0,0,0,60.0715,60.2138,60.0715,60.2138,,,1810432.0,1814528.0,,,,
article_code_comparison,article_code,600,1.0,0.2,20,10,0.5,0,0,10,54.31699999999999,54.5092,6000027.323,12000000.0,,,1988608.0,2168012.8,,,,
article_code_comparison,article_code,600,1.0,0.4,20,10,0.5,0,0,10,53.6495,54.6385,6000027.4205,12000000.0,,,1972224.0,2190131.2,,,,
article_code_comparison,article_code,600,1.0,0.6,20,10,0.5,0,0,10,54.552499999999995,58.1102,6000029.272,12000000.0,,,1998848.0,2190540.8000000003,,,,
article_code_comparison,article_code,600,1.0,0.8,20,10,0.5,0,0,10,54.042,55.4426,6000028.9975,12000000.0,,,1998848.0,2179481.6,,,,
article_code_comparison,article_code,700,0.2,0.2,10,10,1.0,0,0,0,539.6785,864.1139,539.6785,864.1139,,,36605952.0,60091596.8,,,,
article_code_comparison,article_code,700,0.2,0.4,10,10,1.0,0,0,0,29523.3525,32960.973099999996,29523.3525,32960.973099999996,,,2081130496.0,2399519539.2,,,,
article_code_comparison,article_code,700,0.2,0.6,10,10,1.0,0,0,0,74305.839,96488.93519999999,74305.839,96488.93519999999,,,5621628928.0,7085131366.4,,,,
article_code_comparison,article_code,700,0.2,0.8,10,10,1.0,0,0,0,24408.182,29441.339299999996,24408.182,29441.339299999996,,,1907843072.0,2288474931.2,,,,
article_code_comparison,article_code,700,0.4,0.2,10,10,1.0,0,0,0,60.052499999999995,60.224599999999995,60.052499999999995,60.224599999999995,,,1810432.0,1875558.4,,,,
article_code_comparison,article_code,700,0.4,0.4,10,10,1.0,0,0,0,4624.6404999999995,6297.8105000000005,4624.6404999999995,6297.8105000000005,,,338692096.0,456515993.6,,,,
article_code_comparison,article_code,700,0.4,0.6,10,10,1.0,0,0,0,23078.372,34050.4992,23078.372,34050.4992,,,1810204672.0,2649957990.4,,,,
article_code_comparison,article_code,700,0.4,0.8,10,10,1.0,0,0,0,119.867,329.7773999999999,119.867,329.7773999999999,,,8409088.0,21313945.599999994,,,,
article_code_comparison,article_code,700,0.6,0.2,10,10,1.0,0,0,0,60.129000000000005,60.2397,60.129000000000005,60.2397,,,1818624.0,1871872.0,,,,
article_code_comparison,article_code,700,0.6,0.4,10,10,1.0,0,0,0,299.878,420.2224,299.878,420.2224,,,20189184.0,28904243.2,,,,
article_code_comparison,article_code,700,0.6,0.6,10,10,1.0,0,0,0,5831.845499999999,11447.4021,5831.845499999999,11447.4021,,,408008704.0,836096000.0,,,,
article_code_comparison,article_code,700,0.6,0.8,10,10,1.0,0,0,0,60.09,60.2408,60.09,60.2408,,,1824768.0,1876377.6,,,,
article_code_comparison,article_code,700,0.8,0.2,10,10,1.0,0,0,0,60.1165,60.2145,60.1165,60.2145,,,1808384.0,1912012.8,,,,
article_code_comparison,article_code,700,0.8,0.4,10,10,1.0,0,0,0,60.116,60.326699999999995,60.116,60.326699999999995,,,1808384.0,1865318.4,,,,
article_code_comparison,article_code,700,0.8,0.6,10,10,1.0,0,0,0,209.893,1141.9895999999999,209.893,1141.9895999999999,,,14024704.0,77400883.19999999,,,,
article_code_comparison,article_code,700,0.8,0.8,10,10,1.0,0,0,0,60.0015,60.1143,60.0015,60.1143,,,1808384.0,1831321.6,,,,
article_code_comparison,article_code,700,1.0,0.2,20,10,0.5,0,0,10,53.6315,55.139799999999994,6000027.74,12000000.0,,,1988608.0,2215116.8000000003,,,,
article_code_comparison,article_code,700,1.0,0.4,20,10,0.5,0,0,10,54.1695,55.039,6000027.848,12000000.0,,,1964032.0,2179481.6,,,,
article_code_comparison,article_code,700,1.0,0.6,20,10,0.5,0,0,10,53.988,55.314099999999996,6000027.788,12000000.0,,,1968128.0,2187264.0,,,,
article_code_comparison,article_code,700,1.0,0.8,20,10,0.5,0,0,10,54.0345,54.488,6000027.5185,12000000.0,,,2031616.0,2183168.0,,,,
article_code_comparison,article_code,800,0.2,0.2,10,10,1.0,0,0,0,966.9605,1299.1622,966.9605,1299.1622,,,67883008.0,92509388.8,,,,
article_code_comparison,article_code,800,0.2,0.4,10,10,1.0,0,0,0,55024.340500000006,72589.74149999999,55024.340500000006,72589.74149999999,,,4002727936.0,5280978534.4,,,,
article_code_comparison,article_code,800,0.2,0.6,10,10,1.0,0,0,0,122028.7665,161773.70249999998,122028.7665,161773.70249999998,,,9178830848.0,11960880742.4,,,,
article_code_comparison,article_code,800,0.2,0.8,10,10,1.0,0,0,0,42258.7645,53586.1277,42258.7645,53586.1277,,,3368226816.0,4185427558.3999996,,,,
article_code_comparison,article_code,800,0.4,0.2,10,10,1.0,0,0,0,60.054,60.2102,60.054,60.2102,,,1855488.0,1941913.6,,,,
article_code_comparison,article_code,800,0.4,0.4,10,10,1.0,0,0,0,8919.329,10742.073699999999,8919.329,10742.073699999999,,,663033856.0,779433574.4,,,,
article_code_comparison,article_code,800,0.4,0.6,10,10,1.0,0,0,0,41930.7815,51419.494099999996,41930.7815,51419.494099999996,,,3373707264.0,4045084262.3999996,,,,
article_code_comparison,article_code,800,0.4,0.8,10,10,1.0,0,0,0,204.97199999999998,428.09229999999997,204.97199999999998,428.09229999999997,,,13965312.0,29224960.0,,,,
article_code_comparison,article_code,800,0.6,0.2,10,10,1.0,0,0,0,60.027,60.158500000000004,60.027,60.158500000000004,,,1824768.0,1879244.8,,,,
article_code_comparison,article_code,800,0.6,0.4,10,10,1.0,0,0,0,511.793,690.4078,511.793,690.4078,,,36126720.0,47353446.39999999,,,,
article_code_comparison,article_code,800,0.6,0.6,10,10,1.0,0,0,0,13567.863000000001,16427.800199999994,13567.863000000001,16427.800199999994,,,963747840.0,1211254374.3999996,,,,
article_code_comparison,article_code,800,0.6,0.8,10,10,1.0,0,0,0,60.064,60.2132,60.064,60.2132,,,1806336.0,1889894.4,,,,
article_code_comparison,article_code,800,0.8,0.2,10,10,1.0,0,0,0,60.153,60.185399999999994,60.153,60.185399999999994,,,1818624.0,1886208.0,,,,
article_code_comparison,article_code,800,0.8,0.4,10,10,1.0,0,0,0,60.1325,60.1976,60.1325,60.1976,,,1847296.0,1886208.0,,,,
article_code_comparison,article_code,800,0.8,0.6,10,10,1.0,0,0,0,389.78499999999997,1800.6726999999994,389.78499999999997,1800.6726999999994,,,25794560.0,112542105.59999996,,,,
article_code_comparison,article_code,800,0.8,0.8,10,10,1.0,0,0,0,60.106,60.202000000000005,60.106,60.202000000000005,,,1802240.0,1876377.6,,,,
article_code_comparison,article_code,800,1.0,0.2,20,10,0.5,0,0,10,53.707,54.0485,6000027.031,12000000.0,,,2045952.0,2163097.6,,,,
article_code_comparison,article_code,800,1.0,0.4,20,10,0.5,0,0,10,53.900000000000006,56.1102,6000028.767,12000000.0,,,2000896.0,2198732.8000000003,,,,
article_code_comparison,article_code,800,1.0,0.6,20,10,0.5,0,0,10,54.1905,55.1621,6000027.631,12000000.0,,,2033664.0,2224537.6,,,,
article_code_comparison,article_code,800,1.0,0.8,20,10,0.5,0,0,10,54.11,55.217800000000004,6000027.824,12000000.0,,,2033664.0,2183168.0,,,,
article_code_comparison,article_code,900,0.2,0.2,10,10,1.0,0,0,0,1632.42,3516.8583999999996,1632.42,3516.8583999999996,,,117116928.0,247880089.6,,,,
article_code_comparison,article_code,900,0.2,0.4,10,10,1.0,0,0,0,100280.231,108106.5684,100280.231,108106.5684,,,7423594496.0,7934992384.0,,,,
article_code_comparison,article_code,900,0.2,0.6,10,10,1.0,0,0,0,230434.262,261833.30289999998,230434.262,261833.30289999998,,,12559015936.0,12704499712.0,,,,
article_code_comparison,article_code,900,0.2,0.8,10,10,1.0,0,0,0,65639.42749999999,78044.9608,65639.42749999999,78044.9608,,,5295865856.0,6202935296.0,,,,
article_code_comparison,article_code,900,0.4,0.2,10,10,1.0,0,0,0,59.8745,60.1878,59.8745,60.1878,,,1798144.0,1875968.0,,,,
article_code_comparison,article_code,900,0.4,0.4,10,10,1.0,0,0,0,15295.759,23890.5958,15295.759,23890.5958,,,1142110208.0,1779390873.6,,,,
article_code_comparison,article_code,900,0.4,0.6,10,10,1.0,0,0,0,64546.64,75079.93549999999,64546.64,75079.93549999999,,,5129103360.0,5993771417.599999,,,,
article_code_comparison,article_code,900,0.4,0.8,10,10,1.0,0,0,0,121.07249999999999,397.03759999999943,121.07249999999999,397.03759999999943,,,10166272.0,26558463.999999963,,,,
article_code_comparison,article_code,900,0.6,0.2,10,10,1.0,0,0,0,60.108000000000004,60.224000000000004,60.108000000000004,60.224000000000004,,,1802240.0,1816576.0,,,,
article_code_comparison,article_code,900,0.6,0.4,10,10,1.0,0,0,0,997.6115,2012.7785000000001,997.6115,2012.7785000000001,,,67442688.0,141032243.2,,,,
article_code_comparison,article_code,900,0.6,0.6,10,10,1.0,0,0,0,15601.247,22899.867499999997,15601.247,22899.867499999997,,,1098799104.0,1677664255.9999998,,,,
article_code_comparison,article_code,900,0.6,0.8,10,10,1.0,0,0,0,59.9395,60.112,59.9395,60.112,,,1830912.0,1871872.0,,,,
article_code_comparison,article_code,900,0.8,0.2,10,10,1.0,0,0,0,60.0255,60.2198,60.0255,60.2198,,,1810432.0,1876377.6,,,,
article_code_comparison,article_code,900,0.8,0.4,10,10,1.0,0,0,0,60.0495,60.187,60.0495,60.187,,,1812480.0,1860812.8,,,,
article_code_comparison,article_code,900,0.8,0.6,10,10,1.0,0,0,0,479.88250000000005,1384.1409999999994,479.88250000000005,1384.1409999999994,,,28588032.0,93858611.19999996,,,,
article_code_comparison,article_code,900,0.8,0.8,10,10,1.0,0,0,0,59.9635,60.126599999999996,59.9635,60.126599999999996,,,1800192.0,1893990.4,,,,
article_code_comparison,article_code,900,1.0,0.2,20,10,0.5,0,0,10,54.3845,55.3761,6000029.016,12000000.0,,,1959936.0,2199552.0,,,,
article_code_comparison,article_code,900,1.0,0.4,20,10,0.5,0,0,10,53.6035,55.3164,6000027.777,12000000.0,,,1996800.0,2186444.8,,,,
article_code_comparison,article_code,900,1.0,0.6,20,10,0.5,0,0,10,53.540499999999994,54.276799999999994,6000027.5695,12000000.0,,,1996800.0,2186035.2,,,,
article_code_comparison,article_code,900,1.0,0.8,20,10,0.5,0,0,10,53.825,54.986599999999996,6000028.828,12000000.0,,,1982464.0,2256896.0,,,,
article_code_comparison,article_code,1000,0.2,0.2,10,10,1.0,0,0,0,2296.2749999999996,4055.1168999999995,2296.2749999999996,4055.1168999999995,,,160348160.0,281273958.4,,,,
article_code_comparison,article_code,1000,0.2,0.4,10,10,1.0,0,0,0,121693.1145,152580.4969,121693.1145,152580.4969,,,8994543616.0,11265583923.2,,,,
article_code_comparison,article_code,1000,0.2,0.6,10,10,1.0,0,0,0,343620.7595,415189.4402999999,343620.7595,415189.4402999999,,,13079099392.0,13367393075.2,,,,
article_code_comparison,article_code,1000,0.2,0.8,10,10,1.0,0,0,0,101573.077,119290.5111,101573.077,119290.5111,,,8349450240.0,9413399347.2,,,,
article_code_comparison,article_code,1000,0.4,0.2,10,10,1.0,0,0,0,59.909,60.164,59.909,60.164,,,1814528.0,1883340.8,,,,
article_code_comparison,article_code,1000,0.4,0.4,10,10,1.0,0,0,0,19478.2405,23692.9694,19478.2405,23692.9694,,,1484763136.0,1806962688.0,,,,
article_code_comparison,article_code,1000,0.4,0.6,10,10,1.0,0,0,0,101225.2785,108770.17499999999,101225.2785,108770.17499999999,,,8107360256.0,8901056512.0,,,,
article_code_comparison,article_code,1000,0.4,0.8,10,10,1.0,0,0,0,209.84550000000002,659.3264999999999,209.84550000000002,659.3264999999999,,,14624768.0,43769446.39999999,,,,
article_code_comparison,article_code,1000,0.6,0.2,10,10,1.0,0,0,0,60.1045,60.1894,60.1045,60.1894,,,1814528.0,1875968.0,,,,
article_code_comparison,article_code,1000,0.6,0.4,10,10,1.0,0,0,0,967.3934999999999,1372.5141999999996,967.3934999999999,1372.5141999999996,,,69632000.0,97872281.59999998,,,,
article_code_comparison,article_code,1000,0.6,0.6,10,10,1.0,0,0,0,24402.9875,35630.3853,24402.9875,35630.3853,,,1833187328.0,2610114969.6,,,,
article_code_comparison,article_code,1000,0.6,0.8,10,10,1.0,0,0,0,59.982,60.1169,59.982,60.1169,,,1812480.0,1882931.2,,,,
article_code_comparison,article_code,1000,0.8,0.2,10,10,1.0,0,0,0,60.0655,60.2021,60.0655,60.2021,,,1814528.0,1879244.8,,,,
article_code_comparison,article_code,1000,0.8,0.4,10,10,1.0,0,0,0,60.048,60.240399999999994,60.048,60.240399999999994,,,1814528.0,1876377.6,,,,
article_code_comparison,article_code,1000,0.8,0.6,10,10,1.0,0,0,0,845.761,1709.3498,845.761,1709.3498,,,51369984.0,107080089.6,,,,
article_code_comparison,article_code,1000,0.8,0.8,10,10,1.0,0,0,0,59.925,60.164199999999994,59.925,60.164199999999994,,,1796096.0,1881702.4,,,,
article_code_comparison,article_code,1000,1.0,0.2,20,10,0.5,0,0,10,54.028000000000006,55.076899999999995,6000028.9915,12000000.0,,,1970176.0,2191769.6,,,,
article_code_comparison,article_code,1000,1.0,0.4,20,10,0.5,0,0,10,53.828,54.8598,6000028.752,12000000.0,,,1966080.0,2183168.0,,,,
article_code_comparison,article_code,1000,1.0,0.6,20,10,0.5,0,0,10,54.1205,55.5215,6000028.9735,12000000.0,,,2033664.0,2159001.6,,,,
article_code_comparison,article_code,1000,1.0,0.8,20,10,0.5,0,0,10,53.732,54.7117,6000027.5435,12000000.0,,,2004992.0,2256896.0,,,,
article_code_comparison,article_code,1100,0.2,0.2,10,10,1.0,0,0,0,2749.424,4085.8496,2749.424,4085.8496,,,193382400.0,293786419.2,,,,
article_code_comparison,article_code,1100,0.2,0.4,10,10,1.0,0,0,0,189387.85749999998,276293.8815,189387.85749999998,276293.8815,,,12331651072.0,12736401408.0,,,,
article_code_comparison,article_code,1100,0.2,0.6,10,10,1.0,0,0,0,550670.5585,701828.8811,550670.5585,701828.8811,,,13722720256.0,13970862899.2,,,,
article_code_comparison,article_code,1100,0.2,0.8,10,10,1.0,0,0,0,143288.753,192571.7828,143288.753,192571.7828,,,11540625408.0,12392691712.0,,,,
article_code_comparison,article_code,1100,0.4,0.2,10,10,1.0,0,0,0,60.025999999999996,60.1731,60.025999999999996,60.1731,,,1810432.0,1875968.0,,,,
article_code_comparison,article_code,1100,0.4,0.4,10,10,1.0,0,0,0,31972.182999999997,40389.8981,31972.182999999997,40389.8981,,,2398474240.0,3048219033.6,,,,
article_code_comparison,article_code,1100,0.4,0.6,10,10,1.0,0,0,0,149172.5365,208949.77169999998,149172.5365,208949.77169999998,,,11961249792.0,12425022259.2,,,,
article_code_comparison,article_code,1100,0.4,0.8,10,10,1.0,0,0,0,248.5685,460.6246,248.5685,460.6246,,,16515072.0,30260838.4,,,,
article_code_comparison,article_code,1100,0.6,0.2,10,10,1.0,0,0,0,58.459,62.8617,58.459,62.8617,,,1826816.0,1876787.2,,,,
article_code_comparison,article_code,1100,0.6,0.4,10,10,1.0,0,0,0,1437.6125000000002,2470.6780999999996,1437.6125000000002,2470.6780999999996,,,96180224.0,167494041.6,,,,
article_code_comparison,article_code,1100,0.6,0.6,10,10,1.0,0,0,0,44386.449,58240.79269999999,44386.449,58240.79269999999,,,3261433856.0,4311627366.4,,,,
article_code_comparison,article_code,1100,0.6,0.8,10,10,1.0,0,0,0,54.899,60.291599999999995,54.899,60.291599999999995,,,1812480.0,1875558.4,,,,
article_code_comparison,article_code,1100,0.8,0.2,10,10,1.0,0,0,0,54.135000000000005,60.064,54.135000000000005,60.064,,,1802240.0,1872281.6,,,,
article_code_comparison,article_code,1100,0.8,0.4,10,10,1.0,0,0,0,53.7675,62.96,53.7675,62.96,,,1818624.0,1880064.0,,,,
article_code_comparison,article_code,1100,0.8,0.6,10,10,1.0,0,0,0,1289.397,2332.3001,1289.397,2332.3001,,,74590208.0,139206656.0,,,,
article_code_comparison,article_code,1100,0.8,0.8,10,10,1.0,0,0,0,53.5715,59.700599999999994,53.5715,59.700599999999994,,,1814528.0,1876377.6,,,,
article_code_comparison,article_code,1100,1.0,0.2,20,10,0.5,0,0,10,53.781,55.184999999999995,6000027.804,12000000.0,,,2019328.0,2262630.4,,,,
article_code_comparison,article_code,1100,1.0,0.4,20,10,0.5,0,0,10,54.224999999999994,56.0939,6000029.167,12000000.0,,,2000896.0,2249523.2,,,,
article_code_comparison,article_code,1100,1.0,0.6,20,10,0.5,0,0,10,53.7285,54.698299999999996,6000027.4945,12000000.0,,,1996800.0,2186444.8000000003,,,,
article_code_comparison,article_code,1100,1.0,0.8,20,10,0.5,0,0,10,54.1,54.708099999999995,6000027.737,12000000.0,,,1974272.0,2190540.8000000003,,,,
article_code_comparison,article_code,1200,0.2,0.2,10,10,1.0,0,0,0,5435.336499999999,7526.7847,5435.336499999999,7526.7847,,,370247680.0,500696268.8,,,,
article_code_comparison,article_code,1200,0.2,0.4,1,1,1.0,0,0,0,256727.113,256727.113,256727.113,256727.113,,,12617039872.0,12617039872.0,,,,
article_code_comparison,ours_reconstruct,50,0.2,0.2,10,10,1.0,0,0,0,53.9935,55.1844,53.9935,55.1844,,,1777664.0,1806745.6,,,,
article_code_comparison,ours_reconstruct,50,0.2,0.4,10,10,1.0,0,0,0,53.5575,53.9106,53.5575,53.9106,,,1787904.0,1810432.0,,,,
article_code_comparison,ours_reconstruct,50,0.2,0.6,10,10,1.0,0,0,0,53.722,54.0487,53.722,54.0487,,,1783808.0,1803059.2,,,,
article_code_comparison,ours_reconstruct,50,0.2,0.8,10,10,1.0,0,0,0,53.6315,54.1216,53.6315,54.1216,,,1757184.0,1788313.6,,,,
article_code_comparison,ours_reconstruct,50,0.4,0.2,10,10,1.0,0,0,0,53.575,54.256,53.575,54.256,,,1769472.0,1779302.4,,,,
article_code_comparison,ours_reconstruct,50,0.4,0.4,10,10,1.0,0,0,0,53.598,54.1721,53.598,54.1721,,,1779712.0,1801420.8,,,,
article_code_comparison,ours_reconstruct,50,0.4,0.6,10,10,1.0,0,0,0,53.7705,54.2532,53.7705,54.2532,,,1769472.0,1814937.6,,,,
article_code_comparison,ours_reconstruct,50,0.4,0.8,10,10,1.0,0,0,0,53.4465,53.8615,53.4465,53.8615,,,1789952.0,1810432.0,,,,
article_code_comparison,ours_reconstruct,50,0.6,0.2,10,10,1.0,0,0,0,53.4495,54.2428,53.4495,54.2428,,,1736704.0,1776025.6,,,,
article_code_comparison,ours_reconstruct,50,0.6,0.4,10,10,1.0,0,0,0,53.873000000000005,54.1062,53.873000000000005,54.1062,,,1789952.0,1863680.0,,,,
article_code_comparison,ours_reconstruct,50,0.6,0.6,10,10,1.0,0,0,0,53.631,54.1758,53.631,54.1758,,,1748992.0,1806745.6,,,,
article_code_comparison,ours_reconstruct,50,0.6,0.8,10,10,1.0,0,0,0,53.7615,54.3429,53.7615,54.3429,,,1775616.0,1799372.8,,,,
article_code_comparison,ours_reconstruct,50,0.8,0.2,10,10,1.0,0,0,0,53.7785,54.2152,53.7785,54.2152,,,1744896.0,1810432.0,,,,
article_code_comparison,ours_reconstruct,50,0.8,0.4,10,10,1.0,0,0,0,53.941,54.5572,53.941,54.5572,,,1759232.0,1947647.9999999998,,,,
article_code_comparison,ours_reconstruct,50,0.8,0.6,10,10,1.0,0,0,0,53.6805,54.1744,53.6805,54.1744,,,1767424.0,1798144.0,,,,
article_code_comparison,ours_reconstruct,50,0.8,0.8,10,10,1.0,0,0,0,53.765,54.5557,53.765,54.5557,,,1781760.0,1878835.2,,,,
article_code_comparison,ours_reconstruct,50,1.0,0.2,20,20,1.0,0,0,0,53.768,55.162000000000006,53.768,55.162000000000006,,,1808384.0,2163916.8,,,,
article_code_comparison,ours_reconstruct,50,1.0,0.4,20,20,1.0,0,0,0,53.6055,54.2423,53.6055,54.2423,,,1966080.0,2179072.0,,,,
article_code_comparison,ours_reconstruct,50,1.0,0.6,20,20,1.0,0,0,0,53.674499999999995,54.380199999999995,53.674499999999995,54.380199999999995,,,1998848.0,2158592.0,,,,
article_code_comparison,ours_reconstruct,50,1.0,0.8,20,20,1.0,0,0,0,53.3985,54.1796,53.3985,54.1796,,,1998848.0,2150809.6,,,,
article_code_comparison,ours_reconstruct,100,0.2,0.2,10,10,1.0,0,0,0,53.429,54.1371,53.429,54.1371,,,1773568.0,1792000.0,,,,
article_code_comparison,ours_reconstruct,100,0.2,0.4,10,10,1.0,0,0,0,53.6815,54.2628,53.6815,54.2628,,,1769472.0,1795276.8,,,,
article_code_comparison,ours_reconstruct,100,0.2,0.6,10,10,1.0,0,0,0,53.5545,59.07439999999998,53.5545,59.07439999999998,,,1748992.0,2339225.5999999978,,,,
article_code_comparison,ours_reconstruct,100,0.2,0.8,10,10,1.0,0,0,0,53.516999999999996,54.1002,53.516999999999996,54.1002,,,1722368.0,1775206.4,,,,
article_code_comparison,ours_reconstruct,100,0.4,0.2,10,10,1.0,0,0,0,53.577,53.9481,53.577,53.9481,,,1730560.0,1780940.8,,,,
article_code_comparison,ours_reconstruct,100,0.4,0.4,10,10,1.0,0,0,0,53.561,54.2964,53.561,54.2964,,,1732608.0,1776435.2,,,,
article_code_comparison,ours_reconstruct,100,0.4,0.6,10,10,1.0,0,0,0,53.7585,54.3286,53.7585,54.3286,,,1734656.0,1795686.4,,,,
article_code_comparison,ours_reconstruct,100,0.4,0.8,10,10,1.0,0,0,0,53.6025,54.5828,53.6025,54.5828,,,1724416.0,1794457.6,,,,
article_code_comparison,ours_reconstruct,100,0.6,0.2,10,10,1.0,0,0,0,53.712,54.260200000000005,53.712,54.260200000000005,,,1740800.0,1776025.6,,,,
article_code_comparison,ours_reconstruct,100,0.6,0.4,10,10,1.0,0,0,0,53.629000000000005,54.253,53.629000000000005,54.253,,,1748992.0,1800192.0,,,,
article_code_comparison,ours_reconstruct,100,0.6,0.6,10,10,1.0,0,0,0,53.947500000000005,54.2719,53.947500000000005,54.2719,,,1773568.0,1795686.4,,,,
article_code_comparison,ours_reconstruct,100,0.6,0.8,10,10,1.0,0,0,0,53.5155,53.9024,53.5155,53.9024,,,1753088.0,1836646.4,,,,
article_code_comparison,ours_reconstruct,100,0.8,0.2,10,10,1.0,0,0,0,53.7975,54.4022,53.7975,54.4022,,,1794048.0,1848524.7999999998,,,,
article_code_comparison,ours_reconstruct,100,0.8,0.4,10,10,1.0,0,0,0,53.3875,54.1966,53.3875,54.1966,,,1753088.0,1780940.8,,,,
article_code_comparison,ours_reconstruct,100,0.8,0.6,10,10,1.0,0,0,0,53.6435,54.0987,53.6435,54.0987,,,1722368.0,1794457.6,,,,
article_code_comparison,ours_reconstruct,100,0.8,0.8,10,10,1.0,0,0,0,53.4885,54.6495,53.4885,54.6495,,,1798144.0,2156134.4,,,,
article_code_comparison,ours_reconstruct,100,1.0,0.2,20,20,1.0,0,0,0,53.4915,54.6412,53.4915,54.6412,,,2150400.0,2232729.6,,,,
article_code_comparison,ours_reconstruct,100,1.0,0.4,20,20,1.0,0,0,0,53.763000000000005,54.6354,53.763000000000005,54.6354,,,1966080.0,2179072.0,,,,
article_code_comparison,ours_reconstruct,100,1.0,0.6,20,20,1.0,0,0,0,53.525,54.048700000000004,53.525,54.048700000000004,,,1984512.0,2174976.0,,,,
article_code_comparison,ours_reconstruct,100,1.0,0.8,20,20,1.0,0,0,0,53.596500000000006,54.323699999999995,53.596500000000006,54.323699999999995,,,1992704.0,2154496.0,,,,
article_code_comparison,ours_reconstruct,200,0.2,0.2,10,10,1.0,0,0,0,53.364000000000004,54.0831,53.364000000000004,54.0831,,,1746944.0,1810432.0,,,,
article_code_comparison,ours_reconstruct,200,0.2,0.4,10,10,1.0,0,0,0,206.163,312.7152,206.163,312.7152,,,15271936.0,20320256.0,,,,
article_code_comparison,ours_reconstruct,200,0.2,0.6,10,10,1.0,0,0,0,460.0525,576.0613999999999,460.0525,576.0613999999999,,,26148864.0,31557631.999999996,,,,
article_code_comparison,ours_reconstruct,200,0.2,0.8,10,10,1.0,0,0,0,205.50650000000002,256.158,205.50650000000002,256.158,,,13180928.0,13984972.799999999,,,,
article_code_comparison,ours_reconstruct,200,0.4,0.2,10,10,1.0,0,0,0,54.212999999999994,54.4617,54.212999999999994,54.4617,,,1789952.0,1841151.9999999998,,,,
article_code_comparison,ours_reconstruct,200,0.4,0.4,10,10,1.0,0,0,0,53.7615,104.9019,53.7615,104.9019,,,1830912.0,7990476.8,,,,
article_code_comparison,ours_reconstruct,200,0.4,0.6,10,10,1.0,0,0,0,207.678,313.3504,207.678,313.3504,,,13037568.0,17054105.599999998,,,,
article_code_comparison,ours_reconstruct,200,0.4,0.8,10,10,1.0,0,0,0,53.54600000000001,54.3789,53.54600000000001,54.3789,,,1769472.0,1830092.7999999998,,,,
article_code_comparison,ours_reconstruct,200,0.6,0.2,10,10,1.0,0,0,0,53.7825,54.508599999999994,53.7825,54.508599999999994,,,1771520.0,1933721.5999999999,,,,
article_code_comparison,ours_reconstruct,200,0.6,0.4,10,10,1.0,0,0,0,54.0135,54.7904,54.0135,54.7904,,,1781760.0,1923891.1999999997,,,,
article_code_comparison,ours_reconstruct,200,0.6,0.6,10,10,1.0,0,0,0,104.309,160.41519999999997,104.309,160.41519999999997,,,7819264.0,10642636.799999999,,,,
article_code_comparison,ours_reconstruct,200,0.6,0.8,10,10,1.0,0,0,0,53.5345,54.6704,53.5345,54.6704,,,1796096.0,2171289.6,,,,
article_code_comparison,ours_reconstruct,200,0.8,0.2,10,10,1.0,0,0,0,53.713499999999996,54.6062,53.713499999999996,54.6062,,,1773568.0,2147532.8,,,,
article_code_comparison,ours_reconstruct,200,0.8,0.4,10,10,1.0,0,0,0,53.644,54.1759,53.644,54.1759,,,1742848.0,1776025.6,,,,
article_code_comparison,ours_reconstruct,200,0.8,0.6,10,10,1.0,0,0,0,53.899,104.60109999999999,53.899,104.60109999999999,,,1787904.0,7738982.4,,,,
article_code_comparison,ours_reconstruct,200,0.8,0.8,10,10,1.0,0,0,0,53.629000000000005,54.0558,53.629000000000005,54.0558,,,1781760.0,1798963.2,,,,
article_code_comparison,ours_reconstruct,200,1.0,0.2,20,20,1.0,0,0,0,53.647,54.7824,53.647,54.7824,,,2015232.0,2181529.6,,,,
article_code_comparison,ours_reconstruct,200,1.0,0.4,20,20,1.0,0,0,0,53.6365,54.2868,53.6365,54.2868,,,2043904.0,2179891.2,,,,
article_code_comparison,ours_reconstruct,200,1.0,0.6,20,20,1.0,0,0,0,53.941,55.0093,53.941,55.0093,,,2150400.0,2190131.2,,,,
article_code_comparison,ours_reconstruct,200,1.0,0.8,20,20,1.0,0,0,0,53.605000000000004,54.7086,53.605000000000004,54.7086,,,1966080.0,2207334.4,,,,
article_code_comparison,ours_reconstruct,300,0.2,0.2,10,10,1.0,0,0,0,53.974000000000004,54.1431,53.974000000000004,54.1431,,,1738752.0,1782579.2,,,,
article_code_comparison,ours_reconstruct,300,0.2,0.4,10,10,1.0,0,0,0,914.0515,1390.5466,914.0515,1390.5466,,,49727488.0,63583846.4,,,,
article_code_comparison,ours_reconstruct,300,0.2,0.6,10,10,1.0,0,0,0,1931.059,2485.8473999999997,1931.059,2485.8473999999997,,,83019776.0,101417779.19999999,,,,
article_code_comparison,ours_reconstruct,300,0.2,0.8,10,10,1.0,0,0,0,636.66,1116.0396999999996,636.66,1116.0396999999996,,,31066112.0,49026662.39999998,,,,
article_code_comparison,ours_reconstruct,300,0.4,0.2,10,10,1.0,0,0,0,53.355000000000004,53.7902,53.355000000000004,53.7902,,,1765376.0,1795686.4,,,,
article_code_comparison,ours_reconstruct,300,0.4,0.4,10,10,1.0,0,0,0,256.769,363.9632,256.769,363.9632,,,16887808.0,24638668.8,,,,
article_code_comparison,ours_reconstruct,300,0.4,0.6,10,10,1.0,0,0,0,814.611,1491.2187,814.611,1491.2187,,,35631104.0,56951603.199999996,,,,
article_code_comparison,ours_reconstruct,300,0.4,0.8,10,10,1.0,0,0,0,54.117000000000004,165.21039999999994,54.117000000000004,165.21039999999994,,,1775616.0,11972198.399999999,,,,
article_code_comparison,ours_reconstruct,300,0.6,0.2,10,10,1.0,0,0,0,54.0505,54.2332,54.0505,54.2332,,,1738752.0,1779302.4,,,,
article_code_comparison,ours_reconstruct,300,0.6,0.4,10,10,1.0,0,0,0,53.786,54.0515,53.786,54.0515,,,1769472.0,1798963.2,,,,
article_code_comparison,ours_reconstruct,300,0.6,0.6,10,10,1.0,0,0,0,283.49,815.5518,283.49,815.5518,,,17315840.0,32951500.799999997,,,,
article_code_comparison,ours_reconstruct,300,0.6,0.8,10,10,1.0,0,0,0,53.67,54.2175,53.67,54.2175,,,1763328.0,1795276.8,,,,
article_code_comparison,ours_reconstruct,300,0.8,0.2,10,10,1.0,0,0,0,53.8505,54.5355,53.8505,54.5355,,,1798144.0,1904640.0,,,,
article_code_comparison,ours_reconstruct,300,0.8,0.4,10,10,1.0,0,0,0,53.857,54.1338,53.857,54.1338,,,1775616.0,1810432.0,,,,
article_code_comparison,ours_reconstruct,300,0.8,0.6,10,10,1.0,0,0,0,54.013999999999996,175.53949999999995,54.013999999999996,175.53949999999995,,,1787904.0,12873318.399999997,,,,
article_code_comparison,ours_reconstruct,300,0.8,0.8,10,10,1.0,0,0,0,53.741,54.2684,53.741,54.2684,,,1763328.0,1859993.5999999999,,,,
article_code_comparison,ours_reconstruct,300,1.0,0.2,20,20,1.0,0,0,0,53.491,54.372,53.491,54.372,,,1984512.0,2179072.0,,,,
article_code_comparison,ours_reconstruct,300,1.0,0.4,20,20,1.0,0,0,0,53.4795,54.0779,53.4795,54.0779,,,1988608.0,2160640.0,,,,
article_code_comparison,ours_reconstruct,300,1.0,0.6,20,20,1.0,0,0,0,53.614,54.6924,53.614,54.6924,,,2002944.0,2215936.0,,,,
article_code_comparison,ours_reconstruct,300,1.0,0.8,20,20,1.0,0,0,0,54.0565,54.849900000000005,54.0565,54.849900000000005,,,2068480.0,2183168.0,,,,
article_code_comparison,ours_reconstruct,400,0.2,0.2,10,10,1.0,0,0,0,103.98400000000001,110.75179999999999,103.98400000000001,110.75179999999999,,,12384256.0,13013811.2,,,,
article_code_comparison,ours_reconstruct,400,0.2,0.4,10,10,1.0,0,0,0,2512.424,4010.1844,2512.424,4010.1844,,,118171648.0,173626572.8,,,,
article_code_comparison,ours_reconstruct,400,0.2,0.6,10,10,1.0,0,0,0,6104.3455,6989.4802,6104.3455,6989.4802,,,222951424.0,281248563.2,,,,
article_code_comparison,ours_reconstruct,400,0.2,0.8,10,10,1.0,0,0,0,2565.8435,3377.6089,2565.8435,3377.6089,,,97433600.0,119411507.2,,,,
article_code_comparison,ours_reconstruct,400,0.4,0.2,10,10,1.0,0,0,0,58.4745,63.563199999999995,58.4745,63.563199999999995,,,1959936.0,2357657.6,,,,
article_code_comparison,ours_reconstruct,400,0.4,0.4,10,10,1.0,0,0,0,422.804,938.5738999999999,422.804,938.5738999999999,,,28076032.0,49897062.39999999,,,,
article_code_comparison,ours_reconstruct,400,0.4,0.6,10,10,1.0,0,0,0,2848.2905,3574.9937999999997,2848.2905,3574.9937999999997,,,102346752.0,128649625.6,,,,
article_code_comparison,ours_reconstruct,400,0.4,0.8,10,10,1.0,0,0,0,62.816,129.28859999999997,62.816,129.28859999999997,,,2265088.0,12136038.399999999,,,,
article_code_comparison,ours_reconstruct,400,0.6,0.2,10,10,1.0,0,0,0,63.074,63.2685,63.074,63.2685,,,2170880.0,2392064.0,,,,
article_code_comparison,ours_reconstruct,400,0.6,0.4,10,10,1.0,0,0,0,63.043,129.18339999999998,63.043,129.18339999999998,,,2369536.0,12426854.399999999,,,,
article_code_comparison,ours_reconstruct,400,0.6,0.6,10,10,1.0,0,0,0,1232.71,1763.6299999999999,1232.71,1763.6299999999999,,,52455424.0,67425484.8,,,,
article_code_comparison,ours_reconstruct,400,0.6,0.8,10,10,1.0,0,0,0,62.988,63.2876,62.988,63.2876,,,2185216.0,2356838.4,,,,
article_code_comparison,ours_reconstruct,400,0.8,0.2,10,10,1.0,0,0,0,63.0185,63.221,63.0185,63.221,,,1947648.0,2351513.6,,,,
article_code_comparison,ours_reconstruct,400,0.8,0.4,10,10,1.0,0,0,0,62.8785,63.201499999999996,62.8785,63.201499999999996,,,2185216.0,2358886.4,,,,
article_code_comparison,ours_reconstruct,400,0.8,0.6,10,10,1.0,0,0,0,152.581,242.7649,152.581,242.7649,,,13649920.0,18609766.4,,,,
article_code_comparison,ours_reconstruct,400,0.8,0.8,10,10,1.0,0,0,0,63.072500000000005,63.2055,63.072500000000005,63.2055,,,2297856.0,2366668.8,,,,
article_code_comparison,ours_reconstruct,400,1.0,0.2,20,20,1.0,0,0,0,54.3805,63.107800000000005,54.3805,63.107800000000005,,,2150400.0,2238873.6,,,,
article_code_comparison,ours_reconstruct,400,1.0,0.4,20,20,1.0,0,0,0,53.5165,63.1734,53.5165,63.1734,,,2138112.0,2181120.0,,,,
article_code_comparison,ours_reconstruct,400,1.0,0.6,20,20,1.0,0,0,0,53.833,63.2898,53.833,63.2898,,,2152448.0,2240102.4,,,,
article_code_comparison,ours_reconstruct,400,1.0,0.8,20,20,1.0,0,0,0,54.1105,63.237100000000005,54.1105,63.237100000000005,,,2158592.0,2214297.6,,,,
article_code_comparison,ours_reconstruct,500,0.2,0.2,10,10,1.0,0,0,0,202.267,362.3449,202.267,362.3449,,,21641216.0,31175065.6,,,,
article_code_comparison,ours_reconstruct,500,0.2,0.4,10,10,1.0,0,0,0,6838.2485,7680.4038,6838.2485,7680.4038,,,288872448.0,356518297.59999996,,,,
article_code_comparison,ours_reconstruct,500,0.2,0.6,10,10,1.0,0,0,0,15289.044000000002,15858.274,15289.044000000002,15858.274,,,493987840.0,560762880.0,,,,
article_code_comparison,ours_reconstruct,500,0.2,0.8,10,10,1.0,0,0,0,5481.2955,6762.6464,5481.2955,6762.6464,,,185921536.0,208096051.2,,,,
article_code_comparison,ours_reconstruct,500,0.4,0.2,10,10,1.0,0,0,0,63.15,63.249700000000004,63.15,63.249700000000004,,,2328576.0,2392064.0,,,,
article_code_comparison,ours_reconstruct,500,0.4,0.4,10,10,1.0,0,0,0,1555.475,2166.637,1555.475,2166.637,,,75988992.0,95207424.0,,,,
article_code_comparison,ours_reconstruct,500,0.4,0.6,10,10,1.0,0,0,0,6353.9884999999995,8293.319500000001,6353.9884999999995,8293.319500000001,,,205361152.0,245718630.4,,,,
article_code_comparison,ours_reconstruct,500,0.4,0.8,10,10,1.0,0,0,0,91.436,146.9750999999999,91.436,146.9750999999999,,,8454144.0,16273407.999999996,,,,
article_code_comparison,ours_reconstruct,500,0.6,0.2,10,10,1.0,0,0,0,62.9855,63.1725,62.9855,63.1725,,,2177024.0,2358886.4,,,,
article_code_comparison,ours_reconstruct,500,0.6,0.4,10,10,1.0,0,0,0,182.5965,302.7136,182.5965,302.7136,,,18319360.0,23777689.6,,,,
article_code_comparison,ours_reconstruct,500,0.6,0.6,10,10,1.0,0,0,0,2753.7225,3484.6678999999995,2753.7225,3484.6678999999995,,,95768576.0,112330342.39999999,,,,
article_code_comparison,ours_reconstruct,500,0.6,0.8,10,10,1.0,0,0,0,62.9715,63.4064,62.9715,63.4064,,,2150400.0,2353152.0,,,,
article_code_comparison,ours_reconstruct,500,0.8,0.2,10,10,1.0,0,0,0,63.064499999999995,63.2472,63.064499999999995,63.2472,,,2185216.0,2358476.8,,,,
article_code_comparison,ours_reconstruct,500,0.8,0.4,10,10,1.0,0,0,0,63.197,63.286,63.197,63.286,,,2166784.0,2355200.0,,,,
article_code_comparison,ours_reconstruct,500,0.8,0.6,10,10,1.0,0,0,0,152.15,520.5126999999998,152.15,520.5126999999998,,,15679488.0,32495615.999999996,,,,
article_code_comparison,ours_reconstruct,500,0.8,0.8,10,10,1.0,0,0,0,63.08,63.3256,63.08,63.3256,,,2150400.0,2344550.4,,,,
article_code_comparison,ours_reconstruct,500,1.0,0.2,20,20,1.0,0,0,0,53.9875,63.3041,53.9875,63.3041,,,2154496.0,2331033.6,,,,
article_code_comparison,ours_reconstruct,500,1.0,0.4,20,20,1.0,0,0,0,55.105000000000004,63.0979,55.105000000000004,63.0979,,,2158592.0,2369126.4,,,,
article_code_comparison,ours_reconstruct,500,1.0,0.6,20,20,1.0,0,0,0,54.733000000000004,63.0399,54.733000000000004,63.0399,,,2152448.0,2217984.0,,,,
article_code_comparison,ours_reconstruct,500,1.0,0.8,20,20,1.0,0,0,0,53.528499999999994,63.241,53.528499999999994,63.241,,,2154496.0,2322022.4,,,,
article_code_comparison,ours_reconstruct,600,0.2,0.2,10,10,1.0,0,0,0,447.2595,606.006,447.2595,606.006,,,43474944.0,49886003.199999996,,,,
article_code_comparison,ours_reconstruct,600,0.2,0.4,10,10,1.0,0,0,0,11462.3205,13611.1738,11462.3205,13611.1738,,,477902848.0,568472371.1999999,,,,
article_code_comparison,ours_reconstruct,600,0.2,0.6,10,10,1.0,0,0,0,25223.7725,34518.8616,25223.7725,34518.8616,,,819769344.0,1132022169.6,,,,
article_code_comparison,ours_reconstruct,600,0.2,0.8,10,10,1.0,0,0,0,11151.700499999999,13290.7509,11151.700499999999,13290.7509,,,338958336.0,447980748.8,,,,
article_code_comparison,ours_reconstruct,600,0.4,0.2,10,10,1.0,0,0,0,62.899,63.009100000000004,62.899,63.009100000000004,,,2209792.0,2333081.6,,,,
article_code_comparison,ours_reconstruct,600,0.4,0.4,10,10,1.0,0,0,0,2455.572,3145.8315,2455.572,3145.8315,,,114769920.0,136228454.39999998,,,,
article_code_comparison,ours_reconstruct,600,0.4,0.6,10,10,1.0,0,0,0,10976.4915,14448.0001,10976.4915,14448.0001,,,313096192.0,461283737.6,,,,
article_code_comparison,ours_reconstruct,600,0.4,0.8,10,10,1.0,0,0,0,147.761,374.33879999999994,147.761,374.33879999999994,,,14886912.0,29571481.599999998,,,,
article_code_comparison,ours_reconstruct,600,0.6,0.2,10,10,1.0,0,0,0,63.173500000000004,63.2999,63.173500000000004,63.2999,,,2232320.0,2392064.0,,,,
article_code_comparison,ours_reconstruct,600,0.6,0.4,10,10,1.0,0,0,0,242.70100000000002,367.537,242.70100000000002,367.537,,,25534464.0,29829120.0,,,,
article_code_comparison,ours_reconstruct,600,0.6,0.6,10,10,1.0,0,0,0,4346.4165,5802.161700000001,4346.4165,5802.161700000001,,,141393920.0,184418713.6,,,,
article_code_comparison,ours_reconstruct,600,0.6,0.8,10,10,1.0,0,0,0,62.8485,63.1793,62.8485,63.1793,,,2258944.0,2355200.0,,,,
article_code_comparison,ours_reconstruct,600,0.8,0.2,10,10,1.0,0,0,0,62.994,63.186,62.994,63.186,,,2125824.0,2351104.0,,,,
article_code_comparison,ours_reconstruct,600,0.8,0.4,10,10,1.0,0,0,0,62.93,63.11709999999999,62.93,63.11709999999999,,,2269184.0,2335948.8,,,,
article_code_comparison,ours_reconstruct,600,0.8,0.6,10,10,1.0,0,0,0,387.556,1080.6267999999998,387.556,1080.6267999999998,,,30709760.0,51588300.79999999,,,,
article_code_comparison,ours_reconstruct,600,0.8,0.8,10,10,1.0,0,0,0,62.840999999999994,63.1298,62.840999999999994,63.1298,,,2275328.0,2510028.8,,,,
article_code_comparison,ours_reconstruct,600,1.0,0.2,20,20,1.0,0,0,0,58.641000000000005,63.2761,58.641000000000005,63.2761,,,2156544.0,2340454.4,,,,
article_code_comparison,ours_reconstruct,600,1.0,0.4,20,20,1.0,0,0,0,58.777,63.332,58.777,63.332,,,2170880.0,2317107.2,,,,
article_code_comparison,ours_reconstruct,600,1.0,0.6,20,20,1.0,0,0,0,58.8565,63.221999999999994,58.8565,63.221999999999994,,,2162688.0,2320793.6,,,,
article_code_comparison,ours_reconstruct,600,1.0,0.8,20,20,1.0,0,0,0,58.3065,62.9816,58.3065,62.9816,,,2164736.0,2392473.6,,,,
article_code_comparison,ours_reconstruct,700,0.2,0.2,10,10,1.0,0,0,0,658.6495,932.3839999999998,658.6495,932.3839999999998,,,58433536.0,71593164.8,,,,
article_code_comparison,ours_reconstruct,700,0.2,0.4,10,10,1.0,0,0,0,20936.608500000002,24522.458999999995,20936.608500000002,24522.458999999995,,,828231680.0,952749260.7999998,,,,
article_code_comparison,ours_reconstruct,700,0.2,0.6,10,10,1.0,0,0,0,48203.893500000006,60010.7008,48203.893500000006,60010.7008,,,1352869888.0,1833943449.6,,,,
article_code_comparison,ours_reconstruct,700,0.2,0.8,10,10,1.0,0,0,0,21776.705,23916.286899999996,21776.705,23916.286899999996,,,595611648.0,715401625.6,,,,
article_code_comparison,ours_reconstruct,700,0.4,0.2,10,10,1.0,0,0,0,62.894000000000005,63.115700000000004,62.894000000000005,63.115700000000004,,,2197504.0,2392883.2,,,,
article_code_comparison,ours_reconstruct,700,0.4,0.4,10,10,1.0,0,0,0,4351.889,6037.628299999999,4351.889,6037.628299999999,,,186720256.0,224708198.39999998,,,,
article_code_comparison,ours_reconstruct,700,0.4,0.6,10,10,1.0,0,0,0,19530.7675,28756.9011,19530.7675,28756.9011,,,532471808.0,758194585.6,,,,
article_code_comparison,ours_reconstruct,700,0.4,0.8,10,10,1.0,0,0,0,212.317,536.4197999999998,212.317,536.4197999999998,,,26038272.0,37689753.599999994,,,,
article_code_comparison,ours_reconstruct,700,0.6,0.2,10,10,1.0,0,0,0,62.829499999999996,63.050200000000004,62.829499999999996,63.050200000000004,,,2195456.0,2358886.4,,,,
article_code_comparison,ours_reconstruct,700,0.6,0.4,10,10,1.0,0,0,0,422.5265,602.4146,422.5265,602.4146,,,38389760.0,44533760.0,,,,
article_code_comparison,ours_reconstruct,700,0.6,0.6,10,10,1.0,0,0,0,7646.751,12940.9774,7646.751,12940.9774,,,231229440.0,361270476.8,,,,
article_code_comparison,ours_reconstruct,700,0.6,0.8,10,10,1.0,0,0,0,62.658,63.0574,62.658,63.0574,,,2179072.0,2315878.4,,,,
article_code_comparison,ours_reconstruct,700,0.8,0.2,10,10,1.0,0,0,0,63.062,63.222300000000004,63.062,63.222300000000004,,,2162688.0,2359296.0,,,,
article_code_comparison,ours_reconstruct,700,0.8,0.4,10,10,1.0,0,0,0,62.9,63.0949,62.9,63.0949,,,2334720.0,2392064.0,,,,
article_code_comparison,ours_reconstruct,700,0.8,0.6,10,10,1.0,0,0,0,322.649,1784.2049999999997,322.649,1784.2049999999997,,,33265664.0,72407859.19999999,,,,
article_code_comparison,ours_reconstruct,700,0.8,0.8,10,10,1.0,0,0,0,62.6505,63.0234,62.6505,63.0234,,,2134016.0,2318336.0,,,,
article_code_comparison,ours_reconstruct,700,1.0,0.2,20,20,1.0,0,0,0,59.287499999999994,63.1322,59.287499999999994,63.1322,,,2156544.0,2355200.0,,,,
article_code_comparison,ours_reconstruct,700,1.0,0.4,20,20,1.0,0,0,0,58.5605,63.248999999999995,58.5605,63.248999999999995,,,2154496.0,2359296.0,,,,
article_code_comparison,ours_reconstruct,700,1.0,0.6,20,20,1.0,0,0,0,59.402,63.0447,59.402,63.0447,,,2152448.0,2340044.8,,,,
article_code_comparison,ours_reconstruct,700,1.0,0.8,20,20,1.0,0,0,0,59.203,63.0826,59.203,63.0826,,,2150400.0,2286387.2,,,,
article_code_comparison,ours_reconstruct,800,0.2,0.2,10,10,1.0,0,0,0,1048.362,1551.0314999999998,1048.362,1551.0314999999998,,,88743936.0,111108915.2,,,,
article_code_comparison,ours_reconstruct,800,0.2,0.4,10,10,1.0,0,0,0,36300.089,43212.0655,36300.089,43212.0655,,,1368834048.0,1587789414.3999999,,,,
article_code_comparison,ours_reconstruct,800,0.2,0.6,10,10,1.0,0,0,0,81206.2825,96288.15959999998,81206.2825,96288.15959999998,,,2403137536.0,3201077657.6,,,,
article_code_comparison,ours_reconstruct,800,0.2,0.8,10,10,1.0,0,0,0,36983.979999999996,42054.545999999995,36983.979999999996,42054.545999999995,,,885596160.0,1128950988.8,,,,
article_code_comparison,ours_reconstruct,800,0.4,0.2,10,10,1.0,0,0,0,62.42100000000001,62.956,62.42100000000001,62.956,,,2142208.0,2393702.4,,,,
article_code_comparison,ours_reconstruct,800,0.4,0.4,10,10,1.0,0,0,0,7943.8555,9279.538599999998,7943.8555,9279.538599999998,,,308142080.0,393913548.8,,,,
article_code_comparison,ours_reconstruct,800,0.4,0.6,10,10,1.0,0,0,0,37618.5745,42528.143099999994,37618.5745,42528.143099999994,,,931678208.0,1162069606.3999999,,,,
article_code_comparison,ours_reconstruct,800,0.4,0.8,10,10,1.0,0,0,0,327.4905,788.4475,327.4905,788.4475,,,36040704.0,55035904.0,,,,
article_code_comparison,ours_reconstruct,800,0.6,0.2,10,10,1.0,0,0,0,62.765,62.9746,62.765,62.9746,,,2250752.0,2358886.4,,,,
article_code_comparison,ours_reconstruct,800,0.6,0.4,10,10,1.0,0,0,0,742.4580000000001,1165.0427,742.4580000000001,1165.0427,,,57884672.0,73828761.6,,,,
article_code_comparison,ours_reconstruct,800,0.6,0.6,10,10,1.0,0,0,0,15596.234499999999,20636.883899999997,15596.234499999999,20636.883899999997,,,434653184.0,516167270.39999986,,,,
article_code_comparison,ours_reconstruct,800,0.6,0.8,10,10,1.0,0,0,0,62.5465,62.6834,62.5465,62.6834,,,1976320.0,2336768.0,,,,
article_code_comparison,ours_reconstruct,800,0.8,0.2,10,10,1.0,0,0,0,62.6685,62.8494,62.6685,62.8494,,,2215936.0,2362572.8,,,,
article_code_comparison,ours_reconstruct,800,0.8,0.4,10,10,1.0,0,0,0,62.78,62.977,62.78,62.977,,,2324480.0,2384691.2,,,,
article_code_comparison,ours_reconstruct,800,0.8,0.6,10,10,1.0,0,0,0,630.3545,2774.448799999999,630.3545,2774.448799999999,,,45121536.0,105729228.79999998,,,,
article_code_comparison,ours_reconstruct,800,0.8,0.8,10,10,1.0,0,0,0,62.5475,62.8301,62.5475,62.8301,,,2097152.0,2356428.8,,,,
article_code_comparison,ours_reconstruct,800,1.0,0.2,20,20,1.0,0,0,0,58.896,62.9914,58.896,62.9914,,,2164736.0,2339225.6,,,,
article_code_comparison,ours_reconstruct,800,1.0,0.4,20,20,1.0,0,0,0,58.7065,62.967800000000004,58.7065,62.967800000000004,,,2154496.0,2351513.6,,,,
article_code_comparison,ours_reconstruct,800,1.0,0.6,20,20,1.0,0,0,0,59.812,62.7642,59.812,62.7642,,,2172928.0,2326937.6,,,,
article_code_comparison,ours_reconstruct,800,1.0,0.8,20,20,1.0,0,0,0,58.6185,62.7971,58.6185,62.7971,,,2156544.0,2332262.4,,,,
article_code_comparison,ours_reconstruct,900,0.2,0.2,10,10,1.0,0,0,0,1768.3285,3443.7686,1768.3285,3443.7686,,,135575552.0,215524147.2,,,,
article_code_comparison,ours_reconstruct,900,0.2,0.4,10,10,1.0,0,0,0,65009.478500000005,70283.9134,65009.478500000005,70283.9134,,,2376001536.0,2536348467.2,,,,
article_code_comparison,ours_reconstruct,900,0.2,0.6,10,10,1.0,0,0,0,128430.6415,151117.0316,128430.6415,151117.0316,,,3709417472.0,3855117926.4,,,,
article_code_comparison,ours_reconstruct,900,0.2,0.8,10,10,1.0,0,0,0,54599.53049999999,61376.5393,54599.53049999999,61376.5393,,,1475954688.0,1612758220.8,,,,
article_code_comparison,ours_reconstruct,900,0.4,0.2,10,10,1.0,0,0,0,62.3485,62.790600000000005,62.3485,62.790600000000005,,,2048000.0,2233548.8,,,,
article_code_comparison,ours_reconstruct,900,0.4,0.4,10,10,1.0,0,0,0,12868.055499999999,19892.1436,12868.055499999999,19892.1436,,,460906496.0,688019046.4,,,,
article_code_comparison,ours_reconstruct,900,0.4,0.6,10,10,1.0,0,0,0,52948.732,66708.6232,52948.732,66708.6232,,,1475993600.0,1668993024.0,,,,
article_code_comparison,ours_reconstruct,900,0.4,0.8,10,10,1.0,0,0,0,242.1775,588.691699999999,242.1775,588.691699999999,,,36941824.0,49048780.79999997,,,,
article_code_comparison,ours_reconstruct,900,0.6,0.2,10,10,1.0,0,0,0,62.834500000000006,62.931799999999996,62.834500000000006,62.931799999999996,,,2283520.0,2351513.6,,,,
article_code_comparison,ours_reconstruct,900,0.6,0.4,10,10,1.0,0,0,0,1435.5665,2670.5516,1435.5665,2670.5516,,,91236352.0,142678835.2,,,,
article_code_comparison,ours_reconstruct,900,0.6,0.6,10,10,1.0,0,0,0,18568.648,29311.0163,18568.648,29311.0163,,,548487168.0,703796838.4,,,,
article_code_comparison,ours_reconstruct,900,0.6,0.8,10,10,1.0,0,0,0,62.5925,63.0147,62.5925,63.0147,,,2195456.0,2331852.8,,,,
article_code_comparison,ours_reconstruct,900,0.8,0.2,10,10,1.0,0,0,0,62.7675,63.0104,62.7675,63.0104,,,2187264.0,2352332.8,,,,
article_code_comparison,ours_reconstruct,900,0.8,0.4,10,10,1.0,0,0,0,62.83,62.967,62.83,62.967,,,2252800.0,2362572.8,,,,
article_code_comparison,ours_reconstruct,900,0.8,0.6,10,10,1.0,0,0,0,631.9905,2292.532299999999,631.9905,2292.532299999999,,,55840768.0,101486591.99999999,,,,
article_code_comparison,ours_reconstruct,900,0.8,0.8,10,10,1.0,0,0,0,62.586,62.8352,62.586,62.8352,,,2142208.0,2255257.6,,,,
article_code_comparison,ours_reconstruct,900,1.0,0.2,20,20,1.0,0,0,0,58.5805,62.665699999999994,58.5805,62.665699999999994,,,2119680.0,2224128.0,,,,
article_code_comparison,ours_reconstruct,900,1.0,0.4,20,20,1.0,0,0,0,58.1075,62.805,58.1075,62.805,,,2154496.0,2314240.0,,,,
article_code_comparison,ours_reconstruct,900,1.0,0.6,20,20,1.0,0,0,0,58.704499999999996,62.7099,58.704499999999996,62.7099,,,2150400.0,2344140.8,,,,
article_code_comparison,ours_reconstruct,900,1.0,0.8,20,20,1.0,0,0,0,57.8675,62.712500000000006,57.8675,62.712500000000006,,,2152448.0,2333081.6,,,,
article_code_comparison,ours_reconstruct,1000,0.2,0.2,10,10,1.0,0,0,0,2243.4355,3493.2251999999994,2243.4355,3493.2251999999994,,,168292352.0,240385228.79999998,,,,
article_code_comparison,ours_reconstruct,1000,0.2,0.4,10,10,1.0,0,0,0,78659.0685,91239.181,78659.0685,91239.181,,,2677909504.0,3714065612.8,,,,
article_code_comparison,ours_reconstruct,1000,0.2,0.6,10,10,1.0,0,0,0,177630.9855,208650.4831,177630.9855,208650.4831,,,5501290496.0,5761959116.8,,,,
article_code_comparison,ours_reconstruct,1000,0.2,0.8,10,10,1.0,0,0,0,79858.6735,84840.4886,79858.6735,84840.4886,,,2195826688.0,2509975961.6,,,,
article_code_comparison,ours_reconstruct,1000,0.4,0.2,10,10,1.0,0,0,0,62.346000000000004,62.6401,62.346000000000004,62.6401,,,1964032.0,2030387.2,,,,
article_code_comparison,ours_reconstruct,1000,0.4,0.4,10,10,1.0,0,0,0,16621.8105,19601.3118,16621.8105,19601.3118,,,607252480.0,708886937.5999999,,,,
article_code_comparison,ours_reconstruct,1000,0.4,0.6,10,10,1.0,0,0,0,78328.0655,89897.7698,78328.0655,89897.7698,,,1865928704.0,2442039296.0,,,,
article_code_comparison,ours_reconstruct,1000,0.4,0.8,10,10,1.0,0,0,0,357.85699999999997,1255.3236999999997,357.85699999999997,1255.3236999999997,,,48979968.0,83918028.8,,,,
article_code_comparison,ours_reconstruct,1000,0.6,0.2,10,10,1.0,0,0,0,62.667500000000004,62.7934,62.667500000000004,62.7934,,,2058240.0,2220851.2,,,,
article_code_comparison,ours_reconstruct,1000,0.6,0.4,10,10,1.0,0,0,0,1292.328,2034.7516999999993,1292.328,2034.7516999999993,,,95936512.0,114740838.39999999,,,,
article_code_comparison,ours_reconstruct,1000,0.6,0.6,10,10,1.0,0,0,0,28643.7465,38864.2285,28643.7465,38864.2285,,,752136192.0,1063931904.0,,,,
article_code_comparison,ours_reconstruct,1000,0.6,0.8,10,10,1.0,0,0,0,62.2525,62.3218,62.2525,62.3218,,,1921024.0,2019328.0,,,,
article_code_comparison,ours_reconstruct,1000,0.8,0.2,10,10,1.0,0,0,0,62.6025,62.7732,62.6025,62.7732,,,2019328.0,2178662.4,,,,
article_code_comparison,ours_reconstruct,1000,0.8,0.4,10,10,1.0,0,0,0,62.5115,62.788399999999996,62.5115,62.788399999999996,,,1953792.0,2388377.6,,,,
article_code_comparison,ours_reconstruct,1000,0.8,0.6,10,10,1.0,0,0,0,1291.3184999999999,2984.4190999999996,1291.3184999999999,2984.4190999999996,,,91693056.0,135533363.2,,,,
article_code_comparison,ours_reconstruct,1000,0.8,0.8,10,10,1.0,0,0,0,62.394999999999996,62.4717,62.394999999999996,62.4717,,,2019328.0,2170880.0,,,,
article_code_comparison,ours_reconstruct,1000,1.0,0.2,20,20,1.0,0,0,0,59.454,62.576100000000004,59.454,62.576100000000004,,,2152448.0,2179072.0,,,,
article_code_comparison,ours_reconstruct,1000,1.0,0.4,20,20,1.0,0,0,0,57.185,62.66630000000001,57.185,62.66630000000001,,,2144256.0,2324889.6,,,,
article_code_comparison,ours_reconstruct,1000,1.0,0.6,20,20,1.0,0,0,0,58.4435,62.5245,58.4435,62.5245,,,2150400.0,2179072.0,,,,
article_code_comparison,ours_reconstruct,1000,1.0,0.8,20,20,1.0,0,0,0,57.0075,62.5361,57.0075,62.5361,,,2154496.0,2342912.0,,,,
article_code_comparison,ours_reconstruct,1100,0.2,0.2,10,10,1.0,0,0,0,2756.496,3807.4392,2756.496,3807.4392,,,221315072.0,259553689.6,,,,
article_code_comparison,ours_reconstruct,1100,0.2,0.4,10,10,1.0,0,0,0,107188.0205,143495.5083,107188.0205,143495.5083,,,3988824064.0,4961561395.2,,,,
article_code_comparison,ours_reconstruct,1100,0.2,0.6,10,10,1.0,0,0,0,264868.6705,291284.5216,264868.6705,291284.5216,,,6684901376.0,8963617177.6,,,,
article_code_comparison,ours_reconstruct,1100,0.2,0.8,10,10,1.0,0,0,0,113817.831,123055.8552,113817.831,123055.8552,,,2750826496.0,2875640217.6,,,,
article_code_comparison,ours_reconstruct,1100,0.4,0.2,10,10,1.0,0,0,0,62.223,62.4377,62.223,62.4377,,,1849344.0,1956659.2,,,,
article_code_comparison,ours_reconstruct,1100,0.4,0.4,10,10,1.0,0,0,0,26928.177499999998,34139.587999999996,26928.177499999998,34139.587999999996,,,907907072.0,1273794150.3999999,,,,
article_code_comparison,ours_reconstruct,1100,0.4,0.6,10,10,1.0,0,0,0,121230.7735,136963.2011,121230.7735,136963.2011,,,2669742080.0,3833065062.4,,,,
article_code_comparison,ours_reconstruct,1100,0.4,0.8,10,10,1.0,0,0,0,358.59749999999997,890.4434,358.59749999999997,890.4434,,,53905408.0,74702848.0,,,,
article_code_comparison,ours_reconstruct,1100,0.6,0.2,10,10,1.0,0,0,0,58.032,60.5933,58.032,60.5933,,,1796096.0,2050048.0,,,,
article_code_comparison,ours_reconstruct,1100,0.6,0.4,10,10,1.0,0,0,0,2035.9745,3778.7862999999998,2035.9745,3778.7862999999998,,,127250432.0,180529971.2,,,,
article_code_comparison,ours_reconstruct,1100,0.6,0.6,10,10,1.0,0,0,0,51165.153,66657.7126,51165.153,66657.7126,,,1236555776.0,1819353497.6,,,,
article_code_comparison,ours_reconstruct,1100,0.6,0.8,10,10,1.0,0,0,0,62.3975,104.0933,62.3975,104.0933,,,1839104.0,6416383.999999992,,,,
article_code_comparison,ours_reconstruct,1100,0.8,0.2,10,10,1.0,0,0,0,58.671499999999995,61.831799999999994,58.671499999999995,61.831799999999994,,,1798144.0,2163507.2,,,,
article_code_comparison,ours_reconstruct,1100,0.8,0.4,10,10,1.0,0,0,0,59.325,61.361399999999996,59.325,61.361399999999996,,,1789952.0,2041036.8,,,,
article_code_comparison,ours_reconstruct,1100,0.8,0.6,10,10,1.0,0,0,0,2408.2115000000003,3539.7913999999996,2408.2115000000003,3539.7913999999996,,,120829952.0,182359654.4,,,,
article_code_comparison,ours_reconstruct,1100,0.8,0.8,10,10,1.0,0,0,0,104.376,105.5496,104.376,105.5496,,,5556224.0,19333529.599999998,,,,
article_code_comparison,ours_reconstruct,1100,1.0,0.2,20,20,1.0,0,0,0,54.304,62.5257,54.304,62.5257,,,2093056.0,2163507.2,,,,
article_code_comparison,ours_reconstruct,1100,1.0,0.4,20,20,1.0,0,0,0,54.4055,60.0473,54.4055,60.0473,,,2121728.0,2188492.8,,,,
article_code_comparison,ours_reconstruct,1100,1.0,0.6,20,20,1.0,0,0,0,55.629000000000005,67.19950000000006,55.629000000000005,67.19950000000006,,,2148352.0,4242636.800000026,,,,
article_code_comparison,ours_reconstruct,1100,1.0,0.8,20,20,1.0,0,0,0,55.194,109.06990000000002,55.194,109.06990000000002,,,2152448.0,12142182.40000002,,,,
article_code_comparison,ours_reconstruct,1200,0.2,0.2,10,10,1.0,0,0,0,5109.317,6993.1268,5109.317,6993.1268,,,314705920.0,434229657.59999996,,,,
article_code_comparison,ours_reconstruct,1200,0.2,0.4,1,1,1.0,0,0,0,151807.565,151807.565,151807.565,151807.565,,,4236689408.0,4236689408.0,,,,
bounds-ablation,baseline_bounds,50,0.2,0.4,10,10,1.0,0,0,0,0.8545,4.768649999999999,0.8545,4.768649999999999,310.5,1827.7999999999995,4042752.0,4042752.0,0.009968549598685865,,0.0,0.0
bounds-ablation,baseline_bounds,50,0.2,0.6,10,10,1.0,0,0,0,1.7523,7.06853,1.7523,7.06853,700.5,2748.6,4153344.0,4153344.0,0.026243246641748978,,0.0,0.0
bounds-ablation,baseline_bounds,50,0.2,0.8,10,10,1.0,0,0,0,0.7836000000000001,1.7191,0.7836000000000001,1.7191,308.0,667.5,3993600.0,4005888.0,0.021442572578936215,,0.0,0.0
bounds-ablation,baseline_bounds,50,0.4,0.6,10,10,1.0,0,0,0,0.98105,4.56992,0.98105,4.56992,325.0,1690.8999999999999,4071424.0,4079616.0,0.031380686454508366,,0.0,0.0
bounds-ablation,baseline_bounds,100,0.2,0.4,10,10,1.0,0,0,0,12.390350000000002,39.78799,12.390350000000002,39.78799,4336.5,12253.1,5836800.0,5836800.0,0.04420885459271609,,0.0,0.0
bounds-ablation,baseline_bounds,100,0.2,0.6,10,10,1.0,0,0,0,33.4107,65.03025999999998,33.4107,65.03025999999998,10963.5,20948.299999999996,7794688.0,7794688.0,0.06864984856391218,,0.0,0.0
bounds-ablation,baseline_bounds,100,0.2,0.8,10,10,1.0,0,0,0,13.1126,24.47898,13.1126,24.47898,4281.0,7610.9,5173248.0,5197824.0,0.07928008607936746,,0.0,0.0
bounds-ablation,baseline_bounds,100,0.4,0.6,10,10,1.0,0,0,0,15.388349999999999,28.455309999999994,15.388349999999999,28.455309999999994,5113.0,9074.999999999998,6316032.0,6316032.0,0.08669651470342998,,0.0,0.0
bounds-ablation,baseline_bounds,300,0.2,0.4,10,10,1.0,0,0,0,1155.35275,1713.8939299999997,1155.35275,1713.8939299999997,255053.5,336058.89999999997,55234560.0,55234560.0,0.06423718502521673,,0.0,0.0
bounds-ablation,baseline_bounds,300,0.2,0.6,10,10,1.0,0,0,0,2339.98705,3096.4161499999996,2339.98705,3096.4161499999996,442974.0,557241.8999999999,98856960.0,98856960.0,0.0734212052224999,,0.0,0.0
bounds-ablation,baseline_bounds,300,0.2,0.8,10,10,1.0,0,0,0,872.3752999999999,1379.2124599999995,872.3752999999999,1379.2124599999995,143317.0,238052.09999999995,54861824.0,54861824.0,0.09142050768456113,,0.0,0.0
bounds-ablation,baseline_bounds,300,0.4,0.6,10,10,1.0,0,0,0,926.4110499999999,1768.0885199999998,926.4110499999999,1768.0885199999998,165365.0,296828.1,40636416.0,40636416.0,0.09865706284283318,,0.0,0.0
bounds-ablation,baseline_bounds,500,0.2,0.4,10,10,1.0,0,0,0,8409.4871,9207.685,8409.4871,9207.685,1362928.5,1535526.7,262316032.0,262316032.0,0.07698418720921152,,0.0,0.0
bounds-ablation,baseline_bounds,500,0.2,0.6,10,10,1.0,0,0,0,18055.6744,18565.076719999997,18055.6744,18565.076719999997,2390600.0,2540829.6,380149760.0,380813312.0,0.07582000902414557,,0.0,0.0
bounds-ablation,baseline_bounds,500,0.2,0.8,10,10,1.0,0,0,0,6374.58085,7864.52129,6374.58085,7864.52129,827706.0,1003106.9,167710720.0,170038067.2,0.07816613378569805,,0.0,0.0
bounds-ablation,baseline_bounds,500,0.4,0.6,10,10,1.0,0,0,0,7454.40105,9592.94989,7454.40105,9592.94989,972593.0,1206339.0,177512448.0,177512448.0,0.09634395228791803,,0.0,0.0
bounds-ablation,baseline_bounds,700,0.2,0.4,10,10,1.0,0,0,0,24538.10015,28774.57015,24538.10015,28774.57015,3232487.0,3732190.8,987779072.0,987779072.0,0.08634308916786752,,0.0,0.0
bounds-ablation,baseline_bounds,700,0.2,0.6,10,10,1.0,0,0,0,54704.181899999996,68181.65474,54704.181899999996,68181.65474,5807626.0,7256035.199999999,1489297408.0,1489297408.0,0.08591805602804972,,0.0,0.0
bounds-ablation,baseline_bounds,700,0.2,0.8,10,10,1.0,0,0,0,24341.9578,26949.47412,24341.9578,26949.47412,2423417.0,2750064.9,659611648.0,659611648.0,0.08264699801425462,,0.0,0.0
bounds-ablation,baseline_bounds,700,0.4,0.6,10,10,1.0,0,0,0,21982.759700000002,32147.14358,21982.759700000002,32147.14358,2235062.5,3122083.1999999997,660426752.0,660583628.8,0.09976713251116387,,0.0,0.0
bounds-ablation,baseline_bounds,900,0.2,0.4,10,10,1.0,0,0,0,76637.27554999999,82743.10379,76637.27554999999,82743.10379,7956587.5,8403865.4,1926858752.0,1927770112.0,0.09758099127724407,,0.0,0.0
bounds-ablation,baseline_bounds,900,0.2,0.6,10,10,1.0,0,0,0,141787.09195,166753.25118,141787.09195,166753.25118,12302874.0,14187444.0,2842738688.0,2842738688.0,0.09123963422026618,,0.0,0.0
bounds-ablation,baseline_bounds,900,0.2,0.8,10,10,1.0,0,0,0,59734.84095,66875.12698999999,59734.84095,66875.12698999999,4873940.5,5292619.8,1284018176.0,1285521408.0,0.0844750745639312,,0.0,0.0
bounds-ablation,baseline_bounds,900,0.4,0.6,10,10,1.0,0,0,0,58222.7863,73020.68919,58222.7863,73020.68919,4928554.0,5981418.6,1283858432.0,1285095424.0,0.10569434682236019,,0.0,0.0
bounds-ablation,edd_ub,50,0.2,0.4,10,10,1.0,0,0,0,0.8910499999999999,4.811129999999999,0.8910499999999999,4.811129999999999,309.5,1827.0999999999997,4325376.0,4325376.0,0.009307280752075113,,0.0,0.0
bounds-ablation,edd_ub,50,0.2,0.6,10,10,1.0,0,0,0,1.78585,7.418839999999999,1.78585,7.418839999999999,699.5,2739.5,4255744.0,4255744.0,0.023871001022832912,,0.0,0.0
bounds-ablation,edd_ub,50,0.2,0.8,10,10,1.0,0,0,0,0.78835,1.8249499999999999,0.78835,1.8249499999999999,299.5,665.9,4022272.0,4022272.0,0.018253202438887957,,0.0,0.0
bounds-ablation,edd_ub,50,0.4,0.6,10,10,1.0,0,0,0,0.8452,4.44195,0.8452,4.44195,321.5,1662.6999999999998,4153344.0,4153344.0,0.031380686454508366,,0.0,0.0
bounds-ablation,edd_ub,100,0.2,0.4,10,10,1.0,0,0,0,12.42465,39.745219999999996,12.42465,39.745219999999996,4336.5,12204.5,6078464.0,6160384.0,0.04403408205936354,,0.0,0.0
bounds-ablation,edd_ub,100,0.2,0.6,10,10,1.0,0,0,0,33.90235,66.51597999999998,33.90235,66.51597999999998,10956.5,20933.399999999998,7819264.0,7819264.0,0.06647187165291257,,0.0,0.0
bounds-ablation,edd_ub,100,0.2,0.8,10,10,1.0,0,0,0,14.0064,25.71895,14.0064,25.71895,4275.0,7554.499999999999,5709824.0,5709824.0,0.07658511446045108,,0.0,0.0
bounds-ablation,edd_ub,100,0.4,0.6,10,10,1.0,0,0,0,15.6982,28.681519999999992,15.6982,28.681519999999992,5074.0,9041.799999999997,6316032.0,6316032.0,0.08332759959435523,,0.0,0.0
bounds-ablation,edd_ub,300,0.2,0.4,10,10,1.0,0,0,0,1191.3246,1772.1645299999998,1191.3246,1772.1645299999998,254996.0,336023.3,57896960.0,57896960.0,0.06384111651858843,,0.0,0.0
bounds-ablation,edd_ub,300,0.2,0.6,10,10,1.0,0,0,0,2425.1879,3138.711149999999,2425.1879,3138.711149999999,442786.0,557139.2,99618816.0,99618816.0,0.07291001824799911,,0.0,0.0
bounds-ablation,edd_ub,300,0.2,0.8,10,10,1.0,0,0,0,788.6733,1354.0814099999996,788.6733,1354.0814099999996,143149.5,237934.39999999994,57810944.0,57810944.0,0.08822587922695709,,0.0,0.0
bounds-ablation,edd_ub,300,0.4,0.6,10,10,1.0,0,0,0,962.34655,1814.68021,962.34655,1814.68021,165226.5,296554.6,43360256.0,43360256.0,0.09580261172846807,,0.0,0.0
bounds-ablation,edd_ub,500,0.2,0.4,10,10,1.0,0,0,0,8684.52235,9558.500820000001,8684.52235,9558.500820000001,1362780.5,1535422.5999999999,265887744.0,265887744.0,0.07683582155657326,,0.0,0.0
bounds-ablation,edd_ub,500,0.2,0.6,10,10,1.0,0,0,0,18710.5906,19233.777759999997,18710.5906,19233.777759999997,2390457.5,2540676.1,383475712.0,383475712.0,0.07562714176442759,,0.0,0.0
bounds-ablation,edd_ub,500,0.2,0.8,10,10,1.0,0,0,0,6587.5732499999995,8123.87605,6587.5732499999995,8123.87605,827347.0,1002814.2,171311104.0,171311104.0,0.07677502839438806,,0.0,0.0
bounds-ablation,edd_ub,500,0.4,0.6,10,10,1.0,0,0,0,7729.6431,9930.368209999999,7729.6431,9930.368209999999,972185.0,1205836.9,180203520.0,180203520.0,0.09384736723411807,,0.0,0.0
bounds-ablation,edd_ub,700,0.2,0.4,10,10,1.0,0,0,0,25371.8116,29743.966229999995,25371.8116,29743.966229999995,3232315.5,3731926.8,990511104.0,990511104.0,0.08623078026848827,,0.0,0.0
bounds-ablation,edd_ub,700,0.2,0.6,10,10,1.0,0,0,0,56741.75155,70716.87298999999,56741.75155,70716.87298999999,5807429.5,7255715.699999999,1491116032.0,1491116032.0,0.08558904644476042,,0.0,0.0
bounds-ablation,edd_ub,700,0.2,0.8,10,10,1.0,0,0,0,25334.754350000003,27893.725819999996,25334.754350000003,27893.725819999996,2422941.0,2749380.5,662163456.0,662163456.0,0.08137250704323479,,0.0,0.0
bounds-ablation,edd_ub,700,0.4,0.6,10,10,1.0,0,0,0,22783.05055,33344.213039999995,22783.05055,33344.213039999995,2234215.5,3121676.1,662568960.0,662568960.0,0.09784734369476016,,0.0,0.0
bounds-ablation,edd_ub,900,0.2,0.4,10,10,1.0,0,0,0,78972.28409999999,85252.22724,78972.28409999999,85252.22724,7956226.0,8403712.299999999,1928081408.0,1928081408.0,0.0974184179181736,,0.0,0.0
bounds-ablation,edd_ub,900,0.2,0.6,10,10,1.0,0,0,0,150042.12025,176466.53455,150042.12025,176466.53455,12302183.0,14186653.1,2843250688.0,2843770880.0,0.09080062632506475,,0.0,0.0
bounds-ablation,edd_ub,900,0.2,0.8,10,10,1.0,0,0,0,62125.0163,69466.39817999999,62125.0163,69466.39817999999,4873085.5,5291495.399999999,1285521408.0,1285521408.0,0.08302029715655976,,0.0,0.0
bounds-ablation,edd_ub,900,0.4,0.6,10,10,1.0,0,0,0,62268.0683,77977.21301,62268.0683,77977.21301,4927082.5,5979901.3,1285574656.0,1285635686.4,0.10365965412925268,,0.0,0.0
bounds-ablation,simple_lb,50,0.2,0.4,10,10,1.0,0,0,0,0.95245,5.3383699999999985,0.95245,5.3383699999999985,301.5,1816.4999999999995,4124672.0,4124672.0,0.018983895782133508,,0.040300086432747205,0.0
bounds-ablation,simple_lb,50,0.2,0.6,10,10,1.0,0,0,0,1.89865,8.47398,1.89865,8.47398,665.5,2743.1,4153344.0,4153344.0,0.04363306534634648,,0.04166021335665464,0.0
bounds-ablation,simple_lb,50,0.2,0.8,10,10,1.0,0,0,0,0.8916,1.9212,0.8916,1.9212,306.5,649.6,4009984.0,4022272.0,0.0409376921004828,,0.041991251556676365,0.0
bounds-ablation,simple_lb,50,0.4,0.6,10,10,1.0,0,0,0,0.95,5.2816600000000005,0.95,5.2816600000000005,306.5,1653.8,4079616.0,4141056.0,0.05414806855127569,,0.038664924688169844,0.0
bounds-ablation,simple_lb,100,0.2,0.4,10,10,1.0,0,0,0,14.73705,44.52774,14.73705,44.52774,4273.5,11442.9,5836800.0,5844992.0,0.0811139121490234,,0.061244909386740376,0.0
bounds-ablation,simple_lb,100,0.2,0.6,10,10,1.0,0,0,0,38.519400000000005,76.46528999999998,38.519400000000005,76.46528999999998,10596.0,20627.799999999996,7819264.0,7819264.0,0.12525483548821742,,0.06153415206671805,0.0
bounds-ablation,simple_lb,100,0.2,0.8,10,10,1.0,0,0,0,15.25415,28.561349999999997,15.25415,28.561349999999997,4201.5,7491.299999999999,5206016.0,5709824.0,0.14305508012552676,,0.06109736342005484,0.0
bounds-ablation,simple_lb,100,0.4,0.6,10,10,1.0,0,0,0,17.7485,32.75899999999999,17.7485,32.75899999999999,4943.5,8930.299999999997,6316032.0,6316032.0,0.1590070525147984,,0.0602586573844443,0.0
bounds-ablation,simple_lb,300,0.2,0.4,10,10,1.0,0,0,0,1576.743,2305.56259,1576.743,2305.56259,254559.0,334699.2,55234560.0,55234560.0,0.12049964312524827,,0.11662259891394189,0.0
bounds-ablation,simple_lb,300,0.2,0.6,10,10,1.0,0,0,0,3212.69135,4140.407329999999,3212.69135,4140.407329999999,441117.5,556295.4999999999,98856960.0,98856960.0,0.13632690627466704,,0.11722541354670243,0.0
bounds-ablation,simple_lb,300,0.2,0.8,10,10,1.0,0,0,0,1081.4029500000001,1849.4361499999995,1081.4029500000001,1849.4361499999995,142079.0,236958.99999999994,54947840.0,54947840.0,0.17032436347645513,,0.11828573594611044,0.0
bounds-ablation,simple_lb,300,0.4,0.6,10,10,1.0,0,0,0,1244.2975000000001,2393.47831,1244.2975000000001,2393.47831,163633.5,294450.4,40636416.0,40636416.0,0.17910014701797095,,0.11625682014522727,0.0
bounds-ablation,simple_lb,500,0.2,0.4,10,10,1.0,0,0,0,12382.79675,13682.5627,12382.79675,13682.5627,1360120.5,1534007.5999999999,265887744.0,265887744.0,0.1469891194874114,,0.1441162613327312,0.0
bounds-ablation,simple_lb,500,0.2,0.6,10,10,1.0,0,0,0,26364.64635,27131.145379999998,26364.64635,27131.145379999998,2386675.0,2537149.0,382541824.0,382541824.0,0.14357495997593925,,0.1461467027803034,0.0
bounds-ablation,simple_lb,500,0.2,0.8,10,10,1.0,0,0,0,9310.05455,11586.336,9310.05455,11586.336,824993.5,997864.3,170045440.0,171180032.0,0.14682381038760425,,0.14986294738468295,0.0
bounds-ablation,simple_lb,500,0.4,0.6,10,10,1.0,0,0,0,10932.20745,14088.21747,10932.20745,14088.21747,966086.5,1201156.2,178581504.0,178581504.0,0.17694415628361648,,0.14542447894168664,0.0
bounds-ablation,simple_lb,700,0.2,0.4,10,10,1.0,0,0,0,37923.28215,44559.64887,37923.28215,44559.64887,3227287.0,3728546.1999999997,989089792.0,989089792.0,0.1653675414558443,,0.15984992694259426,0.0
bounds-ablation,simple_lb,700,0.2,0.6,10,10,1.0,0,0,0,83868.0488,104772.95393999999,83868.0488,104772.95393999999,5794578.0,7238697.6,1489297408.0,1489297408.0,0.16431449084658187,,0.1579360571602213,0.0
bounds-ablation,simple_lb,700,0.2,0.8,10,10,1.0,0,0,0,37391.6276,41414.837499999994,37391.6276,41414.837499999994,2414295.0,2738541.5,659828736.0,659828736.0,0.15373677444910183,,0.16403021559105024,0.0
bounds-ablation,simple_lb,700,0.4,0.6,10,10,1.0,0,0,0,33373.2652,48676.509849999995,33373.2652,48676.509849999995,2220693.0,3111712.5,662142976.0,662142976.0,0.1846595551688453,,0.15870261045312722,0.0
bounds-ablation,simple_lb,900,0.2,0.4,10,10,1.0,0,0,0,121857.785,131038.29967,121857.785,131038.29967,7944142.5,8381141.0,1928081408.0,1928081408.0,0.18806436745617847,,0.16635649402260563,0.0
bounds-ablation,simple_lb,900,0.2,0.6,10,10,1.0,0,0,0,222888.46995,260781.047,222888.46995,260781.047,12274723.0,14146804.0,2842738688.0,2843086848.0,0.1748802198343567,,0.16592060686250693,0.0
bounds-ablation,simple_lb,900,0.2,0.8,10,10,1.0,0,0,0,93928.399,104641.85444999998,93928.399,104641.85444999998,4856143.0,5272651.1,1285521408.0,1285521408.0,0.1580097180203681,,0.16976416807250566,0.0
bounds-ablation,simple_lb,900,0.4,0.6,10,10,1.0,0,0,0,91136.13214999999,116807.32801999999,91136.13214999999,116807.32801999999,4896156.5,5946926.5,1285459968.0,1285459968.0,0.19630304307552204,,0.1656259557542934,0.0
bounds-ablation,simple_lb_edd_ub,50,0.2,0.4,10,10,1.0,0,0,0,0.9541999999999999,5.373829999999998,0.9541999999999999,5.373829999999998,288.5,1779.4999999999995,4325376.0,4325376.0,0.015469348659003831,,0.038878099087612736,0.0
bounds-ablation,simple_lb_edd_ub,50,0.2,0.6,10,10,1.0,0,0,0,1.89995,8.21426,1.89995,8.21426,644.5,2647.1,4255744.0,4292608.0,0.03788931514819365,,0.04069986400818938,0.0
bounds-ablation,simple_lb_edd_ub,50,0.2,0.8,10,10,1.0,0,0,0,0.8688500000000001,1.9385499999999998,0.8688500000000001,1.9385499999999998,283.0,617.4,4022272.0,4022272.0,0.04059757204829001,,0.042161975044095745,0.0
bounds-ablation,simple_lb_edd_ub,50,0.4,0.6,10,10,1.0,0,0,0,0.89645,5.029389999999999,0.89645,5.029389999999999,284.5,1574.6,4153344.0,4153344.0,0.04953318513813909,,0.039495067371173566,0.0
bounds-ablation,simple_lb_edd_ub,100,0.2,0.4,10,10,1.0,0,0,0,14.65555,44.55902,14.65555,44.55902,4229.5,11239.0,6160384.0,6160384.0,0.07683597872466333,,0.06063043077124984,0.0
bounds-ablation,simple_lb_edd_ub,100,0.2,0.6,10,10,1.0,0,0,0,38.89975,77.23855999999999,38.89975,77.23855999999999,10489.0,20506.199999999997,7819264.0,7819264.0,0.11852339085804618,,0.06217421864873252,0.0
bounds-ablation,simple_lb_edd_ub,100,0.2,0.8,10,10,1.0,0,0,0,15.51745,28.534969999999998,15.51745,28.534969999999998,4068.5,7315.299999999999,5709824.0,5709824.0,0.13617426090823023,,0.06097983230349493,0.0
bounds-ablation,simple_lb_edd_ub,100,0.4,0.6,10,10,1.0,0,0,0,17.7187,33.32001999999999,17.7187,33.32001999999999,4767.5,8763.299999999997,6316032.0,6316032.0,0.15237265059385308,,0.061060469877485424,0.0
bounds-ablation,simple_lb_edd_ub,300,0.2,0.4,10,10,1.0,0,0,0,1722.3321999999998,2492.4923799999997,1722.3321999999998,2492.4923799999997,254174.5,334326.6,57896960.0,57896960.0,0.11919121329972207,,0.11276566966686022,0.0
bounds-ablation,simple_lb_edd_ub,300,0.2,0.6,10,10,1.0,0,0,0,3264.9713,4233.488089999999,3264.9713,4233.488089999999,440150.0,555637.2999999999,100909056.0,100909056.0,0.13541057445420446,,0.11439451248816426,0.0
bounds-ablation,simple_lb_edd_ub,300,0.2,0.8,10,10,1.0,0,0,0,1058.33735,1798.8180999999995,1058.33735,1798.8180999999995,141384.0,236192.29999999993,58687488.0,58687488.0,0.16460589192785002,,0.11658828662003519,0.0
bounds-ablation,simple_lb_edd_ub,300,0.4,0.6,10,10,1.0,0,0,0,1276.4303,2425.04073,1276.4303,2425.04073,162952.5,293178.4,43368448.0,43368448.0,0.17414560468353155,,0.11403016111793733,0.0
bounds-ablation,simple_lb_edd_ub,500,0.2,0.4,10,10,1.0,0,0,0,12659.178899999999,14012.394569999999,12659.178899999999,14012.394569999999,1359146.5,1532264.2999999998,265887744.0,265887744.0,0.14653749007733807,,0.14156021491804024,0.0
bounds-ablation,simple_lb_edd_ub,500,0.2,0.6,10,10,1.0,0,0,0,26937.7963,27778.98023,26937.7963,27778.98023,2385420.0,2535592.0,383475712.0,383475712.0,0.14308644987219077,,0.14265107211664924,0.0
bounds-ablation,simple_lb_edd_ub,500,0.2,0.8,10,10,1.0,0,0,0,9535.263149999999,11871.06019,9535.263149999999,11871.06019,823283.5,996296.9,171343872.0,171343872.0,0.14370976761816534,,0.14613553668624185,0.0
bounds-ablation,simple_lb_edd_ub,500,0.4,0.6,10,10,1.0,0,0,0,11182.1882,14385.584640000001,11182.1882,14385.584640000001,963824.0,1198799.6,180203520.0,180203520.0,0.17168944260522334,,0.1422633109801058,0.0
bounds-ablation,simple_lb_edd_ub,700,0.2,0.4,10,10,1.0,0,0,0,38707.68415,45437.75618,38707.68415,45437.75618,3225610.5,3727281.9,990543872.0,990543872.0,0.16505523987877663,,0.1566793049062467,0.0
bounds-ablation,simple_lb_edd_ub,700,0.2,0.6,10,10,1.0,0,0,0,85684.245,107100.90011999999,85684.245,107100.90011999999,5792330.5,7235277.1,1491116032.0,1491116032.0,0.16356238650559457,,0.15459850586928778,0.0
bounds-ablation,simple_lb_edd_ub,700,0.2,0.8,10,10,1.0,0,0,0,38372.1098,42419.48702,38372.1098,42419.48702,2411900.5,2735919.5,662581248.0,662581248.0,0.15108297587228123,,0.1602177768568236,0.0
bounds-ablation,simple_lb_edd_ub,700,0.4,0.6,10,10,1.0,0,0,0,34194.66795,49849.25661,34194.66795,49849.25661,2216671.5,3107970.4,662568960.0,662573056.0,0.18020288828237524,,0.15522066675517954,0.0
bounds-ablation,simple_lb_edd_ub,900,0.2,0.4,10,10,1.0,0,0,0,124539.49615,133660.47509999998,124539.49615,133660.47509999998,7940251.5,8375418.0,1928081408.0,1928081408.0,0.18785147225292465,,0.16295739477741672,0.0
bounds-ablation,simple_lb_edd_ub,900,0.2,0.6,10,10,1.0,0,0,0,237276.6889,275507.72364,237276.6889,275507.72364,12266717.5,14141884.7,2843250688.0,2843455488.0,0.17423146689550817,,0.1610339507205955,0.0
bounds-ablation,simple_lb_edd_ub,900,0.2,0.8,10,10,1.0,0,0,0,96139.0411,107109.26440999999,96139.0411,107109.26440999999,4853065.0,5267899.6,1285521408.0,1285521408.0,0.1550803925411653,,0.16562637266522026,0.0
bounds-ablation,simple_lb_edd_ub,900,0.4,0.6,10,10,1.0,0,0,0,95340.82655,120091.20447,95340.82655,120091.20447,4891185.0,5940302.1,1286184960.0,1286184960.0,0.19211235324042647,,0.16117345735262276,0.0
bounds-ablation,simple_lb_lb_memo,50,0.2,0.4,10,10,1.0,0,0,0,0.98845,5.400089999999999,0.98845,5.400089999999999,301.5,1816.4999999999995,4284416.0,4284416.0,0.03749633538551744,0.0,0.060993321607083775,0.0
bounds-ablation,simple_lb_lb_memo,50,0.2,0.6,10,10,1.0,0,0,0,1.9942,8.5244,1.9942,8.5244,665.5,2743.1,4243456.0,4255744.0,0.08541836133628791,0.0,0.06260395056378767,0.0
bounds-ablation,simple_lb_lb_memo,50,0.2,0.8,10,10,1.0,0,0,0,0.9203,2.07841,0.9203,2.07841,306.5,649.6,4022272.0,4022272.0,0.08001905215527506,0.0,0.06160276806790216,0.0
bounds-ablation,simple_lb_lb_memo,50,0.4,0.6,10,10,1.0,0,0,0,0.944,5.09136,0.944,5.09136,306.5,1653.8,4153344.0,4153344.0,0.10562478062478062,0.0,0.05834589237679105,0.0
bounds-ablation,simple_lb_lb_memo,100,0.2,0.4,10,10,1.0,0,0,0,14.7421,45.72308,14.7421,45.72308,4273.5,11442.9,5844992.0,6078464.0,0.15624380328769544,0.0,0.07684749015331668,0.0
bounds-ablation,simple_lb_lb_memo,100,0.2,0.6,10,10,1.0,0,0,0,39.19385,77.92914999999998,39.19385,77.92914999999998,10596.0,20627.799999999996,7819264.0,7819264.0,0.23675425424004298,0.0,0.07829869457007493,0.0
bounds-ablation,simple_lb_lb_memo,100,0.2,0.8,10,10,1.0,0,0,0,15.7708,29.466399999999997,15.7708,29.466399999999997,4201.5,7491.299999999999,5709824.0,5709824.0,0.2679362133768709,0.0,0.07632263577741434,0.0
bounds-ablation,simple_lb_lb_memo,100,0.4,0.6,10,10,1.0,0,0,0,18.2673,34.29539999999999,18.2673,34.29539999999999,4943.5,8930.299999999997,6316032.0,6316032.0,0.2960205519780349,0.0,0.07476795867127223,0.0
bounds-ablation,simple_lb_lb_memo,300,0.2,0.4,10,10,1.0,0,0,0,1603.1037000000001,2359.8649499999997,1603.1037000000001,2359.8649499999997,254559.0,334699.2,55234560.0,55234560.0,0.2282230177241999,0.0,0.12330904284330756,0.0
bounds-ablation,simple_lb_lb_memo,300,0.2,0.6,10,10,1.0,0,0,0,3259.00045,4209.414559999999,3259.00045,4209.414559999999,441117.5,556295.4999999999,98988032.0,98988032.0,0.2566145629853199,0.0,0.12315472690415176,0.0
bounds-ablation,simple_lb_lb_memo,300,0.2,0.8,10,10,1.0,0,0,0,1076.3989499999998,1860.3199199999995,1076.3989499999998,1860.3199199999995,142079.0,236958.99999999994,54964224.0,54964224.0,0.3157014173752569,0.0,0.12518480022592954,0.0
bounds-ablation,simple_lb_lb_memo,300,0.4,0.6,10,10,1.0,0,0,0,1271.7100500000001,2414.7281199999998,1271.7100500000001,2414.7281199999998,163633.5,294450.4,40636416.0,40636416.0,0.3316296388878691,0.0,0.12224740283180655,0.0
bounds-ablation,simple_lb_lb_memo,500,0.2,0.4,10,10,1.0,0,0,0,12618.5312,13914.19285,12618.5312,13914.19285,1360120.5,1534007.5999999999,265887744.0,265887744.0,0.27489043364739446,0.0,0.14807089873778795,0.0
bounds-ablation,simple_lb_lb_memo,500,0.2,0.6,10,10,1.0,0,0,0,26753.62365,27512.08075,26753.62365,27512.08075,2386675.0,2537149.0,382541824.0,382705664.0,0.26908430217116935,0.0,0.14922889275543627,0.0
bounds-ablation,simple_lb_lb_memo,500,0.2,0.8,10,10,1.0,0,0,0,9465.181550000001,11768.44096,9465.181550000001,11768.44096,824993.5,997864.3,171229184.0,171237376.0,0.27476839630574235,0.0,0.15286740018585593,0.0
bounds-ablation,simple_lb_lb_memo,500,0.4,0.6,10,10,1.0,0,0,0,11120.7203,14284.39187,11120.7203,14284.39187,966086.5,1201156.2,179900416.0,179900416.0,0.32750966312634383,0.0,0.14861659682650036,0.0
bounds-ablation,simple_lb_lb_memo,700,0.2,0.4,10,10,1.0,0,0,0,38387.7812,45128.529709999995,38387.7812,45128.529709999995,3227287.0,3728546.1999999997,990248960.0,990248960.0,0.30671502218663915,0.0,0.16242904755017928,0.0
bounds-ablation,simple_lb_lb_memo,700,0.2,0.6,10,10,1.0,0,0,0,84760.57375,105821.61829,84760.57375,105821.61829,5794578.0,7238697.6,1491116032.0,1491116032.0,0.3048541816085856,0.0,0.16017660143564721,0.0
bounds-ablation,simple_lb_lb_memo,700,0.2,0.8,10,10,1.0,0,0,0,37831.6329,41842.096829999995,37831.6329,41842.096829999995,2414295.0,2738541.5,662163456.0,662163456.0,0.286978957777387,0.0,0.16610740318033765,0.0
bounds-ablation,simple_lb_lb_memo,700,0.4,0.6,10,10,1.0,0,0,0,33757.6261,49246.14157,33757.6261,49246.14157,2220693.0,3111712.5,662142976.0,662142976.0,0.3405242986066583,0.0,0.1607862764711806,0.0
bounds-ablation,simple_lb_lb_memo,900,0.2,0.4,10,10,1.0,0,0,0,124072.7856,132350.94805,124072.7856,132350.94805,7944142.5,8381141.0,1928081408.0,1928081408.0,0.34521825737679623,0.0,0.1679591755427295,0.0
bounds-ablation,simple_lb_lb_memo,900,0.2,0.6,10,10,1.0,0,0,0,229397.8809,268469.67472999997,229397.8809,268469.67472999997,12274723.0,14146804.0,2843770880.0,2843770880.0,0.3227562012330143,0.0,0.16679691261942656,0.0
bounds-ablation,simple_lb_lb_memo,900,0.2,0.8,10,10,1.0,0,0,0,94782.07945,105561.82407,94782.07945,105561.82407,4856143.0,5272651.1,1285521408.0,1285521408.0,0.29439074438035734,0.0,0.17125441299395205,0.0
bounds-ablation,simple_lb_lb_memo,900,0.4,0.6,10,10,1.0,0,0,0,94678.6374,119117.02609999999,94678.6374,119117.02609999999,4896156.5,5946926.5,1285459968.0,1285459968.0,0.36001101175824257,0.0,0.16632633621301743,0.0
bounds-ablation,simple_lb_lb_memo_edd_ub,50,0.2,0.4,10,10,1.0,0,0,0,0.998,5.563059999999998,0.998,5.563059999999998,288.5,1779.4999999999995,4325376.0,4325376.0,0.030646294344924482,0.0,0.05961179554342735,0.0
bounds-ablation,simple_lb_lb_memo_edd_ub,50,0.2,0.6,10,10,1.0,0,0,0,2.07625,8.36694,2.07625,8.36694,644.5,2647.1,4292608.0,4308992.0,0.07447799493813273,0.0,0.0607441950884654,0.0
bounds-ablation,simple_lb_lb_memo_edd_ub,50,0.2,0.8,10,10,1.0,0,0,0,0.9397,2.04608,0.9397,2.04608,283.0,617.4,4030464.0,4038656.0,0.07943141114589047,0.0,0.06262758959624981,0.0
bounds-ablation,simple_lb_lb_memo_edd_ub,50,0.4,0.6,10,10,1.0,0,0,0,0.96685,5.14996,0.96685,5.14996,284.5,1574.6,4169728.0,4177920.0,0.09727355990971837,0.0,0.05924390578209118,0.0
bounds-ablation,simple_lb_lb_memo_edd_ub,100,0.2,0.4,10,10,1.0,0,0,0,15.161950000000001,46.066069999999996,15.161950000000001,46.066069999999996,4229.5,11239.0,6160384.0,6160384.0,0.1483601756363181,0.0,0.0760641189222899,0.0
bounds-ablation,simple_lb_lb_memo_edd_ub,100,0.2,0.6,10,10,1.0,0,0,0,40.6465,79.20935999999999,40.6465,79.20935999999999,10489.0,20506.199999999997,7897088.0,7897088.0,0.22533040936446372,0.0,0.07625215055186844,0.0
bounds-ablation,simple_lb_lb_memo_edd_ub,100,0.2,0.8,10,10,1.0,0,0,0,16.05985,29.986559999999997,16.05985,29.986559999999997,4068.5,7315.299999999999,5709824.0,5713920.0,0.2568909323986168,0.0,0.07506118605346182,0.0
bounds-ablation,simple_lb_lb_memo_edd_ub,100,0.4,0.6,10,10,1.0,0,0,0,18.318,34.40878999999999,18.318,34.40878999999999,4767.5,8763.299999999997,6316032.0,6316032.0,0.28590258614524533,0.0,0.07376528655856254,0.0
bounds-ablation,simple_lb_lb_memo_edd_ub,300,0.2,0.4,10,10,1.0,0,0,0,1731.50985,2558.60965,1731.50985,2558.60965,254174.5,334326.6,57982976.0,57982976.0,0.2260090730275892,0.0,0.12154082359385182,0.0
bounds-ablation,simple_lb_lb_memo_edd_ub,300,0.2,0.6,10,10,1.0,0,0,0,3358.49535,4303.453889999999,3358.49535,4303.453889999999,440150.0,555637.2999999999,102580224.0,102580224.0,0.2551117179659728,0.0,0.12137354928864787,0.0
bounds-ablation,simple_lb_lb_memo_edd_ub,300,0.2,0.8,10,10,1.0,0,0,0,1082.3016499999999,1849.1562899999994,1082.3016499999999,1849.1562899999994,141384.0,236192.29999999993,58785792.0,58785792.0,0.30663758624966203,0.0,0.12341898673985656,0.0
bounds-ablation,simple_lb_lb_memo_edd_ub,300,0.4,0.6,10,10,1.0,0,0,0,1301.42085,2478.8813699999996,1301.42085,2478.8813699999996,162952.5,293178.4,43728896.0,43728896.0,0.3237180365754184,0.0,0.12035910585752774,0.0
bounds-ablation,simple_lb_lb_memo_edd_ub,500,0.2,0.4,10,10,1.0,0,0,0,12876.1103,14191.193229999999,12876.1103,14191.193229999999,1359146.5,1532264.2999999998,265887744.0,265887744.0,0.2741645414702263,0.0,0.14539464501952432,0.0
bounds-ablation,simple_lb_lb_memo_edd_ub,500,0.2,0.6,10,10,1.0,0,0,0,27430.56815,28179.013629999998,27430.56815,28179.013629999998,2385420.0,2535592.0,383475712.0,383475712.0,0.26829102401391,0.0,0.14628655157004067,0.0
bounds-ablation,simple_lb_lb_memo_edd_ub,500,0.2,0.8,10,10,1.0,0,0,0,9693.080549999999,12105.84338,9693.080549999999,12105.84338,823283.5,996296.9,171343872.0,171937792.0,0.26968410790847974,0.0,0.1497827850151781,0.0
bounds-ablation,simple_lb_lb_memo_edd_ub,500,0.4,0.6,10,10,1.0,0,0,0,11345.23435,14584.015829999998,11345.23435,14584.015829999998,963824.0,1198799.6,180203520.0,180203520.0,0.3192830541137722,0.0,0.14587277755073047,0.0
bounds-ablation,simple_lb_lb_memo_edd_ub,700,0.2,0.4,10,10,1.0,0,0,0,39272.42285,46068.403269999995,39272.42285,46068.403269999995,3225610.5,3727281.9,990601216.0,990601216.0,0.30622207586276773,0.0,0.15966875444683637,0.0
bounds-ablation,simple_lb_lb_memo_edd_ub,700,0.2,0.6,10,10,1.0,0,0,0,86715.01825,108172.54746,86715.01825,108172.54746,5792330.5,7235277.1,1491464192.0,1491464192.0,0.3036633761217476,0.0,0.15706724863902927,0.0
bounds-ablation,simple_lb_lb_memo_edd_ub,700,0.2,0.8,10,10,1.0,0,0,0,38788.26655,42887.96966,38788.26655,42887.96966,2411900.5,2735919.5,662581248.0,662581248.0,0.2825349809702743,0.0,0.16263397619749295,0.0
bounds-ablation,simple_lb_lb_memo_edd_ub,700,0.4,0.6,10,10,1.0,0,0,0,34532.8778,50389.39284,34532.8778,50389.39284,2216671.5,3107970.4,662609920.0,662609920.0,0.3336582431713918,0.0,0.1572885450362611,0.0
bounds-ablation,simple_lb_lb_memo_edd_ub,900,0.2,0.4,10,10,1.0,0,0,0,124105.11975,133268.54126,124105.11975,133268.54126,7940251.5,8375418.0,1928081408.0,1928081408.0,0.3449032044683345,0.0,0.16557957404946463,0.0
bounds-ablation,simple_lb_lb_memo_edd_ub,900,0.2,0.6,10,10,1.0,0,0,0,238046.49534999998,278755.02109,238046.49534999998,278755.02109,12266717.5,14141884.7,2843455488.0,2843455488.0,0.32174880351304835,0.0,0.162835600371256,0.0
bounds-ablation,simple_lb_lb_memo_edd_ub,900,0.2,0.8,10,10,1.0,0,0,0,97148.3278,108111.86696,97148.3278,108111.86696,4853065.0,5267899.6,1285521408.0,1285521408.0,0.2897115283151154,0.0,0.16758132161034,0.0
bounds-ablation,simple_lb_lb_memo_edd_ub,900,0.4,0.6,10,10,1.0,0,0,0,96357.1964,122498.97605,96357.1964,122498.97605,4891185.0,5940302.1,1286184960.0,1286184960.0,0.35368248001755187,0.0,0.16317540762984262,0.0
hard,BestFinal_adaptive_v1_cap0,50,0.2,0.2,10,10,1.0,0,0,0,0.0664,0.30909999999999993,0.0664,0.30909999999999993,26.5,143.1,3854336.0,3862528.0,0.0,,0.0,0.0
hard,BestFinal_adaptive_v1_cap0,50,0.2,0.4,10,10,1.0,0,0,0,0.5696,3.8732299999999995,0.5696,3.8732299999999995,260.0,1497.1999999999996,4206592.0,4206592.0,0.016241480038948392,,0.0,0.0
hard,BestFinal_adaptive_v1_cap0,50,0.2,0.6,10,10,1.0,0,0,0,1.29615,5.6699,1.29615,5.6699,600.0,2574.7,4329472.0,4329472.0,0.03811039308814615,,0.0,0.0
hard,BestFinal_adaptive_v1_cap0,50,0.2,0.8,10,10,1.0,0,0,0,0.66705,1.37287,0.66705,1.37287,294.5,608.7,4329472.0,4329472.0,0.03300695331346672,,0.0,0.0
hard,BestFinal_adaptive_v1_cap0,50,0.4,0.2,10,10,1.0,0,0,0,0.00405,0.03338,0.00405,0.03338,1.0,12.2,4329472.0,4329472.0,0.0,,0.0,0.0
hard,BestFinal_adaptive_v1_cap0,50,0.4,0.4,10,10,1.0,0,0,0,0.2984,0.9251199999999996,0.2984,0.9251199999999996,129.0,433.6999999999998,4329472.0,4329472.0,0.01652892561983471,,0.0,0.0
hard,BestFinal_adaptive_v1_cap0,50,0.4,0.6,10,10,1.0,0,0,0,0.7103999999999999,3.27682,0.7103999999999999,3.27682,303.0,1469.1,4329472.0,4329472.0,0.06225206124852768,,0.0,0.0
hard,BestFinal_adaptive_v1_cap0,50,0.4,0.8,10,10,1.0,0,0,0,0.20534999999999998,0.62266,0.20534999999999998,0.62266,81.0,277.3,4329472.0,4329472.0,0.04906776263031275,,0.0,0.0
hard,BestFinal_adaptive_v1_cap0,50,0.6,0.2,10,10,1.0,0,0,0,0.0038,0.00401,0.0038,0.00401,1.0,1.0,4329472.0,4329472.0,0.0,,0.0,0.0
hard,BestFinal_adaptive_v1_cap0,50,0.6,0.4,10,10,1.0,0,0,0,0.16875,0.32355999999999996,0.16875,0.32355999999999996,71.5,146.7,4329472.0,4329472.0,0.04266739446870451,,0.0,0.0
hard,BestFinal_adaptive_v1_cap0,50,0.6,0.6,10,10,1.0,0,0,0,0.3359,1.97212,0.3359,1.97212,145.5,888.4,4329472.0,4329472.0,0.08441738896413328,,0.0,0.0
hard,BestFinal_adaptive_v1_cap0,50,0.6,0.8,10,10,1.0,0,0,0,0.127,0.33612,0.127,0.33612,50.5,126.79999999999998,4329472.0,4329472.0,0.03045529122231337,,0.0,0.0
hard,BestFinal_adaptive_v1_cap0,50,0.8,0.2,10,10,1.0,0,0,0,0.0037,0.00381,0.0037,0.00381,1.0,1.0,4329472.0,4329472.0,0.0,,0.0,0.0
hard,BestFinal_adaptive_v1_cap0,50,0.8,0.4,10,10,1.0,0,0,0,0.05595,0.12494,0.05595,0.12494,23.0,50.0,4329472.0,4329472.0,0.038589981447124305,,0.0,0.0
hard,BestFinal_adaptive_v1_cap0,50,0.8,0.6,10,10,1.0,0,0,0,0.2201,0.7673399999999999,0.2201,0.7673399999999999,95.0,341.09999999999997,4329472.0,4329472.0,0.05689907504975998,,0.0,0.0
hard,BestFinal_adaptive_v1_cap0,50,0.8,0.8,10,10,1.0,0,0,0,0.12485000000000002,0.2127,0.12485000000000002,0.2127,49.0,89.5,4329472.0,4329472.0,0.03459098718118145,,0.0,0.0
hard,BestFinal_adaptive_v1_cap0,50,1.0,0.2,10,10,1.0,0,0,0,0.0037,0.00412,0.0037,0.00412,1.0,1.0,4329472.0,4329472.0,0.0,,0.0,0.0
hard,BestFinal_adaptive_v1_cap0,50,1.0,0.4,10,10,1.0,0,0,0,0.013750000000000002,0.11664999999999999,0.013750000000000002,0.11664999999999999,3.0,47.5,4329472.0,4329472.0,0.0,,0.0,0.0
hard,BestFinal_adaptive_v1_cap0,50,1.0,0.6,10,10,1.0,0,0,0,0.13685,0.5072399999999999,0.13685,0.5072399999999999,56.5,227.79999999999998,4329472.0,4329472.0,0.0632099490795143,,0.0,0.0
hard,BestFinal_adaptive_v1_cap0,50,1.0,0.8,10,10,1.0,0,0,0,0.1276,0.24944999999999998,0.1276,0.24944999999999998,44.5,77.29999999999998,4329472.0,4329472.0,0.005813953488372093,,0.0,0.0
hard,BestFinal_adaptive_v1_cap0,100,0.2,0.2,10,10,1.0,0,0,0,0.33525,0.6022099999999999,0.33525,0.6022099999999999,135.0,260.7,4399104.0,4411801.6,0.001851851851851852,,0.0,0.0
hard,BestFinal_adaptive_v1_cap0,100,0.2,0.4,10,10,1.0,0,0,0,8.15785,22.074539999999995,8.15785,22.074539999999995,3570.0,9218.799999999997,5771264.0,5992448.0,0.07757173282049246,,0.0,0.0
hard,BestFinal_adaptive_v1_cap0,100,0.2,0.6,10,10,1.0,0,0,0,25.04735,57.79753999999999,25.04735,57.79753999999999,10354.0,24172.499999999996,7634944.0,7634944.0,0.1314157716344671,,0.0,0.0
hard,BestFinal_adaptive_v1_cap0,100,0.2,0.8,10,10,1.0,0,0,0,9.27475,19.21903,9.27475,19.21903,3899.0,7861.8,7634944.0,7634944.0,0.14734149436748964,,0.0,0.0
hard,BestFinal_adaptive_v1_cap0,100,0.4,0.2,10,10,1.0,0,0,0,0.008150000000000001,0.02607,0.008150000000000001,0.02607,2.0,9.1,7634944.0,7634944.0,0.0,,0.0,0.0
hard,BestFinal_adaptive_v1_cap0,100,0.4,0.4,10,10,1.0,0,0,0,1.8444500000000001,4.10546,1.8444500000000001,4.10546,805.0,1804.8999999999999,7634944.0,7634944.0,0.08885996892931419,,0.0,0.0
hard,BestFinal_adaptive_v1_cap0,100,0.4,0.6,10,10,1.0,0,0,0,10.17555,20.610039999999994,10.17555,20.610039999999994,4271.0,8542.699999999997,7634944.0,7634944.0,0.16152142836843814,,0.0,0.0
hard,BestFinal_adaptive_v1_cap0,100,0.4,0.8,10,10,1.0,0,0,0,0.7455499999999999,1.7451999999999996,0.7455499999999999,1.7451999999999996,309.0,728.6999999999998,7634944.0,7634944.0,0.0892167489662371,,0.0,0.0
hard,BestFinal_adaptive_v1_cap0,100,0.6,0.2,10,10,1.0,0,0,0,0.00415,0.00565,0.00415,0.00565,1.0,1.0,7634944.0,7634944.0,0.0,,0.0,0.0
hard,BestFinal_adaptive_v1_cap0,100,0.6,0.4,10,10,1.0,0,0,0,0.45620000000000005,1.21734,0.45620000000000005,1.21734,199.5,529.5,7634944.0,7634944.0,0.06942419075059536,,0.0,0.0
hard,BestFinal_adaptive_v1_cap0,100,0.6,0.6,10,10,1.0,0,0,0,3.67975,7.353789999999998,3.67975,7.353789999999998,1610.0,3217.499999999999,7634944.0,7634944.0,0.12379894872848209,,0.0,0.0
hard,BestFinal_adaptive_v1_cap0,100,0.6,0.8,10,10,1.0,0,0,0,0.30510000000000004,0.43755999999999995,0.30510000000000004,0.43755999999999995,119.5,178.29999999999998,7634944.0,7634944.0,0.041420224076622054,,0.0,0.0
hard,BestFinal_adaptive_v1_cap0,100,0.8,0.2,10,10,1.0,0,0,0,0.004,0.00435,0.004,0.00435,1.0,1.0,7634944.0,7634944.0,0.0,,0.0,0.0
hard,BestFinal_adaptive_v1_cap0,100,0.8,0.4,10,10,1.0,0,0,0,0.04725,0.5581499999999999,0.04725,0.5581499999999999,17.5,239.49999999999997,7634944.0,7634944.0,0.0,,0.0,0.0
hard,BestFinal_adaptive_v1_cap0,100,0.8,0.6,10,10,1.0,0,0,0,1.0428,2.9422699999999997,1.0428,2.9422699999999997,457.5,1322.1,7634944.0,7634944.0,0.1024465944003865,,0.0,0.0
hard,BestFinal_adaptive_v1_cap0,100,0.8,0.8,10,10,1.0,0,0,0,0.2636,0.32210999999999995,0.2636,0.32210999999999995,102.0,130.8,7634944.0,7634944.0,0.029944552298216454,,0.0,0.0
hard,BestFinal_adaptive_v1_cap0,100,1.0,0.2,10,10,1.0,0,0,0,0.0042,0.004899999999999999,0.0042,0.004899999999999999,1.0,1.0,7634944.0,7634944.0,0.0,,0.0,0.0
hard,BestFinal_adaptive_v1_cap0,100,1.0,0.4,10,10,1.0,0,0,0,0.0042,0.16834999999999997,0.0042,0.16834999999999997,1.0,70.6,7634944.0,7634944.0,0.0,,0.0,0.0
hard,BestFinal_adaptive_v1_cap0,100,1.0,0.6,10,10,1.0,0,0,0,0.36205,0.9750699999999999,0.36205,0.9750699999999999,158.0,434.29999999999995,7634944.0,7634944.0,0.07356626861270824,,0.0,0.0
hard,BestFinal_adaptive_v1_cap0,100,1.0,0.8,10,10,1.0,0,0,0,0.23695,0.28537,0.23695,0.28537,90.0,112.6,7634944.0,7634944.0,0.0205481843575419,,0.0,0.0
hard,BestFinal_adaptive_v1_cap0,200,0.2,0.2,10,10,1.0,0,0,0,4.1171,8.66331,4.1171,8.66331,1776.5,3870.1,6270976.0,6521241.6,0.044431498002674846,,0.0,0.0
hard,BestFinal_adaptive_v1_cap0,200,0.2,0.4,10,10,1.0,0,0,0,179.7352,266.08169000000004,179.7352,266.08169000000004,68544.0,97676.5,15032320.0,17654169.6,0.1306993807854686,,0.0,0.0
hard,BestFinal_adaptive_v1_cap0,200,0.2,0.6,10,10,1.0,0,0,0,442.69939999999997,643.44081,442.69939999999997,643.44081,154898.5,218667.8,33050624.0,33898496.0,0.15303819635153457,,0.0,0.0
hard,BestFinal_adaptive_v1_cap0,200,0.2,0.8,10,10,1.0,0,0,0,164.7031,227.74609999999998,164.7031,227.74609999999998,54913.0,78324.7,33898496.0,33898496.0,0.21683360654339448,,0.0,0.0
hard,BestFinal_adaptive_v1_cap0,200,0.4,0.2,10,10,1.0,0,0,0,0.0056,0.04336,0.0056,0.04336,1.0,15.0,33898496.0,33898496.0,0.0,,0.0,0.0
hard,BestFinal_adaptive_v1_cap0,200,0.4,0.4,10,10,1.0,0,0,0,28.65215,48.79709,28.65215,48.79709,11346.5,18696.6,33898496.0,33898496.0,0.15531395229582376,,0.0,0.0
hard,BestFinal_adaptive_v1_cap0,200,0.4,0.6,10,10,1.0,0,0,0,154.3558,204.50794,154.3558,204.50794,50711.5,70676.4,33898496.0,33898496.0,0.2304929268361104,,0.0,0.0
hard,BestFinal_adaptive_v1_cap0,200,0.4,0.8,10,10,1.0,0,0,0,5.838100000000001,13.940849999999992,5.838100000000001,13.940849999999992,2425.0,5637.399999999997,33898496.0,33898496.0,0.1768206174106673,,0.0,0.0
hard,BestFinal_adaptive_v1_cap0,200,0.6,0.2,10,10,1.0,0,0,0,0.0056,0.007679999999999999,0.0056,0.007679999999999999,1.0,1.0,33898496.0,33898496.0,0.0,,0.0,0.0
hard,BestFinal_adaptive_v1_cap0,200,0.6,0.4,10,10,1.0,0,0,0,3.13135,8.07526,3.13135,8.07526,1300.5,3447.8999999999996,33898496.0,33898496.0,0.10699912780833097,,0.0,0.0
hard,BestFinal_adaptive_v1_cap0,200,0.6,0.6,10,10,1.0,0,0,0,44.403999999999996,79.52226999999999,44.403999999999996,79.52226999999999,16599.0,27989.999999999996,33898496.0,33898496.0,0.23652816996471812,,0.0,0.0
hard,BestFinal_adaptive_v1_cap0,200,0.6,0.8,10,10,1.0,0,0,0,0.7817000000000001,1.709689999999999,0.7817000000000001,1.709689999999999,273.5,604.4999999999995,33898496.0,33898496.0,0.07033729799143551,,0.0,0.0
hard,BestFinal_adaptive_v1_cap0,200,0.8,0.2,10,10,1.0,0,0,0,0.0049499999999999995,0.00701,0.0049499999999999995,0.00701,1.0,1.0,33898496.0,33898496.0,0.0,,0.0,0.0
hard,BestFinal_adaptive_v1_cap0,200,0.8,0.4,10,10,1.0,0,0,0,0.0377,0.16788999999999998,0.0377,0.16788999999999998,11.5,66.2,33898496.0,33898496.0,0.0,,0.0,0.0
hard,BestFinal_adaptive_v1_cap0,200,0.8,0.6,10,10,1.0,0,0,0,6.791,35.6152,6.791,35.6152,2907.0,13725.3,33898496.0,33898496.0,0.15563279697799154,,0.0,0.0
hard,BestFinal_adaptive_v1_cap0,200,0.8,0.8,10,10,1.0,0,0,0,0.69095,0.89909,0.69095,0.89909,236.5,325.9,33898496.0,33898496.0,0.04876337339849426,,0.0,0.0
hard,BestFinal_adaptive_v1_cap0,200,1.0,0.2,10,10,1.0,0,0,0,0.0052,0.00622,0.0052,0.00622,1.0,1.0,33898496.0,33898496.0,0.0,,0.0,0.0
hard,BestFinal_adaptive_v1_cap0,200,1.0,0.4,10,10,1.0,0,0,0,0.0047,0.00556,0.0047,0.00556,1.0,1.0,33898496.0,33898496.0,0.0,,0.0,0.0
hard,BestFinal_adaptive_v1_cap0,200,1.0,0.6,10,10,1.0,0,0,0,1.1877,4.240099999999998,1.1877,4.240099999999998,489.5,1818.2999999999993,33898496.0,33898496.0,0.10617501647989452,,0.0,0.0
hard,BestFinal_adaptive_v1_cap0,200,1.0,0.8,10,10,1.0,0,0,0,0.6271,0.81143,0.6271,0.81143,212.5,310.4,33898496.0,33898496.0,0.045964406881737696,,0.0,0.0
hard,BestFinal_adaptive_v1_cap0,300,0.2,0.2,10,10,1.0,0,0,0,24.12795,36.75808,24.12795,36.75808,10094.0,15548.4,10223616.0,10235904.0,0.08509316577261494,,0.0,0.0
hard,BestFinal_adaptive_v1_cap0,300,0.2,0.4,10,10,1.0,0,0,0,929.9793,1364.71717,929.9793,1364.71717,318901.5,443632.0,55300096.0,55300096.0,0.14426348524250976,,0.0,0.0
hard,BestFinal_adaptive_v1_cap0,300,0.2,0.6,10,10,1.0,0,0,0,2246.8044,3415.9519799999994,2246.8044,3415.9519799999994,673964.0,983232.4999999999,171225088.0,171225088.0,0.1525630339943443,,0.0,0.0
hard,BestFinal_adaptive_v1_cap0,300,0.2,0.8,10,10,1.0,0,0,0,540.51655,1191.9744099999994,540.51655,1191.9744099999994,162003.0,343201.9999999999,171225088.0,171225088.0,0.22926096018892872,,0.0,0.0
hard,BestFinal_adaptive_v1_cap0,300,0.4,0.2,10,10,1.0,0,0,0,0.006,0.03593999999999999,0.006,0.03593999999999999,1.0,11.399999999999999,171225088.0,171225088.0,0.0,,0.0,0.0
hard,BestFinal_adaptive_v1_cap0,300,0.4,0.4,10,10,1.0,0,0,0,155.52280000000002,246.04052,155.52280000000002,246.04052,55370.0,88132.3,171225088.0,171225088.0,0.2177972160033792,,0.0,0.0
hard,BestFinal_adaptive_v1_cap0,300,0.4,0.6,10,10,1.0,0,0,0,471.25155,1486.49023,471.25155,1486.49023,137303.0,367511.9,171225088.0,171225088.0,0.2700514109186948,,0.0,0.0
hard,BestFinal_adaptive_v1_cap0,300,0.4,0.8,10,10,1.0,0,0,0,4.72445,83.66954999999999,4.72445,83.66954999999999,1851.0,28510.299999999996,171225088.0,171225088.0,0.16269910113685807,,0.0,0.0
hard,BestFinal_adaptive_v1_cap0,300,0.6,0.2,10,10,1.0,0,0,0,0.0052,0.00762,0.0052,0.00762,1.0,1.0,171225088.0,171225088.0,0.0,,0.0,0.0
hard,BestFinal_adaptive_v1_cap0,300,0.6,0.4,10,10,1.0,0,0,0,11.4164,19.84527,11.4164,19.84527,4833.5,7997.799999999999,171225088.0,171225088.0,0.17780595469677896,,0.0,0.0
hard,BestFinal_adaptive_v1_cap0,300,0.6,0.6,10,10,1.0,0,0,0,128.78485,472.5391899999999,128.78485,472.5391899999999,42961.5,130297.39999999998,171225088.0,171225088.0,0.3228006084124939,,0.0,0.0
hard,BestFinal_adaptive_v1_cap0,300,0.6,0.8,10,10,1.0,0,0,0,1.2166000000000001,1.50846,1.2166000000000001,1.50846,373.5,505.3999999999999,171225088.0,171225088.0,0.06370753749247607,,0.0,0.0
hard,BestFinal_adaptive_v1_cap0,300,0.8,0.2,10,10,1.0,0,0,0,0.0056,0.008869999999999996,0.0056,0.008869999999999996,1.0,1.0,171225088.0,171225088.0,0.0,,0.0,0.0
hard,BestFinal_adaptive_v1_cap0,300,0.8,0.4,10,10,1.0,0,0,0,0.07035,0.4572999999999999,0.07035,0.4572999999999999,24.0,197.69999999999993,171225088.0,171225088.0,0.008928571428571428,,0.0,0.0
hard,BestFinal_adaptive_v1_cap0,300,0.8,0.6,10,10,1.0,0,0,0,21.764899999999997,94.20157999999994,21.764899999999997,94.20157999999994,8400.0,33153.29999999999,171225088.0,171225088.0,0.23700362396821611,,0.0,0.0
hard,BestFinal_adaptive_v1_cap0,300,0.8,0.8,10,10,1.0,0,0,0,1.0877,1.1850599999999998,1.0877,1.1850599999999998,308.5,335.3999999999999,171225088.0,171225088.0,0.029645929031661373,,0.0,0.0
hard,BestFinal_adaptive_v1_cap0,300,1.0,0.2,10,10,1.0,0,0,0,0.006699999999999999,0.00832,0.006699999999999999,0.00832,1.0,1.0,171225088.0,171225088.0,0.0,,0.0,0.0
hard,BestFinal_adaptive_v1_cap0,300,1.0,0.4,10,10,1.0,0,0,0,0.00565,0.0064199999999999995,0.00565,0.0064199999999999995,1.0,1.0,171225088.0,171225088.0,0.0,,0.0,0.0
hard,BestFinal_adaptive_v1_cap0,300,1.0,0.6,10,10,1.0,0,0,0,1.63925,5.125869999999994,1.63925,5.125869999999994,643.5,2083.0999999999976,171225088.0,171225088.0,0.12177606565767346,,0.0,0.0
hard,BestFinal_adaptive_v1_cap0,300,1.0,0.8,10,10,1.0,0,0,0,0.9828,1.09264,0.9828,1.09264,291.5,317.0,171225088.0,171225088.0,0.03080424174174174,,0.0,0.0
hard,BestFinal_adaptive_v1_cap0,400,0.2,0.2,10,10,1.0,0,0,0,55.07325,72.28511,55.07325,72.28511,21567.5,30014.8,14673920.0,15372288.0,0.10144688089025808,,0.0,0.0
hard,BestFinal_adaptive_v1_cap0,400,0.2,0.4,10,10,1.0,0,0,0,2904.9128,4132.3535,2904.9128,4132.3535,886400.5,1222605.8,158728192.0,215998464.0,0.14366013795963495,,0.0,0.0
hard,BestFinal_adaptive_v1_cap0,400,0.2,0.6,10,10,1.0,0,0,0,7809.2661,8896.549289999999,7809.2661,8896.549289999999,1979474.0,2308510.0,321699840.0,357756928.0,0.1439803299048148,,0.0,0.0
hard,BestFinal_adaptive_v1_cap0,400,0.2,0.8,10,10,1.0,0,0,0,2550.06685,3590.0505399999993,2550.06685,3590.0505399999993,638029.0,878517.2999999999,357756928.0,357756928.0,0.19293016226896953,,0.0,0.0
hard,BestFinal_adaptive_v1_cap0,400,0.4,0.2,10,10,1.0,0,0,0,0.0069,0.03671,0.0069,0.03671,1.0,9.399999999999999,357756928.0,357756928.0,0.0,,0.0,0.0
hard,BestFinal_adaptive_v1_cap0,400,0.4,0.4,10,10,1.0,0,0,0,316.62175,667.7008999999999,316.62175,667.7008999999999,104271.5,208396.99999999997,357756928.0,357756928.0,0.21331579861825278,,0.0,0.0
hard,BestFinal_adaptive_v1_cap0,400,0.4,0.6,10,10,1.0,0,0,0,2166.9484,3345.87981,2166.9484,3345.87981,534408.0,807076.2,357756928.0,357756928.0,0.26232741627071865,,0.0,0.0
hard,BestFinal_adaptive_v1_cap0,400,0.4,0.8,10,10,1.0,0,0,0,16.16435,57.70391999999999,16.16435,57.70391999999999,5894.0,20236.599999999995,357756928.0,357756928.0,0.2129064332290842,,0.0,0.0
hard,BestFinal_adaptive_v1_cap0,400,0.6,0.2,10,10,1.0,0,0,0,0.006500000000000001,0.00831,0.006500000000000001,0.00831,1.0,1.0,357756928.0,357756928.0,0.0,,0.0,0.0
hard,BestFinal_adaptive_v1_cap0,400,0.6,0.4,10,10,1.0,0,0,0,26.918100000000003,40.528469999999984,26.918100000000003,40.528469999999984,10502.5,15161.399999999992,357756928.0,357756928.0,0.19826369467121618,,0.0,0.0
hard,BestFinal_adaptive_v1_cap0,400,0.6,0.6,10,10,1.0,0,0,0,552.25385,1107.29667,552.25385,1107.29667,148642.0,282032.4,357756928.0,357756928.0,0.3723119486920001,,0.0,0.0
hard,BestFinal_adaptive_v1_cap0,400,0.6,0.8,10,10,1.0,0,0,0,2.057,2.4799800000000003,2.057,2.4799800000000003,554.0,809.0,357756928.0,357756928.0,0.07236523171749126,,0.0,0.0
hard,BestFinal_adaptive_v1_cap0,400,0.8,0.2,10,10,1.0,0,0,0,0.007,0.01004,0.007,0.01004,1.0,1.0,357756928.0,357756928.0,0.0,,0.0,0.0
hard,BestFinal_adaptive_v1_cap0,400,0.8,0.4,10,10,1.0,0,0,0,0.0077,0.4350899999999997,0.0077,0.4350899999999997,1.0,168.89999999999986,357756928.0,357756928.0,0.0,,0.0,0.0
hard,BestFinal_adaptive_v1_cap0,400,0.8,0.6,10,10,1.0,0,0,0,65.5406,104.10273,65.5406,104.10273,23637.0,34692.9,357756928.0,357756928.0,0.2852657923236174,,0.0,0.0
hard,BestFinal_adaptive_v1_cap0,400,0.8,0.8,10,10,1.0,0,0,0,1.8167,2.05757,1.8167,2.05757,472.0,623.4,357756928.0,357756928.0,0.036109952255133734,,0.0,0.0
hard,BestFinal_adaptive_v1_cap0,400,1.0,0.2,10,10,1.0,0,0,0,0.00625,0.00778,0.00625,0.00778,1.0,1.0,357756928.0,357756928.0,0.0,,0.0,0.0
hard,BestFinal_adaptive_v1_cap0,400,1.0,0.4,10,10,1.0,0,0,0,0.0063,0.00836,0.0063,0.00836,1.0,1.0,357756928.0,357756928.0,0.0,,0.0,0.0
hard,BestFinal_adaptive_v1_cap0,400,1.0,0.6,10,10,1.0,0,0,0,2.7908,10.275059999999996,2.7908,10.275059999999996,1103.5,4149.499999999999,357756928.0,357756928.0,0.11463504534984201,,0.0,0.0
hard,BestFinal_adaptive_v1_cap0,400,1.0,0.8,10,10,1.0,0,0,0,1.633,1.9020199999999996,1.633,1.9020199999999996,423.5,554.3,357756928.0,357756928.0,0.03622700803032211,,0.0,0.0
hard,BestFinal_adaptive_v1_cap0,500,0.2,0.2,10,10,1.0,0,0,0,146.92964999999998,250.76471999999998,146.92964999999998,250.76471999999998,57413.5,91981.4,25262080.0,27402649.599999998,0.1183851784478056,,0.0,0.0
hard,BestFinal_adaptive_v1_cap0,500,0.2,0.4,10,10,1.0,0,0,0,8760.23085,9312.173359999999,8760.23085,9312.173359999999,2386171.5,2578325.5,527245312.0,527245312.0,0.13945361089566177,,0.0,0.0
hard,BestFinal_adaptive_v1_cap0,500,0.2,0.6,10,10,1.0,0,0,0,20032.8494,23764.74301,20032.8494,23764.74301,4502128.5,5452698.699999999,836673536.0,836673536.0,0.1364266151646611,,0.0,0.0
hard,BestFinal_adaptive_v1_cap0,500,0.2,0.8,10,10,1.0,0,0,0,6469.5107,8126.2126100000005,6469.5107,8126.2126100000005,1405819.5,1648770.5,836673536.0,836673536.0,0.1859195387377656,,0.0,0.0
hard,BestFinal_adaptive_v1_cap0,500,0.4,0.2,10,10,1.0,0,0,0,0.0174,0.03987999999999999,0.0174,0.03987999999999999,2.5,9.599999999999998,836673536.0,836673536.0,0.0,,0.0,0.0
hard,BestFinal_adaptive_v1_cap0,500,0.4,0.4,10,10,1.0,0,0,0,1383.2321000000002,1814.74273,1383.2321000000002,1814.74273,386896.5,502647.69999999995,836673536.0,836673536.0,0.19273170068559414,,0.0,0.0
hard,BestFinal_adaptive_v1_cap0,500,0.4,0.6,10,10,1.0,0,0,0,5932.10265,8251.81742,5932.10265,8251.81742,1307019.5,1752888.9,836673536.0,836673536.0,0.21970825184698906,,0.0,0.0
hard,BestFinal_adaptive_v1_cap0,500,0.4,0.8,10,10,1.0,0,0,0,28.860400000000002,67.59384999999996,28.860400000000002,67.59384999999996,10939.5,23678.59999999999,836673536.0,836673536.0,0.25519079315844617,,0.0,0.0
hard,BestFinal_adaptive_v1_cap0,500,0.6,0.2,10,10,1.0,0,0,0,0.0071,0.014279999999999994,0.0071,0.014279999999999994,1.0,1.0,836673536.0,836673536.0,0.0,,0.0,0.0
hard,BestFinal_adaptive_v1_cap0,500,0.6,0.4,10,10,1.0,0,0,0,80.81535,150.97448,80.81535,150.97448,27810.5,49622.0,836673536.0,836673536.0,0.25806266322197347,,0.0,0.0
hard,BestFinal_adaptive_v1_cap0,500,0.6,0.6,10,10,1.0,0,0,0,1307.2111,2057.5710299999996,1307.2111,2057.5710299999996,319953.0,488262.49999999994,836673536.0,836673536.0,0.38647039941809924,,0.0,0.0
hard,BestFinal_adaptive_v1_cap0,500,0.6,0.8,10,10,1.0,0,0,0,2.96895,4.0403400000000005,2.96895,4.0403400000000005,758.0,1277.6,836673536.0,836673536.0,0.08348138278184913,,0.0,0.0
hard,BestFinal_adaptive_v1_cap0,500,0.8,0.2,10,10,1.0,0,0,0,0.007549999999999999,0.01021,0.007549999999999999,0.01021,1.0,1.0,836673536.0,836673536.0,0.0,,0.0,0.0
hard,BestFinal_adaptive_v1_cap0,500,0.8,0.4,10,10,1.0,0,0,0,0.060149999999999995,0.2674799999999994,0.060149999999999995,0.2674799999999994,17.5,106.39999999999975,836673536.0,836673536.0,0.0,,0.0,0.0
hard,BestFinal_adaptive_v1_cap0,500,0.8,0.6,10,10,1.0,0,0,0,51.93545,253.71186999999995,51.93545,253.71186999999995,19054.0,73138.29999999999,836673536.0,836673536.0,0.2683384096107769,,0.0,0.0
hard,BestFinal_adaptive_v1_cap0,500,0.8,0.8,10,10,1.0,0,0,0,2.6003,2.77885,2.6003,2.77885,647.0,738.1,836673536.0,836673536.0,0.04709005947323704,,0.0,0.0
hard,BestFinal_adaptive_v1_cap0,500,1.0,0.2,10,10,1.0,0,0,0,0.00685,0.00813,0.00685,0.00813,1.0,1.0,836673536.0,836673536.0,0.0,,0.0,0.0
hard,BestFinal_adaptive_v1_cap0,500,1.0,0.4,10,10,1.0,0,0,0,0.0066,0.00814,0.0066,0.00814,1.0,1.0,836673536.0,836673536.0,0.0,,0.0,0.0
hard,BestFinal_adaptive_v1_cap0,500,1.0,0.6,10,10,1.0,0,0,0,3.49805,16.574659999999998,3.49805,16.574659999999998,1239.5,6570.099999999999,836673536.0,836673536.0,0.12361062567749648,,0.0,0.0
hard,BestFinal_adaptive_v1_cap0,500,1.0,0.8,10,10,1.0,0,0,0,2.2808,2.42149,2.2808,2.42149,507.5,643.3,836673536.0,836673536.0,0.03606291786885111,,0.0,0.0
hard,BestFinal_adaptive_v1_cap0,600,0.2,0.2,10,10,1.0,0,0,0,378.23875,576.0670299999999,378.23875,576.0670299999999,138351.5,209471.1,53567488.0,53567488.0,0.1284002372180317,,0.0,0.0
hard,BestFinal_adaptive_v1_cap0,600,0.2,0.4,10,10,1.0,0,0,0,14462.275450000001,18161.40337,14462.275450000001,18161.40337,3591595.0,4443262.1,928755712.0,929439744.0,0.13978513091966444,,0.0,0.0
hard,BestFinal_adaptive_v1_cap0,600,0.2,0.6,10,10,1.0,0,0,0,33369.7282,49146.07982,33369.7282,49146.07982,6848875.0,10105719.6,2058518528.0,2058518528.0,0.13379521286753873,,0.0,0.0
hard,BestFinal_adaptive_v1_cap0,600,0.2,0.8,10,10,1.0,0,0,0,13338.466250000001,18923.61485,13338.466250000001,18923.61485,2560233.5,3563341.9,2058518528.0,2058518528.0,0.19125649833974498,,0.0,0.0
hard,BestFinal_adaptive_v1_cap0,600,0.4,0.2,10,10,1.0,0,0,0,0.0257,0.05676999999999998,0.0257,0.05676999999999998,4.5,12.299999999999999,2058518528.0,2058518528.0,0.0,,0.0,0.0
hard,BestFinal_adaptive_v1_cap0,600,0.4,0.4,10,10,1.0,0,0,0,2237.0793,2888.6680099999994,2237.0793,2888.6680099999994,611262.0,763017.4999999999,2058518528.0,2058518528.0,0.18837218894360533,,0.0,0.0
hard,BestFinal_adaptive_v1_cap0,600,0.4,0.6,10,10,1.0,0,0,0,9992.45895,13880.933239999998,9992.45895,13880.933239999998,2042521.5,2670708.9,2058518528.0,2058518528.0,0.23131493912208292,,0.0,0.0
hard,BestFinal_adaptive_v1_cap0,600,0.4,0.8,10,10,1.0,0,0,0,48.405750000000005,140.95891999999998,48.405750000000005,140.95891999999998,16654.0,42603.299999999996,2058518528.0,2058518528.0,0.24792761686197787,,0.0,0.0
hard,BestFinal_adaptive_v1_cap0,600,0.6,0.2,10,10,1.0,0,0,0,0.007350000000000001,0.010239999999999999,0.007350000000000001,0.010239999999999999,1.0,1.0,2058518528.0,2058518528.0,0.0,,0.0,0.0
hard,BestFinal_adaptive_v1_cap0,600,0.6,0.4,10,10,1.0,0,0,0,149.01175,196.09824,149.01175,196.09824,48970.5,65018.799999999996,2058518528.0,2058518528.0,0.27301683761506024,,0.0,0.0
hard,BestFinal_adaptive_v1_cap0,600,0.6,0.6,10,10,1.0,0,0,0,2293.8540000000003,3183.72023,2293.8540000000003,3183.72023,464192.5,631586.9,2058518528.0,2058518528.0,0.37711158907589803,,0.0,0.0
hard,BestFinal_adaptive_v1_cap0,600,0.6,0.8,10,10,1.0,0,0,0,3.7558,4.343719999999999,3.7558,4.343719999999999,918.0,1129.6,2058518528.0,2058518528.0,0.07881749637516096,,0.0,0.0
hard,BestFinal_adaptive_v1_cap0,600,0.8,0.2,10,10,1.0,0,0,0,0.0081,0.011009999999999999,0.0081,0.011009999999999999,1.0,1.0,2058518528.0,2058518528.0,0.0,,0.0,0.0
hard,BestFinal_adaptive_v1_cap0,600,0.8,0.4,10,10,1.0,0,0,0,0.05115,0.18259999999999998,0.05115,0.18259999999999998,14.0,56.0,2058518528.0,2058518528.0,0.0,,0.0,0.0
hard,BestFinal_adaptive_v1_cap0,600,0.8,0.6,10,10,1.0,0,0,0,148.46820000000002,335.60946999999993,148.46820000000002,335.60946999999993,47001.0,93570.29999999997,2058518528.0,2058518528.0,0.3307914334274148,,0.0,0.0
hard,BestFinal_adaptive_v1_cap0,600,0.8,0.8,10,10,1.0,0,0,0,3.28155,3.6208899999999997,3.28155,3.6208899999999997,688.5,871.4999999999999,2058518528.0,2058518528.0,0.04577612640236644,,0.0,0.0
hard,BestFinal_adaptive_v1_cap0,600,1.0,0.2,10,10,1.0,0,0,0,0.0075,0.00889,0.0075,0.00889,1.0,1.0,2058518528.0,2058518528.0,0.0,,0.0,0.0
hard,BestFinal_adaptive_v1_cap0,600,1.0,0.4,10,10,1.0,0,0,0,0.0074,0.00953,0.0074,0.00953,1.0,1.0,2058518528.0,2058518528.0,0.0,,0.0,0.0
hard,BestFinal_adaptive_v1_cap0,600,1.0,0.6,10,10,1.0,0,0,0,4.3292,13.740289999999996,4.3292,13.740289999999996,1611.0,5262.199999999999,2058518528.0,2058518528.0,0.15415046486393782,,0.0,0.0
hard,BestFinal_adaptive_v1_cap0,600,1.0,0.8,10,10,1.0,0,0,0,2.9092000000000002,3.13323,2.9092000000000002,3.13323,630.0,683.5,2058518528.0,2058518528.0,0.0365081860313468,,0.0,0.0
hard,BestFinal_adaptive_v1_cap0,700,0.2,0.2,10,10,1.0,0,0,0,487.54575,966.2035699999999,487.54575,966.2035699999999,177224.5,327394.1,78360576.0,78360576.0,0.13901453720738466,,0.0,0.0
hard,BestFinal_adaptive_v1_cap0,700,0.2,0.4,10,10,1.0,0,0,0,26632.4574,31334.233729999996,26632.4574,31334.233729999996,6137338.0,7268818.8,1492197376.0,1492197376.0,0.13939849839488866,,0.0,0.0
hard,BestFinal_adaptive_v1_cap0,700,0.2,0.6,10,10,1.0,0,0,0,69010.2003,85425.89323,69010.2003,85425.89323,13058678.5,16153365.299999999,3310272512.0,3310449049.6,0.13683875401252363,,0.0,0.0
hard,BestFinal_adaptive_v1_cap0,700,0.2,0.8,10,10,1.0,0,0,0,25233.0539,35052.76833,25233.0539,35052.76833,4305709.5,6078768.7,3312037888.0,3312037888.0,0.16609185529732934,,0.0,0.0
hard,BestFinal_adaptive_v1_cap0,700,0.4,0.2,10,10,1.0,0,0,0,0.0131,0.045299999999999986,0.0131,0.045299999999999986,1.0,10.299999999999999,3312037888.0,3312037888.0,0.0,,0.0,0.0
hard,BestFinal_adaptive_v1_cap0,700,0.4,0.4,10,10,1.0,0,0,0,3903.16675,5516.20225,3903.16675,5516.20225,957210.0,1295950.7,3312037888.0,3312037888.0,0.19871408447223476,,0.0,0.0
hard,BestFinal_adaptive_v1_cap0,700,0.4,0.6,10,10,1.0,0,0,0,19370.394249999998,29338.875089999998,19370.394249999998,29338.875089999998,3429194.5,5249189.6,3312037888.0,3312037888.0,0.2111962239200575,,0.0,0.0
hard,BestFinal_adaptive_v1_cap0,700,0.4,0.8,10,10,1.0,0,0,0,67.986,162.57900999999993,67.986,162.57900999999993,22871.0,49108.39999999998,3312037888.0,3312037888.0,0.28586116526030186,,0.0,0.0
hard,BestFinal_adaptive_v1_cap0,700,0.6,0.2,10,10,1.0,0,0,0,0.0078000000000000005,0.01065,0.0078000000000000005,0.01065,1.0,1.0,3312037888.0,3312037888.0,0.0,,0.0,0.0
hard,BestFinal_adaptive_v1_cap0,700,0.6,0.4,10,10,1.0,0,0,0,188.48805,313.22166,188.48805,313.22166,60225.5,93799.59999999999,3312037888.0,3312037888.0,0.30520708183769124,,0.0,0.0
hard,BestFinal_adaptive_v1_cap0,700,0.6,0.6,10,10,1.0,0,0,0,3221.6922000000004,8268.16737,3221.6922000000004,8268.16737,591737.0,1341963.9,3312037888.0,3312037888.0,0.40836034066861737,,0.0,0.0
hard,BestFinal_adaptive_v1_cap0,700,0.6,0.8,10,10,1.0,0,0,0,4.539,4.746579999999999,4.539,4.746579999999999,1011.0,1130.3,3312037888.0,3312037888.0,0.07379199219147992,,0.0,0.0
hard,BestFinal_adaptive_v1_cap0,700,0.8,0.2,10,10,1.0,0,0,0,0.007949999999999999,0.01222,0.007949999999999999,0.01222,1.0,1.0,3312037888.0,3312037888.0,0.0,,0.0,0.0
hard,BestFinal_adaptive_v1_cap0,700,0.8,0.4,10,10,1.0,0,0,0,0.05315,0.10372999999999998,0.05315,0.10372999999999998,13.5,34.39999999999999,3312037888.0,3312037888.0,0.0,,0.0,0.0
hard,BestFinal_adaptive_v1_cap0,700,0.8,0.6,10,10,1.0,0,0,0,134.82945,505.6481899999999,134.82945,505.6481899999999,46244.0,124440.79999999997,3312037888.0,3312037888.0,0.3039777017576928,,0.0,0.0
hard,BestFinal_adaptive_v1_cap0,700,0.8,0.8,10,10,1.0,0,0,0,3.9850000000000003,4.33318,3.9850000000000003,4.33318,808.5,935.3,3312037888.0,3312037888.0,0.05993852459016394,,0.0,0.0
hard,BestFinal_adaptive_v1_cap0,700,1.0,0.2,10,10,1.0,0,0,0,0.00775,0.009999999999999998,0.00775,0.009999999999999998,1.0,1.0,3312037888.0,3312037888.0,0.0,,0.0,0.0
hard,BestFinal_adaptive_v1_cap0,700,1.0,0.4,10,10,1.0,0,0,0,0.0079,0.00971,0.0079,0.00971,1.0,1.0,3312037888.0,3312037888.0,0.0,,0.0,0.0
hard,BestFinal_adaptive_v1_cap0,700,1.0,0.6,10,10,1.0,0,0,0,6.6459,9.626969999999998,6.6459,9.626969999999998,2613.5,3834.2999999999997,3312037888.0,3312037888.0,0.1326073307429122,,0.0,0.0
hard,BestFinal_adaptive_v1_cap0,700,1.0,0.8,10,10,1.0,0,0,0,3.64755,3.79042,3.64755,3.79042,743.5,832.1,3312037888.0,3312037888.0,0.038995732014173494,,0.0,0.0
hard,BestFinal_adaptive_v1_cap0,800,0.2,0.2,10,10,1.0,0,0,0,958.2099499999999,1467.9098000000001,958.2099499999999,1467.9098000000001,324246.5,477540.6,125001728.0,125054976.0,0.13763783495718446,,0.0,0.0
hard,BestFinal_adaptive_v1_cap0,800,0.2,0.4,10,10,1.0,0,0,0,46437.93355,60041.84219,46437.93355,60041.84219,9901290.5,12356282.9,2533302272.0,2533302272.0,0.13940482306912622,,0.0,0.0
hard,BestFinal_adaptive_v1_cap0,800,0.2,0.6,10,10,1.0,0,0,0,125813.26855000001,153291.35847999997,125813.26855000001,153291.35847999997,21485153.5,25848497.4,5648470016.0,5648470016.0,0.13635271848897704,,0.0,0.0
hard,BestFinal_adaptive_v1_cap0,800,0.2,0.8,10,10,1.0,0,0,0,50071.55115,65081.0138,50071.55115,65081.0138,7668148.0,9597614.6,5648470016.0,5648470016.0,0.1761257559042035,,0.0,0.0
hard,BestFinal_adaptive_v1_cap0,800,0.4,0.2,10,10,1.0,0,0,0,0.0218,0.05403,0.0218,0.05403,3.5,11.1,5648470016.0,5648470016.0,0.0,,0.0,0.0
hard,BestFinal_adaptive_v1_cap0,800,0.4,0.4,10,10,1.0,0,0,0,7731.73665,9099.48215,7731.73665,9099.48215,1748136.5,2057464.7999999998,5648470016.0,5648470016.0,0.18584126776374335,,0.0,0.0
hard,BestFinal_adaptive_v1_cap0,800,0.4,0.6,10,10,1.0,0,0,0,38254.599799999996,50190.67016999999,38254.599799999996,50190.67016999999,5929810.5,7819751.199999999,5648470016.0,5648470016.0,0.20658669942667185,,0.0,0.0
hard,BestFinal_adaptive_v1_cap0,800,0.4,0.8,10,10,1.0,0,0,0,126.4682,271.55661,126.4682,271.55661,39841.5,76352.5,5648470016.0,5648470016.0,0.31706048047509705,,0.0,0.0
hard,BestFinal_adaptive_v1_cap0,800,0.6,0.2,10,10,1.0,0,0,0,0.0076,0.009219999999999999,0.0076,0.009219999999999999,1.0,1.0,5648470016.0,5648470016.0,0.0,,0.0,0.0
hard,BestFinal_adaptive_v1_cap0,800,0.6,0.4,10,10,1.0,0,0,0,389.4072,533.08724,389.4072,533.08724,113332.0,143605.39999999997,5648470016.0,5648470016.0,0.32820041054694354,,0.0,0.0
hard,BestFinal_adaptive_v1_cap0,800,0.6,0.6,10,10,1.0,0,0,0,8057.9746,11628.809569999998,8057.9746,11628.809569999998,1281616.5,1877332.2999999996,5648470016.0,5648470016.0,0.4056761595327598,,0.0,0.0
hard,BestFinal_adaptive_v1_cap0,800,0.6,0.8,10,10,1.0,0,0,0,5.4994499999999995,6.287909999999999,5.4994499999999995,6.287909999999999,1069.5,1515.9999999999998,5648470016.0,5648470016.0,0.06322927394975744,,0.0,0.0
hard,BestFinal_adaptive_v1_cap0,800,0.8,0.2,10,10,1.0,0,0,0,0.0076,0.00924,0.0076,0.00924,1.0,1.0,5648470016.0,5648470016.0,0.0,,0.0,0.0
hard,BestFinal_adaptive_v1_cap0,800,0.8,0.4,10,10,1.0,0,0,0,0.09855,0.25446999999999964,0.09855,0.25446999999999964,31.0,89.89999999999986,5648470016.0,5648470016.0,0.0,,0.0,0.0
hard,BestFinal_adaptive_v1_cap0,800,0.8,0.6,10,10,1.0,0,0,0,205.03915,740.7224299999997,205.03915,740.7224299999997,60436.0,172801.29999999996,5648470016.0,5648470016.0,0.33995476810581804,,0.0,0.0
hard,BestFinal_adaptive_v1_cap0,800,0.8,0.8,10,10,1.0,0,0,0,5.0679,5.540979999999999,5.0679,5.540979999999999,887.0,1070.6999999999998,5648470016.0,5648470016.0,0.047119958850183746,,0.0,0.0
hard,BestFinal_adaptive_v1_cap0,800,1.0,0.2,10,10,1.0,0,0,0,0.007549999999999999,0.00865,0.007549999999999999,0.00865,1.0,1.0,5648470016.0,5648470016.0,0.0,,0.0,0.0
hard,BestFinal_adaptive_v1_cap0,800,1.0,0.4,10,10,1.0,0,0,0,0.0081,0.00984,0.0081,0.00984,1.0,1.0,5648470016.0,5648470016.0,0.0,,0.0,0.0
hard,BestFinal_adaptive_v1_cap0,800,1.0,0.6,10,10,1.0,0,0,0,6.042,12.227009999999998,6.042,12.227009999999998,2030.0,4641.2,5648470016.0,5648470016.0,0.14195664133602942,,0.0,0.0
hard,BestFinal_adaptive_v1_cap0,800,1.0,0.8,10,10,1.0,0,0,0,4.58235,4.9267,4.58235,4.9267,832.0,978.0999999999999,5648470016.0,5648470016.0,0.03520466314532708,,0.0,0.0
hard,BestFinal_adaptive_v1_cap0,900,0.2,0.2,10,10,1.0,0,0,0,1825.6658499999999,2876.5114899999994,1825.6658499999999,2876.5114899999994,588076.5,849085.6,277868544.0,277868544.0,0.14450780027881616,,0.0,0.0
hard,BestFinal_adaptive_v1_cap0,900,0.2,0.4,10,10,1.0,0,0,0,85419.10165,93530.82049999999,85419.10165,93530.82049999999,16793263.0,18213638.3,4281987072.0,4282011238.4,0.142241984734998,,0.0,0.0
hard,BestFinal_adaptive_v1_cap0,900,0.2,0.6,10,10,1.0,0,0,0,202538.103,228637.14914,202538.103,228637.14914,32595256.5,35660733.7,9566363648.0,9566363648.0,0.13446761910390603,,0.0,0.0
hard,BestFinal_adaptive_v1_cap0,900,0.2,0.8,10,10,1.0,0,0,0,77553.6865,101564.68017,77553.6865,101564.68017,10917162.5,14225881.9,9566363648.0,9566363648.0,0.1596097369911503,,0.0,0.0
hard,BestFinal_adaptive_v1_cap0,900,0.4,0.2,10,10,1.0,0,0,0,0.01745,0.04128,0.01745,0.04128,1.5,9.0,9566363648.0,9566363648.0,0.0,,0.0,0.0
hard,BestFinal_adaptive_v1_cap0,900,0.4,0.4,10,10,1.0,0,0,0,12260.515650000001,19472.580049999997,12260.515650000001,19472.580049999997,2577968.5,4024947.6999999997,9566363648.0,9566363648.0,0.18730640515012142,,0.0,0.0
hard,BestFinal_adaptive_v1_cap0,900,0.4,0.6,10,10,1.0,0,0,0,53377.9696,69947.0155,53377.9696,69947.0155,7964503.5,10149870.899999999,9566363648.0,9566363648.0,0.20302052910356183,,0.0,0.0
hard,BestFinal_adaptive_v1_cap0,900,0.4,0.8,10,10,1.0,0,0,0,76.3031,188.82163999999977,76.3031,188.82163999999977,23752.5,51992.19999999995,9566363648.0,9566363648.0,0.3032140919536236,,0.0,0.0
hard,BestFinal_adaptive_v1_cap0,900,0.6,0.2,10,10,1.0,0,0,0,0.00785,0.00916,0.00785,0.00916,1.0,1.0,9566363648.0,9566363648.0,0.0,,0.0,0.0
hard,BestFinal_adaptive_v1_cap0,900,0.6,0.4,10,10,1.0,0,0,0,663.2972500000001,1441.08114,663.2972500000001,1441.08114,176142.5,352754.3,9566363648.0,9566363648.0,0.3366526734682306,,0.0,0.0
hard,BestFinal_adaptive_v1_cap0,900,0.6,0.6,10,10,1.0,0,0,0,8146.227849999999,16662.50871,8146.227849999999,16662.50871,1226137.0,2347755.0,9566363648.0,9566363648.0,0.38283783579298875,,0.0,0.0
hard,BestFinal_adaptive_v1_cap0,900,0.6,0.8,10,10,1.0,0,0,0,7.3847000000000005,8.37281,7.3847000000000005,8.37281,1488.0,1883.6,9566363648.0,9566363648.0,0.08289846007208174,,0.0,0.0
hard,BestFinal_adaptive_v1_cap0,900,0.8,0.2,10,10,1.0,0,0,0,0.008150000000000001,0.00882,0.008150000000000001,0.00882,1.0,1.0,9566363648.0,9566363648.0,0.0,,0.0,0.0
hard,BestFinal_adaptive_v1_cap0,900,0.8,0.4,10,10,1.0,0,0,0,0.0676,0.1388299999999999,0.0676,0.1388299999999999,15.0,43.39999999999995,9566363648.0,9566363648.0,0.0,,0.0,0.0
hard,BestFinal_adaptive_v1_cap0,900,0.8,0.6,10,10,1.0,0,0,0,233.99085,749.3272099999998,233.99085,749.3272099999998,70170.5,167627.49999999997,9566363648.0,9566363648.0,0.35361714683449563,,0.0,0.0
hard,BestFinal_adaptive_v1_cap0,900,0.8,0.8,10,10,1.0,0,0,0,6.10505,6.46609,6.10505,6.46609,1092.5,1227.9,9566363648.0,9566363648.0,0.057533110451916614,,0.0,0.0
hard,BestFinal_adaptive_v1_cap0,900,1.0,0.2,10,10,1.0,0,0,0,0.008,0.009539999999999998,0.008,0.009539999999999998,1.0,1.0,9566363648.0,9566363648.0,0.0,,0.0,0.0
hard,BestFinal_adaptive_v1_cap0,900,1.0,0.4,10,10,1.0,0,0,0,0.008,0.01024,0.008,0.01024,1.0,1.0,9566363648.0,9566363648.0,0.0,,0.0,0.0
hard,BestFinal_adaptive_v1_cap0,900,1.0,0.6,10,10,1.0,0,0,0,7.40465,11.820849999999998,7.40465,11.820849999999998,2582.5,4323.799999999999,9566363648.0,9566363648.0,0.13861964635644608,,0.0,0.0
hard,BestFinal_adaptive_v1_cap0,900,1.0,0.8,10,10,1.0,0,0,0,5.5163,5.80519,5.5163,5.80519,965.0,1072.6,9566363648.0,9566363648.0,0.04596340224583367,,0.0,0.0
hard,BestFinal_adaptive_v1_cap0,1000,0.2,0.2,10,10,1.0,0,0,0,2182.9105499999996,4070.46539,2182.9105499999996,4070.46539,678026.5,1237716.8,301060096.0,301060096.0,0.13546900587859817,,0.0,0.0
hard,BestFinal_adaptive_v1_cap0,1000,0.2,0.4,10,10,1.0,0,0,0,106191.1347,131322.47088,106191.1347,131322.47088,20206184.0,23693589.8,6791929856.0,6792042905.6,0.1404121536374172,,0.0,0.0
hard,BestFinal_adaptive_v1_cap0,1000,0.2,0.6,10,10,1.0,0,0,0,273761.2443,311457.64298999996,273761.2443,311457.64298999996,40521235.5,44900443.3,12482326528.0,12482326528.0,0.13087073026519708,,0.0,0.0
hard,BestFinal_adaptive_v1_cap0,1000,0.2,0.8,10,10,1.0,0,0,0,118894.71225000001,143164.59717,118894.71225000001,143164.59717,15288504.0,18452939.1,12482326528.0,12482326528.0,0.1558584873069371,,0.0,0.0
hard,BestFinal_adaptive_v1_cap0,1000,0.4,0.2,10,10,1.0,0,0,0,0.0432,0.07647999999999999,0.0432,0.07647999999999999,6.0,14.1,12482326528.0,12482326528.0,0.0,,0.0,0.0
hard,BestFinal_adaptive_v1_cap0,1000,0.4,0.4,10,10,1.0,0,0,0,15755.14365,19807.26998,15755.14365,19807.26998,3263404.5,3818249.3,12482326528.0,12482326528.0,0.17600108288849547,,0.0,0.0
hard,BestFinal_adaptive_v1_cap0,1000,0.4,0.6,10,10,1.0,0,0,0,83867.24650000001,96712.04491,83867.24650000001,96712.04491,11250726.5,13096688.2,12482326528.0,12482326528.0,0.20414122130632786,,0.0,0.0
hard,BestFinal_adaptive_v1_cap0,1000,0.4,0.8,10,10,1.0,0,0,0,123.87935,384.2873399999999,123.87935,384.2873399999999,38810.5,100221.59999999999,12482326528.0,12482326528.0,0.31058090922628134,,0.0,0.0
hard,BestFinal_adaptive_v1_cap0,1000,0.6,0.2,10,10,1.0,0,0,0,0.01065,0.012830000000000001,0.01065,0.012830000000000001,1.0,1.0,12482326528.0,12482326528.0,0.0,,0.0,0.0
hard,BestFinal_adaptive_v1_cap0,1000,0.6,0.4,10,10,1.0,0,0,0,677.4694,1075.7177399999998,677.4694,1075.7177399999998,178096.5,267706.1,12482326528.0,12482326528.0,0.3309932682517751,,0.0,0.0
hard,BestFinal_adaptive_v1_cap0,1000,0.6,0.6,10,10,1.0,0,0,0,14419.435150000001,21309.28414,14419.435150000001,21309.28414,1880893.0,2802225.0,12482326528.0,12482326528.0,0.4083923593245016,,0.0,0.0
hard,BestFinal_adaptive_v1_cap0,1000,0.6,0.8,10,10,1.0,0,0,0,8.26065,8.68112,8.26065,8.68112,1376.0,1482.0,12482326528.0,12482326528.0,0.08405516196029296,,0.0,0.0
hard,BestFinal_adaptive_v1_cap0,1000,0.8,0.2,10,10,1.0,0,0,0,0.009899999999999999,0.01225,0.009899999999999999,0.01225,1.0,1.0,12482326528.0,12482326528.0,0.0,,0.0,0.0
hard,BestFinal_adaptive_v1_cap0,1000,0.8,0.4,10,10,1.0,0,0,0,0.09725,0.23473,0.09725,0.23473,25.5,60.999999999999986,12482326528.0,12482326528.0,0.03520357497517378,,0.0,0.0
hard,BestFinal_adaptive_v1_cap0,1000,0.8,0.6,10,10,1.0,0,0,0,472.1934,842.4996899999999,472.1934,842.4996899999999,136623.5,202588.4,12482326528.0,12482326528.0,0.3713016705072438,,0.0,0.0
hard,BestFinal_adaptive_v1_cap0,1000,0.8,0.8,10,10,1.0,0,0,0,7.3274,7.55813,7.3274,7.55813,1172.0,1300.6,12482326528.0,12482326528.0,0.056721081646231346,,0.0,0.0
hard,BestFinal_adaptive_v1_cap0,1000,1.0,0.2,10,10,1.0,0,0,0,0.009649999999999999,0.01252,0.009649999999999999,0.01252,1.0,1.0,12482326528.0,12482326528.0,0.0,,0.0,0.0
hard,BestFinal_adaptive_v1_cap0,1000,1.0,0.4,10,10,1.0,0,0,0,0.00915,0.01172,0.00915,0.01172,1.0,1.0,12482326528.0,12482326528.0,0.0,,0.0,0.0
hard,BestFinal_adaptive_v1_cap0,1000,1.0,0.6,10,10,1.0,0,0,0,9.698550000000001,16.28971,9.698550000000001,16.28971,3129.5,5874.9,12482326528.0,12482326528.0,0.1517453312743625,,0.0,0.0
hard,BestFinal_adaptive_v1_cap0,1000,1.0,0.8,10,10,1.0,0,0,0,6.879300000000001,7.06864,6.879300000000001,7.06864,1100.0,1155.1,12482326528.0,12482326528.0,0.04980154702701135,,0.0,0.0
hard,BestFinal_adaptive_v1_cap0,1100,0.2,0.2,10,10,1.0,0,0,0,2641.29395,3891.9323299999996,2641.29395,3891.9323299999996,818944.0,1142726.4,328878080.0,329584640.0,0.1329053237983282,,0.0,0.0
hard,BestFinal_adaptive_v1_cap0,1100,0.2,0.4,10,10,1.0,0,0,0,153509.2158,207314.18079,153509.2158,207314.18079,27565064.0,35127424.2,9313536000.0,11196153856.0,0.1407042998311891,,0.0,0.0
hard,BestFinal_adaptive_v1_cap0,1100,0.2,0.6,10,10,1.0,0,0,0,425058.72160000005,487747.79056,425058.72160000005,487747.79056,55755090.5,66372795.4,16904933376.0,16905908224.0,0.13209896245650943,,0.0,0.0
hard,BestFinal_adaptive_v1_cap0,1100,0.2,0.8,10,10,1.0,0,0,0,165841.457,205326.41650999998,165841.457,205326.41650999998,19720180.0,24953945.8,16905908224.0,16905908224.0,0.1581434814993789,,0.0,0.0
hard,BestFinal_adaptive_v1_cap0,1100,0.4,0.2,10,10,1.0,0,0,0,0.03805,0.061859999999999984,0.03805,0.061859999999999984,2.5,11.399999999999999,16905908224.0,16905908224.0,0.0,,0.0,0.0
hard,BestFinal_adaptive_v1_cap0,1100,0.4,0.4,10,10,1.0,0,0,0,26699.26485,33544.96741,26699.26485,33544.96741,4990609.5,6091808.8,16905908224.0,16905908224.0,0.1782454827017276,,0.0,0.0
hard,BestFinal_adaptive_v1_cap0,1100,0.4,0.6,10,10,1.0,0,0,0,122158.5015,152868.78828,122158.5015,152868.78828,15050188.5,20029675.3,16905908224.0,16905908224.0,0.19303953759144754,,0.0,0.0
hard,BestFinal_adaptive_v1_cap0,1100,0.4,0.8,10,10,1.0,0,0,0,136.05885,248.61721,136.05885,248.61721,39196.5,68072.09999999999,16905908224.0,16905908224.0,0.3082414349295747,,0.0,0.0
hard,BestFinal_adaptive_v1_cap0,1100,0.6,0.2,10,10,1.0,0,0,0,0.0115,0.01387,0.0115,0.01387,1.0,1.0,16905908224.0,16905908224.0,0.0,,0.0,0.0
hard,BestFinal_adaptive_v1_cap0,1100,0.6,0.4,10,10,1.0,0,0,0,1010.2482500000001,1722.1260499999999,1010.2482500000001,1722.1260499999999,255290.5,391730.8,16905908224.0,16905908224.0,0.34871748878471875,,0.0,0.0
hard,BestFinal_adaptive_v1_cap0,1100,0.6,0.6,10,10,1.0,0,0,0,25722.887049999998,33120.342249999994,25722.887049999998,33120.342249999994,3067345.0,3941755.4,16905908224.0,16905908224.0,0.4182832471340189,,0.0,0.0
hard,BestFinal_adaptive_v1_cap0,1100,0.6,0.8,10,10,1.0,0,0,0,9.99545,11.17898,9.99545,11.17898,1507.5,2108.2,16905908224.0,16905908224.0,0.0771036533999256,,0.0,0.0
hard,BestFinal_adaptive_v1_cap0,1100,0.8,0.2,10,10,1.0,0,0,0,0.01265,0.01389,0.01265,0.01389,1.0,1.0,16905908224.0,16905908224.0,0.0,,0.0,0.0
hard,BestFinal_adaptive_v1_cap0,1100,0.8,0.4,10,10,1.0,0,0,0,0.07164999999999999,0.2062899999999997,0.07164999999999999,0.2062899999999997,11.0,61.59999999999988,16905908224.0,16905908224.0,0.0,,0.0,0.0
hard,BestFinal_adaptive_v1_cap0,1100,0.8,0.6,10,10,1.0,0,0,0,552.1121,959.38889,552.1121,959.38889,137274.0,235080.3,16905908224.0,16905908224.0,0.3883726434617336,,0.0,0.0
hard,BestFinal_adaptive_v1_cap0,1100,0.8,0.8,10,10,1.0,0,0,0,8.50905,9.12551,8.50905,9.12551,1284.0,1517.2,16905908224.0,16905908224.0,0.05218954248366013,,0.0,0.0
hard,BestFinal_adaptive_v1_cap0,1100,1.0,0.2,10,10,1.0,0,0,0,0.01285,0.013130000000000001,0.01285,0.013130000000000001,1.0,1.0,16905908224.0,16905908224.0,0.0,,0.0,0.0
hard,BestFinal_adaptive_v1_cap0,1100,1.0,0.4,10,10,1.0,0,0,0,0.01225,0.016629999999999995,0.01225,0.016629999999999995,1.0,1.0,16905908224.0,16905908224.0,0.0,,0.0,0.0
hard,BestFinal_adaptive_v1_cap0,1100,1.0,0.6,10,10,1.0,0,0,0,9.955449999999999,12.967929999999999,9.955449999999999,12.967929999999999,3207.0,4330.4,16905908224.0,16905908224.0,0.1314694982631146,,0.0,0.0
hard,BestFinal_adaptive_v1_cap0,1100,1.0,0.8,10,10,1.0,0,0,0,8.1242,8.49925,8.1242,8.49925,1238.5,1399.1,16905908224.0,16905908224.0,0.04093951337645305,,0.0,0.0
hard,BestFinal_adaptive_v2_cap0,50,0.2,0.2,10,10,1.0,0,0,0,0.20884999999999998,0.5041499999999999,0.20884999999999998,0.5041499999999999,64.0,192.6,3973120.0,4014080.0,0.0,,0.0,0.0
hard,BestFinal_adaptive_v2_cap0,50,0.2,0.4,10,10,1.0,0,0,0,0.8461000000000001,4.576649999999999,0.8461000000000001,4.576649999999999,310.5,1845.3999999999996,4403200.0,4403200.0,0.009285457009886162,,0.0,0.0
hard,BestFinal_adaptive_v2_cap0,50,0.2,0.6,10,10,1.0,0,0,0,1.7360000000000002,7.22598,1.7360000000000002,7.22598,701.0,2866.0,4403200.0,4472832.0,0.02743606379081015,,0.0,0.0
hard,BestFinal_adaptive_v2_cap0,50,0.2,0.8,10,10,1.0,0,0,0,0.78065,1.79958,0.78065,1.79958,309.5,693.8,4472832.0,4472832.0,0.02478138773212561,,0.0,0.0
hard,BestFinal_adaptive_v2_cap0,50,0.4,0.2,10,10,1.0,0,0,0,0.004,0.04061,0.004,0.04061,1.0,14.1,4472832.0,4472832.0,0.0,,0.0,0.0
hard,BestFinal_adaptive_v2_cap0,50,0.4,0.4,10,10,1.0,0,0,0,0.42345,1.2541099999999994,0.42345,1.2541099999999994,158.0,523.2999999999997,4472832.0,4472832.0,0.008800536917826994,,0.0,0.0
hard,BestFinal_adaptive_v2_cap0,50,0.4,0.6,10,10,1.0,0,0,0,0.83225,4.515079999999999,0.83225,4.515079999999999,327.0,1718.3999999999999,4472832.0,4472832.0,0.01952539220923101,,0.0,0.0
hard,BestFinal_adaptive_v2_cap0,50,0.4,0.8,10,10,1.0,0,0,0,0.2508,0.8157099999999999,0.2508,0.8157099999999999,93.5,322.1,4472832.0,4472832.0,0.024773098176196065,,0.0,0.0
hard,BestFinal_adaptive_v2_cap0,50,0.6,0.2,10,10,1.0,0,0,0,0.0038,0.0040999999999999995,0.0038,0.0040999999999999995,1.0,1.0,4472832.0,4472832.0,0.0,,0.0,0.0
hard,BestFinal_adaptive_v2_cap0,50,0.6,0.4,10,10,1.0,0,0,0,0.30510000000000004,0.40819999999999995,0.30510000000000004,0.40819999999999995,103.0,170.29999999999998,4472832.0,4472832.0,0.021983574476276024,,0.0,0.0
hard,BestFinal_adaptive_v2_cap0,50,0.6,0.6,10,10,1.0,0,0,0,0.48829999999999996,2.64386,0.48829999999999996,2.64386,179.5,1060.0,4472832.0,4472832.0,0.05286181982388801,,0.0,0.0
hard,BestFinal_adaptive_v2_cap0,50,0.6,0.8,10,10,1.0,0,0,0,0.1373,0.34090999999999994,0.1373,0.34090999999999994,50.5,132.09999999999997,4472832.0,4472832.0,0.019156049516580828,,0.0,0.0
hard,BestFinal_adaptive_v2_cap0,50,0.8,0.2,10,10,1.0,0,0,0,0.0038,0.00411,0.0038,0.00411,1.0,1.0,4472832.0,4472832.0,0.0,,0.0,0.0
hard,BestFinal_adaptive_v2_cap0,50,0.8,0.4,10,10,1.0,0,0,0,0.08895,0.18211,0.08895,0.18211,33.0,58.0,4472832.0,4472832.0,0.021682665160926033,,0.0,0.0
hard,BestFinal_adaptive_v2_cap0,50,0.8,0.6,10,10,1.0,0,0,0,0.28115,0.9435799999999999,0.28115,0.9435799999999999,101.5,371.69999999999993,4472832.0,4472832.0,0.036139472163359665,,0.0,0.0
hard,BestFinal_adaptive_v2_cap0,50,0.8,0.8,10,10,1.0,0,0,0,0.1526,0.24094000000000002,0.1526,0.24094000000000002,50.0,91.5,4472832.0,4472832.0,0.014842958459979738,,0.0,0.0
hard,BestFinal_adaptive_v2_cap0,50,1.0,0.2,10,10,1.0,0,0,0,0.0037,0.0041600000000000005,0.0037,0.0041600000000000005,1.0,1.0,4472832.0,4472832.0,0.0,,0.0,0.0
hard,BestFinal_adaptive_v2_cap0,50,1.0,0.4,10,10,1.0,0,0,0,0.0097,0.14465999999999998,0.0097,0.14465999999999998,3.0,55.0,4472832.0,4472832.0,0.0,,0.0,0.0
hard,BestFinal_adaptive_v2_cap0,50,1.0,0.6,10,10,1.0,0,0,0,0.15239999999999998,0.69182,0.15239999999999998,0.69182,58.0,261.4,4472832.0,4472832.0,0.044390347509271816,,0.0,0.0
hard,BestFinal_adaptive_v2_cap0,50,1.0,0.8,10,10,1.0,0,0,0,0.12240000000000001,0.19415999999999997,0.12240000000000001,0.19415999999999997,45.5,72.69999999999999,4472832.0,4472832.0,0.005555555555555556,,0.0,0.0
hard,BestFinal_adaptive_v2_cap0,100,0.2,0.2,10,10,1.0,0,0,0,0.9837,1.2459399999999996,0.9837,1.2459399999999996,264.5,401.5999999999999,4702208.0,4702208.0,0.0,,0.0,0.0
hard,BestFinal_adaptive_v2_cap0,100,0.2,0.4,10,10,1.0,0,0,0,12.4614,39.585629999999995,12.4614,39.585629999999995,4411.0,12381.3,6160384.0,6447104.0,0.04345807409586301,,0.0,0.0
hard,BestFinal_adaptive_v2_cap0,100,0.2,0.6,10,10,1.0,0,0,0,33.206649999999996,64.44864999999999,33.206649999999996,64.44864999999999,11089.0,21210.999999999996,7815168.0,7815168.0,0.06969400682344301,,0.0,0.0
hard,BestFinal_adaptive_v2_cap0,100,0.2,0.8,10,10,1.0,0,0,0,13.061350000000001,24.030609999999996,13.061350000000001,24.030609999999996,4334.5,7806.499999999999,7815168.0,7815168.0,0.08185273249220149,,0.0,0.0
hard,BestFinal_adaptive_v2_cap0,100,0.4,0.2,10,10,1.0,0,0,0,0.0123,0.07269999999999985,0.0123,0.07269999999999985,2.0,18.59999999999997,7815168.0,7815168.0,0.0,,0.0,0.0
hard,BestFinal_adaptive_v2_cap0,100,0.4,0.4,10,10,1.0,0,0,0,3.1807499999999997,6.758259999999999,3.1807499999999997,6.758259999999999,1046.0,2305.2,7815168.0,7815168.0,0.0412872871681013,,0.0,0.0
hard,BestFinal_adaptive_v2_cap0,100,0.4,0.6,10,10,1.0,0,0,0,15.1192,27.792409999999993,15.1192,27.792409999999993,5107.5,9356.599999999997,7815168.0,7815168.0,0.08739201202935766,,0.0,0.0
hard,BestFinal_adaptive_v2_cap0,100,0.4,0.8,10,10,1.0,0,0,0,0.94495,2.2086799999999993,0.94495,2.2086799999999993,334.0,817.1999999999998,7815168.0,7815168.0,0.052241703096035194,,0.0,0.0
hard,BestFinal_adaptive_v2_cap0,100,0.6,0.2,10,10,1.0,0,0,0,0.0039,0.00402,0.0039,0.00402,1.0,1.0,7815168.0,7815168.0,0.0,,0.0,0.0
hard,BestFinal_adaptive_v2_cap0,100,0.6,0.4,10,10,1.0,0,0,0,0.94565,2.16779,0.94565,2.16779,277.5,683.4,7815168.0,7815168.0,0.03182052593964201,,0.0,0.0
hard,BestFinal_adaptive_v2_cap0,100,0.6,0.6,10,10,1.0,0,0,0,5.3553999999999995,9.974379999999998,5.3553999999999995,9.974379999999998,1837.5,3498.999999999999,7815168.0,7815168.0,0.07920822989971683,,0.0,0.0
hard,BestFinal_adaptive_v2_cap0,100,0.6,0.8,10,10,1.0,0,0,0,0.3546,0.48912999999999995,0.3546,0.48912999999999995,123.5,179.1,7815168.0,7815168.0,0.038563362029066,,0.0,0.0
hard,BestFinal_adaptive_v2_cap0,100,0.8,0.2,10,10,1.0,0,0,0,0.00425,0.0045,0.00425,0.0045,1.0,1.0,7815168.0,7815168.0,0.0,,0.0,0.0
hard,BestFinal_adaptive_v2_cap0,100,0.8,0.4,10,10,1.0,0,0,0,0.06055,1.25279,0.06055,1.25279,20.0,366.4,7815168.0,7815168.0,0.0,,0.0,0.0
hard,BestFinal_adaptive_v2_cap0,100,0.8,0.6,10,10,1.0,0,0,0,1.37825,4.0141,1.37825,4.0141,515.5,1436.2,7815168.0,7815168.0,0.07098333778966676,,0.0,0.0
hard,BestFinal_adaptive_v2_cap0,100,0.8,0.8,10,10,1.0,0,0,0,0.32225000000000004,0.39399,0.32225000000000004,0.39399,105.0,140.5,7815168.0,7815168.0,0.024950206288234456,,0.0,0.0
hard,BestFinal_adaptive_v2_cap0,100,1.0,0.2,10,10,1.0,0,0,0,0.0042,0.00462,0.0042,0.00462,1.0,1.0,7815168.0,7815168.0,0.0,,0.0,0.0
hard,BestFinal_adaptive_v2_cap0,100,1.0,0.4,10,10,1.0,0,0,0,0.0043,0.21346999999999997,0.0043,0.21346999999999997,1.0,83.5,7815168.0,7815168.0,0.0,,0.0,0.0
hard,BestFinal_adaptive_v2_cap0,100,1.0,0.6,10,10,1.0,0,0,0,0.5083,1.2458099999999999,0.5083,1.2458099999999999,192.5,437.79999999999995,7815168.0,7815168.0,0.05343678587585694,,0.0,0.0
hard,BestFinal_adaptive_v2_cap0,100,1.0,0.8,10,10,1.0,0,0,0,0.2994,0.3393,0.2994,0.3393,96.0,114.89999999999999,7815168.0,7815168.0,0.01307546008838172,,0.0,0.0
hard,BestFinal_adaptive_v2_cap0,200,0.2,0.2,10,10,1.0,0,0,0,8.5372,16.82257,8.5372,16.82257,2785.5,5338.9,7090176.0,7103283.2,0.024807148071745867,,0.0,0.0
hard,BestFinal_adaptive_v2_cap0,200,0.2,0.4,10,10,1.0,0,0,0,272.81600000000003,382.98236999999995,272.81600000000003,382.98236999999995,73852.5,97032.09999999999,18046976.0,18057216.0,0.058182566877250305,,0.0,0.0
hard,BestFinal_adaptive_v2_cap0,200,0.2,0.6,10,10,1.0,0,0,0,601.2034,744.4861,601.2034,744.4861,139502.0,176777.8,25653248.0,26542080.0,0.06431895297581774,,0.0,0.0
hard,BestFinal_adaptive_v2_cap0,200,0.2,0.8,10,10,1.0,0,0,0,226.94065,286.62985999999995,226.94065,286.62985999999995,54649.0,69167.9,26542080.0,26542080.0,0.09070032275260026,,0.0,0.0
hard,BestFinal_adaptive_v2_cap0,200,0.4,0.2,10,10,1.0,0,0,0,0.0057,0.04935,0.0057,0.04935,1.0,15.0,26542080.0,26542080.0,0.0,,0.0,0.0
hard,BestFinal_adaptive_v2_cap0,200,0.4,0.4,10,10,1.0,0,0,0,56.7873,100.00596999999999,56.7873,100.00596999999999,15056.0,27245.2,26542080.0,26542080.0,0.07556909999529968,,0.0,0.0
hard,BestFinal_adaptive_v2_cap0,200,0.4,0.6,10,10,1.0,0,0,0,242.954,328.3236,242.954,328.3236,57138.0,76971.2,26542080.0,26542080.0,0.10300826977517963,,0.0,0.0
hard,BestFinal_adaptive_v2_cap0,200,0.4,0.8,10,10,1.0,0,0,0,9.3622,22.48968999999999,9.3622,22.48968999999999,2909.0,6775.899999999997,26542080.0,26542080.0,0.11687534961762872,,0.0,0.0
hard,BestFinal_adaptive_v2_cap0,200,0.6,0.2,10,10,1.0,0,0,0,0.0049499999999999995,0.00731,0.0049499999999999995,0.00731,1.0,1.0,26542080.0,26542080.0,0.0,,0.0,0.0
hard,BestFinal_adaptive_v2_cap0,200,0.6,0.4,10,10,1.0,0,0,0,5.872400000000001,16.46628,5.872400000000001,16.46628,1724.0,4884.2,26542080.0,26542080.0,0.04984087859413457,,0.0,0.0
hard,BestFinal_adaptive_v2_cap0,200,0.6,0.6,10,10,1.0,0,0,0,92.23349999999999,139.97521999999998,92.23349999999999,139.97521999999998,23478.0,34985.299999999996,26542080.0,26542080.0,0.1241398477211044,,0.0,0.0
hard,BestFinal_adaptive_v2_cap0,200,0.6,0.8,10,10,1.0,0,0,0,0.918,2.0165399999999987,0.918,2.0165399999999987,288.5,671.7999999999995,26542080.0,26542080.0,0.061139219428468956,,0.0,0.0
hard,BestFinal_adaptive_v2_cap0,200,0.8,0.2,10,10,1.0,0,0,0,0.0049,0.0061200000000000004,0.0049,0.0061200000000000004,1.0,1.0,26542080.0,26542080.0,0.0,,0.0,0.0
hard,BestFinal_adaptive_v2_cap0,200,0.8,0.4,10,10,1.0,0,0,0,0.04305,0.6402799999999995,0.04305,0.6402799999999995,11.5,140.09999999999994,26542080.0,26542080.0,0.0,,0.0,0.0
hard,BestFinal_adaptive_v2_cap0,200,0.8,0.6,10,10,1.0,0,0,0,10.1657,60.58502,10.1657,60.58502,3371.5,16351.5,26542080.0,26542080.0,0.10659492129669337,,0.0,0.0
hard,BestFinal_adaptive_v2_cap0,200,0.8,0.8,10,10,1.0,0,0,0,0.9669,1.11656,0.9669,1.11656,240.0,335.59999999999997,26542080.0,26542080.0,0.03431474737070146,,0.0,0.0
hard,BestFinal_adaptive_v2_cap0,200,1.0,0.2,10,10,1.0,0,0,0,0.0055,0.00645,0.0055,0.00645,1.0,1.0,26542080.0,26542080.0,0.0,,0.0,0.0
hard,BestFinal_adaptive_v2_cap0,200,1.0,0.4,10,10,1.0,0,0,0,0.00475,0.00584,0.00475,0.00584,1.0,1.0,26542080.0,26542080.0,0.0,,0.0,0.0
hard,BestFinal_adaptive_v2_cap0,200,1.0,0.6,10,10,1.0,0,0,0,1.7081499999999998,6.869869999999998,1.7081499999999998,6.869869999999998,554.5,2270.2999999999993,26542080.0,26542080.0,0.07219135181117904,,0.0,0.0
hard,BestFinal_adaptive_v2_cap0,200,1.0,0.8,10,10,1.0,0,0,0,0.7965,1.03577,0.7965,1.03577,213.0,317.9,26542080.0,26542080.0,0.03662724809066273,,0.0,0.0
hard,BestFinal_adaptive_v2_cap0,300,0.2,0.2,10,10,1.0,0,0,0,47.7732,60.375919999999994,47.7732,60.375919999999994,13899.5,18329.899999999998,10258432.0,10833920.0,0.04253520061546847,,0.0,0.0
hard,BestFinal_adaptive_v2_cap0,300,0.2,0.4,10,10,1.0,0,0,0,1307.17865,1998.34792,1307.17865,1998.34792,279942.0,368663.19999999995,55742464.0,55742464.0,0.06004214403572394,,0.0,0.0
hard,BestFinal_adaptive_v2_cap0,300,0.2,0.6,10,10,1.0,0,0,0,2693.8518999999997,3629.5887399999992,2693.8518999999997,3629.5887399999992,480721.0,671913.7999999999,118603776.0,118603776.0,0.0722818018496566,,0.0,0.0
hard,BestFinal_adaptive_v2_cap0,300,0.2,0.8,10,10,1.0,0,0,0,789.6866,1373.2072899999994,789.6866,1373.2072899999994,144692.5,251790.79999999993,118603776.0,118603776.0,0.09265984121748705,,0.0,0.0
hard,BestFinal_adaptive_v2_cap0,300,0.4,0.2,10,10,1.0,0,0,0,0.0056,0.04436999999999999,0.0056,0.04436999999999999,1.0,11.399999999999999,118603776.0,118603776.0,0.0,,0.0,0.0
hard,BestFinal_adaptive_v2_cap0,300,0.4,0.4,10,10,1.0,0,0,0,358.95245,504.48631,358.95245,504.48631,73455.0,99865.5,118603776.0,118603776.0,0.0797231644514258,,0.0,0.0
hard,BestFinal_adaptive_v2_cap0,300,0.4,0.6,10,10,1.0,0,0,0,1016.3931499999999,2013.0829299999998,1016.3931499999999,2013.0829299999998,173071.5,336522.6,118603776.0,118603776.0,0.09543509831547842,,0.0,0.0
hard,BestFinal_adaptive_v2_cap0,300,0.4,0.8,10,10,1.0,0,0,0,6.561450000000001,139.61357999999996,6.561450000000001,139.61357999999996,2032.0,30708.59999999999,118603776.0,118603776.0,0.11327771754165011,,0.0,0.0
hard,BestFinal_adaptive_v2_cap0,300,0.6,0.2,10,10,1.0,0,0,0,0.0052,0.0074600000000000005,0.0052,0.0074600000000000005,1.0,1.0,118603776.0,118603776.0,0.0,,0.0,0.0
hard,BestFinal_adaptive_v2_cap0,300,0.6,0.4,10,10,1.0,0,0,0,25.40955,39.83337,25.40955,39.83337,6676.0,10533.3,118603776.0,118603776.0,0.09510283585778381,,0.0,0.0
hard,BestFinal_adaptive_v2_cap0,300,0.6,0.6,10,10,1.0,0,0,0,311.8923,902.99411,311.8923,902.99411,63680.5,145598.59999999998,118603776.0,118603776.0,0.17016904846431946,,0.0,0.0
hard,BestFinal_adaptive_v2_cap0,300,0.6,0.8,10,10,1.0,0,0,0,1.5819999999999999,1.8941,1.5819999999999999,1.8941,388.0,531.0999999999999,118603776.0,118603776.0,0.046706027432939196,,0.0,0.0
hard,BestFinal_adaptive_v2_cap0,300,0.8,0.2,10,10,1.0,0,0,0,0.0074,0.00854,0.0074,0.00854,1.0,1.0,118603776.0,118603776.0,0.0,,0.0,0.0
hard,BestFinal_adaptive_v2_cap0,300,0.8,0.4,10,10,1.0,0,0,0,0.20895,3.0098700000000003,0.20895,3.0098700000000003,61.5,443.29999999999995,118603776.0,118603776.0,0.003205128205128205,,0.0,0.0
hard,BestFinal_adaptive_v2_cap0,300,0.8,0.6,10,10,1.0,0,0,0,38.56685,180.71092999999993,38.56685,180.71092999999993,10381.0,41414.999999999985,118603776.0,118603776.0,0.1575714433041447,,0.0,0.0
hard,BestFinal_adaptive_v2_cap0,300,0.8,0.8,10,10,1.0,0,0,0,1.3864,1.68088,1.3864,1.68088,315.5,359.59999999999997,118603776.0,118603776.0,0.024659119101988324,,0.0,0.0
hard,BestFinal_adaptive_v2_cap0,300,1.0,0.2,10,10,1.0,0,0,0,0.00655,0.00715,0.00655,0.00715,1.0,1.0,118603776.0,118603776.0,0.0,,0.0,0.0
hard,BestFinal_adaptive_v2_cap0,300,1.0,0.4,10,10,1.0,0,0,0,0.005350000000000001,0.00774,0.005350000000000001,0.00774,1.0,1.0,118603776.0,118603776.0,0.0,,0.0,0.0
hard,BestFinal_adaptive_v2_cap0,300,1.0,0.6,10,10,1.0,0,0,0,2.25415,8.59184999999999,2.25415,8.59184999999999,683.5,2545.799999999997,118603776.0,118603776.0,0.106670761249751,,0.0,0.0
hard,BestFinal_adaptive_v2_cap0,300,1.0,0.8,10,10,1.0,0,0,0,1.3885,1.56981,1.3885,1.56981,305.0,347.4,118603776.0,118603776.0,0.027203403653762503,,0.0,0.0
hard,BestFinal_adaptive_v2_cap0,400,0.2,0.2,10,10,1.0,0,0,0,94.28460000000001,106.62368999999998,94.28460000000001,106.62368999999998,26692.0,31342.999999999996,15589376.0,16330752.0,0.051854083539462886,,0.0,0.0
hard,BestFinal_adaptive_v2_cap0,400,0.2,0.4,10,10,1.0,0,0,0,3542.9762,5591.20463,3542.9762,5591.20463,659774.5,977423.2,132478976.0,152219648.0,0.06187452772850814,,0.0,0.0
hard,BestFinal_adaptive_v2_cap0,400,0.2,0.6,10,10,1.0,0,0,0,8873.0753,10079.35657,8873.0753,10079.35657,1382035.0,1584594.3,216924160.0,251518976.0,0.06373954629934322,,0.0,0.0
hard,BestFinal_adaptive_v2_cap0,400,0.2,0.8,10,10,1.0,0,0,0,3243.7595499999998,4656.1644400000005,3243.7595499999998,4656.1644400000005,491952.0,689370.5,251518976.0,251518976.0,0.07381480875991146,,0.0,0.0
hard,BestFinal_adaptive_v2_cap0,400,0.4,0.2,10,10,1.0,0,0,0,0.00605,0.045309999999999996,0.00605,0.045309999999999996,1.0,9.399999999999999,251518976.0,251518976.0,0.0,,0.0,0.0
hard,BestFinal_adaptive_v2_cap0,400,0.4,0.4,10,10,1.0,0,0,0,631.22765,1395.8306699999998,631.22765,1395.8306699999998,121364.5,247264.09999999998,251518976.0,251518976.0,0.07687639244785838,,0.0,0.0
hard,BestFinal_adaptive_v2_cap0,400,0.4,0.6,10,10,1.0,0,0,0,3767.84935,4657.455889999999,3767.84935,4657.455889999999,527535.0,676985.1,251518976.0,251518976.0,0.08751917717610891,,0.0,0.0
hard,BestFinal_adaptive_v2_cap0,400,0.4,0.8,10,10,1.0,0,0,0,29.4713,96.66798999999996,29.4713,96.66798999999996,7775.5,23366.899999999994,251518976.0,251518976.0,0.13728219062298552,,0.0,0.0
hard,BestFinal_adaptive_v2_cap0,400,0.6,0.2,10,10,1.0,0,0,0,0.0059,0.007379999999999999,0.0059,0.007379999999999999,1.0,1.0,251518976.0,251518976.0,0.0,,0.0,0.0
hard,BestFinal_adaptive_v2_cap0,400,0.6,0.4,10,10,1.0,0,0,0,51.06595,97.26674999999996,51.06595,97.26674999999996,13605.5,22834.89999999999,251518976.0,251518976.0,0.11346226601970086,,0.0,0.0
hard,BestFinal_adaptive_v2_cap0,400,0.6,0.6,10,10,1.0,0,0,0,1499.6027,2141.38579,1499.6027,2141.38579,227329.5,313455.1,251518976.0,251518976.0,0.16396518981671127,,0.0,0.0
hard,BestFinal_adaptive_v2_cap0,400,0.6,0.8,10,10,1.0,0,0,0,2.4729,3.31475,2.4729,3.31475,570.5,860.5,251518976.0,251518976.0,0.05561783027013692,,0.0,0.0
hard,BestFinal_adaptive_v2_cap0,400,0.8,0.2,10,10,1.0,0,0,0,0.0063999999999999994,0.00834,0.0063999999999999994,0.00834,1.0,1.0,251518976.0,251518976.0,0.0,,0.0,0.0
hard,BestFinal_adaptive_v2_cap0,400,0.8,0.4,10,10,1.0,0,0,0,0.008150000000000001,2.9773899999999993,0.008150000000000001,2.9773899999999993,1.0,565.9999999999999,251518976.0,251518976.0,0.0,,0.0,0.0
hard,BestFinal_adaptive_v2_cap0,400,0.8,0.6,10,10,1.0,0,0,0,153.0943,217.35614999999999,153.0943,217.35614999999999,34272.5,45915.8,251518976.0,251518976.0,0.1599746562372906,,0.0,0.0
hard,BestFinal_adaptive_v2_cap0,400,0.8,0.8,10,10,1.0,0,0,0,2.4053,2.66349,2.4053,2.66349,492.5,639.4,251518976.0,251518976.0,0.030771177665337122,,0.0,0.0
hard,BestFinal_adaptive_v2_cap0,400,1.0,0.2,10,10,1.0,0,0,0,0.00745,0.010409999999999999,0.00745,0.010409999999999999,1.0,1.0,251518976.0,251518976.0,0.0,,0.0,0.0
hard,BestFinal_adaptive_v2_cap0,400,1.0,0.4,10,10,1.0,0,0,0,0.0072,0.009409999999999998,0.0072,0.009409999999999998,1.0,1.0,251518976.0,251518976.0,0.0,,0.0,0.0
hard,BestFinal_adaptive_v2_cap0,400,1.0,0.6,10,10,1.0,0,0,0,4.162000000000001,14.245859999999995,4.162000000000001,14.245859999999995,1253.0,4394.999999999998,251518976.0,251518976.0,0.08501414466262114,,0.0,0.0
hard,BestFinal_adaptive_v2_cap0,400,1.0,0.8,10,10,1.0,0,0,0,2.2302999999999997,2.9196299999999997,2.2302999999999997,2.9196299999999997,438.0,585.5,251518976.0,251518976.0,0.031541223114372914,,0.0,0.0
hard,BestFinal_adaptive_v2_cap0,500,0.2,0.2,10,10,1.0,0,0,0,232.0487,466.30627,232.0487,466.30627,61823.0,103698.4,28211200.0,29351116.799999997,0.05024256412283255,,0.0,0.0
hard,BestFinal_adaptive_v2_cap0,500,0.2,0.4,10,10,1.0,0,0,0,10514.7127,12186.822189999999,10514.7127,12186.822189999999,1665722.5,1805557.5999999999,362852352.0,362852352.0,0.0658634397804373,,0.0,0.0
hard,BestFinal_adaptive_v2_cap0,500,0.2,0.6,10,10,1.0,0,0,0,21875.092299999997,23182.92991,21875.092299999997,23182.92991,2813841.0,3080696.1999999997,529428480.0,529428480.0,0.06413896926228851,,0.0,0.0
hard,BestFinal_adaptive_v2_cap0,500,0.2,0.8,10,10,1.0,0,0,0,7566.2248,9309.289939999999,7566.2248,9309.289939999999,996161.0,1175479.9,529428480.0,529428480.0,0.06509859416850519,,0.0,0.0
hard,BestFinal_adaptive_v2_cap0,500,0.4,0.2,10,10,1.0,0,0,0,0.02275,0.07724999999999994,0.02275,0.07724999999999994,2.5,17.099999999999994,529428480.0,529428480.0,0.0,,0.0,0.0
hard,BestFinal_adaptive_v2_cap0,500,0.4,0.4,10,10,1.0,0,0,0,2133.0689,3062.96963,2133.0689,3062.96963,358799.5,460211.5,529428480.0,529428480.0,0.06333220132116539,,0.0,0.0
hard,BestFinal_adaptive_v2_cap0,500,0.4,0.6,10,10,1.0,0,0,0,9146.9462,11189.74189,9146.9462,11189.74189,1076104.0,1325648.0,529428480.0,529428480.0,0.07637670553543899,,0.0,0.0
hard,BestFinal_adaptive_v2_cap0,500,0.4,0.8,10,10,1.0,0,0,0,54.496,145.9910399999999,54.496,145.9910399999999,13708.0,30612.699999999983,529428480.0,529428480.0,0.1739386025498605,,0.0,0.0
hard,BestFinal_adaptive_v2_cap0,500,0.6,0.2,10,10,1.0,0,0,0,0.00695,0.00934,0.00695,0.00934,1.0,1.0,529428480.0,529428480.0,0.0,,0.0,0.0
hard,BestFinal_adaptive_v2_cap0,500,0.6,0.4,10,10,1.0,0,0,0,209.9179,367.29395999999997,209.9179,367.29395999999997,44754.0,71936.7,529428480.0,529428480.0,0.12400875457164763,,0.0,0.0
hard,BestFinal_adaptive_v2_cap0,500,0.6,0.6,10,10,1.0,0,0,0,3618.26525,5181.25191,3618.26525,5181.25191,424733.5,580122.7,529428480.0,529428480.0,0.14954237343995203,,0.0,0.0
hard,BestFinal_adaptive_v2_cap0,500,0.6,0.8,10,10,1.0,0,0,0,3.81595,5.55563,3.81595,5.55563,791.0,1434.3,529428480.0,529428480.0,0.07355813714403209,,0.0,0.0
hard,BestFinal_adaptive_v2_cap0,500,0.8,0.2,10,10,1.0,0,0,0,0.0068,0.00864,0.0068,0.00864,1.0,1.0,529428480.0,529428480.0,0.0,,0.0,0.0
hard,BestFinal_adaptive_v2_cap0,500,0.8,0.4,10,10,1.0,0,0,0,0.08265,1.006349999999997,0.08265,1.006349999999997,17.5,174.39999999999958,529428480.0,529428480.0,0.0,,0.0,0.0
hard,BestFinal_adaptive_v2_cap0,500,0.8,0.6,10,10,1.0,0,0,0,118.7619,619.5448399999998,118.7619,619.5448399999998,26144.5,99658.79999999999,529428480.0,529428480.0,0.18187685269620718,,0.0,0.0
hard,BestFinal_adaptive_v2_cap0,500,0.8,0.8,10,10,1.0,0,0,0,3.5172499999999998,3.73907,3.5172499999999998,3.73907,666.5,754.2,529428480.0,529428480.0,0.03688927125432435,,0.0,0.0
hard,BestFinal_adaptive_v2_cap0,500,1.0,0.2,10,10,1.0,0,0,0,0.007,0.00916,0.007,0.00916,1.0,1.0,529428480.0,529428480.0,0.0,,0.0,0.0
hard,BestFinal_adaptive_v2_cap0,500,1.0,0.4,10,10,1.0,0,0,0,0.0067,0.00831,0.0067,0.00831,1.0,1.0,529428480.0,529428480.0,0.0,,0.0,0.0
hard,BestFinal_adaptive_v2_cap0,500,1.0,0.6,10,10,1.0,0,0,0,4.96035,26.059179999999998,4.96035,26.059179999999998,1381.0,7350.4,529428480.0,529428480.0,0.10201409366159514,,0.0,0.0
hard,BestFinal_adaptive_v2_cap0,500,1.0,0.8,10,10,1.0,0,0,0,3.3287,3.56251,3.3287,3.56251,532.0,649.6999999999999,529428480.0,529428480.0,0.030394763614075896,,0.0,0.0
hard,BestFinal_adaptive_v2_cap0,600,0.2,0.2,10,10,1.0,0,0,0,591.3680999999999,781.0613599999999,591.3680999999999,781.0613599999999,136150.5,190082.5,53612544.0,53612544.0,0.058025675957404814,,0.0,0.0
hard,BestFinal_adaptive_v2_cap0,600,0.2,0.4,10,10,1.0,0,0,0,17628.063349999997,20943.081359999996,17628.063349999997,20943.081359999996,2462783.0,2803056.4,426307584.0,621215744.0,0.06765493309122918,,0.0,0.0
hard,BestFinal_adaptive_v2_cap0,600,0.2,0.6,10,10,1.0,0,0,0,36731.26425,50613.61408,36731.26425,50613.61408,4241814.0,5887908.399999999,930549760.0,930549760.0,0.06818330387201414,,0.0,0.0
hard,BestFinal_adaptive_v2_cap0,600,0.2,0.8,10,10,1.0,0,0,0,16082.0839,19185.096449999997,16082.0839,19185.096449999997,1793851.5,2109317.8,930549760.0,930549760.0,0.06753593813519936,,0.0,0.0
hard,BestFinal_adaptive_v2_cap0,600,0.4,0.2,10,10,1.0,0,0,0,0.030449999999999998,0.05965999999999999,0.030449999999999998,0.05965999999999999,4.5,12.299999999999999,930549760.0,930549760.0,0.0,,0.0,0.0
hard,BestFinal_adaptive_v2_cap0,600,0.4,0.4,10,10,1.0,0,0,0,3487.31615,4560.9610299999995,3487.31615,4560.9610299999995,537172.5,618417.6,930549760.0,930549760.0,0.06939555340166131,,0.0,0.0
hard,BestFinal_adaptive_v2_cap0,600,0.4,0.6,10,10,1.0,0,0,0,15364.5283,19191.783239999997,15364.5283,19191.783239999997,1555622.0,1919739.4999999998,930549760.0,930549760.0,0.07576186871200093,,0.0,0.0
hard,BestFinal_adaptive_v2_cap0,600,0.4,0.8,10,10,1.0,0,0,0,102.64410000000001,365.01986999999997,102.64410000000001,365.01986999999997,21988.0,65191.899999999994,930549760.0,930549760.0,0.15715308296095606,,0.0,0.0
hard,BestFinal_adaptive_v2_cap0,600,0.6,0.2,10,10,1.0,0,0,0,0.00685,0.009609999999999999,0.00685,0.009609999999999999,1.0,1.0,930549760.0,930549760.0,0.0,,0.0,0.0
hard,BestFinal_adaptive_v2_cap0,600,0.6,0.4,10,10,1.0,0,0,0,295.03094999999996,417.09434,295.03094999999996,417.09434,62509.0,82991.9,930549760.0,930549760.0,0.11272443910899987,,0.0,0.0
hard,BestFinal_adaptive_v2_cap0,600,0.6,0.6,10,10,1.0,0,0,0,5659.8199,7719.399529999999,5659.8199,7719.399529999999,577586.5,796452.5,930549760.0,930549760.0,0.14889420185905042,,0.0,0.0
hard,BestFinal_adaptive_v2_cap0,600,0.6,0.8,10,10,1.0,0,0,0,4.94585,5.829149999999999,4.94585,5.829149999999999,946.5,1155.2999999999997,930549760.0,930549760.0,0.060187396286715204,,0.0,0.0
hard,BestFinal_adaptive_v2_cap0,600,0.8,0.2,10,10,1.0,0,0,0,0.008799999999999999,0.00946,0.008799999999999999,0.00946,1.0,1.0,930549760.0,930549760.0,0.0,,0.0,0.0
hard,BestFinal_adaptive_v2_cap0,600,0.8,0.4,10,10,1.0,0,0,0,0.065,8.58304,0.065,8.58304,16.0,628.4,930549760.0,930549760.0,0.0,,0.0,0.0
hard,BestFinal_adaptive_v2_cap0,600,0.8,0.6,10,10,1.0,0,0,0,450.0674,1100.2912299999998,450.0674,1100.2912299999998,72427.5,155155.69999999998,930549760.0,930549760.0,0.19512291740772178,,0.0,0.0
hard,BestFinal_adaptive_v2_cap0,600,0.8,0.8,10,10,1.0,0,0,0,4.632,5.6450499999999995,4.632,5.6450499999999995,709.5,884.8999999999999,930549760.0,930549760.0,0.040294981951375736,,0.0,0.0
hard,BestFinal_adaptive_v2_cap0,600,1.0,0.2,10,10,1.0,0,0,0,0.0079,0.0095,0.0079,0.0095,1.0,1.0,930549760.0,930549760.0,0.0,,0.0,0.0
hard,BestFinal_adaptive_v2_cap0,600,1.0,0.4,10,10,1.0,0,0,0,0.0074,0.00884,0.0074,0.00884,1.0,1.0,930549760.0,930549760.0,0.0,,0.0,0.0
hard,BestFinal_adaptive_v2_cap0,600,1.0,0.6,10,10,1.0,0,0,0,7.454549999999999,23.184089999999998,7.454549999999999,23.184089999999998,1931.0,6557.999999999999,930549760.0,930549760.0,0.11378319139807425,,0.0,0.0
hard,BestFinal_adaptive_v2_cap0,600,1.0,0.8,10,10,1.0,0,0,0,4.4971,5.1496699999999995,4.4971,5.1496699999999995,661.5,762.1999999999999,930549760.0,930549760.0,0.027088562280184796,,0.0,0.0
hard,BestFinal_adaptive_v2_cap0,700,0.2,0.2,10,10,1.0,0,0,0,882.44805,1369.93222,882.44805,1369.93222,189396.0,273911.89999999997,78794752.0,78794752.0,0.054126540775132105,,0.0,0.0
hard,BestFinal_adaptive_v2_cap0,700,0.2,0.4,10,10,1.0,0,0,0,32831.07355,36956.01932,32831.07355,36956.01932,3991357.0,4565542.5,992636928.0,992636928.0,0.07057826642784157,,0.0,0.0
hard,BestFinal_adaptive_v2_cap0,700,0.2,0.6,10,10,1.0,0,0,0,72354.52755,88964.34503,72354.52755,88964.34503,7537779.0,9389842.1,2194173952.0,2194173952.0,0.07024132653797241,,0.0,0.0
hard,BestFinal_adaptive_v2_cap0,700,0.2,0.8,10,10,1.0,0,0,0,31898.63065,34376.15876,31898.63065,34376.15876,3039015.0,3411536.0,2194173952.0,2194173952.0,0.06248445533759023,,0.0,0.0
hard,BestFinal_adaptive_v2_cap0,700,0.4,0.2,10,10,1.0,0,0,0,0.0093,0.059590000000000004,0.0093,0.059590000000000004,1.0,10.299999999999999,2194173952.0,2194173952.0,0.0,,0.0,0.0
hard,BestFinal_adaptive_v2_cap0,700,0.4,0.4,10,10,1.0,0,0,0,6751.92575,8458.016339999998,6751.92575,8458.016339999998,882781.0,1047361.3999999999,2194173952.0,2194173952.0,0.06444280403108599,,0.0,0.0
hard,BestFinal_adaptive_v2_cap0,700,0.4,0.6,10,10,1.0,0,0,0,28380.0896,39114.85583,28380.0896,39114.85583,2575328.5,3562691.0,2194173952.0,2194173952.0,0.07423906512179113,,0.0,0.0
hard,BestFinal_adaptive_v2_cap0,700,0.4,0.8,10,10,1.0,0,0,0,169.2167,537.3670099999998,169.2167,537.3670099999998,35613.0,82019.09999999998,2194173952.0,2194173952.0,0.17661112537874618,,0.0,0.0
hard,BestFinal_adaptive_v2_cap0,700,0.6,0.2,10,10,1.0,0,0,0,0.00855,0.01407,0.00855,0.01407,1.0,1.0,2194173952.0,2194173952.0,0.0,,0.0,0.0
hard,BestFinal_adaptive_v2_cap0,700,0.6,0.4,10,10,1.0,0,0,0,523.8258000000001,776.46536,523.8258000000001,776.46536,97427.0,129175.7,2194173952.0,2194173952.0,0.12839763744034716,,0.0,0.0
hard,BestFinal_adaptive_v2_cap0,700,0.6,0.6,10,10,1.0,0,0,0,10084.95505,17297.351199999997,10084.95505,17297.351199999997,923001.0,1430269.0,2194173952.0,2194173952.0,0.1428867446806219,,0.0,0.0
hard,BestFinal_adaptive_v2_cap0,700,0.6,0.8,10,10,1.0,0,0,0,5.9765999999999995,7.24421,5.9765999999999995,7.24421,1047.5,1207.6,2194173952.0,2194173952.0,0.05988329921880146,,0.0,0.0
hard,BestFinal_adaptive_v2_cap0,700,0.8,0.2,10,10,1.0,0,0,0,0.0077,0.008559999999999998,0.0077,0.008559999999999998,1.0,1.0,2194173952.0,2194173952.0,0.0,,0.0,0.0
hard,BestFinal_adaptive_v2_cap0,700,0.8,0.4,10,10,1.0,0,0,0,0.0633,1.2184699999999962,0.0633,1.2184699999999962,13.5,107.79999999999976,2194173952.0,2194173952.0,0.0,,0.0,0.0
hard,BestFinal_adaptive_v2_cap0,700,0.8,0.6,10,10,1.0,0,0,0,324.0188,1935.9013499999996,324.0188,1935.9013499999996,64953.0,224775.19999999998,2194173952.0,2194173952.0,0.19313692534334545,,0.0,0.0
hard,BestFinal_adaptive_v2_cap0,700,0.8,0.8,10,10,1.0,0,0,0,5.66845,6.27033,5.66845,6.27033,833.0,977.6,2194173952.0,2194173952.0,0.05058658813940342,,0.0,0.0
hard,BestFinal_adaptive_v2_cap0,700,1.0,0.2,10,10,1.0,0,0,0,0.0077,0.00823,0.0077,0.00823,1.0,1.0,2194173952.0,2194173952.0,0.0,,0.0,0.0
hard,BestFinal_adaptive_v2_cap0,700,1.0,0.4,10,10,1.0,0,0,0,0.00785,0.011309999999999999,0.00785,0.011309999999999999,1.0,1.0,2194173952.0,2194173952.0,0.0,,0.0,0.0
hard,BestFinal_adaptive_v2_cap0,700,1.0,0.6,10,10,1.0,0,0,0,9.9133,16.719079999999998,9.9133,16.719079999999998,2875.5,4736.4,2194173952.0,2194173952.0,0.11350481180064015,,0.0,0.0
hard,BestFinal_adaptive_v2_cap0,700,1.0,0.8,10,10,1.0,0,0,0,5.61675,6.08209,5.61675,6.08209,764.0,871.6,2194173952.0,2194173952.0,0.03319078234593956,,0.0,0.0
hard,BestFinal_adaptive_v2_cap0,800,0.2,0.2,10,10,1.0,0,0,0,1565.2568999999999,2234.99877,1565.2568999999999,2234.99877,310604.5,415669.2,127504384.0,127504384.0,0.0563655876220243,,0.0,0.0
hard,BestFinal_adaptive_v2_cap0,800,0.2,0.4,10,10,1.0,0,0,0,56599.23105,66082.02236999999,56599.23105,66082.02236999999,6367061.5,7474240.6,1722097664.0,1722359808.0,0.07116000275131201,,0.0,0.0
hard,BestFinal_adaptive_v2_cap0,800,0.2,0.6,10,10,1.0,0,0,0,121156.20504999999,138591.30539999998,121156.20504999999,138591.30539999998,11316393.0,12678265.599999998,3820789760.0,3820789760.0,0.07291888460361447,,0.0,0.0
hard,BestFinal_adaptive_v2_cap0,800,0.2,0.8,10,10,1.0,0,0,0,53919.2843,68153.85209,53919.2843,68153.85209,4593301.0,5818310.8,3820789760.0,3820789760.0,0.06086082143115279,,0.0,0.0
hard,BestFinal_adaptive_v2_cap0,800,0.4,0.2,10,10,1.0,0,0,0,0.02735,1.450639999999995,0.02735,1.450639999999995,3.5,95.99999999999972,3820789760.0,3820789760.0,0.0,,0.0,0.0
hard,BestFinal_adaptive_v2_cap0,800,0.4,0.4,10,10,1.0,0,0,0,11764.735850000001,14267.46629,11764.735850000001,14267.46629,1376600.0,1620053.0999999999,3820789760.0,3820789760.0,0.06701794338706207,,0.0,0.0
hard,BestFinal_adaptive_v2_cap0,800,0.4,0.6,10,10,1.0,0,0,0,54128.618350000004,59515.35551999999,54128.618350000004,59515.35551999999,4345262.5,4904917.1,3820789760.0,3820789760.0,0.06860947208992646,,0.0,0.0
hard,BestFinal_adaptive_v2_cap0,800,0.4,0.8,10,10,1.0,0,0,0,286.704,815.0005,286.704,815.0005,54804.0,120415.0,3820789760.0,3820789760.0,0.20244127643069484,,0.0,0.0
hard,BestFinal_adaptive_v2_cap0,800,0.6,0.2,10,10,1.0,0,0,0,0.00785,0.022250000000000002,0.00785,0.022250000000000002,1.0,1.0,3820789760.0,3820789760.0,0.0,,0.0,0.0
hard,BestFinal_adaptive_v2_cap0,800,0.6,0.4,10,10,1.0,0,0,0,915.8278,1385.84278,915.8278,1385.84278,153802.5,206675.69999999998,3820789760.0,3820789760.0,0.12725328180294662,,0.0,0.0
hard,BestFinal_adaptive_v2_cap0,800,0.6,0.6,10,10,1.0,0,0,0,19433.6069,25551.855379999994,19433.6069,25551.855379999994,1588077.0,1953988.9999999995,3820789760.0,3820789760.0,0.13593632031941694,,0.0,0.0
hard,BestFinal_adaptive_v2_cap0,800,0.6,0.8,10,10,1.0,0,0,0,7.1716,8.449689999999999,7.1716,8.449689999999999,1122.0,1608.8999999999996,3820789760.0,3820789760.0,0.05303742082366407,,0.0,0.0
hard,BestFinal_adaptive_v2_cap0,800,0.8,0.2,10,10,1.0,0,0,0,0.0074,0.008459999999999999,0.0074,0.008459999999999999,1.0,1.0,3820789760.0,3820789760.0,0.0,,0.0,0.0
hard,BestFinal_adaptive_v2_cap0,800,0.8,0.4,10,10,1.0,0,0,0,0.11985,14.112879999999999,0.11985,14.112879999999999,31.5,851.9999999999999,3820789760.0,3820789760.0,0.0,,0.0,0.0
hard,BestFinal_adaptive_v2_cap0,800,0.8,0.6,10,10,1.0,0,0,0,680.36325,3084.850009999999,680.36325,3084.850009999999,99386.5,335686.49999999994,3820789760.0,3820789760.0,0.199015342855525,,0.0,0.0
hard,BestFinal_adaptive_v2_cap0,800,0.8,0.8,10,10,1.0,0,0,0,7.28615,8.10971,7.28615,8.10971,909.0,1169.8999999999999,3820789760.0,3820789760.0,0.0400995062649198,,0.0,0.0
hard,BestFinal_adaptive_v2_cap0,800,1.0,0.2,10,10,1.0,0,0,0,0.007549999999999999,0.010969999999999999,0.007549999999999999,0.010969999999999999,1.0,1.0,3820789760.0,3820789760.0,0.0,,0.0,0.0
hard,BestFinal_adaptive_v2_cap0,800,1.0,0.4,10,10,1.0,0,0,0,0.0072,0.0101,0.0072,0.0101,1.0,1.0,3820789760.0,3820789760.0,0.0,,0.0,0.0
hard,BestFinal_adaptive_v2_cap0,800,1.0,0.6,10,10,1.0,0,0,0,9.78725,18.06111,9.78725,18.06111,2300.5,5163.5,3820789760.0,3820789760.0,0.11685029006376604,,0.0,0.0
hard,BestFinal_adaptive_v2_cap0,800,1.0,0.8,10,10,1.0,0,0,0,7.04275,7.95086,7.04275,7.95086,868.5,999.3,3820789760.0,3820789760.0,0.029684825586047868,,0.0,0.0
hard,BestFinal_adaptive_v2_cap0,900,0.2,0.2,10,10,1.0,0,0,0,2609.8686,4743.2907399999995,2609.8686,4743.2907399999995,490430.5,811985.7999999999,196825088.0,281239552.0,0.058875898578010774,,0.0,0.0
hard,BestFinal_adaptive_v2_cap0,900,0.2,0.4,10,10,1.0,0,0,0,92984.21280000001,107154.68624,92984.21280000001,107154.68624,9530400.5,10957982.9,2844307456.0,2844318515.2,0.07774011125668885,,0.0,0.0
hard,BestFinal_adaptive_v2_cap0,900,0.2,0.6,10,10,1.0,0,0,0,196134.774,219164.44497,196134.774,219164.44497,16590663.5,18318446.6,4285804544.0,4285804544.0,0.07273916330193009,,0.0,0.0
hard,BestFinal_adaptive_v2_cap0,900,0.2,0.8,10,10,1.0,0,0,0,81872.9669,96352.22232999999,81872.9669,96352.22232999999,6326512.5,7401858.6,4285804544.0,4285804544.0,0.0594697047930586,,0.0,0.0
hard,BestFinal_adaptive_v2_cap0,900,0.4,0.2,10,10,1.0,0,0,0,0.0187,0.052809999999999996,0.0187,0.052809999999999996,1.5,9.0,4285804544.0,4285804544.0,0.0,,0.0,0.0
hard,BestFinal_adaptive_v2_cap0,900,0.4,0.4,10,10,1.0,0,0,0,19391.6954,28400.51225,19391.6954,28400.51225,2029846.5,2814802.0999999996,4285804544.0,4285804544.0,0.06823533092163454,,0.0,0.0
hard,BestFinal_adaptive_v2_cap0,900,0.4,0.6,10,10,1.0,0,0,0,77490.4411,92966.94597999999,77490.4411,92966.94597999999,5562821.0,6790886.6,4285804544.0,4285804544.0,0.07062463439534779,,0.0,0.0
hard,BestFinal_adaptive_v2_cap0,900,0.4,0.8,10,10,1.0,0,0,0,212.87099999999998,544.821799999999,212.87099999999998,544.821799999999,36886.0,79527.5999999999,4285804544.0,4285804544.0,0.201316667699183,,0.0,0.0
hard,BestFinal_adaptive_v2_cap0,900,0.6,0.2,10,10,1.0,0,0,0,0.008199999999999999,0.00938,0.008199999999999999,0.00938,1.0,1.0,4285804544.0,4285804544.0,0.0,,0.0,0.0
hard,BestFinal_adaptive_v2_cap0,900,0.6,0.4,10,10,1.0,0,0,0,1715.0133999999998,3494.0193099999997,1715.0133999999998,3494.0193099999997,250337.5,426006.49999999994,4285804544.0,4285804544.0,0.11478409315696513,,0.0,0.0
hard,BestFinal_adaptive_v2_cap0,900,0.6,0.6,10,10,1.0,0,0,0,25754.3595,37489.64145,25754.3595,37489.64145,1855668.0,2557605.1999999997,4285804544.0,4285804544.0,0.1317613401021894,,0.0,0.0
hard,BestFinal_adaptive_v2_cap0,900,0.6,0.8,10,10,1.0,0,0,0,9.9692,11.32067,9.9692,11.32067,1565.5,2075.7,4285804544.0,4285804544.0,0.06875698730380586,,0.0,0.0
hard,BestFinal_adaptive_v2_cap0,900,0.8,0.2,10,10,1.0,0,0,0,0.008549999999999999,0.009309999999999999,0.008549999999999999,0.009309999999999999,1.0,1.0,4285804544.0,4285804544.0,0.0,,0.0,0.0
hard,BestFinal_adaptive_v2_cap0,900,0.8,0.4,10,10,1.0,0,0,0,0.0965,0.7967799999999996,0.0965,0.7967799999999996,16.5,160.49999999999991,4285804544.0,4285804544.0,0.0,,0.0,0.0
hard,BestFinal_adaptive_v2_cap0,900,0.8,0.6,10,10,1.0,0,0,0,630.0508,3040.9296099999997,630.0508,3040.9296099999997,105391.5,315111.49999999994,4285804544.0,4285804544.0,0.2146907474111354,,0.0,0.0
hard,BestFinal_adaptive_v2_cap0,900,0.8,0.8,10,10,1.0,0,0,0,9.073350000000001,9.71386,9.073350000000001,9.71386,1126.5,1318.3999999999999,4285804544.0,4285804544.0,0.050649237032864065,,0.0,0.0
hard,BestFinal_adaptive_v2_cap0,900,1.0,0.2,10,10,1.0,0,0,0,0.00805,0.00891,0.00805,0.00891,1.0,1.0,4285804544.0,4285804544.0,0.0,,0.0,0.0
hard,BestFinal_adaptive_v2_cap0,900,1.0,0.4,10,10,1.0,0,0,0,0.0084,0.01206,0.0084,0.01206,1.0,1.0,4285804544.0,4285804544.0,0.0,,0.0,0.0
hard,BestFinal_adaptive_v2_cap0,900,1.0,0.6,10,10,1.0,0,0,0,13.779900000000001,23.00134,13.779900000000001,23.00134,2960.5,5186.699999999999,4285804544.0,4285804544.0,0.10722010626587802,,0.0,0.0
hard,BestFinal_adaptive_v2_cap0,900,1.0,0.8,10,10,1.0,0,0,0,8.923,9.95582,8.923,9.95582,1001.0,1116.4,4285804544.0,4285804544.0,0.03958455231493984,,0.0,0.0
hard,BestFinal_adaptive_v2_cap0,1000,0.2,0.2,10,10,1.0,0,0,0,3401.3581000000004,4991.00009,3401.3581000000004,4991.00009,602871.5,873282.2999999999,215445504.0,224485375.99999997,0.05830632634809652,,0.0,0.0
hard,BestFinal_adaptive_v2_cap0,1000,0.2,0.4,10,10,1.0,0,0,0,121328.48120000001,139136.33021000001,121328.48120000001,139136.33021000001,11581509.5,12821563.7,3048990720.0,3049459712.0,0.07629209973934088,,0.0,0.0
hard,BestFinal_adaptive_v2_cap0,1000,0.2,0.6,10,10,1.0,0,0,0,268574.971,329686.32981,268574.971,329686.32981,21471656.5,25034117.7,6794534912.0,6794534912.0,0.07304397922544015,,0.0,0.0
hard,BestFinal_adaptive_v2_cap0,1000,0.2,0.8,10,10,1.0,0,0,0,125216.51430000001,136581.96857,125216.51430000001,136581.96857,8902924.5,9532461.4,6794534912.0,6794534912.0,0.059702885514449446,,0.0,0.0
hard,BestFinal_adaptive_v2_cap0,1000,0.4,0.2,10,10,1.0,0,0,0,0.0539,0.09529,0.0539,0.09529,6.0,14.1,6794534912.0,6794534912.0,0.0,,0.0,0.0
hard,BestFinal_adaptive_v2_cap0,1000,0.4,0.4,10,10,1.0,0,0,0,25503.01115,30039.004569999997,25503.01115,30039.004569999997,2536930.0,2895066.5,6794534912.0,6794534912.0,0.06734517590602142,,0.0,0.0
hard,BestFinal_adaptive_v2_cap0,1000,0.4,0.6,10,10,1.0,0,0,0,109125.3796,125623.56645,109125.3796,125623.56645,7636932.5,7956895.0,6794534912.0,6794534912.0,0.07203248670867435,,0.0,0.0
hard,BestFinal_adaptive_v2_cap0,1000,0.4,0.8,10,10,1.0,0,0,0,319.38275,1249.5344799999998,319.38275,1249.5344799999998,55394.5,173952.59999999998,6794534912.0,6794534912.0,0.20833583295354546,,0.0,0.0
hard,BestFinal_adaptive_v2_cap0,1000,0.6,0.2,10,10,1.0,0,0,0,0.009899999999999999,0.01217,0.009899999999999999,0.01217,1.0,1.0,6794534912.0,6794534912.0,0.0,,0.0,0.0
hard,BestFinal_adaptive_v2_cap0,1000,0.6,0.4,10,10,1.0,0,0,0,1831.7679,2702.1915599999998,1831.7679,2702.1915599999998,261281.0,346212.99999999994,6794534912.0,6794534912.0,0.12950788112826012,,0.0,0.0
hard,BestFinal_adaptive_v2_cap0,1000,0.6,0.6,10,10,1.0,0,0,0,39436.53125,47730.66397,39436.53125,47730.66397,2459874.0,3223945.2,6794534912.0,6794534912.0,0.13323412443785093,,0.0,0.0
hard,BestFinal_adaptive_v2_cap0,1000,0.6,0.8,10,10,1.0,0,0,0,11.027149999999999,12.45671,11.027149999999999,12.45671,1435.0,1680.2,6794534912.0,6794534912.0,0.07568692341937358,,0.0,0.0
hard,BestFinal_adaptive_v2_cap0,1000,0.8,0.2,10,10,1.0,0,0,0,0.01005,0.01179,0.01005,0.01179,1.0,1.0,6794534912.0,6794534912.0,0.0,,0.0,0.0
hard,BestFinal_adaptive_v2_cap0,1000,0.8,0.4,10,10,1.0,0,0,0,0.19615,4.117769999999993,0.19615,4.117769999999993,46.5,343.89999999999975,6794534912.0,6794534912.0,0.00186219739292365,,0.0,0.0
hard,BestFinal_adaptive_v2_cap0,1000,0.8,0.6,10,10,1.0,0,0,0,1306.1296,3390.7138099999997,1306.1296,3390.7138099999997,202693.5,373407.3,6794534912.0,6794534912.0,0.21810905798760194,,0.0,0.0
hard,BestFinal_adaptive_v2_cap0,1000,0.8,0.8,10,10,1.0,0,0,0,10.300650000000001,11.074110000000001,10.300650000000001,11.074110000000001,1199.5,1335.3999999999999,6794534912.0,6794534912.0,0.04443686790064447,,0.0,0.0
hard,BestFinal_adaptive_v2_cap0,1000,1.0,0.2,10,10,1.0,0,0,0,0.009649999999999999,0.01219,0.009649999999999999,0.01219,1.0,1.0,6794534912.0,6794534912.0,0.0,,0.0,0.0
hard,BestFinal_adaptive_v2_cap0,1000,1.0,0.4,10,10,1.0,0,0,0,0.009399999999999999,0.011309999999999999,0.009399999999999999,0.011309999999999999,1.0,1.0,6794534912.0,6794534912.0,0.0,,0.0,0.0
hard,BestFinal_adaptive_v2_cap0,1000,1.0,0.6,10,10,1.0,0,0,0,16.8669,26.642059999999997,16.8669,26.642059999999997,3588.0,6810.6,6794534912.0,6794534912.0,0.11566122427064057,,0.0,0.0
hard,BestFinal_adaptive_v2_cap0,1000,1.0,0.8,10,10,1.0,0,0,0,10.47795,11.06139,10.47795,11.06139,1143.0,1229.0,6794534912.0,6794534912.0,0.04309524858483266,,0.0,0.0
hard,BestFinal_adaptive_v2_cap0,1100,0.2,0.2,10,10,1.0,0,0,0,4314.3354500000005,5766.0913199999995,4314.3354500000005,5766.0913199999995,705056.0,942440.6,284946432.0,333578240.0,0.05356699841907117,,0.0,0.0
hard,BestFinal_adaptive_v2_cap0,1100,0.2,0.4,10,10,1.0,0,0,0,171283.31579999998,217474.73754,171283.31579999998,217474.73754,15672487.5,18553456.0,5015613440.0,5016932352.0,0.08027170687497795,,0.0,0.0
hard,BestFinal_adaptive_v2_cap0,1100,0.2,0.6,10,10,1.0,0,0,0,420483.52645,473452.79725999996,420483.52645,473452.79725999996,29916025.0,33296311.7,11199549440.0,11199549440.0,0.07562503052019037,,0.0,0.0
hard,BestFinal_adaptive_v2_cap0,1100,0.2,0.8,10,10,1.0,0,0,0,177444.53275,199488.48745000002,177444.53275,199488.48745000002,11259363.0,12655709.2,11199549440.0,11199549440.0,0.06061733055817091,,0.0,0.0
hard,BestFinal_adaptive_v2_cap0,1100,0.4,0.2,10,10,1.0,0,0,0,0.038400000000000004,0.08202999999999998,0.038400000000000004,0.08202999999999998,2.5,11.399999999999999,11199549440.0,11199549440.0,0.0,,0.0,0.0
hard,BestFinal_adaptive_v2_cap0,1100,0.4,0.4,10,10,1.0,0,0,0,39397.1769,48554.42433999999,39397.1769,48554.42433999999,3723373.0,4243291.1,11199549440.0,11199549440.0,0.06714245778933117,,0.0,0.0
hard,BestFinal_adaptive_v2_cap0,1100,0.4,0.6,10,10,1.0,0,0,0,174073.34765,184468.90776,174073.34765,184468.90776,10496471.0,11670740.2,11199549440.0,11199549440.0,0.06865842124534806,,0.0,0.0
hard,BestFinal_adaptive_v2_cap0,1100,0.4,0.8,10,10,1.0,0,0,0,301.20315,785.95638,301.20315,785.95638,52461.5,110177.2,11199549440.0,11199549440.0,0.19881282022259072,,0.0,0.0
hard,BestFinal_adaptive_v2_cap0,1100,0.6,0.2,10,10,1.0,0,0,0,0.0115,0.01282,0.0115,0.01282,1.0,1.0,11199549440.0,11199549440.0,0.0,,0.0,0.0
hard,BestFinal_adaptive_v2_cap0,1100,0.6,0.4,10,10,1.0,0,0,0,2600.5782,4372.431269999999,2600.5782,4372.431269999999,339445.5,523849.79999999993,11199549440.0,11199549440.0,0.12911333137226752,,0.0,0.0
hard,BestFinal_adaptive_v2_cap0,1100,0.6,0.6,10,10,1.0,0,0,0,67726.62535,77827.63216000001,67726.62535,77827.63216000001,3909170.5,4393702.6,11199549440.0,11199549440.0,0.12019814804123122,,0.0,0.0
hard,BestFinal_adaptive_v2_cap0,1100,0.6,0.8,10,10,1.0,0,0,0,14.24605,15.7531,14.24605,15.7531,1742.0,2341.2999999999997,11199549440.0,11199549440.0,0.08433233225166187,,0.0,0.0
hard,BestFinal_adaptive_v2_cap0,1100,0.8,0.2,10,10,1.0,0,0,0,0.01345,0.01434,0.01345,0.01434,1.0,1.0,11199549440.0,11199549440.0,0.0,,0.0,0.0
hard,BestFinal_adaptive_v2_cap0,1100,0.8,0.4,10,10,1.0,0,0,0,0.08349999999999999,2.8908799999999992,0.08349999999999999,2.8908799999999992,13.5,465.29999999999995,11199549440.0,11199549440.0,0.0,,0.0,0.0
hard,BestFinal_adaptive_v2_cap0,1100,0.8,0.6,10,10,1.0,0,0,0,2331.96495,3935.91731,2331.96495,3935.91731,274979.5,418740.3,11199549440.0,11199549440.0,0.2016205921036164,,0.0,0.0
hard,BestFinal_adaptive_v2_cap0,1100,0.8,0.8,10,10,1.0,0,0,0,13.2255,15.91332,13.2255,15.91332,1347.5,1565.3,11199549440.0,11199549440.0,0.04941428954778471,,0.0,0.0
hard,BestFinal_adaptive_v2_cap0,1100,1.0,0.2,10,10,1.0,0,0,0,0.012199999999999999,0.01351,0.012199999999999999,0.01351,1.0,1.0,11199549440.0,11199549440.0,0.0,,0.0,0.0
hard,BestFinal_adaptive_v2_cap0,1100,1.0,0.4,10,10,1.0,0,0,0,0.01205,0.013899999999999997,0.01205,0.013899999999999997,1.0,1.0,11199549440.0,11199549440.0,0.0,,0.0,0.0
hard,BestFinal_adaptive_v2_cap0,1100,1.0,0.6,10,10,1.0,0,0,0,16.48245,22.831409999999998,16.48245,22.831409999999998,3645.0,5072.1,11199549440.0,11199549440.0,0.11410242892871558,,0.0,0.0
hard,BestFinal_adaptive_v2_cap0,1100,1.0,0.8,10,10,1.0,0,0,0,12.16395,13.28478,12.16395,13.28478,1287.5,1443.9,11199549440.0,11199549440.0,0.03784942205884928,,0.0,0.0
hard,BestFinal_adaptive_v3_cap0,50,0.2,0.2,10,10,1.0,0,0,0,0.20224999999999999,0.5002999999999999,0.20224999999999999,0.5002999999999999,62.5,192.6,4009984.0,4059136.0,0.0,,0.0,0.0
hard,BestFinal_adaptive_v3_cap0,50,0.2,0.4,30,30,1.0,0,0,0,0.7867999999999999,4.29887,0.7867999999999999,4.29887,310.5,1827.8000000000015,4190208.0,4317184.0,0.009968549598685865,,0.0,0.0
hard,BestFinal_adaptive_v3_cap0,50,0.2,0.6,30,30,1.0,0,0,0,1.45405,7.31857,1.45405,7.31857,700.5,2748.6000000000004,4272128.0,4456448.0,0.026243246641748978,,0.0,0.0
hard,BestFinal_adaptive_v3_cap0,50,0.2,0.8,30,30,1.0,0,0,0,0.6211,1.67693,0.6211,1.67693,308.0,667.5,3932160.0,4456448.0,0.021442572578936215,,0.0,0.0
hard,BestFinal_adaptive_v3_cap0,50,0.4,0.2,10,10,1.0,0,0,0,0.00415,0.03914,0.00415,0.03914,1.0,14.1,4456448.0,4456448.0,0.0,,0.0,0.0
hard,BestFinal_adaptive_v3_cap0,50,0.4,0.4,10,10,1.0,0,0,0,0.42045,1.3005399999999991,0.42045,1.3005399999999991,157.5,509.0999999999997,4456448.0,4456448.0,0.018236553385068237,,0.0,0.0
hard,BestFinal_adaptive_v3_cap0,50,0.4,0.6,30,30,1.0,0,0,0,0.7013,4.27675,0.7013,4.27675,325.0,1690.9000000000003,4063232.0,4456448.0,0.031380686454508366,,0.0,0.0
hard,BestFinal_adaptive_v3_cap0,50,0.4,0.8,10,10,1.0,0,0,0,0.25055,0.79548,0.25055,0.79548,92.5,313.6,4456448.0,4456448.0,0.031136225728155338,,0.0,0.0
hard,BestFinal_adaptive_v3_cap0,50,0.6,0.2,10,10,1.0,0,0,0,0.0038,0.00381,0.0038,0.00381,1.0,1.0,4456448.0,4456448.0,0.0,,0.0,0.0
hard,BestFinal_adaptive_v3_cap0,50,0.6,0.4,10,10,1.0,0,0,0,0.3106,0.41686999999999996,0.3106,0.41686999999999996,102.5,170.29999999999998,4456448.0,4456448.0,0.021983574476276024,,0.0,0.0
hard,BestFinal_adaptive_v3_cap0,50,0.6,0.6,10,10,1.0,0,0,0,0.4894,2.75048,0.4894,2.75048,178.5,1045.5,4456448.0,4456448.0,0.05544009651146864,,0.0,0.0
hard,BestFinal_adaptive_v3_cap0,50,0.6,0.8,10,10,1.0,0,0,0,0.1401,0.33557999999999993,0.1401,0.33557999999999993,51.0,130.2,4456448.0,4456448.0,0.019156049516580828,,0.0,0.0
hard,BestFinal_adaptive_v3_cap0,50,0.8,0.2,10,10,1.0,0,0,0,0.00375,0.004,0.00375,0.004,1.0,1.0,4456448.0,4456448.0,0.0,,0.0,0.0
hard,BestFinal_adaptive_v3_cap0,50,0.8,0.4,10,10,1.0,0,0,0,0.089,0.18363999999999997,0.089,0.18363999999999997,33.0,58.0,4456448.0,4456448.0,0.021682665160926033,,0.0,0.0
hard,BestFinal_adaptive_v3_cap0,50,0.8,0.6,10,10,1.0,0,0,0,0.2781,0.9565799999999999,0.2781,0.9565799999999999,100.0,374.69999999999993,4456448.0,4456448.0,0.036650246305418716,,0.0,0.0
hard,BestFinal_adaptive_v3_cap0,50,0.8,0.8,10,10,1.0,0,0,0,0.1411,0.24767,0.1411,0.24767,50.0,92.4,4456448.0,4456448.0,0.014842958459979738,,0.0,0.0
hard,BestFinal_adaptive_v3_cap0,50,1.0,0.2,10,10,1.0,0,0,0,0.0038,0.004809999999999999,0.0038,0.004809999999999999,1.0,1.0,4456448.0,4456448.0,0.0,,0.0,0.0
hard,BestFinal_adaptive_v3_cap0,50,1.0,0.4,10,10,1.0,0,0,0,0.0104,0.14919,0.0104,0.14919,3.0,55.1,4456448.0,4456448.0,0.0,,0.0,0.0
hard,BestFinal_adaptive_v3_cap0,50,1.0,0.6,10,10,1.0,0,0,0,0.15610000000000002,0.69545,0.15610000000000002,0.69545,58.0,263.0,4456448.0,4456448.0,0.04605575860882107,,0.0,0.0
hard,BestFinal_adaptive_v3_cap0,50,1.0,0.8,10,10,1.0,0,0,0,0.11929999999999999,0.19410999999999998,0.11929999999999999,0.19410999999999998,44.5,72.1,4456448.0,4456448.0,0.011494252873563218,,0.0,0.0
hard,BestFinal_adaptive_v3_cap0,100,0.2,0.2,10,10,1.0,0,0,0,0.9982,1.2782999999999998,0.9982,1.2782999999999998,265.0,401.3999999999999,4804608.0,4804608.0,0.0,,0.0,0.0
hard,BestFinal_adaptive_v3_cap0,100,0.2,0.4,30,30,1.0,0,0,0,11.9939,39.26925,11.9939,39.26925,4336.5,12253.100000000002,5685248.0,6209536.0,0.04420885459271609,,0.0,0.0
hard,BestFinal_adaptive_v3_cap0,100,0.2,0.6,30,30,1.0,0,0,0,30.138849999999998,61.68907,30.138849999999998,61.68907,10963.5,20948.300000000014,7745536.0,8654848.0,0.06864984856391218,,0.0,0.0
hard,BestFinal_adaptive_v3_cap0,100,0.2,0.8,30,30,1.0,0,0,0,11.6342,23.23875,11.6342,23.23875,4281.0,7610.900000000002,5468160.0,8245248.0,0.07928008607936746,,0.0,0.0
hard,BestFinal_adaptive_v3_cap0,100,0.4,0.2,10,10,1.0,0,0,0,0.0084,0.07084999999999986,0.0084,0.07084999999999986,2.0,18.59999999999997,8245248.0,8245248.0,0.0,,0.0,0.0
hard,BestFinal_adaptive_v3_cap0,100,0.4,0.4,10,10,1.0,0,0,0,3.28095,6.692109999999999,3.28095,6.692109999999999,1044.5,2277.5,8245248.0,8245248.0,0.038704572644543814,,0.0,0.0
hard,BestFinal_adaptive_v3_cap0,100,0.4,0.6,30,30,1.0,0,0,0,11.725249999999999,26.580120000000008,11.725249999999999,26.580120000000008,5113.0,9075.000000000011,6774784.0,8245248.0,0.08669651470342998,,0.0,0.0
hard,BestFinal_adaptive_v3_cap0,100,0.4,0.8,10,10,1.0,0,0,0,0.95855,2.2834699999999994,0.95855,2.2834699999999994,324.5,812.5999999999998,8245248.0,8245248.0,0.05318939868851806,,0.0,0.0
hard,BestFinal_adaptive_v3_cap0,100,0.6,0.2,10,10,1.0,0,0,0,0.004,0.00433,0.004,0.00433,1.0,1.0,8245248.0,8245248.0,0.0,,0.0,0.0
hard,BestFinal_adaptive_v3_cap0,100,0.6,0.4,10,10,1.0,0,0,0,0.8127500000000001,2.0607100000000003,0.8127500000000001,2.0607100000000003,267.0,658.0,8245248.0,8245248.0,0.034989642082314046,,0.0,0.0
hard,BestFinal_adaptive_v3_cap0,100,0.6,0.6,10,10,1.0,0,0,0,5.39595,10.492659999999997,5.39595,10.492659999999997,1846.0,3564.499999999999,8245248.0,8245248.0,0.07814082347486379,,0.0,0.0
hard,BestFinal_adaptive_v3_cap0,100,0.6,0.8,10,10,1.0,0,0,0,0.36685,0.54314,0.36685,0.54314,123.5,186.7,8245248.0,8245248.0,0.041447368421052636,,0.0,0.0
hard,BestFinal_adaptive_v3_cap0,100,0.8,0.2,10,10,1.0,0,0,0,0.004,0.00411,0.004,0.00411,1.0,1.0,8245248.0,8245248.0,0.0,,0.0,0.0
hard,BestFinal_adaptive_v3_cap0,100,0.8,0.4,10,10,1.0,0,0,0,0.0612,1.28914,0.0612,1.28914,20.0,365.7,8245248.0,8245248.0,0.0,,0.0,0.0
hard,BestFinal_adaptive_v3_cap0,100,0.8,0.6,10,10,1.0,0,0,0,1.5224,3.94364,1.5224,3.94364,526.5,1439.4,8245248.0,8245248.0,0.0713154060226827,,0.0,0.0
hard,BestFinal_adaptive_v3_cap0,100,0.8,0.8,10,10,1.0,0,0,0,0.33394999999999997,0.41984,0.33394999999999997,0.41984,104.0,140.79999999999998,8245248.0,8245248.0,0.024228705566733733,,0.0,0.0
hard,BestFinal_adaptive_v3_cap0,100,1.0,0.2,10,10,1.0,0,0,0,0.00415,0.004209999999999999,0.00415,0.004209999999999999,1.0,1.0,8245248.0,8245248.0,0.0,,0.0,0.0
hard,BestFinal_adaptive_v3_cap0,100,1.0,0.4,10,10,1.0,0,0,0,0.005849999999999999,0.21778999999999996,0.005849999999999999,0.21778999999999996,1.0,83.2,8245248.0,8245248.0,0.0,,0.0,0.0
hard,BestFinal_adaptive_v3_cap0,100,1.0,0.6,10,10,1.0,0,0,0,0.5277499999999999,1.4528199999999998,0.5277499999999999,1.4528199999999998,195.0,476.19999999999993,8245248.0,8245248.0,0.05594488939740656,,0.0,0.0
hard,BestFinal_adaptive_v3_cap0,100,1.0,0.8,10,10,1.0,0,0,0,0.2993,0.34126999999999996,0.2993,0.34126999999999996,95.5,116.0,8245248.0,8245248.0,0.014925742574257425,,0.0,0.0
hard,BestFinal_adaptive_v3_cap0,200,0.2,0.2,10,10,1.0,0,0,0,8.10185,16.365609999999997,8.10185,16.365609999999997,2673.5,5272.9,6909952.0,6955008.0,0.026558233516228394,,0.0,0.0
hard,BestFinal_adaptive_v3_cap0,200,0.2,0.4,30,30,1.0,0,0,0,246.2899,354.65557,246.2899,354.65557,72259.5,90754.80000000003,15564800.0,20791296.0,0.05754461226304406,,0.0,0.0
hard,BestFinal_adaptive_v3_cap0,200,0.2,0.6,30,30,1.0,0,0,0,509.8138,694.26736,509.8138,694.26736,134841.5,160983.80000000008,23875584.0,32444416.0,0.06497548047617385,,0.0,0.0
hard,BestFinal_adaptive_v3_cap0,200,0.2,0.8,30,30,1.0,0,0,0,197.66635,270.71226,197.66635,270.71226,53557.5,65819.3,16072704.0,26615808.0,0.08961351327563075,,0.0,0.0
hard,BestFinal_adaptive_v3_cap0,200,0.4,0.2,10,10,1.0,0,0,0,0.00595,0.05767,0.00595,0.05767,1.0,15.0,26615808.0,26615808.0,0.0,,0.0,0.0
hard,BestFinal_adaptive_v3_cap0,200,0.4,0.4,10,10,1.0,0,0,0,51.318650000000005,96.9994,51.318650000000005,96.9994,14036.0,26639.5,26615808.0,26615808.0,0.07908948878632516,,0.0,0.0
hard,BestFinal_adaptive_v3_cap0,200,0.4,0.6,30,30,1.0,0,0,0,218.0553,329.06458,218.0553,329.06458,56551.5,75337.00000000003,20881408.0,26615808.0,0.10381977432938426,,0.0,0.0
hard,BestFinal_adaptive_v3_cap0,200,0.4,0.8,10,10,1.0,0,0,0,9.2545,22.798609999999986,9.2545,22.798609999999986,2871.5,6846.099999999997,26615808.0,26615808.0,0.11445832027305658,,0.0,0.0
hard,BestFinal_adaptive_v3_cap0,200,0.6,0.2,10,10,1.0,0,0,0,0.0047,0.007659999999999996,0.0047,0.007659999999999996,1.0,1.0,26615808.0,26615808.0,0.0,,0.0,0.0
hard,BestFinal_adaptive_v3_cap0,200,0.6,0.4,10,10,1.0,0,0,0,5.12965,15.223320000000001,5.12965,15.223320000000001,1611.5,4746.7,26615808.0,26615808.0,0.052464819434688885,,0.0,0.0
hard,BestFinal_adaptive_v3_cap0,200,0.6,0.6,10,10,1.0,0,0,0,95.08305,141.50113999999996,95.08305,141.50113999999996,23747.5,34726.7,26615808.0,26615808.0,0.12665725638170056,,0.0,0.0
hard,BestFinal_adaptive_v3_cap0,200,0.6,0.8,10,10,1.0,0,0,0,1.03715,2.117039999999999,1.03715,2.117039999999999,303.5,647.2999999999995,26615808.0,26615808.0,0.07600218470272244,,0.0,0.0
hard,BestFinal_adaptive_v3_cap0,200,0.8,0.2,10,10,1.0,0,0,0,0.00475,0.017929999999999998,0.00475,0.017929999999999998,1.0,1.0,26615808.0,26615808.0,0.0,,0.0,0.0
hard,BestFinal_adaptive_v3_cap0,200,0.8,0.4,10,10,1.0,0,0,0,0.04025,0.6617299999999996,0.04025,0.6617299999999996,11.5,140.19999999999993,26615808.0,26615808.0,0.0,,0.0,0.0
hard,BestFinal_adaptive_v3_cap0,200,0.8,0.6,10,10,1.0,0,0,0,10.01225,66.71893,10.01225,66.71893,3337.5,17104.3,26615808.0,26615808.0,0.11822870468983535,,0.0,0.0
hard,BestFinal_adaptive_v3_cap0,200,0.8,0.8,10,10,1.0,0,0,0,0.8736999999999999,1.3087,0.8736999999999999,1.3087,244.5,334.69999999999993,26615808.0,26615808.0,0.03821510297482837,,0.0,0.0
hard,BestFinal_adaptive_v3_cap0,200,1.0,0.2,10,10,1.0,0,0,0,0.0045,0.007879999999999996,0.0045,0.007879999999999996,1.0,1.0,26615808.0,26615808.0,0.0,,0.0,0.0
hard,BestFinal_adaptive_v3_cap0,200,1.0,0.4,10,10,1.0,0,0,0,0.0047,0.005469999999999999,0.0047,0.005469999999999999,1.0,1.0,26615808.0,26615808.0,0.0,,0.0,0.0
hard,BestFinal_adaptive_v3_cap0,200,1.0,0.6,10,10,1.0,0,0,0,1.8027,6.874439999999997,1.8027,6.874439999999997,557.5,2220.6999999999994,26615808.0,26615808.0,0.08523133451331003,,0.0,0.0
hard,BestFinal_adaptive_v3_cap0,200,1.0,0.8,10,10,1.0,0,0,0,0.86,1.10285,0.86,1.10285,212.5,314.3,26615808.0,26615808.0,0.030476948686400808,,0.0,0.0
hard,BestFinal_adaptive_v3_cap0,300,0.2,0.2,10,10,1.0,0,0,0,44.3388,56.912459999999996,44.3388,56.912459999999996,13676.0,17991.6,10469376.0,12255232.0,0.04328925565543028,,0.0,0.0
hard,BestFinal_adaptive_v3_cap0,300,0.2,0.4,30,30,1.0,0,0,0,1166.429,1732.37048,1166.429,1732.37048,255053.5,336058.9000000001,55742464.0,70418432.0,0.06423718502521673,,0.0,0.0
hard,BestFinal_adaptive_v3_cap0,300,0.2,0.6,30,30,1.0,0,0,0,2177.9049,3060.5531100000017,2177.9049,3060.5531100000017,442974.0,557241.9000000004,101548032.0,136912896.0,0.0734212052224999,,0.0,0.0
hard,BestFinal_adaptive_v3_cap0,300,0.2,0.8,30,30,1.0,0,0,0,740.2767,1325.0319600000012,740.2767,1325.0319600000012,143317.0,238052.10000000024,71757824.0,102576128.0,0.09142050768456113,,0.0,0.0
hard,BestFinal_adaptive_v3_cap0,300,0.4,0.2,10,10,1.0,0,0,0,0.0124,0.059219999999999995,0.0124,0.059219999999999995,1.0,11.399999999999999,102576128.0,102576128.0,0.0,,0.0,0.0
hard,BestFinal_adaptive_v3_cap0,300,0.4,0.4,10,10,1.0,0,0,0,311.01135,449.4985,311.01135,449.4985,67502.0,97307.29999999999,102576128.0,102576128.0,0.08724500676227585,,0.0,0.0
hard,BestFinal_adaptive_v3_cap0,300,0.4,0.6,30,30,1.0,0,0,0,893.1029000000001,1774.52251,893.1029000000001,1774.52251,165365.0,296828.10000000003,60354560.0,102576128.0,0.09865706284283318,,0.0,0.0
hard,BestFinal_adaptive_v3_cap0,300,0.4,0.8,10,10,1.0,0,0,0,6.939349999999999,141.09745999999996,6.939349999999999,141.09745999999996,2081.5,30872.799999999992,102576128.0,102576128.0,0.1281793398676227,,0.0,0.0
hard,BestFinal_adaptive_v3_cap0,300,0.6,0.2,10,10,1.0,0,0,0,0.0055,0.007509999999999999,0.0055,0.007509999999999999,1.0,1.0,102576128.0,102576128.0,0.0,,0.0,0.0
hard,BestFinal_adaptive_v3_cap0,300,0.6,0.4,10,10,1.0,0,0,0,24.786949999999997,39.81252,24.786949999999997,39.81252,6666.5,10371.5,102576128.0,102576128.0,0.09630903772706595,,0.0,0.0
hard,BestFinal_adaptive_v3_cap0,300,0.6,0.6,10,10,1.0,0,0,0,313.01765,965.47979,313.01765,965.47979,63741.5,154822.3,102576128.0,102576128.0,0.17141356640379946,,0.0,0.0
hard,BestFinal_adaptive_v3_cap0,300,0.6,0.8,10,10,1.0,0,0,0,1.55995,2.0506599999999997,1.55995,2.0506599999999997,375.0,577.1999999999999,102576128.0,102576128.0,0.050633690168573886,,0.0,0.0
hard,BestFinal_adaptive_v3_cap0,300,0.8,0.2,10,10,1.0,0,0,0,0.0052499999999999995,0.0059299999999999995,0.0052499999999999995,0.0059299999999999995,1.0,1.0,102576128.0,102576128.0,0.0,,0.0,0.0
hard,BestFinal_adaptive_v3_cap0,300,0.8,0.4,10,10,1.0,0,0,0,0.22815,0.7832999999999999,0.22815,0.7832999999999999,61.0,253.29999999999995,102576128.0,102576128.0,0.003205128205128205,,0.0,0.0
hard,BestFinal_adaptive_v3_cap0,300,0.8,0.6,10,10,1.0,0,0,0,39.6846,182.5972299999999,39.6846,182.5972299999999,10913.0,41541.19999999998,102576128.0,102576128.0,0.15683310991270388,,0.0,0.0
hard,BestFinal_adaptive_v3_cap0,300,0.8,0.8,10,10,1.0,0,0,0,1.45525,1.6319599999999999,1.45525,1.6319599999999999,317.0,369.19999999999993,102576128.0,102576128.0,0.031871412169919636,,0.0,0.0
hard,BestFinal_adaptive_v3_cap0,300,1.0,0.2,10,10,1.0,0,0,0,0.0052,0.00752,0.0052,0.00752,1.0,1.0,102576128.0,102576128.0,0.0,,0.0,0.0
hard,BestFinal_adaptive_v3_cap0,300,1.0,0.4,10,10,1.0,0,0,0,0.0055,0.0072499999999999995,0.0055,0.0072499999999999995,1.0,1.0,102576128.0,102576128.0,0.0,,0.0,0.0
hard,BestFinal_adaptive_v3_cap0,300,1.0,0.6,10,10,1.0,0,0,0,2.41725,8.596509999999988,2.41725,8.596509999999988,742.5,2554.699999999997,102576128.0,102576128.0,0.10847225178542069,,0.0,0.0
hard,BestFinal_adaptive_v3_cap0,300,1.0,0.8,10,10,1.0,0,0,0,1.4289,1.6546999999999998,1.4289,1.6546999999999998,304.0,352.3,102576128.0,102576128.0,0.023382989559460148,,0.0,0.0
hard,BestFinal_adaptive_v3_cap0,400,0.2,0.2,10,10,1.0,0,0,0,87.7698,98.67799999999998,87.7698,98.67799999999998,25835.5,29655.699999999997,15298560.0,16171008.0,0.053814851150713015,,0.0,0.0
hard,BestFinal_adaptive_v3_cap0,400,0.2,0.4,10,10,1.0,0,0,0,3163.38575,4980.48074,3163.38575,4980.48074,587066.5,867724.1,132425728.0,150528000.0,0.06618743214856014,,0.0,0.0
hard,BestFinal_adaptive_v3_cap0,400,0.2,0.6,10,10,1.0,0,0,0,7392.8885,8493.46714,7392.8885,8493.46714,1145464.0,1315801.2,216248320.0,217075712.0,0.07136848371706592,,0.0,0.0
hard,BestFinal_adaptive_v3_cap0,400,0.2,0.8,10,10,1.0,0,0,0,3024.9395,4035.05374,3024.9395,4035.05374,459923.0,590467.1,217075712.0,217075712.0,0.08032935795930285,,0.0,0.0
hard,BestFinal_adaptive_v3_cap0,400,0.4,0.2,10,10,1.0,0,0,0,0.0072,0.05189999999999999,0.0072,0.05189999999999999,1.0,9.399999999999999,217075712.0,217075712.0,0.0,,0.0,0.0
hard,BestFinal_adaptive_v3_cap0,400,0.4,0.4,10,10,1.0,0,0,0,531.63905,1176.7754199999997,531.63905,1176.7754199999997,112568.5,218710.79999999996,217075712.0,217075712.0,0.08408832215882556,,0.0,0.0
hard,BestFinal_adaptive_v3_cap0,400,0.4,0.6,10,10,1.0,0,0,0,3437.73315,4304.031849999999,3437.73315,4304.031849999999,499416.5,628352.4,217075712.0,217075712.0,0.09725838461928119,,0.0,0.0
hard,BestFinal_adaptive_v3_cap0,400,0.4,0.8,10,10,1.0,0,0,0,28.84195,105.98769999999996,28.84195,105.98769999999996,7835.0,24771.399999999994,217075712.0,217075712.0,0.1458461339112117,,0.0,0.0
hard,BestFinal_adaptive_v3_cap0,400,0.6,0.2,10,10,1.0,0,0,0,0.00595,0.00701,0.00595,0.00701,1.0,1.0,217075712.0,217075712.0,0.0,,0.0,0.0
hard,BestFinal_adaptive_v3_cap0,400,0.6,0.4,10,10,1.0,0,0,0,45.8934,91.57323999999996,45.8934,91.57323999999996,13207.5,22541.49999999999,217075712.0,217075712.0,0.1131784957326436,,0.0,0.0
hard,BestFinal_adaptive_v3_cap0,400,0.6,0.6,10,10,1.0,0,0,0,1465.0943000000002,2079.4011499999997,1465.0943000000002,2079.4011499999997,234515.5,309274.0,217075712.0,217075712.0,0.16993807130813687,,0.0,0.0
hard,BestFinal_adaptive_v3_cap0,400,0.6,0.8,10,10,1.0,0,0,0,2.614,3.4800699999999996,2.614,3.4800699999999996,577.0,883.5,217075712.0,217075712.0,0.06895701679399224,,0.0,0.0
hard,BestFinal_adaptive_v3_cap0,400,0.8,0.2,10,10,1.0,0,0,0,0.00615,0.00732,0.00615,0.00732,1.0,1.0,217075712.0,217075712.0,0.0,,0.0,0.0
hard,BestFinal_adaptive_v3_cap0,400,0.8,0.4,10,10,1.0,0,0,0,0.008,2.403349999999999,0.008,2.403349999999999,1.0,537.5999999999999,217075712.0,217075712.0,0.0,,0.0,0.0
hard,BestFinal_adaptive_v3_cap0,400,0.8,0.6,10,10,1.0,0,0,0,155.9213,242.70471999999998,155.9213,242.70471999999998,34362.0,51192.1,217075712.0,217075712.0,0.16954328834563126,,0.0,0.0
hard,BestFinal_adaptive_v3_cap0,400,0.8,0.8,10,10,1.0,0,0,0,2.38295,2.6591699999999996,2.38295,2.6591699999999996,494.0,641.0,217075712.0,217075712.0,0.028958106177785665,,0.0,0.0
hard,BestFinal_adaptive_v3_cap0,400,1.0,0.2,10,10,1.0,0,0,0,0.00715,0.00764,0.00715,0.00764,1.0,1.0,217075712.0,217075712.0,0.0,,0.0,0.0
hard,BestFinal_adaptive_v3_cap0,400,1.0,0.4,10,10,1.0,0,0,0,0.00625,0.0079,0.00625,0.0079,1.0,1.0,217075712.0,217075712.0,0.0,,0.0,0.0
hard,BestFinal_adaptive_v3_cap0,400,1.0,0.6,10,10,1.0,0,0,0,4.18935,15.185599999999996,4.18935,15.185599999999996,1230.0,4541.499999999998,217075712.0,217075712.0,0.09124332994047069,,0.0,0.0
hard,BestFinal_adaptive_v3_cap0,400,1.0,0.8,10,10,1.0,0,0,0,2.2559,2.92357,2.2559,2.92357,435.5,593.8,217075712.0,217075712.0,0.029630987994692923,,0.0,0.0
hard,BestFinal_adaptive_v3_cap0,500,0.2,0.2,10,10,1.0,0,0,0,215.10625,426.14943999999997,215.10625,426.14943999999997,57386.5,98876.2,27561984.0,28403302.4,0.051957881624165383,,0.0,0.0
hard,BestFinal_adaptive_v3_cap0,500,0.2,0.4,30,30,1.0,0,0,0,8043.9876,9309.63742,8043.9876,9309.63742,1362928.5,1535526.7000000002,266035200.0,351006720.0,0.07698418720921152,,0.0,0.0
hard,BestFinal_adaptive_v3_cap0,500,0.2,0.6,30,30,1.0,0,0,0,17480.218,18807.81801,17480.218,18807.81801,2390600.0,2540829.6000000006,383815680.0,574009344.0,0.07582000902414557,,0.0,0.0
hard,BestFinal_adaptive_v3_cap0,500,0.2,0.8,30,30,1.0,0,0,0,6324.60135,7925.45983,6324.60135,7925.45983,827706.0,1003106.9,207347712.0,383815680.0,0.07816613378569805,,0.0,0.0
hard,BestFinal_adaptive_v3_cap0,500,0.4,0.2,10,10,1.0,0,0,0,0.0174,0.06968999999999997,0.0174,0.06968999999999997,2.5,17.099999999999994,383815680.0,383815680.0,0.0,,0.0,0.0
hard,BestFinal_adaptive_v3_cap0,500,0.4,0.4,10,10,1.0,0,0,0,1921.73165,2685.28395,1921.73165,2685.28395,328099.5,429037.4,383815680.0,383815680.0,0.07368357074484944,,0.0,0.0
hard,BestFinal_adaptive_v3_cap0,500,0.4,0.6,30,30,1.0,0,0,0,7357.378549999999,9783.45911,7357.378549999999,9783.45911,972593.0,1206339.0,263917568.0,383815680.0,0.09634395228791803,,0.0,0.0
hard,BestFinal_adaptive_v3_cap0,500,0.4,0.8,10,10,1.0,0,0,0,56.75785,140.7074599999999,56.75785,140.7074599999999,13895.5,31677.599999999984,383815680.0,383815680.0,0.18315731292931314,,0.0,0.0
hard,BestFinal_adaptive_v3_cap0,500,0.6,0.2,10,10,1.0,0,0,0,0.0061,0.006689999999999999,0.0061,0.006689999999999999,1.0,1.0,383815680.0,383815680.0,0.0,,0.0,0.0
hard,BestFinal_adaptive_v3_cap0,500,0.6,0.4,10,10,1.0,0,0,0,187.8519,327.84857999999997,187.8519,327.84857999999997,42620.0,67916.9,383815680.0,383815680.0,0.12153445630157281,,0.0,0.0
hard,BestFinal_adaptive_v3_cap0,500,0.6,0.6,10,10,1.0,0,0,0,3283.3824999999997,4045.299609999999,3283.3824999999997,4045.299609999999,426413.0,515662.8999999999,383815680.0,383815680.0,0.16255973347963587,,0.0,0.0
hard,BestFinal_adaptive_v3_cap0,500,0.6,0.8,10,10,1.0,0,0,0,3.701,6.37937,3.701,6.37937,790.0,1414.6,383815680.0,383815680.0,0.07043215444425799,,0.0,0.0
hard,BestFinal_adaptive_v3_cap0,500,0.8,0.2,10,10,1.0,0,0,0,0.00745,0.01007,0.00745,0.01007,1.0,1.0,383815680.0,383815680.0,0.0,,0.0,0.0
hard,BestFinal_adaptive_v3_cap0,500,0.8,0.4,10,10,1.0,0,0,0,0.0735,0.42082999999999904,0.0735,0.42082999999999904,17.5,137.9999999999997,383815680.0,383815680.0,0.0,,0.0,0.0
hard,BestFinal_adaptive_v3_cap0,500,0.8,0.6,10,10,1.0,0,0,0,138.8826,571.7115099999997,138.8826,571.7115099999997,27308.0,99111.39999999998,383815680.0,383815680.0,0.18270177840065843,,0.0,0.0
hard,BestFinal_adaptive_v3_cap0,500,0.8,0.8,10,10,1.0,0,0,0,3.49795,3.91955,3.49795,3.91955,666.5,747.4,383815680.0,383815680.0,0.038288695589272476,,0.0,0.0
hard,BestFinal_adaptive_v3_cap0,500,1.0,0.2,10,10,1.0,0,0,0,0.006699999999999999,0.007819999999999999,0.006699999999999999,0.007819999999999999,1.0,1.0,383815680.0,383815680.0,0.0,,0.0,0.0
hard,BestFinal_adaptive_v3_cap0,500,1.0,0.4,10,10,1.0,0,0,0,0.0066,0.008419999999999999,0.0066,0.008419999999999999,1.0,1.0,383815680.0,383815680.0,0.0,,0.0,0.0
hard,BestFinal_adaptive_v3_cap0,500,1.0,0.6,10,10,1.0,0,0,0,4.8706,27.547669999999997,4.8706,27.547669999999997,1387.0,7291.599999999999,383815680.0,383815680.0,0.10644364740273883,,0.0,0.0
hard,BestFinal_adaptive_v3_cap0,500,1.0,0.8,10,10,1.0,0,0,0,3.34965,3.57673,3.34965,3.57673,534.5,646.5,383815680.0,383815680.0,0.034370292928492155,,0.0,0.0
hard,BestFinal_adaptive_v3_cap0,600,0.2,0.2,10,10,1.0,0,0,0,556.0002999999999,742.5776399999999,556.0002999999999,742.5776399999999,127696.5,178747.0,53514240.0,53514240.0,0.05898754019998971,,0.0,0.0
hard,BestFinal_adaptive_v3_cap0,600,0.2,0.4,10,10,1.0,0,0,0,14030.478650000001,16696.92623,14030.478650000001,16696.92623,2018703.0,2464350.2,425873408.0,425873408.0,0.07953142919806674,,0.0,0.0
hard,BestFinal_adaptive_v3_cap0,600,0.2,0.6,10,10,1.0,0,0,0,29627.9294,40703.7779,29627.9294,40703.7779,3377371.5,4706578.4,930385920.0,930385920.0,0.07878492850018065,,0.0,0.0
hard,BestFinal_adaptive_v3_cap0,600,0.2,0.8,10,10,1.0,0,0,0,12962.880000000001,15442.063989999999,12962.880000000001,15442.063989999999,1458039.0,1737138.9,930385920.0,930385920.0,0.08041319496437851,,0.0,0.0
hard,BestFinal_adaptive_v3_cap0,600,0.4,0.2,10,10,1.0,0,0,0,0.03315,0.05298,0.03315,0.05298,4.5,12.299999999999999,930385920.0,930385920.0,0.0,,0.0,0.0
hard,BestFinal_adaptive_v3_cap0,600,0.4,0.4,10,10,1.0,0,0,0,2954.58995,3799.7959499999997,2954.58995,3799.7959499999997,468913.5,572174.2999999999,930385920.0,930385920.0,0.07841469416864759,,0.0,0.0
hard,BestFinal_adaptive_v3_cap0,600,0.4,0.6,10,10,1.0,0,0,0,12711.041949999999,16824.15227,12711.041949999999,16824.15227,1398738.5,1791094.2,930385920.0,930385920.0,0.10181490825952513,,0.0,0.0
hard,BestFinal_adaptive_v3_cap0,600,0.4,0.8,10,10,1.0,0,0,0,100.32695,396.65496999999993,100.32695,396.65496999999993,22205.0,70884.4,930385920.0,930385920.0,0.1704985358060191,,0.0,0.0
hard,BestFinal_adaptive_v3_cap0,600,0.6,0.2,10,10,1.0,0,0,0,0.0069,0.009839999999999998,0.0069,0.009839999999999998,1.0,1.0,930385920.0,930385920.0,0.0,,0.0,0.0
hard,BestFinal_adaptive_v3_cap0,600,0.6,0.4,10,10,1.0,0,0,0,281.39475000000004,386.20583,281.39475000000004,386.20583,60911.5,80000.4,930385920.0,930385920.0,0.11790416944318433,,0.0,0.0
hard,BestFinal_adaptive_v3_cap0,600,0.6,0.6,10,10,1.0,0,0,0,5112.614299999999,6769.31915,5112.614299999999,6769.31915,598904.5,789449.3,930385920.0,930385920.0,0.17924695721458828,,0.0,0.0
hard,BestFinal_adaptive_v3_cap0,600,0.6,0.8,10,10,1.0,0,0,0,5.10435,5.832949999999999,5.10435,5.832949999999999,974.5,1191.1999999999998,930385920.0,930385920.0,0.06866484354052255,,0.0,0.0
hard,BestFinal_adaptive_v3_cap0,600,0.8,0.2,10,10,1.0,0,0,0,0.0078000000000000005,0.00938,0.0078000000000000005,0.00938,1.0,1.0,930385920.0,930385920.0,0.0,,0.0,0.0
hard,BestFinal_adaptive_v3_cap0,600,0.8,0.4,10,10,1.0,0,0,0,0.07,8.7522,0.07,8.7522,16.0,628.4,930385920.0,930385920.0,0.0,,0.0,0.0
hard,BestFinal_adaptive_v3_cap0,600,0.8,0.6,10,10,1.0,0,0,0,428.802,1234.4402599999999,428.802,1234.4402599999999,71247.0,170346.69999999995,930385920.0,930385920.0,0.20314540556935162,,0.0,0.0
hard,BestFinal_adaptive_v3_cap0,600,0.8,0.8,10,10,1.0,0,0,0,4.7334499999999995,5.772509999999999,4.7334499999999995,5.772509999999999,745.0,923.2999999999997,930385920.0,930385920.0,0.051272495602604676,,0.0,0.0
hard,BestFinal_adaptive_v3_cap0,600,1.0,0.2,10,10,1.0,0,0,0,0.00745,0.0096,0.00745,0.0096,1.0,1.0,930385920.0,930385920.0,0.0,,0.0,0.0
hard,BestFinal_adaptive_v3_cap0,600,1.0,0.4,10,10,1.0,0,0,0,0.0075,0.00894,0.0075,0.00894,1.0,1.0,930385920.0,930385920.0,0.0,,0.0,0.0
hard,BestFinal_adaptive_v3_cap0,600,1.0,0.6,10,10,1.0,0,0,0,7.222300000000001,23.425729999999994,7.222300000000001,23.425729999999994,1891.5,6439.999999999998,930385920.0,930385920.0,0.10978682717915744,,0.0,0.0
hard,BestFinal_adaptive_v3_cap0,600,1.0,0.8,10,10,1.0,0,0,0,4.6197,5.093179999999999,4.6197,5.093179999999999,662.5,756.1999999999999,930385920.0,930385920.0,0.034951389973449945,,0.0,0.0
hard,BestFinal_adaptive_v3_cap0,700,0.2,0.2,10,10,1.0,0,0,0,795.59635,1177.24022,795.59635,1177.24022,178466.0,247692.69999999998,59269120.0,79917056.0,0.05825998699043522,,0.0,0.0
hard,BestFinal_adaptive_v3_cap0,700,0.2,0.4,30,30,1.0,0,0,0,23771.1983,29208.466360000006,23771.1983,29208.466360000006,3232487.0,3732190.8000000007,988303360.0,991748096.0,0.08634308916786752,,0.0,0.0
hard,BestFinal_adaptive_v3_cap0,700,0.2,0.6,30,30,1.0,0,0,0,53945.3776,69643.01694,53945.3776,69643.01694,5807626.0,7256035.200000001,1492967424.0,1706000384.0,0.08591805602804972,,0.0,0.0
hard,BestFinal_adaptive_v3_cap0,700,0.2,0.8,30,30,1.0,0,0,0,24255.70515,27291.765750000002,24255.70515,27291.765750000002,2423417.0,2750064.9000000004,673595392.0,1492967424.0,0.08264699801425462,,0.0,0.0
hard,BestFinal_adaptive_v3_cap0,700,0.4,0.2,10,10,1.0,0,0,0,0.009850000000000001,0.052739999999999995,0.009850000000000001,0.052739999999999995,1.0,10.299999999999999,1492967424.0,1492967424.0,0.0,,0.0,0.0
hard,BestFinal_adaptive_v3_cap0,700,0.4,0.4,10,10,1.0,0,0,0,5201.5767,7081.956859999999,5201.5767,7081.956859999999,764577.5,936080.8999999999,1492967424.0,1492967424.0,0.07958050576622314,,0.0,0.0
hard,BestFinal_adaptive_v3_cap0,700,0.4,0.6,30,30,1.0,0,0,0,21962.8762,32770.80797,21962.8762,32770.80797,2235062.5,3122083.2,724631552.0,1492967424.0,0.09976713251116387,,0.0,0.0
hard,BestFinal_adaptive_v3_cap0,700,0.4,0.8,10,10,1.0,0,0,0,167.42945,551.5038699999998,167.42945,551.5038699999998,35661.0,85330.89999999997,1492967424.0,1492967424.0,0.18525443542365744,,0.0,0.0
hard,BestFinal_adaptive_v3_cap0,700,0.6,0.2,10,10,1.0,0,0,0,0.00825,0.009659999999999998,0.00825,0.009659999999999998,1.0,1.0,1492967424.0,1492967424.0,0.0,,0.0,0.0
hard,BestFinal_adaptive_v3_cap0,700,0.6,0.4,10,10,1.0,0,0,0,488.6454,708.28621,488.6454,708.28621,95458.0,123559.4,1492967424.0,1492967424.0,0.13245571853670451,,0.0,0.0
hard,BestFinal_adaptive_v3_cap0,700,0.6,0.6,10,10,1.0,0,0,0,8644.89585,14552.76328,8644.89585,14552.76328,946173.0,1472788.3,1492967424.0,1492967424.0,0.18451310281835193,,0.0,0.0
hard,BestFinal_adaptive_v3_cap0,700,0.6,0.8,10,10,1.0,0,0,0,6.03815,6.600099999999999,6.03815,6.600099999999999,1050.0,1214.3,1492967424.0,1492967424.0,0.06580128013915246,,0.0,0.0
hard,BestFinal_adaptive_v3_cap0,700,0.8,0.2,10,10,1.0,0,0,0,0.008199999999999999,0.011869999999999999,0.008199999999999999,0.011869999999999999,1.0,1.0,1492967424.0,1492967424.0,0.0,,0.0,0.0
hard,BestFinal_adaptive_v3_cap0,700,0.8,0.4,10,10,1.0,0,0,0,0.0616,1.227619999999996,0.0616,1.227619999999996,13.5,104.99999999999976,1492967424.0,1492967424.0,0.0,,0.0,0.0
hard,BestFinal_adaptive_v3_cap0,700,0.8,0.6,10,10,1.0,0,0,0,335.53685,2026.8256699999995,335.53685,2026.8256699999995,67702.5,242389.39999999997,1492967424.0,1492967424.0,0.2041793416010163,,0.0,0.0
hard,BestFinal_adaptive_v3_cap0,700,0.8,0.8,10,10,1.0,0,0,0,6.12685,7.0657499999999995,6.12685,7.0657499999999995,877.0,1028.8,1492967424.0,1492967424.0,0.06359505313424804,,0.0,0.0
hard,BestFinal_adaptive_v3_cap0,700,1.0,0.2,10,10,1.0,0,0,0,0.00775,0.00862,0.00775,0.00862,1.0,1.0,1492967424.0,1492967424.0,0.0,,0.0,0.0
hard,BestFinal_adaptive_v3_cap0,700,1.0,0.4,10,10,1.0,0,0,0,0.00805,0.00988,0.00805,0.00988,1.0,1.0,1492967424.0,1492967424.0,0.0,,0.0,0.0
hard,BestFinal_adaptive_v3_cap0,700,1.0,0.6,10,10,1.0,0,0,0,11.681999999999999,16.899079999999998,11.681999999999999,16.899079999999998,2904.5,4769.7,1492967424.0,1492967424.0,0.12103928255001103,,0.0,0.0
hard,BestFinal_adaptive_v3_cap0,700,1.0,0.8,10,10,1.0,0,0,0,6.0501000000000005,6.96205,6.0501000000000005,6.96205,828.5,907.1,1492967424.0,1492967424.0,0.04246666602692889,,0.0,0.0
hard,BestFinal_adaptive_v3_cap0,800,0.2,0.2,10,10,1.0,0,0,0,1360.8803,1950.49645,1360.8803,1950.49645,287416.0,377135.2,91525120.0,95187763.19999999,0.06316123327849724,,0.0,0.0
hard,BestFinal_adaptive_v3_cap0,800,0.2,0.4,10,10,1.0,0,0,0,42401.7097,50054.03183,42401.7097,50054.03183,5115738.0,5888277.0,1146097664.0,1146527744.0,0.09231389697699022,,0.0,0.0
hard,BestFinal_adaptive_v3_cap0,800,0.2,0.6,10,10,1.0,0,0,0,91191.31534999999,107624.04536999999,91191.31534999999,107624.04536999999,8757677.5,9985049.0,2534576128.0,2534576128.0,0.08862915046985906,,0.0,0.0
hard,BestFinal_adaptive_v3_cap0,800,0.2,0.8,10,10,1.0,0,0,0,40883.089550000004,46722.63694,40883.089550000004,46722.63694,3557108.5,4181880.1999999997,2534576128.0,2534576128.0,0.08660528394835193,,0.0,0.0
hard,BestFinal_adaptive_v3_cap0,800,0.4,0.2,10,10,1.0,0,0,0,0.029249999999999998,1.8628399999999938,0.029249999999999998,1.8628399999999938,3.5,95.99999999999972,2534576128.0,2534576128.0,0.0,,0.0,0.0
hard,BestFinal_adaptive_v3_cap0,800,0.4,0.4,10,10,1.0,0,0,0,9265.8402,10822.877319999998,9265.8402,10822.877319999998,1191168.0,1377250.5,2534576128.0,2534576128.0,0.08523525574036377,,0.0,0.0
hard,BestFinal_adaptive_v3_cap0,800,0.4,0.6,10,10,1.0,0,0,0,41777.20865,47331.30282,41777.20865,47331.30282,3695600.5,4273304.2,2534576128.0,2534576128.0,0.10072346941195603,,0.0,0.0
hard,BestFinal_adaptive_v3_cap0,800,0.4,0.8,10,10,1.0,0,0,0,350.2282,884.35376,350.2282,884.35376,60780.0,135449.1,2534576128.0,2534576128.0,0.21456151876602106,,0.0,0.0
hard,BestFinal_adaptive_v3_cap0,800,0.6,0.2,10,10,1.0,0,0,0,0.0075,0.010589999999999999,0.0075,0.010589999999999999,1.0,1.0,2534576128.0,2534576128.0,0.0,,0.0,0.0
hard,BestFinal_adaptive_v3_cap0,800,0.6,0.4,10,10,1.0,0,0,0,866.1972499999999,1363.67127,866.1972499999999,1363.67127,155175.5,219086.99999999997,2534576128.0,2534576128.0,0.13357262364000078,,0.0,0.0
hard,BestFinal_adaptive_v3_cap0,800,0.6,0.6,10,10,1.0,0,0,0,17479.56205,22837.823889999996,17479.56205,22837.823889999996,1633711.0,1957104.5999999996,2534576128.0,2534576128.0,0.17587924684659315,,0.0,0.0
hard,BestFinal_adaptive_v3_cap0,800,0.6,0.8,10,10,1.0,0,0,0,7.9013,8.76545,7.9013,8.76545,1142.0,1595.3999999999999,2534576128.0,2534576128.0,0.0535890382971938,,0.0,0.0
hard,BestFinal_adaptive_v3_cap0,800,0.8,0.2,10,10,1.0,0,0,0,0.00745,0.00812,0.00745,0.00812,1.0,1.0,2534576128.0,2534576128.0,0.0,,0.0,0.0
hard,BestFinal_adaptive_v3_cap0,800,0.8,0.4,10,10,1.0,0,0,0,0.11965,14.175419999999999,0.11965,14.175419999999999,31.5,852.8999999999999,2534576128.0,2534576128.0,0.0,,0.0,0.0
hard,BestFinal_adaptive_v3_cap0,800,0.8,0.6,10,10,1.0,0,0,0,660.16335,3133.223339999999,660.16335,3133.223339999999,96106.0,353605.1999999999,2534576128.0,2534576128.0,0.2097220719969483,,0.0,0.0
hard,BestFinal_adaptive_v3_cap0,800,0.8,0.8,10,10,1.0,0,0,0,7.97585,8.53133,7.97585,8.53133,961.0,1138.8,2534576128.0,2534576128.0,0.045237760556723544,,0.0,0.0
hard,BestFinal_adaptive_v3_cap0,800,1.0,0.2,10,10,1.0,0,0,0,0.008199999999999999,0.009430000000000001,0.008199999999999999,0.009430000000000001,1.0,1.0,2534576128.0,2534576128.0,0.0,,0.0,0.0
hard,BestFinal_adaptive_v3_cap0,800,1.0,0.4,10,10,1.0,0,0,0,0.0075,0.010549999999999999,0.0075,0.010549999999999999,1.0,1.0,2534576128.0,2534576128.0,0.0,,0.0,0.0
hard,BestFinal_adaptive_v3_cap0,800,1.0,0.6,10,10,1.0,0,0,0,9.8052,18.949149999999996,9.8052,18.949149999999996,2311.0,5360.0,2534576128.0,2534576128.0,0.12379842758414653,,0.0,0.0
hard,BestFinal_adaptive_v3_cap0,800,1.0,0.8,10,10,1.0,0,0,0,7.22,8.14208,7.22,8.14208,885.5,1004.1999999999999,2534576128.0,2534576128.0,0.03485533012188259,,0.0,0.0
hard,BestFinal_adaptive_v3_cap0,900,0.2,0.2,10,10,1.0,0,0,0,2217.9915499999997,4275.5719,2217.9915499999997,4275.5719,431624.0,748935.1,194846720.0,195395584.0,0.06380042355021816,,0.0,0.0
hard,BestFinal_adaptive_v3_cap0,900,0.2,0.4,10,10,1.0,0,0,0,74050.8487,80000.84082999999,74050.8487,80000.84082999999,7956587.5,8403865.4,1929568256.0,1929568256.0,0.09758099127724407,,0.0,0.0
hard,BestFinal_adaptive_v3_cap0,900,0.2,0.6,11,11,1.0,0,0,0,144578.3684,167000.6581,144578.3684,167000.6581,12162898.0,14160464.0,2844286976.0,2846158848.0,0.09069541190904079,,0.0,0.0
hard,BestFinal_adaptive_v3_cap0,900,0.2,0.8,10,10,1.0,0,0,0,59912.0196,67005.58897999999,59912.0196,67005.58897999999,4873940.5,5292619.8,2846158848.0,2846158848.0,0.0844750745639312,,0.0,0.0
hard,BestFinal_adaptive_v3_cap0,900,0.4,0.2,10,10,1.0,0,0,0,0.02135,0.05343,0.02135,0.05343,1.5,9.0,2846158848.0,2846158848.0,0.0,,0.0,0.0
hard,BestFinal_adaptive_v3_cap0,900,0.4,0.4,10,10,1.0,0,0,0,14835.597150000001,22084.240889999997,14835.597150000001,22084.240889999997,1711053.0,2342907.0,2846158848.0,2846158848.0,0.08709616495565267,,0.0,0.0
hard,BestFinal_adaptive_v3_cap0,900,0.4,0.6,10,10,1.0,0,0,0,58410.0221,73599.98657,58410.0221,73599.98657,4928554.0,5981418.6,2846158848.0,2846158848.0,0.10569434682236019,,0.0,0.0
hard,BestFinal_adaptive_v3_cap0,900,0.4,0.8,10,10,1.0,0,0,0,214.0177,632.6268499999987,214.0177,632.6268499999987,39697.5,90202.89999999988,2846158848.0,2846158848.0,0.2125062624839134,,0.0,0.0
hard,BestFinal_adaptive_v3_cap0,900,0.6,0.2,10,10,1.0,0,0,0,0.00835,0.009940000000000001,0.00835,0.009940000000000001,1.0,1.0,2846158848.0,2846158848.0,0.0,,0.0,0.0
hard,BestFinal_adaptive_v3_cap0,900,0.6,0.4,10,10,1.0,0,0,0,1689.07085,3100.0841399999995,1689.07085,3100.0841399999995,259785.0,413891.39999999997,2846158848.0,2846158848.0,0.13080256327301393,,0.0,0.0
hard,BestFinal_adaptive_v3_cap0,900,0.6,0.6,10,10,1.0,0,0,0,20727.2702,32246.87919,20727.2702,32246.87919,1938916.0,2673781.8,2846158848.0,2846158848.0,0.1842526549661167,,0.0,0.0
hard,BestFinal_adaptive_v3_cap0,900,0.6,0.8,10,10,1.0,0,0,0,10.665099999999999,11.50434,10.665099999999999,11.50434,1563.5,2030.6,2846158848.0,2846158848.0,0.08251387823018497,,0.0,0.0
hard,BestFinal_adaptive_v3_cap0,900,0.8,0.2,10,10,1.0,0,0,0,0.0086,0.01005,0.0086,0.01005,1.0,1.0,2846158848.0,2846158848.0,0.0,,0.0,0.0
hard,BestFinal_adaptive_v3_cap0,900,0.8,0.4,10,10,1.0,0,0,0,0.09609999999999999,0.7393199999999999,0.09609999999999999,0.7393199999999999,16.5,151.19999999999996,2846158848.0,2846158848.0,0.0,,0.0,0.0
hard,BestFinal_adaptive_v3_cap0,900,0.8,0.6,10,10,1.0,0,0,0,705.3237,2556.445419999999,705.3237,2556.445419999999,112283.0,297756.8999999999,2846158848.0,2846158848.0,0.22669400675769263,,0.0,0.0
hard,BestFinal_adaptive_v3_cap0,900,0.8,0.8,10,10,1.0,0,0,0,9.794599999999999,12.10037,9.794599999999999,12.10037,1175.0,1373.5,2846158848.0,2846158848.0,0.06288051191243911,,0.0,0.0
hard,BestFinal_adaptive_v3_cap0,900,1.0,0.2,10,10,1.0,0,0,0,0.00845,0.01328,0.00845,0.01328,1.0,1.0,2846158848.0,2846158848.0,0.0,,0.0,0.0
hard,BestFinal_adaptive_v3_cap0,900,1.0,0.4,10,10,1.0,0,0,0,0.008799999999999999,0.00984,0.008799999999999999,0.00984,1.0,1.0,2846158848.0,2846158848.0,0.0,,0.0,0.0
hard,BestFinal_adaptive_v3_cap0,900,1.0,0.6,10,10,1.0,0,0,0,13.95435,21.532879999999995,13.95435,21.532879999999995,2997.0,5140.599999999999,2846158848.0,2846158848.0,0.12062807642429832,,0.0,0.0
hard,BestFinal_adaptive_v3_cap0,900,1.0,0.8,10,10,1.0,0,0,0,9.57675,10.102609999999999,9.57675,10.102609999999999,997.0,1130.2,2846158848.0,2846158848.0,0.04206277386941193,,0.0,0.0
hard,BestFinal_adaptive_v3_cap0,1000,0.2,0.2,10,10,1.0,0,0,0,2783.93135,4380.20314,2783.93135,4380.20314,523924.5,790018.6,210853888.0,220669951.99999997,0.06399245770687742,,0.0,0.0
hard,BestFinal_adaptive_v3_cap0,1000,0.2,0.4,10,10,1.0,0,0,0,89975.94279999999,103095.26275,89975.94279999999,103095.26275,9195516.0,9941173.4,3047997440.0,3048073625.6,0.09990340912907963,,0.0,0.0
hard,BestFinal_adaptive_v3_cap0,1000,0.2,0.6,10,10,1.0,0,0,0,196415.89740000002,229580.97450999997,196415.89740000002,229580.97450999997,15979407.0,17927718.099999998,4587573248.0,4587905024.0,0.09029740807707952,,0.0,0.0
hard,BestFinal_adaptive_v3_cap0,1000,0.2,0.8,10,10,1.0,0,0,0,87458.38785,92790.65602000001,87458.38785,92790.65602000001,6535248.0,6900997.1,4587905024.0,4587905024.0,0.09033447198993307,,0.0,0.0
hard,BestFinal_adaptive_v3_cap0,1000,0.4,0.2,10,10,1.0,0,0,0,0.051949999999999996,0.09920000000000001,0.051949999999999996,0.09920000000000001,6.0,14.1,4587905024.0,4587905024.0,0.0,,0.0,0.0
hard,BestFinal_adaptive_v3_cap0,1000,0.4,0.4,10,10,1.0,0,0,0,19103.88625,22467.76408,19103.88625,22467.76408,2123567.5,2398711.8,4587905024.0,4587905024.0,0.0939001303826737,,0.0,0.0
hard,BestFinal_adaptive_v3_cap0,1000,0.4,0.6,10,10,1.0,0,0,0,85827.61155,98501.08926000001,85827.61155,98501.08926000001,6453650.5,7051838.399999999,4587905024.0,4587905024.0,0.10770788773475908,,0.0,0.0
hard,BestFinal_adaptive_v3_cap0,1000,0.4,0.8,10,10,1.0,0,0,0,354.8257,1394.3168399999997,354.8257,1394.3168399999997,59006.5,189753.9,4587905024.0,4587905024.0,0.2105720644324682,,0.0,0.0
hard,BestFinal_adaptive_v3_cap0,1000,0.6,0.2,10,10,1.0,0,0,0,0.0097,0.01219,0.0097,0.01219,1.0,1.0,4587905024.0,4587905024.0,0.0,,0.0,0.0
hard,BestFinal_adaptive_v3_cap0,1000,0.6,0.4,10,10,1.0,0,0,0,1513.73595,2366.8216999999995,1513.73595,2366.8216999999995,241736.0,328020.89999999997,4587905024.0,4587905024.0,0.1463759961628978,,0.0,0.0
hard,BestFinal_adaptive_v3_cap0,1000,0.6,0.6,10,10,1.0,0,0,0,31604.3969,42664.07197,31604.3969,42664.07197,2578240.5,3329501.1999999997,4587905024.0,4587905024.0,0.1879455810489507,,0.0,0.0
hard,BestFinal_adaptive_v3_cap0,1000,0.6,0.8,10,10,1.0,0,0,0,11.6318,12.844389999999999,11.6318,12.844389999999999,1503.0,1657.2,4587905024.0,4587905024.0,0.09027005047950572,,0.0,0.0
hard,BestFinal_adaptive_v3_cap0,1000,0.8,0.2,10,10,1.0,0,0,0,0.0099,0.01191,0.0099,0.01191,1.0,1.0,4587905024.0,4587905024.0,0.0,,0.0,0.0
hard,BestFinal_adaptive_v3_cap0,1000,0.8,0.4,10,10,1.0,0,0,0,0.15625,0.5185799999999994,0.15625,0.5185799999999994,41.0,112.29999999999994,4587905024.0,4587905024.0,0.00186219739292365,,0.0,0.0
hard,BestFinal_adaptive_v3_cap0,1000,0.8,0.6,10,10,1.0,0,0,0,1494.20455,3379.3964899999996,1494.20455,3379.3964899999996,221842.0,383752.29999999993,4587905024.0,4587905024.0,0.23714343594975687,,0.0,0.0
hard,BestFinal_adaptive_v3_cap0,1000,0.8,0.8,10,10,1.0,0,0,0,10.9037,12.257039999999998,10.9037,12.257039999999998,1205.5,1362.4999999999998,4587905024.0,4587905024.0,0.051345697210336425,,0.0,0.0
hard,BestFinal_adaptive_v3_cap0,1000,1.0,0.2,10,10,1.0,0,0,0,0.00975,0.01154,0.00975,0.01154,1.0,1.0,4587905024.0,4587905024.0,0.0,,0.0,0.0
hard,BestFinal_adaptive_v3_cap0,1000,1.0,0.4,10,10,1.0,0,0,0,0.01,0.01205,0.01,0.01205,1.0,1.0,4587905024.0,4587905024.0,0.0,,0.0,0.0
hard,BestFinal_adaptive_v3_cap0,1000,1.0,0.6,10,10,1.0,0,0,0,16.6808,29.83241,16.6808,29.83241,3547.5,6887.5,4587905024.0,4587905024.0,0.1221779056290181,,0.0,0.0
hard,BestFinal_adaptive_v3_cap0,1000,1.0,0.8,10,10,1.0,0,0,0,10.9679,11.951519999999999,10.9679,11.951519999999999,1137.5,1243.0,4587905024.0,4587905024.0,0.043711862697305384,,0.0,0.0
hard,BestFinal_adaptive_v3_cap0,1100,0.2,0.2,10,10,1.0,0,0,0,3392.53685,4664.864459999999,3392.53685,4664.864459999999,617217.0,808212.3999999999,280825856.0,331075584.0,0.06396716444029617,,0.0,0.0
hard,BestFinal_adaptive_v3_cap0,1100,0.2,0.4,10,10,1.0,0,0,0,120484.82515,160092.29859999998,120484.82515,160092.29859999998,11776936.5,14583490.3,4175069184.0,5015109632.0,0.10186297537689082,,0.0,0.0
hard,BestFinal_adaptive_v3_cap0,1100,0.2,0.6,10,10,1.0,0,0,0,286200.33995000005,317714.02223,286200.33995000005,317714.02223,20885543.5,23158177.8,7435104256.0,7435104256.0,0.09288384860140857,,0.0,0.0
hard,BestFinal_adaptive_v3_cap0,1100,0.2,0.8,10,10,1.0,0,0,0,122380.34825,132377.31289,122380.34825,132377.31289,8320832.0,8788834.7,7435104256.0,7435104256.0,0.0855105977177854,,0.0,0.0
hard,BestFinal_adaptive_v3_cap0,1100,0.4,0.2,10,10,1.0,0,0,0,0.031149999999999997,0.08025999999999998,0.031149999999999997,0.08025999999999998,2.5,11.399999999999999,7435104256.0,7435104256.0,0.0,,0.0,0.0
hard,BestFinal_adaptive_v3_cap0,1100,0.4,0.4,10,10,1.0,0,0,0,29982.002099999998,38409.943329999995,29982.002099999998,38409.943329999995,3030882.0,3764922.8,7435104256.0,7435104256.0,0.09049033222121365,,0.0,0.0
hard,BestFinal_adaptive_v3_cap0,1100,0.4,0.6,10,10,1.0,0,0,0,130636.9523,144587.65628,130636.9523,144587.65628,8776799.0,10173662.9,7435104256.0,7435104256.0,0.110209945739633,,0.0,0.0
hard,BestFinal_adaptive_v3_cap0,1100,0.4,0.8,10,10,1.0,0,0,0,334.33935,932.02235,334.33935,932.02235,56938.5,123506.3,7435104256.0,7435104256.0,0.20661538058642914,,0.0,0.0
hard,BestFinal_adaptive_v3_cap0,1100,0.6,0.2,10,10,1.0,0,0,0,0.01165,0.012719999999999999,0.01165,0.012719999999999999,1.0,1.0,7435104256.0,7435104256.0,0.0,,0.0,0.0
hard,BestFinal_adaptive_v3_cap0,1100,0.6,0.4,10,10,1.0,0,0,0,2260.7103,4200.504239999999,2260.7103,4200.504239999999,328707.0,526573.1,7435104256.0,7435104256.0,0.14507679980369337,,0.0,0.0
hard,BestFinal_adaptive_v3_cap0,1100,0.6,0.6,10,10,1.0,0,0,0,53141.4635,69092.81016,53141.4635,69092.81016,3800822.5,4726730.399999999,7435104256.0,7435104256.0,0.18158360863319406,,0.0,0.0
hard,BestFinal_adaptive_v3_cap0,1100,0.6,0.8,10,10,1.0,0,0,0,14.597249999999999,16.29761,14.597249999999999,16.29761,1763.0,2371.5,7435104256.0,7435104256.0,0.07686027777972074,,0.0,0.0
hard,BestFinal_adaptive_v3_cap0,1100,0.8,0.2,10,10,1.0,0,0,0,0.012549999999999999,0.01433,0.012549999999999999,0.01433,1.0,1.0,7435104256.0,7435104256.0,0.0,,0.0,0.0
hard,BestFinal_adaptive_v3_cap0,1100,0.8,0.4,10,10,1.0,0,0,0,0.07965,3.4131399999999994,0.07965,3.4131399999999994,13.5,474.5999999999999,7435104256.0,7435104256.0,0.0,,0.0,0.0
hard,BestFinal_adaptive_v3_cap0,1100,0.8,0.6,10,10,1.0,0,0,0,2544.9423500000003,3857.3924799999995,2544.9423500000003,3857.3924799999995,290492.5,433632.1,7435104256.0,7435104256.0,0.23269005718296454,,0.0,0.0
hard,BestFinal_adaptive_v3_cap0,1100,0.8,0.8,10,10,1.0,0,0,0,13.39535,14.818129999999998,13.39535,14.818129999999998,1342.0,1558.8999999999999,7435104256.0,7435104256.0,0.04725681311820036,,0.0,0.0
hard,BestFinal_adaptive_v3_cap0,1100,1.0,0.2,10,10,1.0,0,0,0,0.0118,0.01393,0.0118,0.01393,1.0,1.0,7435104256.0,7435104256.0,0.0,,0.0,0.0
hard,BestFinal_adaptive_v3_cap0,1100,1.0,0.4,10,10,1.0,0,0,0,0.012199999999999999,0.01388,0.012199999999999999,0.01388,1.0,1.0,7435104256.0,7435104256.0,0.0,,0.0,0.0
hard,BestFinal_adaptive_v3_cap0,1100,1.0,0.6,10,10,1.0,0,0,0,20.6262,26.696429999999996,20.6262,26.696429999999996,3722.5,5188.599999999999,7435104256.0,7435104256.0,0.12249258305926589,,0.0,0.0
hard,BestFinal_adaptive_v3_cap0,1100,1.0,0.8,10,10,1.0,0,0,0,14.864550000000001,17.673759999999998,14.864550000000001,17.673759999999998,1362.0,1619.0,7435104256.0,7435104256.0,0.06559413393619595,,0.0,0.0
hard,BestFinal_adaptive_v3_cap0,1200,0.2,0.2,10,10,1.0,0,0,0,5899.02485,8090.7119,5899.02485,8090.7119,956943.0,1289986.1,493395968.0,496390144.0,0.07317853995294568,,0.0,0.0
hard,BestFinal_adaptive_v3_cap0,1200,0.2,0.4,10,10,1.0,0,0,0,180346.436,219918.72937,180346.436,219918.72937,15383304.5,19017658.2,5238259712.0,5240434688.0,0.10543620079425478,,0.0,0.0
hard,BestFinal_adaptive_v3_cap0,1200,0.2,0.6,10,10,1.0,0,0,0,393573.1852,471422.34433,393573.1852,471422.34433,26683109.0,32188300.8,9733627904.0,11697324032.0,0.09393192614530955,,0.0,0.0
hard,BestFinal_adaptive_v3_cap0,1200,0.2,0.8,10,10,1.0,0,0,0,168592.22074999998,200714.46499,168592.22074999998,200714.46499,10631750.5,12491587.7,11697324032.0,11697324032.0,0.0857326687163587,,0.0,0.0
hard,BestFinal_adaptive_v3_cap0,1200,0.4,0.2,10,10,1.0,0,0,0,0.042749999999999996,0.10074,0.042749999999999996,0.10074,4.0,18.2,11697324032.0,11697324032.0,0.0,,0.0,0.0
hard,BestFinal_adaptive_v3_cap0,1200,0.4,0.4,10,10,1.0,0,0,0,39286.45905,56967.872579999996,39286.45905,56967.872579999996,3803661.0,5233889.4,11697324032.0,11697324032.0,0.09491671877067204,,0.0,0.0
hard,BestFinal_adaptive_v3_cap0,1200,0.4,0.6,10,10,1.0,0,0,0,170398.64925000002,205472.64376,170398.64925000002,205472.64376,10988751.0,12909160.6,11697324032.0,11697324032.0,0.10400144241373574,,0.0,0.0
hard,BestFinal_adaptive_v3_cap0,1200,0.4,0.8,10,10,1.0,0,0,0,642.3295,1764.2164,642.3295,1764.2164,103004.0,229055.3,11697324032.0,11697324032.0,0.22165806850788394,,0.0,0.0
hard,BestFinal_adaptive_v3_cap0,1200,0.6,0.2,10,10,1.0,0,0,0,0.013049999999999999,0.014419999999999999,0.013049999999999999,0.014419999999999999,1.0,1.0,11697324032.0,11697324032.0,0.0,,0.0,0.0
hard,BestFinal_adaptive_v3_cap0,1200,0.6,0.4,10,10,1.0,0,0,0,4104.27355,7255.890879999999,4104.27355,7255.890879999999,550874.5,822520.2,11697324032.0,11697324032.0,0.1470372452879949,,0.0,0.0
hard,BestFinal_adaptive_v3_cap0,1200,0.6,0.6,10,10,1.0,0,0,0,67022.79815,85422.14521,67022.79815,85422.14521,4361114.5,5510837.1,11697324032.0,11697324032.0,0.19070414157533946,,0.0,0.0
hard,BestFinal_adaptive_v3_cap0,1200,0.6,0.8,10,10,1.0,0,0,0,16.71255,18.24288,16.71255,18.24288,1963.0,2380.8999999999996,11697324032.0,11697324032.0,0.08263810643045141,,0.0,0.0
hard,BestFinal_adaptive_v3_cap0,1200,0.8,0.2,10,10,1.0,0,0,0,0.0131,0.01374,0.0131,0.01374,1.0,1.0,11697324032.0,11697324032.0,0.0,,0.0,0.0
hard,BestFinal_adaptive_v3_cap0,1200,0.8,0.4,10,10,1.0,0,0,0,0.08985,1.9932199999999987,0.08985,1.9932199999999987,16.5,585.6999999999996,11697324032.0,11697324032.0,0.0,,0.0,0.0
hard,BestFinal_adaptive_v3_cap0,1200,0.8,0.6,10,10,1.0,0,0,0,2380.43735,5906.2094799999995,2380.43735,5906.2094799999995,277920.0,587730.2999999999,11697324032.0,11697324032.0,0.24327034498181138,,0.0,0.0
hard,BestFinal_adaptive_v3_cap0,1200,0.8,0.8,10,10,1.0,0,0,0,15.28255,17.12381,15.28255,17.12381,1461.0,1548.8999999999999,11697324032.0,11697324032.0,0.051874013644884476,,0.0,0.0
hard,BestFinal_adaptive_v3_cap0,1200,1.0,0.2,10,10,1.0,0,0,0,0.01225,0.013659999999999999,0.01225,0.013659999999999999,1.0,1.0,11697324032.0,11697324032.0,0.0,,0.0,0.0
hard,BestFinal_adaptive_v3_cap0,1200,1.0,0.4,10,10,1.0,0,0,0,0.01245,0.014499999999999999,0.01245,0.014499999999999999,1.0,1.0,11697324032.0,11697324032.0,0.0,,0.0,0.0
hard,BestFinal_adaptive_v3_cap0,1200,1.0,0.6,10,10,1.0,0,0,0,21.776699999999998,32.42279,21.776699999999998,32.42279,3793.0,5943.899999999999,11697324032.0,11697324032.0,0.13502934659665805,,0.0,0.0
hard,BestFinal_adaptive_v3_cap0,1200,1.0,0.8,10,10,1.0,0,0,0,15.45685,16.81205,15.45685,16.81205,1352.0,1475.0,11697324032.0,11697324032.0,0.03659697743203273,,0.0,0.0
hard,BestFinal_adaptive_v3_cap0,1300,0.2,0.2,10,10,1.0,0,0,0,8049.3043,11429.651799999998,8049.3043,11429.651799999998,1298381.5,1711129.9,670578688.0,796852224.0,0.07969350248263017,,0.0,0.0
hard,BestFinal_adaptive_v3_cap0,1300,0.2,0.4,10,10,1.0,0,0,0,262374.28945,276542.95505,262374.28945,276542.95505,20629807.5,22761096.3,8508907520.0,8509288448.0,0.10243385072359001,,0.0,0.0
hard,BestFinal_adaptive_v3_cap0,1300,0.2,0.6,10,10,1.0,0,0,0,496629.74535,575035.4200299999,496629.74535,575035.4200299999,31601409.5,37427765.4,12803645440.0,12803657728.0,0.09236089459223257,,0.0,0.0
hard,BestFinal_adaptive_v3_cap0,1300,0.2,0.8,10,10,1.0,0,0,0,254409.9155,274458.07609,254409.9155,274458.07609,14757882.0,15565017.3,12803657728.0,12803657728.0,0.0895903906711765,,0.0,0.0
hard,BestFinal_adaptive_v3_cap0,1300,0.4,0.2,10,10,1.0,0,0,0,0.0622,0.08275,0.0622,0.08275,4.5,13.1,12803657728.0,12803657728.0,0.0,,0.0,0.0
hard,BestFinal_adaptive_v3_cap0,1300,0.4,0.4,10,10,1.0,0,0,0,58860.7166,72398.04450999999,58860.7166,72398.04450999999,5164684.5,6066716.8,12803657728.0,12803657728.0,0.09574603529804934,,0.0,0.0
hard,BestFinal_adaptive_v3_cap0,1300,0.4,0.6,10,10,1.0,0,0,0,211355.63865,269541.53917,211355.63865,269541.53917,12422228.0,15856782.1,12803657728.0,12803657728.0,0.10428286875589943,,0.0,0.0
hard,BestFinal_adaptive_v3_cap0,1300,0.4,0.8,10,10,1.0,0,0,0,721.3031000000001,1992.0658299999998,721.3031000000001,1992.0658299999998,101982.0,256165.3,12803657728.0,12803657728.0,0.22062033186819763,,0.0,0.0
hard,BestFinal_adaptive_v3_cap0,1300,0.6,0.2,10,10,1.0,0,0,0,0.014249999999999999,0.01604,0.014249999999999999,0.01604,1.0,1.0,12803657728.0,12803657728.0,0.0,,0.0,0.0
hard,BestFinal_adaptive_v3_cap0,1300,0.6,0.4,10,10,1.0,0,0,0,5336.75325,8021.083209999999,5336.75325,8021.083209999999,649221.0,955217.6,12803657728.0,12803657728.0,0.14547461910466375,,0.0,0.0
hard,BestFinal_adaptive_v3_cap0,1300,0.6,0.6,10,10,1.0,0,0,0,89031.88555,101939.4192,89031.88555,101939.4192,5465723.5,6423129.8,12803657728.0,12803657728.0,0.19730008417780545,,0.0,0.0
hard,BestFinal_adaptive_v3_cap0,1300,0.6,0.8,10,10,1.0,0,0,0,19.7151,22.13857,19.7151,22.13857,2191.0,2719.0999999999995,12803657728.0,12803657728.0,0.08377624600842608,,0.0,0.0
hard,BestFinal_adaptive_v3_cap0,1300,0.8,0.2,10,10,1.0,0,0,0,0.0136,0.013919999999999998,0.0136,0.013919999999999998,1.0,1.0,12803657728.0,12803657728.0,0.0,,0.0,0.0
hard,BestFinal_adaptive_v3_cap0,1300,0.8,0.4,10,10,1.0,0,0,0,0.10994999999999999,6.62910999999998,0.10994999999999999,6.62910999999998,20.0,881.6999999999977,12803657728.0,12803657728.0,0.008064516129032258,,0.0,0.0
hard,BestFinal_adaptive_v3_cap0,1300,0.8,0.6,10,10,1.0,0,0,0,1403.12565,5616.8735799999995,1403.12565,5616.8735799999995,175414.5,539958.2,12803657728.0,12803657728.0,0.2312077727663558,,0.0,0.0
hard,BestFinal_adaptive_v3_cap0,1300,0.8,0.8,10,10,1.0,0,0,0,17.322049999999997,19.74579,17.322049999999997,19.74579,1592.0,1955.3999999999999,12803657728.0,12803657728.0,0.04567645320400386,,0.0,0.0
hard,BestFinal_adaptive_v3_cap0,1300,1.0,0.2,10,10,1.0,0,0,0,0.0142,0.0146,0.0142,0.0146,1.0,1.0,12803657728.0,12803657728.0,0.0,,0.0,0.0
hard,BestFinal_adaptive_v3_cap0,1300,1.0,0.4,10,10,1.0,0,0,0,0.0137,0.015359999999999999,0.0137,0.015359999999999999,1.0,1.0,12803657728.0,12803657728.0,0.0,,0.0,0.0
hard,BestFinal_adaptive_v3_cap0,1300,1.0,0.6,10,10,1.0,0,0,0,24.15205,46.622779999999985,24.15205,46.622779999999985,4616.0,9509.199999999997,12803657728.0,12803657728.0,0.11770640664626716,,0.0,0.0
hard,BestFinal_adaptive_v3_cap0,1300,1.0,0.8,10,10,1.0,0,0,0,18.1825,19.1623,18.1825,19.1623,1429.5,1644.1,12803657728.0,12803657728.0,0.03728687890265315,,0.0,0.0
hard,BestFinal_adaptive_v3_cap0,1400,0.2,0.2,10,10,1.0,0,0,0,9958.85255,12501.86089,9958.85255,12501.86089,1539978.5,1822818.5,837062656.0,837062656.0,0.07616028795808923,,0.0,0.0
hard,BestFinal_adaptive_v3_cap0,1400,0.2,0.4,10,10,1.0,0,0,0,297722.83255000005,353415.86608999997,297722.83255000005,353415.86608999997,23558444.0,27649349.9,8908230656.0,8908931072.0,0.10459776688352326,,0.0,0.0
hard,BestFinal_adaptive_v3_cap0,1400,0.2,0.6,10,10,1.0,0,0,0,667639.1592999999,733081.85397,667639.1592999999,733081.85397,41302162.5,44290891.3,13396537344.0,13396615168.0,0.09592557652156078,,0.0,0.0
hard,BestFinal_adaptive_v3_cap0,1400,0.2,0.8,10,10,1.0,0,0,0,300658.9096,358548.15979999996,300658.9096,358548.15979999996,16698356.5,20003895.0,13396615168.0,13396615168.0,0.09013185476714408,,0.0,0.0
hard,BestFinal_adaptive_v3_cap0,1400,0.4,0.2,10,10,1.0,0,0,0,0.0462,0.11886999999999998,0.0462,0.11886999999999998,5.0,22.799999999999994,13396615168.0,13396615168.0,0.0,,0.0,0.0
hard,BestFinal_adaptive_v3_cap0,1400,0.4,0.4,10,10,1.0,0,0,0,61010.36425,74401.18374000001,61010.36425,74401.18374000001,5282492.5,6155908.399999999,13396615168.0,13396615168.0,0.0953877857097273,,0.0,0.0
hard,BestFinal_adaptive_v3_cap0,1400,0.4,0.6,10,10,1.0,0,0,0,308136.47315,338433.51623,308136.47315,338433.51623,17647440.0,19505226.4,13396615168.0,13396615168.0,0.11194742488643288,,0.0,0.0
hard,BestFinal_adaptive_v3_cap0,1400,0.4,0.8,10,10,1.0,0,0,0,719.5663,2466.8279699999985,719.5663,2466.8279699999985,104146.0,246851.99999999988,13396615168.0,13396615168.0,0.24562569349999244,,0.0,0.0
hard,BestFinal_adaptive_v3_cap0,1400,0.6,0.2,10,10,1.0,0,0,0,0.0149,0.016929999999999994,0.0149,0.016929999999999994,1.0,1.0,13396615168.0,13396615168.0,0.0,,0.0,0.0
hard,BestFinal_adaptive_v3_cap0,1400,0.6,0.4,10,10,1.0,0,0,0,5331.739750000001,6958.7225100000005,5331.739750000001,6958.7225100000005,632341.5,829090.1,13396615168.0,13396615168.0,0.1372931232155073,,0.0,0.0
hard,BestFinal_adaptive_v3_cap0,1400,0.6,0.6,10,10,1.0,0,0,0,126627.64929999999,157993.88343999998,126627.64929999999,157993.88343999998,7066025.0,8965098.0,13396615168.0,13396615168.0,0.18023723287444804,,0.0,0.0
hard,BestFinal_adaptive_v3_cap0,1400,0.6,0.8,10,10,1.0,0,0,0,21.529600000000002,23.8217,21.529600000000002,23.8217,2330.5,2753.6,13396615168.0,13396615168.0,0.07491534265299327,,0.0,0.0
hard,BestFinal_adaptive_v3_cap0,1400,0.8,0.2,10,10,1.0,0,0,0,0.015,0.01538,0.015,0.01538,1.0,1.0,13396615168.0,13396615168.0,0.0,,0.0,0.0
hard,BestFinal_adaptive_v3_cap0,1400,0.8,0.4,10,10,1.0,0,0,0,0.06875,5.8921099999999855,0.06875,5.8921099999999855,6.0,484.49999999999955,13396615168.0,13396615168.0,0.0,,0.0,0.0
hard,BestFinal_adaptive_v3_cap0,1400,0.8,0.6,10,10,1.0,0,0,0,5296.8355,13072.150419999998,5296.8355,13072.150419999998,492708.0,1066132.9,13396615168.0,13396615168.0,0.2588628574301627,,0.0,0.0
hard,BestFinal_adaptive_v3_cap0,1400,0.8,0.8,10,10,1.0,0,0,0,20.9055,23.31761,20.9055,23.31761,1726.5,1907.3,13396615168.0,13396615168.0,0.053026797001986634,,0.0,0.0
hard,BestFinal_adaptive_v3_cap0,1400,1.0,0.2,10,10,1.0,0,0,0,0.01465,0.0153,0.01465,0.0153,1.0,1.0,13396615168.0,13396615168.0,0.0,,0.0,0.0
hard,BestFinal_adaptive_v3_cap0,1400,1.0,0.4,10,10,1.0,0,0,0,0.015349999999999999,0.016470000000000002,0.015349999999999999,0.016470000000000002,1.0,1.0,13396615168.0,13396615168.0,0.0,,0.0,0.0
hard,BestFinal_adaptive_v3_cap0,1400,1.0,0.6,10,10,1.0,0,0,0,26.40025,34.0121,26.40025,34.0121,3952.0,6756.599999999999,13396615168.0,13396615168.0,0.10900230275023215,,0.0,0.0
hard,BestFinal_adaptive_v3_cap0,1400,1.0,0.8,10,10,1.0,0,0,0,21.9052,25.085799999999995,21.9052,25.085799999999995,1597.5,1829.4999999999998,13396615168.0,13396615168.0,0.03764088738483427,,0.0,0.0
hard,BestFinal_adaptive_v3_cap0,1500,0.2,0.2,10,10,1.0,0,0,0,12968.2299,18536.81216,12968.2299,18536.81216,1900463.0,2578018.4,907583488.0,907583488.0,0.0832294412724057,,0.0,0.0
hard,BestFinal_adaptive_v3_cap0,1500,0.2,0.4,10,10,1.0,0,0,0,374475.8611,422147.48589999997,374475.8611,422147.48589999997,28742037.0,31233844.9,9648109568.0,9653374976.0,0.10437142101451252,,0.0,0.0
hard,BestFinal_adaptive_v3_cap0,1500,0.2,0.6,10,10,1.0,0,0,0,794190.9005,886805.49347,794190.9005,886805.49347,45538910.0,50782257.6,14507888640.0,14507888640.0,0.09616142984464385,,0.0,0.0
hard,BestFinal_adaptive_v3_cap0,1500,0.2,0.8,10,10,1.0,0,0,0,411324.93,445301.27293000004,411324.93,445301.27293000004,21285491.5,22362902.4,14507888640.0,14507888640.0,0.08509556061587403,,0.0,0.0
hard,BestFinal_adaptive_v3_cap0,1500,0.4,0.2,10,10,1.0,0,0,0,0.0158,0.10316,0.0158,0.10316,1.0,7.199999999999999,14507888640.0,14507888640.0,0.0,,0.0,0.0
hard,BestFinal_adaptive_v3_cap0,1500,0.4,0.4,10,10,1.0,0,0,0,85700.67804999999,106089.55341,85700.67804999999,106089.55341,7168706.5,8355700.899999999,14507888640.0,14507888640.0,0.09925948040710181,,0.0,0.0
hard,BestFinal_adaptive_v3_cap0,1500,0.4,0.6,10,10,1.0,0,0,0,332376.76285,366780.74201,332376.76285,366780.74201,17781371.0,19764782.3,14507888640.0,14507888640.0,0.11777498746470058,,0.0,0.0
hard,BestFinal_adaptive_v3_cap0,1500,0.4,0.8,10,10,1.0,0,0,0,1406.3125,3695.5893799999994,1406.3125,3695.5893799999994,172771.5,328550.1,14507888640.0,14507888640.0,0.2707411249309448,,0.0,0.0
hard,BestFinal_adaptive_v3_cap0,1500,0.6,0.2,10,10,1.0,0,0,0,0.015349999999999999,0.018079999999999995,0.015349999999999999,0.018079999999999995,1.0,1.0,14507888640.0,14507888640.0,0.0,,0.0,0.0
hard,BestFinal_adaptive_v3_cap0,1500,0.6,0.4,10,10,1.0,0,0,0,7628.35025,9657.78198,7628.35025,9657.78198,855523.0,1062375.2,14507888640.0,14507888640.0,0.13993193896221512,,0.0,0.0
hard,BestFinal_adaptive_v3_cap0,1500,0.6,0.6,10,10,1.0,0,0,0,141789.443,154319.5219,141789.443,154319.5219,7635727.5,8555508.7,14507888640.0,14507888640.0,0.20988110848812735,,0.0,0.0
hard,BestFinal_adaptive_v3_cap0,1500,0.6,0.8,10,10,1.0,0,0,0,26.04905,33.61352,26.04905,33.61352,2641.0,3443.5,14507888640.0,14507888640.0,0.08349924069619769,,0.0,0.0
hard,BestFinal_adaptive_v3_cap0,1500,0.8,0.2,10,10,1.0,0,0,0,0.0158,0.018759999999999995,0.0158,0.018759999999999995,1.0,1.0,14507888640.0,14507888640.0,0.0,,0.0,0.0
hard,BestFinal_adaptive_v3_cap0,1500,0.8,0.4,10,10,1.0,0,0,0,0.1175,1.17762,0.1175,1.17762,19.5,243.59999999999997,14507888640.0,14507888640.0,0.0,,0.0,0.0
hard,BestFinal_adaptive_v3_cap0,1500,0.8,0.6,10,10,1.0,0,0,0,2407.0613,7562.655719999998,2407.0613,7562.655719999998,255745.5,599652.6999999998,14507888640.0,14507888640.0,0.25267572124474436,,0.0,0.0
hard,BestFinal_adaptive_v3_cap0,1500,0.8,0.8,10,10,1.0,0,0,0,24.2744,26.87539,24.2744,26.87539,1981.0,2346.4,14507888640.0,14507888640.0,0.052046132177028887,,0.0,0.0
hard,BestFinal_adaptive_v3_cap0,1500,1.0,0.2,10,10,1.0,0,0,0,0.01545,0.01568,0.01545,0.01568,1.0,1.0,14507888640.0,14507888640.0,0.0,,0.0,0.0
hard,BestFinal_adaptive_v3_cap0,1500,1.0,0.4,10,10,1.0,0,0,0,0.015899999999999997,0.016939999999999997,0.015899999999999997,0.016939999999999997,1.0,1.0,14507888640.0,14507888640.0,0.0,,0.0,0.0
hard,BestFinal_adaptive_v3_cap0,1500,1.0,0.6,10,10,1.0,0,0,0,34.7211,43.38486,34.7211,43.38486,5909.5,7167.799999999999,14507888640.0,14507888640.0,0.12944581566239982,,0.0,0.0
hard,BestFinal_adaptive_v3_cap0,1500,1.0,0.8,10,10,1.0,0,0,0,23.6411,31.367289999999997,23.6411,31.367289999999997,1731.5,2141.5,14507888640.0,14507888640.0,0.04096122806540553,,0.0,0.0
hard,BestFinal_adaptive_v3_cap0,1600,0.2,0.2,10,10,1.0,0,0,0,14390.550299999999,18745.30924,14390.550299999999,18745.30924,2028321.5,2515415.1999999997,940478464.0,940478464.0,0.08285224233765084,,0.0,0.0
hard,BestFinal_adaptive_v3_cap0,1600,0.2,0.4,10,10,1.0,0,0,0,508903.64084999997,638069.3637999999,508903.64084999997,638069.3637999999,35149744.0,38571729.5,14995165184.0,14995165184.0,0.10502018876612985,,0.0,0.0
hard,BestFinal_adaptive_v3_cap0,1600,0.2,0.6,10,10,1.0,0,0,0,1142955.2917,1258635.0923900001,1142955.2917,1258635.0923900001,61999482.5,63476145.9,14870605824.0,14995165184.0,0.09842818572716683,,0.0,0.0016491878167454671
hard,BestFinal_adaptive_v3_cap0,1600,0.2,0.8,10,10,1.0,0,0,0,534800.26015,602999.73303,534800.26015,602999.73303,25311446.0,29076174.5,14870605824.0,14870605824.0,0.08846698765085222,,0.0,0.0
hard,BestFinal_adaptive_v3_cap0,1600,0.4,0.2,10,10,1.0,0,0,0,0.0158,0.14517999999999986,0.0158,0.14517999999999986,1.0,20.49999999999997,14870605824.0,14870605824.0,0.0,,0.0,0.0
hard,BestFinal_adaptive_v3_cap0,1600,0.4,0.4,10,10,1.0,0,0,0,101964.21835,129858.08784,101964.21835,129858.08784,7802768.0,9625282.6,14870605824.0,14870605824.0,0.09708367656619747,,0.0,0.0
hard,BestFinal_adaptive_v3_cap0,1600,0.4,0.6,10,10,1.0,0,0,0,512076.8643,594160.83496,512076.8643,594160.83496,25484567.5,28095186.099999998,14870605824.0,14870605824.0,0.10992606524128562,,0.0,0.0
hard,BestFinal_adaptive_v3_cap0,1600,0.4,0.8,10,10,1.0,0,0,0,2729.7825000000003,7880.884449999996,2729.7825000000003,7880.884449999996,333617.5,646342.1999999998,14870605824.0,14870605824.0,0.24692104606700077,,0.0,0.0
hard,BestFinal_adaptive_v3_cap0,1600,0.6,0.2,10,10,1.0,0,0,0,0.016,0.016919999999999998,0.016,0.016919999999999998,1.0,1.0,14870605824.0,14870605824.0,0.0,,0.0,0.0
hard,BestFinal_adaptive_v3_cap0,1600,0.6,0.4,10,10,1.0,0,0,0,8422.1559,11936.360579999999,8422.1559,11936.360579999999,1018543.0,1165012.7,14870605824.0,14870605824.0,0.1474629677098733,,0.0,0.0
hard,BestFinal_adaptive_v3_cap0,1600,0.6,0.6,10,10,1.0,0,0,0,219924.1811,260010.74763,219924.1811,260010.74763,10976058.5,12787430.2,14870605824.0,14870605824.0,0.19242237463171008,,0.0,0.0
hard,BestFinal_adaptive_v3_cap0,1600,0.6,0.8,10,10,1.0,0,0,0,28.8386,33.00719,28.8386,33.00719,3082.0,3833.0999999999995,14870605824.0,14870605824.0,0.08373676731574103,,0.0,0.0
hard,BestFinal_adaptive_v3_cap0,1600,0.8,0.2,10,10,1.0,0,0,0,0.01575,0.01626,0.01575,0.01626,1.0,1.0,14870605824.0,14870605824.0,0.0,,0.0,0.0
hard,BestFinal_adaptive_v3_cap0,1600,0.8,0.4,10,10,1.0,0,0,0,0.11735000000000001,2.833449999999997,0.11735000000000001,2.833449999999997,17.5,655.6999999999992,14870605824.0,14870605824.0,0.0,,0.0,0.0
hard,BestFinal_adaptive_v3_cap0,1600,0.8,0.6,10,10,1.0,0,0,0,5767.613450000001,27453.434839999998,5767.613450000001,27453.434839999998,559890.0,1681889.8,14870605824.0,14870605824.0,0.2907363068255253,,0.0,0.0
hard,BestFinal_adaptive_v3_cap0,1600,0.8,0.8,10,10,1.0,0,0,0,28.063450000000003,32.04336,28.063450000000003,32.04336,2051.0,2409.7999999999997,14870605824.0,14870605824.0,0.06008429048338326,,0.0,0.0
hard,BestFinal_adaptive_v3_cap0,1600,1.0,0.2,10,10,1.0,0,0,0,0.01575,0.01815,0.01575,0.01815,1.0,1.0,14870605824.0,14870605824.0,0.0,,0.0,0.0
hard,BestFinal_adaptive_v3_cap0,1600,1.0,0.4,10,10,1.0,0,0,0,0.016050000000000002,0.017509999999999998,0.016050000000000002,0.017509999999999998,1.0,1.0,14870605824.0,14870605824.0,0.0,,0.0,0.0
hard,BestFinal_adaptive_v3_cap0,1600,1.0,0.6,10,10,1.0,0,0,0,34.381299999999996,46.78912,34.381299999999996,46.78912,5921.0,7776.0999999999985,14870605824.0,14870605824.0,0.11406588155394784,,0.0,0.0
hard,BestFinal_adaptive_v3_cap0,1600,1.0,0.8,10,10,1.0,0,0,0,27.81915,32.43631,27.81915,32.43631,1896.5,2162.5,14870605824.0,14870605824.0,0.04686102551690013,,0.0,0.0
hard,BestFinal_adaptive_v3_cap0,1700,0.2,0.2,10,10,1.0,0,0,0,19370.4794,22442.49704,19370.4794,22442.49704,2650042.5,2919371.4,1459601408.0,1459601408.0,0.08769756599467271,,0.0,0.0
hard,BestFinal_adaptive_v3_cap0,1700,0.2,0.4,10,10,1.0,0,0,0,644767.6794499999,703238.85785,644767.6794499999,703238.85785,41252703.0,45561623.3,15957467136.0,15957467136.0,0.10505706787255692,,0.0,0.0
hard,BestFinal_adaptive_v3_cap0,1700,0.2,0.6,10,10,1.0,0,0,0,1332883.4254,1418865.39123,1332883.4254,1418865.39123,70108916.0,72984898.0,15957467136.0,15963090944.0,0.10050222389053379,,0.0,0.0023533612384011083
hard,BestFinal_adaptive_v3_cap0,1700,0.2,0.8,10,10,1.0,0,0,0,641666.5058,699553.81015,641666.5058,699553.81015,30008703.5,31712001.599999998,15963090944.0,15963090944.0,0.0894020270039699,,0.0,0.0
hard,BestFinal_adaptive_v3_cap0,1700,0.4,0.2,10,10,1.0,0,0,0,0.03735,0.3346199999999998,0.03735,0.3346199999999998,1.0,25.199999999999974,15963090944.0,15963090944.0,0.0,,0.0,0.0
hard,BestFinal_adaptive_v3_cap0,1700,0.4,0.4,10,10,1.0,0,0,0,128641.3924,163744.35743,128641.3924,163744.35743,9169312.0,11544021.5,15963090944.0,15963090944.0,0.10060289242607294,,0.0,0.0
hard,BestFinal_adaptive_v3_cap0,1700,0.4,0.6,10,10,1.0,0,0,0,585221.2294,746439.6098,585221.2294,746439.6098,28154075.0,33712741.4,15963090944.0,15963090944.0,0.10666612788117615,,0.0,0.0
hard,BestFinal_adaptive_v3_cap0,1700,0.4,0.8,10,10,1.0,0,0,0,3020.76125,10973.63091,3020.76125,10973.63091,270434.5,661714.0999999999,15963090944.0,15963090944.0,0.26824706325692893,,0.0,0.0
hard,BestFinal_adaptive_v3_cap0,1700,0.6,0.2,10,10,1.0,0,0,0,0.016399999999999998,0.0168,0.016399999999999998,0.0168,1.0,1.0,15963090944.0,15963090944.0,0.0,,0.0,0.0
hard,BestFinal_adaptive_v3_cap0,1700,0.6,0.4,10,10,1.0,0,0,0,12151.694800000001,17524.99088,12151.694800000001,17524.99088,1278132.0,1637645.5,15963090944.0,15963090944.0,0.14393163879173052,,0.0,0.0
hard,BestFinal_adaptive_v3_cap0,1700,0.6,0.6,10,10,1.0,0,0,0,236785.9094,332889.10806,236785.9094,332889.10806,11130784.5,15863685.9,15963090944.0,15963090944.0,0.19282319255299113,,0.0,0.0
hard,BestFinal_adaptive_v3_cap0,1700,0.6,0.8,10,10,1.0,0,0,0,31.191000000000003,36.34178,31.191000000000003,36.34178,2502.5,3307.5,15963090944.0,15963090944.0,0.080840221216648,,0.0,0.0
hard,BestFinal_adaptive_v3_cap0,1700,0.8,0.2,10,10,1.0,0,0,0,0.01635,0.033479999999999996,0.01635,0.033479999999999996,1.0,1.0,15963090944.0,15963090944.0,0.0,,0.0,0.0
hard,BestFinal_adaptive_v3_cap0,1700,0.8,0.4,10,10,1.0,0,0,0,0.20385,1.6804199999999996,0.20385,1.6804199999999996,24.0,446.29999999999995,15963090944.0,15963090944.0,0.0012437810945273632,,0.0,0.0
hard,BestFinal_adaptive_v3_cap0,1700,0.8,0.6,10,10,1.0,0,0,0,7199.6834,28520.566069999993,7199.6834,28520.566069999993,640055.5,1709534.0999999996,15963090944.0,15963090944.0,0.31912362031020836,,0.0,0.0
hard,BestFinal_adaptive_v3_cap0,1700,0.8,0.8,10,10,1.0,0,0,0,29.77095,32.17092,29.77095,32.17092,2024.0,2306.2,15963090944.0,15963090944.0,0.046020437663031245,,0.0,0.0
hard,BestFinal_adaptive_v3_cap0,1700,1.0,0.2,10,10,1.0,0,0,0,0.0161,0.01663,0.0161,0.01663,1.0,1.0,15963090944.0,15963090944.0,0.0,,0.0,0.0
hard,BestFinal_adaptive_v3_cap0,1700,1.0,0.4,10,10,1.0,0,0,0,0.01765,0.01819,0.01765,0.01819,1.0,1.0,15963090944.0,15963090944.0,0.0,,0.0,0.0
hard,BestFinal_adaptive_v3_cap0,1700,1.0,0.6,10,10,1.0,0,0,0,43.03405,69.43687,43.03405,69.43687,7264.5,12488.599999999999,15963090944.0,15963090944.0,0.12048103626958827,,0.0,0.0
hard,BestFinal_adaptive_v3_cap0,1700,1.0,0.8,10,10,1.0,0,0,0,29.8074,39.18644,29.8074,39.18644,1957.5,2162.0,15963090944.0,15963090944.0,0.04231636639615009,,0.0,0.0
hard,BestFinal_adaptive_v3_cap0,1800,0.2,0.2,10,10,1.0,0,0,0,27792.600850000003,32426.65588,27792.600850000003,32426.65588,3522423.5,3898090.4,1941278720.0,2316304384.0,0.09047688162071432,,0.0,0.0
hard,BestFinal_adaptive_v3_cap0,1800,0.2,0.4,10,10,1.0,0,0,0,834397.7827999999,903373.28993,834397.7827999999,903373.28993,51626208.0,54925091.4,15405731840.0,17097547776.0,0.10909452867487812,,0.0,0.0015579391229307584
hard,BestFinal_adaptive_v3_cap0,1800,0.2,0.6,10,10,1.0,0,0,0,1756629.48095,2057758.53335,1756629.48095,2057758.53335,84948194.0,96677603.8,17098459136.0,17099370496.0,0.09909746518411225,,0.0,0.002932930134118354
hard,BestFinal_adaptive_v3_cap0,1800,0.2,0.8,10,10,1.0,0,0,0,830823.95955,885819.0485500001,830823.95955,885819.0485500001,36461105.5,37356772.3,17099370496.0,17102082048.0,0.08648418940854817,,0.0,0.0
hard,BestFinal_adaptive_v3_cap0,1800,0.4,0.2,10,10,1.0,0,0,0,0.01895,0.19269999999999998,0.01895,0.19269999999999998,1.0,23.399999999999995,17102082048.0,17102082048.0,0.0,,0.0,0.0
hard,BestFinal_adaptive_v3_cap0,1800,0.4,0.4,10,10,1.0,0,0,0,202358.54175,219350.47050999998,202358.54175,219350.47050999998,13225862.0,14638716.0,17102082048.0,17102082048.0,0.10295936253403172,,0.0,0.0
hard,BestFinal_adaptive_v3_cap0,1800,0.4,0.6,10,10,1.0,0,0,0,807575.1448,966087.1573999999,807575.1448,966087.1573999999,35407694.0,39793936.5,17102082048.0,17102082048.0,0.11616513877322904,,0.0,0.0
hard,BestFinal_adaptive_v3_cap0,1800,0.4,0.8,10,10,1.0,0,0,0,5700.4699,14484.0856,5700.4699,14484.0856,523653.0,958537.4,17102082048.0,17102082048.0,0.2862608004814653,,0.0,0.0
hard,BestFinal_adaptive_v3_cap0,1800,0.6,0.2,10,10,1.0,0,0,0,0.0177,0.01835,0.0177,0.01835,1.0,1.0,17102082048.0,17102082048.0,0.0,,0.0,0.0
hard,BestFinal_adaptive_v3_cap0,1800,0.6,0.4,10,10,1.0,0,0,0,17824.703,25688.46896,17824.703,25688.46896,1716122.5,2178678.4,17102082048.0,17102082048.0,0.1389377090457667,,0.0,0.0
hard,BestFinal_adaptive_v3_cap0,1800,0.6,0.6,10,10,1.0,0,0,0,313148.3003,425440.34367999993,313148.3003,425440.34367999993,13725093.0,19462651.0,17102082048.0,17102082048.0,0.18828685702400916,,0.0,0.0
hard,BestFinal_adaptive_v3_cap0,1800,0.6,0.8,10,10,1.0,0,0,0,42.6391,43.64033,42.6391,43.64033,2940.5,3789.7999999999997,17102082048.0,17102082048.0,0.08153092627215382,,0.0,0.0
hard,BestFinal_adaptive_v3_cap0,1800,0.8,0.2,10,10,1.0,0,0,0,0.0175,0.01898,0.0175,0.01898,1.0,1.0,17102082048.0,17102082048.0,0.0,,0.0,0.0
hard,BestFinal_adaptive_v3_cap0,1800,0.8,0.4,10,10,1.0,0,0,0,0.1607,14.001889999999975,0.1607,14.001889999999975,24.5,1528.5999999999997,17102082048.0,17102082048.0,0.005800727934485896,,0.0,0.0
hard,BestFinal_adaptive_v3_cap0,1800,0.8,0.6,10,10,1.0,0,0,0,7816.93735,42945.21958,7816.93735,42945.21958,733148.5,2283559.4,17102082048.0,17102082048.0,0.2985831395414388,,0.0,0.0
hard,BestFinal_adaptive_v3_cap0,1800,0.8,0.8,10,10,1.0,0,0,0,33.5328,43.06384,33.5328,43.06384,2429.0,2586.0,17102082048.0,17102082048.0,0.0516141429669485,,0.0,0.0
hard,BestFinal_adaptive_v3_cap0,1800,1.0,0.2,10,10,1.0,0,0,0,0.0173,0.01771,0.0173,0.01771,1.0,1.0,17102082048.0,17102082048.0,0.0,,0.0,0.0
hard,BestFinal_adaptive_v3_cap0,1800,1.0,0.4,10,10,1.0,0,0,0,0.0178,0.01852,0.0178,0.01852,1.0,1.0,17102082048.0,17102082048.0,0.0,,0.0,0.0
hard,BestFinal_adaptive_v3_cap0,1800,1.0,0.6,10,10,1.0,0,0,0,53.276799999999994,93.09384,53.276799999999994,93.09384,9611.5,12734.699999999999,17102082048.0,17102082048.0,0.1293190869148128,,0.0,0.0
hard,BestFinal_adaptive_v3_cap0,1800,1.0,0.8,10,10,1.0,0,0,0,34.51115,37.66746,34.51115,37.66746,1958.0,2197.7,17102082048.0,17102082048.0,0.03949321606778272,,0.0,0.0
hard,BestFinal_adaptive_v3_cap0,1900,0.2,0.2,7,7,1.0,0,0,0,30736.7588,40626.29888,30736.7588,40626.29888,3780460.0,4535612.0,2399346688.0,2399346688.0,0.08905477307041385,,0.0,0.0
hard,BestFinal_both_cap0,50,0.2,0.2,10,10,1.0,0,0,0,0.06275,0.29272999999999993,0.06275,0.29272999999999993,22.0,127.39999999999998,3809280.0,3817472.0,0.0,,0.0,0.0
hard,BestFinal_both_cap0,50,0.2,0.4,10,10,1.0,0,0,0,0.49985,2.720249999999999,0.49985,2.720249999999999,208.0,1169.0999999999997,4050944.0,4059136.0,0.016699938574938573,,0.0,0.0
hard,BestFinal_both_cap0,50,0.2,0.6,10,10,1.0,0,0,0,1.0747499999999999,4.66816,1.0747499999999999,4.66816,460.0,2012.6,4182016.0,4182016.0,0.040140249934566295,,0.0,0.0
hard,BestFinal_both_cap0,50,0.2,0.8,10,10,1.0,0,0,0,0.53565,1.1161999999999999,0.53565,1.1161999999999999,214.5,445.2,4182016.0,4182016.0,0.03334153543307086,,0.0,0.0
hard,BestFinal_both_cap0,50,0.4,0.2,10,10,1.0,0,0,0,0.00415,0.030549999999999997,0.00415,0.030549999999999997,1.0,10.2,4182016.0,4182016.0,0.0,,0.0,0.0
hard,BestFinal_both_cap0,50,0.4,0.4,10,10,1.0,0,0,0,0.2828,0.8226499999999997,0.2828,0.8226499999999997,116.0,373.79999999999984,4182016.0,4182016.0,0.018158068160421766,,0.0,0.0
hard,BestFinal_both_cap0,50,0.4,0.6,10,10,1.0,0,0,0,0.5943499999999999,2.867,0.5943499999999999,2.867,251.0,1237.7,4182016.0,4182016.0,0.05205459640242249,,0.0,0.0
hard,BestFinal_both_cap0,50,0.4,0.8,10,10,1.0,0,0,0,0.16265000000000002,0.51943,0.16265000000000002,0.51943,61.0,213.29999999999998,4182016.0,4182016.0,0.05736172923319337,,0.0,0.0
hard,BestFinal_both_cap0,50,0.6,0.2,10,10,1.0,0,0,0,0.0038,0.00401,0.0038,0.00401,1.0,1.0,4182016.0,4182016.0,0.0,,0.0,0.0
hard,BestFinal_both_cap0,50,0.6,0.4,10,10,1.0,0,0,0,0.1789,0.30368,0.1789,0.30368,68.5,133.0,4182016.0,4182016.0,0.04285026480500722,,0.0,0.0
hard,BestFinal_both_cap0,50,0.6,0.6,10,10,1.0,0,0,0,0.362,1.7958299999999998,0.362,1.7958299999999998,128.5,758.5999999999999,4182016.0,4182016.0,0.07634398496240602,,0.0,0.0
hard,BestFinal_both_cap0,50,0.6,0.8,10,10,1.0,0,0,0,0.10744999999999999,0.2692299999999999,0.10744999999999999,0.2692299999999999,38.0,102.09999999999998,4182016.0,4182016.0,0.03728070175438596,,0.0,0.0
hard,BestFinal_both_cap0,50,0.8,0.2,10,10,1.0,0,0,0,0.0038,0.00381,0.0038,0.00381,1.0,1.0,4182016.0,4182016.0,0.0,,0.0,0.0
hard,BestFinal_both_cap0,50,0.8,0.4,10,10,1.0,0,0,0,0.0588,0.13499,0.0588,0.13499,21.0,49.1,4182016.0,4182016.0,0.042630385487528344,,0.0,0.0
hard,BestFinal_both_cap0,50,0.8,0.6,10,10,1.0,0,0,0,0.2643,0.69261,0.2643,0.69261,83.0,287.4,4182016.0,4182016.0,0.08155289213131839,,0.0,0.0
hard,BestFinal_both_cap0,50,0.8,0.8,10,10,1.0,0,0,0,0.10055,0.19403,0.10055,0.19403,37.0,71.5,4182016.0,4182016.0,0.028911154031868662,,0.0,0.0
hard,BestFinal_both_cap0,50,1.0,0.2,10,10,1.0,0,0,0,0.00375,0.00381,0.00375,0.00381,1.0,1.0,4182016.0,4182016.0,0.0,,0.0,0.0
hard,BestFinal_both_cap0,50,1.0,0.4,10,10,1.0,0,0,0,0.011349999999999999,0.10639,0.011349999999999999,0.10639,2.5,41.3,4182016.0,4182016.0,0.0,,0.0,0.0
hard,BestFinal_both_cap0,50,1.0,0.6,10,10,1.0,0,0,0,0.13175,0.47243999999999997,0.13175,0.47243999999999997,48.5,193.2,4182016.0,4182016.0,0.10301827250979793,,0.0,0.0
hard,BestFinal_both_cap0,50,1.0,0.8,10,10,1.0,0,0,0,0.088,0.15314999999999998,0.088,0.15314999999999998,31.5,57.09999999999999,4182016.0,4182016.0,0.015384615384615385,,0.0,0.0
hard,BestFinal_both_cap0,100,0.2,0.2,10,10,1.0,0,0,0,0.33235000000000003,0.5540799999999999,0.33235000000000003,0.5540799999999999,119.0,219.69999999999996,4345856.0,4382720.0,0.003851540616246499,,0.0,0.0
hard,BestFinal_both_cap0,100,0.2,0.4,10,10,1.0,0,0,0,6.6372,19.020799999999998,6.6372,19.020799999999998,2681.5,7188.0999999999985,5062656.0,5730304.0,0.08862046715126837,,0.0,0.0
hard,BestFinal_both_cap0,100,0.2,0.6,10,10,1.0,0,0,0,20.9095,46.22699999999999,20.9095,46.22699999999999,8273.0,17706.999999999996,6774784.0,6774784.0,0.15006090632100244,,0.0,0.0
hard,BestFinal_both_cap0,100,0.2,0.8,10,10,1.0,0,0,0,7.7618,16.79835,7.7618,16.79835,3007.0,6211.3,6774784.0,6774784.0,0.17140137618456736,,0.0,0.0
hard,BestFinal_both_cap0,100,0.4,0.2,10,10,1.0,0,0,0,0.0101,0.028229999999999998,0.0101,0.028229999999999998,2.0,9.0,6774784.0,6774784.0,0.0,,0.0,0.0
hard,BestFinal_both_cap0,100,0.4,0.4,10,10,1.0,0,0,0,1.6562000000000001,3.7019599999999997,1.6562000000000001,3.7019599999999997,664.5,1474.8,6774784.0,6774784.0,0.07985414691223906,,0.0,0.0
hard,BestFinal_both_cap0,100,0.4,0.6,10,10,1.0,0,0,0,9.68425,19.016749999999995,9.68425,19.016749999999995,3781.0,7268.899999999998,6774784.0,6774784.0,0.17319585221220368,,0.0,0.0
hard,BestFinal_both_cap0,100,0.4,0.8,10,10,1.0,0,0,0,0.6532,1.6059599999999996,0.6532,1.6059599999999996,244.5,634.4999999999999,6774784.0,6774784.0,0.11521363267230765,,0.0,0.0
hard,BestFinal_both_cap0,100,0.6,0.2,10,10,1.0,0,0,0,0.004,0.00419,0.004,0.00419,1.0,1.0,6774784.0,6774784.0,0.0,,0.0,0.0
hard,BestFinal_both_cap0,100,0.6,0.4,10,10,1.0,0,0,0,0.41975,1.12678,0.41975,1.12678,171.5,446.4,6774784.0,6774784.0,0.07158644658644658,,0.0,0.0
hard,BestFinal_both_cap0,100,0.6,0.6,10,10,1.0,0,0,0,3.6271500000000003,6.801649999999998,3.6271500000000003,6.801649999999998,1414.5,2690.0999999999995,6774784.0,6774784.0,0.14286171345496243,,0.0,0.0
hard,BestFinal_both_cap0,100,0.6,0.8,10,10,1.0,0,0,0,0.2491,0.35942999999999997,0.2491,0.35942999999999997,87.0,125.49999999999999,6774784.0,6774784.0,0.06481346191311124,,0.0,0.0
hard,BestFinal_both_cap0,100,0.8,0.2,10,10,1.0,0,0,0,0.004,0.00449,0.004,0.00449,1.0,1.0,6774784.0,6774784.0,0.0,,0.0,0.0
hard,BestFinal_both_cap0,100,0.8,0.4,10,10,1.0,0,0,0,0.0507,0.5052699999999999,0.0507,0.5052699999999999,15.5,196.99999999999997,6774784.0,6774784.0,0.0,,0.0,0.0
hard,BestFinal_both_cap0,100,0.8,0.6,10,10,1.0,0,0,0,1.11195,2.7750399999999997,1.11195,2.7750399999999997,408.0,1137.3,6774784.0,6774784.0,0.14205196634645723,,0.0,0.0
hard,BestFinal_both_cap0,100,0.8,0.8,10,10,1.0,0,0,0,0.21805,0.27359999999999995,0.21805,0.27359999999999995,73.0,94.69999999999999,6774784.0,6774784.0,0.04166867615143477,,0.0,0.0
hard,BestFinal_both_cap0,100,1.0,0.2,10,10,1.0,0,0,0,0.00405,0.00439,0.00405,0.00439,1.0,1.0,6774784.0,6774784.0,0.0,,0.0,0.0
hard,BestFinal_both_cap0,100,1.0,0.4,10,10,1.0,0,0,0,0.00425,0.17326,0.00425,0.17326,1.0,60.9,6774784.0,6774784.0,0.0,,0.0,0.0
hard,BestFinal_both_cap0,100,1.0,0.6,10,10,1.0,0,0,0,0.37070000000000003,0.9021799999999999,0.37070000000000003,0.9021799999999999,142.5,346.79999999999995,6774784.0,6774784.0,0.13522316291303632,,0.0,0.0
hard,BestFinal_both_cap0,100,1.0,0.8,10,10,1.0,0,0,0,0.2121,0.28696,0.2121,0.28696,70.0,90.8,6774784.0,6774784.0,0.039258921330089215,,0.0,0.0
hard,BestFinal_both_cap0,200,0.2,0.2,10,10,1.0,0,0,0,3.94215,7.84269,3.94215,7.84269,1514.0,3238.2999999999997,6094848.0,6324224.0,0.05013885907118437,,0.0,0.0
hard,BestFinal_both_cap0,200,0.2,0.4,10,10,1.0,0,0,0,157.7285,223.06375999999997,157.7285,223.06375999999997,55113.5,75200.79999999999,13619200.0,14046822.399999999,0.14359669213493392,,0.0,0.0
hard,BestFinal_both_cap0,200,0.2,0.6,10,10,1.0,0,0,0,392.77405,553.55682,392.77405,553.55682,121077.5,163579.3,24387584.0,24574771.2,0.17953160487232198,,0.0,0.0
hard,BestFinal_both_cap0,200,0.2,0.8,10,10,1.0,0,0,0,157.5053,202.38818,157.5053,202.38818,48157.5,57208.4,25706496.0,25706496.0,0.24504869436769536,,0.0,0.0
hard,BestFinal_both_cap0,200,0.4,0.2,10,10,1.0,0,0,0,0.0049,0.049519999999999995,0.0049,0.049519999999999995,1.0,13.2,25706496.0,25706496.0,0.0,,0.0,0.0
hard,BestFinal_both_cap0,200,0.4,0.4,10,10,1.0,0,0,0,27.965850000000003,55.65885,27.965850000000003,55.65885,10121.0,18677.8,25706496.0,25706496.0,0.17594697765286227,,0.0,0.0
hard,BestFinal_both_cap0,200,0.4,0.6,10,10,1.0,0,0,0,138.9644,200.73314999999997,138.9644,200.73314999999997,41813.0,62465.399999999994,25706496.0,25706496.0,0.2696146922161186,,0.0,0.0
hard,BestFinal_both_cap0,200,0.4,0.8,10,10,1.0,0,0,0,5.79865,13.903439999999993,5.79865,13.903439999999993,2142.0,5021.499999999997,25706496.0,25706496.0,0.24606634182908546,,0.0,0.0
hard,BestFinal_both_cap0,200,0.6,0.2,10,10,1.0,0,0,0,0.0045,0.004509999999999999,0.0045,0.004509999999999999,1.0,1.0,25706496.0,25706496.0,0.0,,0.0,0.0
hard,BestFinal_both_cap0,200,0.6,0.4,10,10,1.0,0,0,0,2.7285500000000003,7.58616,2.7285500000000003,7.58616,1073.0,2966.7999999999997,25706496.0,25706496.0,0.10164990138067062,,0.0,0.0
hard,BestFinal_both_cap0,200,0.6,0.6,10,10,1.0,0,0,0,50.482150000000004,87.15289,50.482150000000004,87.15289,16575.0,27435.399999999998,25706496.0,25706496.0,0.2950874815125737,,0.0,0.0
hard,BestFinal_both_cap0,200,0.6,0.8,10,10,1.0,0,0,0,0.6186499999999999,1.3834199999999992,0.6186499999999999,1.3834199999999992,202.5,513.0999999999997,25706496.0,25706496.0,0.10364697745589548,,0.0,0.0
hard,BestFinal_both_cap0,200,0.8,0.2,10,10,1.0,0,0,0,0.0045,0.00464,0.0045,0.00464,1.0,1.0,25706496.0,25706496.0,0.0,,0.0,0.0
hard,BestFinal_both_cap0,200,0.8,0.4,10,10,1.0,0,0,0,0.0429,0.16454999999999997,0.0429,0.16454999999999997,11.0,56.99999999999999,25706496.0,25706496.0,0.0,,0.0,0.0
hard,BestFinal_both_cap0,200,0.8,0.6,10,10,1.0,0,0,0,7.58295,35.02784,7.58295,35.02784,2903.0,12396.4,25706496.0,25706496.0,0.2530842364732938,,0.0,0.0
hard,BestFinal_both_cap0,200,0.8,0.8,10,10,1.0,0,0,0,0.5992999999999999,0.72915,0.5992999999999999,0.72915,182.5,253.19999999999996,25706496.0,25706496.0,0.07143243291946733,,0.0,0.0
hard,BestFinal_both_cap0,200,1.0,0.2,10,10,1.0,0,0,0,0.00445,0.0046,0.00445,0.0046,1.0,1.0,25706496.0,25706496.0,0.0,,0.0,0.0
hard,BestFinal_both_cap0,200,1.0,0.4,10,10,1.0,0,0,0,0.00445,0.0046,0.00445,0.0046,1.0,1.0,25706496.0,25706496.0,0.0,,0.0,0.0
hard,BestFinal_both_cap0,200,1.0,0.6,10,10,1.0,0,0,0,1.25245,4.659399999999999,1.25245,4.659399999999999,454.5,1821.5999999999995,25706496.0,25706496.0,0.15609985153619393,,0.0,0.0
hard,BestFinal_both_cap0,200,1.0,0.8,10,10,1.0,0,0,0,0.5458000000000001,0.7044999999999999,0.5458000000000001,0.7044999999999999,157.0,238.29999999999998,25706496.0,25706496.0,0.07919254658385093,,0.0,0.0
hard,BestFinal_both_cap0,300,0.2,0.2,10,10,1.0,0,0,0,21.315350000000002,33.19649,21.315350000000002,33.19649,8271.0,12905.8,9211904.0,10326016.0,0.09158938785311443,,0.0,0.0
hard,BestFinal_both_cap0,300,0.2,0.4,10,10,1.0,0,0,0,878.27205,1274.3185299999998,878.27205,1274.3185299999998,261114.0,356609.8,55615488.0,55615488.0,0.16188433178487188,,0.0,0.0
hard,BestFinal_both_cap0,300,0.2,0.6,10,10,1.0,0,0,0,2079.0824000000002,3041.037009999999,2079.0824000000002,3041.037009999999,535828.5,752499.5999999999,121430016.0,121430016.0,0.18698216906483855,,0.0,0.0
hard,BestFinal_both_cap0,300,0.2,0.8,10,10,1.0,0,0,0,617.83285,1129.4251999999994,617.83285,1129.4251999999994,157839.0,275648.6999999999,121430016.0,121430016.0,0.2781741602590082,,0.0,0.0
hard,BestFinal_both_cap0,300,0.4,0.2,10,10,1.0,0,0,0,0.00655,0.047799999999999995,0.00655,0.047799999999999995,1.0,11.299999999999999,121430016.0,121430016.0,0.0,,0.0,0.0
hard,BestFinal_both_cap0,300,0.4,0.4,10,10,1.0,0,0,0,173.62709999999998,256.03468,173.62709999999998,256.03468,53029.0,80380.4,121430016.0,121430016.0,0.24752008671699707,,0.0,0.0
hard,BestFinal_both_cap0,300,0.4,0.6,10,10,1.0,0,0,0,540.361,1332.58868,540.361,1332.58868,135193.5,305950.1,121430016.0,121430016.0,0.2938127045056525,,0.0,0.0
hard,BestFinal_both_cap0,300,0.4,0.8,10,10,1.0,0,0,0,4.9829,91.89811999999998,4.9829,91.89811999999998,1631.0,26194.499999999993,121430016.0,121430016.0,0.24833785045008994,,0.0,0.0
hard,BestFinal_both_cap0,300,0.6,0.2,10,10,1.0,0,0,0,0.0059,0.0064199999999999995,0.0059,0.0064199999999999995,1.0,1.0,121430016.0,121430016.0,0.0,,0.0,0.0
hard,BestFinal_both_cap0,300,0.6,0.4,10,10,1.0,0,0,0,11.9864,19.89919,11.9864,19.89919,4401.0,7058.9,121430016.0,121430016.0,0.2225687465111913,,0.0,0.0
hard,BestFinal_both_cap0,300,0.6,0.6,10,10,1.0,0,0,0,184.20105,561.8499499999999,184.20105,561.8499499999999,52741.5,130776.09999999998,121430016.0,121430016.0,0.39572855069583535,,0.0,0.0
hard,BestFinal_both_cap0,300,0.6,0.8,10,10,1.0,0,0,0,0.9015500000000001,1.37841,0.9015500000000001,1.37841,254.5,402.19999999999993,121430016.0,121430016.0,0.10770000536087632,,0.0,0.0
hard,BestFinal_both_cap0,300,0.8,0.2,10,10,1.0,0,0,0,0.005350000000000001,0.006959999999999999,0.005350000000000001,0.006959999999999999,1.0,1.0,121430016.0,121430016.0,0.0,,0.0,0.0
hard,BestFinal_both_cap0,300,0.8,0.4,10,10,1.0,0,0,0,0.08365,0.4744999999999999,0.08365,0.4744999999999999,21.5,176.29999999999995,121430016.0,121430016.0,0.009615384615384616,,0.0,0.0
hard,BestFinal_both_cap0,300,0.8,0.6,10,10,1.0,0,0,0,29.586550000000003,125.68188999999994,29.586550000000003,125.68188999999994,8934.5,36009.499999999985,121430016.0,121430016.0,0.3331743967171231,,0.0,0.0
hard,BestFinal_both_cap0,300,0.8,0.8,10,10,1.0,0,0,0,0.92205,0.9841899999999998,0.92205,0.9841899999999998,218.5,254.69999999999996,121430016.0,121430016.0,0.055051791475632536,,0.0,0.0
hard,BestFinal_both_cap0,300,1.0,0.2,10,10,1.0,0,0,0,0.006200000000000001,0.00819,0.006200000000000001,0.00819,1.0,1.0,121430016.0,121430016.0,0.0,,0.0,0.0
hard,BestFinal_both_cap0,300,1.0,0.4,10,10,1.0,0,0,0,0.00515,0.00762,0.00515,0.00762,1.0,1.0,121430016.0,121430016.0,0.0,,0.0,0.0
hard,BestFinal_both_cap0,300,1.0,0.6,10,10,1.0,0,0,0,1.7796,5.6267899999999935,1.7796,5.6267899999999935,574.0,1959.0999999999979,121430016.0,121430016.0,0.2333168482816429,,0.0,0.0
hard,BestFinal_both_cap0,300,1.0,0.8,10,10,1.0,0,0,0,0.9449,1.013,0.9449,1.013,215.5,247.3,121430016.0,121430016.0,0.04499982254715809,,0.0,0.0
hard,BestFinal_both_cap0,400,0.2,0.2,10,10,1.0,0,0,0,48.1699,67.55127999999999,48.1699,67.55127999999999,17508.0,25938.399999999998,14284800.0,15319040.0,0.11440114504561065,,0.0,0.0
hard,BestFinal_both_cap0,400,0.2,0.4,10,10,1.0,0,0,0,2493.51915,4101.56646,2493.51915,4101.56646,657403.5,1026573.1,149843968.0,166940672.0,0.16777536815119948,,0.0,0.0
hard,BestFinal_both_cap0,400,0.2,0.6,10,10,1.0,0,0,0,7204.73085,8909.44464,7204.73085,8909.44464,1569808.5,1957823.0,286115840.0,321708032.0,0.17094402294474975,,0.0,0.0
hard,BestFinal_both_cap0,400,0.2,0.8,10,10,1.0,0,0,0,2759.6473,3704.02854,2759.6473,3704.02854,575149.0,733957.7999999999,321708032.0,321708032.0,0.2471294176438876,,0.0,0.0
hard,BestFinal_both_cap0,400,0.4,0.2,10,10,1.0,0,0,0,0.00605,0.0492,0.00605,0.0492,1.0,7.399999999999999,321708032.0,321708032.0,0.0,,0.0,0.0
hard,BestFinal_both_cap0,400,0.4,0.4,10,10,1.0,0,0,0,336.0327,835.2694499999999,336.0327,835.2694499999999,93063.5,221680.8,321708032.0,321708032.0,0.24571490662320392,,0.0,0.0
hard,BestFinal_both_cap0,400,0.4,0.6,10,10,1.0,0,0,0,2513.51825,3875.1452799999997,2513.51825,3875.1452799999997,525775.0,794887.5,321708032.0,321708032.0,0.3157874879142022,,0.0,0.0
hard,BestFinal_both_cap0,400,0.4,0.8,10,10,1.0,0,0,0,20.27815,62.33832999999998,20.27815,62.33832999999998,6672.5,18513.699999999993,321708032.0,321708032.0,0.30501465244848736,,0.0,0.0
hard,BestFinal_both_cap0,400,0.6,0.2,10,10,1.0,0,0,0,0.00645,0.0072299999999999994,0.00645,0.0072299999999999994,1.0,1.0,321708032.0,321708032.0,0.0,,0.0,0.0
hard,BestFinal_both_cap0,400,0.6,0.4,10,10,1.0,0,0,0,26.22285,48.476369999999974,26.22285,48.476369999999974,9238.5,15820.899999999992,321708032.0,321708032.0,0.23193554691280938,,0.0,0.0
hard,BestFinal_both_cap0,400,0.6,0.6,10,10,1.0,0,0,0,799.77475,1577.10299,799.77475,1577.10299,179016.0,334018.6,321708032.0,321708032.0,0.44385478797567224,,0.0,0.0
hard,BestFinal_both_cap0,400,0.6,0.8,10,10,1.0,0,0,0,1.4945,2.0371799999999998,1.4945,2.0371799999999998,394.5,638.6,321708032.0,321708032.0,0.11758487329200024,,0.0,0.0
hard,BestFinal_both_cap0,400,0.8,0.2,10,10,1.0,0,0,0,0.00645,0.009729999999999996,0.00645,0.009729999999999996,1.0,1.0,321708032.0,321708032.0,0.0,,0.0,0.0
hard,BestFinal_both_cap0,400,0.8,0.4,10,10,1.0,0,0,0,0.00795,0.48170999999999975,0.00795,0.48170999999999975,1.0,153.59999999999988,321708032.0,321708032.0,0.0,,0.0,0.0
hard,BestFinal_both_cap0,400,0.8,0.6,10,10,1.0,0,0,0,88.61555,149.26230999999999,88.61555,149.26230999999999,25921.0,40232.799999999996,321708032.0,321708032.0,0.3515713087971083,,0.0,0.0
hard,BestFinal_both_cap0,400,0.8,0.8,10,10,1.0,0,0,0,1.5625,1.90072,1.5625,1.90072,334.0,484.9,321708032.0,321708032.0,0.05709964238475482,,0.0,0.0
hard,BestFinal_both_cap0,400,1.0,0.2,10,10,1.0,0,0,0,0.006,0.007930000000000001,0.006,0.007930000000000001,1.0,1.0,321708032.0,321708032.0,0.0,,0.0,0.0
hard,BestFinal_both_cap0,400,1.0,0.4,10,10,1.0,0,0,0,0.00665,0.0069099999999999995,0.00665,0.0069099999999999995,1.0,1.0,321708032.0,321708032.0,0.0,,0.0,0.0
hard,BestFinal_both_cap0,400,1.0,0.6,10,10,1.0,0,0,0,3.02455,10.824519999999996,3.02455,10.824519999999996,992.0,3811.699999999999,321708032.0,321708032.0,0.18528908899573712,,0.0,0.0
hard,BestFinal_both_cap0,400,1.0,0.8,10,10,1.0,0,0,0,1.5678,1.7818999999999998,1.5678,1.7818999999999998,307.0,434.99999999999994,321708032.0,321708032.0,0.06380986036105371,,0.0,0.0
hard,BestFinal_both_cap0,500,0.2,0.2,10,10,1.0,0,0,0,129.88615,239.22421,129.88615,239.22421,43631.0,75694.4,22773760.0,27209728.0,0.1321125431631398,,0.0,0.0
hard,BestFinal_both_cap0,500,0.2,0.4,10,10,1.0,0,0,0,8700.97055,10514.10983,8700.97055,10514.10983,1916543.5,2379000.6999999997,381992960.0,381992960.0,0.15873871017358537,,0.0,0.0
hard,BestFinal_both_cap0,500,0.2,0.6,10,10,1.0,0,0,0,20154.6063,22137.40355,20154.6063,22137.40355,3765143.5,4096767.4999999995,789626880.0,789626880.0,0.16229622706708785,,0.0,0.0
hard,BestFinal_both_cap0,500,0.2,0.8,10,10,1.0,0,0,0,5906.0854500000005,7629.32514,5906.0854500000005,7629.32514,1048263.0,1323540.9,789626880.0,789626880.0,0.2551819246378346,,0.0,0.0
hard,BestFinal_both_cap0,500,0.4,0.2,10,10,1.0,0,0,0,0.02185,0.05355,0.02185,0.05355,2.5,9.299999999999999,789626880.0,789626880.0,0.0,,0.0,0.0
hard,BestFinal_both_cap0,500,0.4,0.4,10,10,1.0,0,0,0,1397.86455,2017.5281,1397.86455,2017.5281,332244.0,463551.2,789626880.0,789626880.0,0.21486460805630686,,0.0,0.0
hard,BestFinal_both_cap0,500,0.4,0.6,10,10,1.0,0,0,0,6844.6471,9352.89841,6844.6471,9352.89841,1210558.0,1610583.9,789626880.0,789626880.0,0.26848125561644554,,0.0,0.0
hard,BestFinal_both_cap0,500,0.4,0.8,10,10,1.0,0,0,0,36.8781,94.82381999999993,36.8781,94.82381999999993,11322.0,26063.299999999985,789626880.0,789626880.0,0.3584356688759877,,0.0,0.0
hard,BestFinal_both_cap0,500,0.6,0.2,10,10,1.0,0,0,0,0.0071,0.011309999999999997,0.0071,0.011309999999999997,1.0,1.0,789626880.0,789626880.0,0.0,,0.0,0.0
hard,BestFinal_both_cap0,500,0.6,0.4,10,10,1.0,0,0,0,104.3721,198.70509,104.3721,198.70509,30587.0,54563.399999999994,789626880.0,789626880.0,0.29631866280557206,,0.0,0.0
hard,BestFinal_both_cap0,500,0.6,0.6,10,10,1.0,0,0,0,2112.97595,2945.2076699999993,2112.97595,2945.2076699999993,405784.5,575310.5,789626880.0,789626880.0,0.4686421805334918,,0.0,0.0
hard,BestFinal_both_cap0,500,0.6,0.8,10,10,1.0,0,0,0,2.13255,3.5938299999999996,2.13255,3.5938299999999996,546.0,1124.2,789626880.0,789626880.0,0.14741395964313636,,0.0,0.0
hard,BestFinal_both_cap0,500,0.8,0.2,10,10,1.0,0,0,0,0.00795,0.0095,0.00795,0.0095,1.0,1.0,789626880.0,789626880.0,0.0,,0.0,0.0
hard,BestFinal_both_cap0,500,0.8,0.4,10,10,1.0,0,0,0,0.07185,0.31907999999999925,0.07185,0.31907999999999925,15.0,104.59999999999974,789626880.0,789626880.0,0.0,,0.0,0.0
hard,BestFinal_both_cap0,500,0.8,0.6,10,10,1.0,0,0,0,80.3048,405.9583599999999,80.3048,405.9583599999999,21711.5,95061.49999999999,789626880.0,789626880.0,0.39289764236074387,,0.0,0.0
hard,BestFinal_both_cap0,500,0.8,0.8,10,10,1.0,0,0,0,2.1984500000000002,2.47809,2.1984500000000002,2.47809,487.5,564.2,789626880.0,789626880.0,0.07972491828430392,,0.0,0.0
hard,BestFinal_both_cap0,500,1.0,0.2,10,10,1.0,0,0,0,0.0074,0.00882,0.0074,0.00882,1.0,1.0,789626880.0,789626880.0,0.0,,0.0,0.0
hard,BestFinal_both_cap0,500,1.0,0.4,10,10,1.0,0,0,0,0.0069,0.00845,0.0069,0.00845,1.0,1.0,789626880.0,789626880.0,0.0,,0.0,0.0
hard,BestFinal_both_cap0,500,1.0,0.6,10,10,1.0,0,0,0,3.6960499999999996,17.277959999999997,3.6960499999999996,17.277959999999997,1115.5,5700.299999999999,789626880.0,789626880.0,0.20354772322004905,,0.0,0.0
hard,BestFinal_both_cap0,500,1.0,0.8,10,10,1.0,0,0,0,2.1583,2.35194,2.1583,2.35194,390.0,511.1,789626880.0,789626880.0,0.07203817859551707,,0.0,0.0
hard,BestFinal_both_cap0,600,0.2,0.2,10,10,1.0,0,0,0,346.51914999999997,555.72171,346.51914999999997,555.72171,111057.0,178908.8,52207616.0,52207616.0,0.14301909252437578,,0.0,0.0
hard,BestFinal_both_cap0,600,0.2,0.4,10,10,1.0,0,0,0,14012.3349,18371.785760000002,14012.3349,18371.785760000002,2914832.0,3746224.0,632832000.0,632852889.6,0.15954196130681864,,0.0,0.0
hard,BestFinal_both_cap0,600,0.2,0.6,10,10,1.0,0,0,0,33108.16855,50397.02024,33108.16855,50397.02024,5455520.0,8319288.699999999,1401024512.0,1401024512.0,0.16369909173544983,,0.0,0.0
hard,BestFinal_both_cap0,600,0.2,0.8,10,10,1.0,0,0,0,12751.44635,15210.421339999997,12751.44635,15210.421339999997,1955468.5,2364110.6999999997,1401024512.0,1401024512.0,0.2685277081964374,,0.0,0.0
hard,BestFinal_both_cap0,600,0.4,0.2,10,10,1.0,0,0,0,0.03075,0.057999999999999996,0.03075,0.057999999999999996,4.5,11.2,1401024512.0,1401024512.0,0.0,,0.0,0.0
hard,BestFinal_both_cap0,600,0.4,0.4,10,10,1.0,0,0,0,2393.7778500000004,2867.1943899999997,2393.7778500000004,2867.1943899999997,530378.5,625773.1,1401024512.0,1401024512.0,0.21542920196519327,,0.0,0.0
hard,BestFinal_both_cap0,600,0.4,0.6,10,10,1.0,0,0,0,11968.67815,15416.277139999998,11968.67815,15416.277139999998,1873101.5,2345123.5999999996,1401024512.0,1401024512.0,0.2996202520191498,,0.0,0.0
hard,BestFinal_both_cap0,600,0.4,0.8,10,10,1.0,0,0,0,66.6011,269.66657999999995,66.6011,269.66657999999995,18650.0,62535.899999999994,1401024512.0,1401024512.0,0.3645342044103405,,0.0,0.0
hard,BestFinal_both_cap0,600,0.6,0.2,10,10,1.0,0,0,0,0.007350000000000001,0.00914,0.007350000000000001,0.00914,1.0,1.0,1401024512.0,1401024512.0,0.0,,0.0,0.0
hard,BestFinal_both_cap0,600,0.6,0.4,10,10,1.0,0,0,0,180.8779,222.58009,180.8779,222.58009,50784.0,62609.4,1401024512.0,1401024512.0,0.3107209212879641,,0.0,0.0
hard,BestFinal_both_cap0,600,0.6,0.6,10,10,1.0,0,0,0,2959.07715,4705.01364,2959.07715,4705.01364,490988.5,751127.5,1401024512.0,1401024512.0,0.4767613698348627,,0.0,0.0
hard,BestFinal_both_cap0,600,0.6,0.8,10,10,1.0,0,0,0,2.76775,3.2488499999999996,2.76775,3.2488499999999996,654.0,857.7999999999998,1401024512.0,1401024512.0,0.13185092768624138,,0.0,0.0
hard,BestFinal_both_cap0,600,0.8,0.2,10,10,1.0,0,0,0,0.008,0.00907,0.008,0.00907,1.0,1.0,1401024512.0,1401024512.0,0.0,,0.0,0.0
hard,BestFinal_both_cap0,600,0.8,0.4,10,10,1.0,0,0,0,0.0658,0.17646999999999996,0.0658,0.17646999999999996,12.0,48.0,1401024512.0,1401024512.0,0.0,,0.0,0.0
hard,BestFinal_both_cap0,600,0.8,0.6,10,10,1.0,0,0,0,275.5037,715.9704399999998,275.5037,715.9704399999998,60090.5,145876.69999999998,1401024512.0,1401024512.0,0.47379627240283184,,0.0,0.0
hard,BestFinal_both_cap0,600,0.8,0.8,10,10,1.0,0,0,0,2.79705,3.2628,2.79705,3.2628,495.0,650.7999999999998,1401024512.0,1401024512.0,0.07566195253720807,,0.0,0.0
hard,BestFinal_both_cap0,600,1.0,0.2,10,10,1.0,0,0,0,0.00795,0.00921,0.00795,0.00921,1.0,1.0,1401024512.0,1401024512.0,0.0,,0.0,0.0
hard,BestFinal_both_cap0,600,1.0,0.4,10,10,1.0,0,0,0,0.00775,0.00973,0.00775,0.00973,1.0,1.0,1401024512.0,1401024512.0,0.0,,0.0,0.0
hard,BestFinal_both_cap0,600,1.0,0.6,10,10,1.0,0,0,0,5.4074,16.55456,5.4074,16.55456,1527.5,5101.0999999999985,1401024512.0,1401024512.0,0.24835184507555663,,0.0,0.0
hard,BestFinal_both_cap0,600,1.0,0.8,10,10,1.0,0,0,0,2.9693500000000004,3.16202,2.9693500000000004,3.16202,497.0,532.1,1401024512.0,1401024512.0,0.07798142888493796,,0.0,0.0
hard,BestFinal_both_cap0,700,0.2,0.2,10,10,1.0,0,0,0,483.65875,813.0507599999999,483.65875,813.0507599999999,149958.0,242587.09999999998,58621952.0,76615680.0,0.1557499830340745,,0.0,0.0
hard,BestFinal_both_cap0,700,0.2,0.4,10,10,1.0,0,0,0,27592.53695,30950.917579999998,27592.53695,30950.917579999998,5201558.5,5716282.699999999,1490116608.0,1490116608.0,0.1618303814420738,,0.0,0.0
hard,BestFinal_both_cap0,700,0.2,0.6,10,10,1.0,0,0,0,71870.7481,92682.93639,71870.7481,92682.93639,10711128.0,13717673.4,3311550464.0,3311550464.0,0.16508264328938888,,0.0,0.0
hard,BestFinal_both_cap0,700,0.2,0.8,10,10,1.0,0,0,0,25011.959600000002,29983.015769999995,25011.959600000002,29983.015769999995,3365371.5,4153332.4999999995,3311550464.0,3311550464.0,0.23022421408659224,,0.0,0.0
hard,BestFinal_both_cap0,700,0.4,0.2,10,10,1.0,0,0,0,0.0126,0.062029999999999995,0.0126,0.062029999999999995,1.0,10.2,3311550464.0,3311550464.0,0.0,,0.0,0.0
hard,BestFinal_both_cap0,700,0.4,0.4,10,10,1.0,0,0,0,4474.05,6127.01485,4474.05,6127.01485,870637.0,1153186.2,3311550464.0,3311550464.0,0.2396405630291234,,0.0,0.0
hard,BestFinal_both_cap0,700,0.4,0.6,10,10,1.0,0,0,0,23861.2834,34381.14521,23861.2834,34381.14521,3290606.0,4697042.1,3311550464.0,3311550464.0,0.2664969079573266,,0.0,0.0
hard,BestFinal_both_cap0,700,0.4,0.8,10,10,1.0,0,0,0,103.2543,321.9323299999999,103.2543,321.9323299999999,28669.5,68800.79999999997,3311550464.0,3311550464.0,0.38258520914381927,,0.0,0.0
hard,BestFinal_both_cap0,700,0.6,0.2,10,10,1.0,0,0,0,0.009850000000000001,0.014099999999999998,0.009850000000000001,0.014099999999999998,1.0,1.0,3311550464.0,3311550464.0,0.0,,0.0,0.0
hard,BestFinal_both_cap0,700,0.6,0.4,10,10,1.0,0,0,0,275.172,396.37541,275.172,396.37541,72351.0,100197.9,3311550464.0,3311550464.0,0.35443333392270726,,0.0,0.0
hard,BestFinal_both_cap0,700,0.6,0.6,10,10,1.0,0,0,0,6070.741,11724.4725,6070.741,11724.4725,935371.5,1522083.7,3311550464.0,3311550464.0,0.4911152451391388,,0.0,0.0
hard,BestFinal_both_cap0,700,0.6,0.8,10,10,1.0,0,0,0,3.33125,3.7255999999999996,3.33125,3.7255999999999996,731.5,852.1999999999998,3311550464.0,3311550464.0,0.13661585131710313,,0.0,0.0
hard,BestFinal_both_cap0,700,0.8,0.2,10,10,1.0,0,0,0,0.0077,0.01009,0.0077,0.01009,1.0,1.0,3311550464.0,3311550464.0,0.0,,0.0,0.0
hard,BestFinal_both_cap0,700,0.8,0.4,10,10,1.0,0,0,0,0.06615,0.12356999999999997,0.06615,0.12356999999999997,13.0,31.999999999999993,3311550464.0,3311550464.0,0.0,,0.0,0.0
hard,BestFinal_both_cap0,700,0.8,0.6,10,10,1.0,0,0,0,211.5371,1174.3749899999998,211.5371,1174.3749899999998,54864.5,199646.19999999995,3311550464.0,3311550464.0,0.4577133536838588,,0.0,0.0
hard,BestFinal_both_cap0,700,0.8,0.8,10,10,1.0,0,0,0,3.5001499999999997,3.7649999999999997,3.5001499999999997,3.7649999999999997,596.0,681.6999999999999,3311550464.0,3311550464.0,0.11080469243462784,,0.0,0.0
hard,BestFinal_both_cap0,700,1.0,0.2,10,10,1.0,0,0,0,0.008,0.008949999999999998,0.008,0.008949999999999998,1.0,1.0,3311550464.0,3311550464.0,0.0,,0.0,0.0
hard,BestFinal_both_cap0,700,1.0,0.4,10,10,1.0,0,0,0,0.0081,0.01205,0.0081,0.01205,1.0,1.0,3311550464.0,3311550464.0,0.0,,0.0,0.0
hard,BestFinal_both_cap0,700,1.0,0.6,10,10,1.0,0,0,0,7.8974,13.10774,7.8974,13.10774,2329.5,3989.2999999999997,3311550464.0,3311550464.0,0.22123938503248847,,0.0,0.0
hard,BestFinal_both_cap0,700,1.0,0.8,10,10,1.0,0,0,0,3.5884,3.7880999999999996,3.5884,3.7880999999999996,546.5,635.4,3311550464.0,3311550464.0,0.07365069793496279,,0.0,0.0
hard,BestFinal_both_cap0,800,0.2,0.2,10,10,1.0,0,0,0,919.7090499999999,1302.87039,919.7090499999999,1302.87039,269448.0,385211.39999999997,123879424.0,124067840.0,0.15456058866330336,,0.0,0.0
hard,BestFinal_both_cap0,800,0.2,0.4,10,10,1.0,0,0,0,51423.25885,67292.18282,51423.25885,67292.18282,8628521.5,10709161.4,2533773312.0,2533773312.0,0.1610606391208257,,0.0,0.0
hard,BestFinal_both_cap0,800,0.2,0.6,10,10,1.0,0,0,0,118323.9398,156114.16364999997,118323.9398,156114.16364999997,16039169.0,20454563.099999998,5648310272.0,5648310272.0,0.16634637164226113,,0.0,0.0
hard,BestFinal_both_cap0,800,0.2,0.8,10,10,1.0,0,0,0,43553.4366,54758.05746999999,43553.4366,54758.05746999999,5349063.0,6602827.8,5648310272.0,5648310272.0,0.23805370113863733,,0.0,0.0
hard,BestFinal_both_cap0,800,0.4,0.2,10,10,1.0,0,0,0,0.0281,0.0746,0.0281,0.0746,3.5,11.1,5648310272.0,5648310272.0,0.0,,0.0,0.0
hard,BestFinal_both_cap0,800,0.4,0.4,10,10,1.0,0,0,0,8774.215100000001,10443.93849,8774.215100000001,10443.93849,1553555.5,1855078.4,5648310272.0,5648310272.0,0.21710069397013226,,0.0,0.0
hard,BestFinal_both_cap0,800,0.4,0.6,10,10,1.0,0,0,0,43236.3802,53252.04174999999,43236.3802,53252.04174999999,5233774.5,6436696.299999999,5648310272.0,5648310272.0,0.2641993442474978,,0.0,0.0
hard,BestFinal_both_cap0,800,0.4,0.8,10,10,1.0,0,0,0,197.3425,453.59589,197.3425,453.59589,46197.5,98329.09999999999,5648310272.0,5648310272.0,0.459988952657822,,0.0,0.0
hard,BestFinal_both_cap0,800,0.6,0.2,10,10,1.0,0,0,0,0.0074,0.011019999999999999,0.0074,0.011019999999999999,1.0,1.0,5648310272.0,5648310272.0,0.0,,0.0,0.0
hard,BestFinal_both_cap0,800,0.6,0.4,10,10,1.0,0,0,0,494.2042,677.8237599999999,494.2042,677.8237599999999,120846.0,154423.3,5648310272.0,5648310272.0,0.3604401671915046,,0.0,0.0
hard,BestFinal_both_cap0,800,0.6,0.6,10,10,1.0,0,0,0,13731.3204,16962.518069999995,13731.3204,16962.518069999995,1760040.0,2237793.8,5648310272.0,5648310272.0,0.4919702922708391,,0.0,0.0
hard,BestFinal_both_cap0,800,0.6,0.8,10,10,1.0,0,0,0,3.78395,4.885069999999999,3.78395,4.885069999999999,744.5,1201.9999999999998,5648310272.0,5648310272.0,0.1166253419515052,,0.0,0.0
hard,BestFinal_both_cap0,800,0.8,0.2,10,10,1.0,0,0,0,0.00785,0.01011,0.00785,0.01011,1.0,1.0,5648310272.0,5648310272.0,0.0,,0.0,0.0
hard,BestFinal_both_cap0,800,0.8,0.4,10,10,1.0,0,0,0,0.11725,0.29906999999999956,0.11725,0.29906999999999956,28.0,84.69999999999987,5648310272.0,5648310272.0,0.0,,0.0,0.0
hard,BestFinal_both_cap0,800,0.8,0.6,10,10,1.0,0,0,0,376.4878,1814.1392399999995,376.4878,1814.1392399999995,77038.5,307392.0999999999,5648310272.0,5648310272.0,0.49152627560587936,,0.0,0.0
hard,BestFinal_both_cap0,800,0.8,0.8,10,10,1.0,0,0,0,4.1898,4.6162,4.1898,4.6162,645.0,801.1,5648310272.0,5648310272.0,0.08380785330554003,,0.0,0.0
hard,BestFinal_both_cap0,800,1.0,0.2,10,10,1.0,0,0,0,0.0073,0.008329999999999999,0.0073,0.008329999999999999,1.0,1.0,5648310272.0,5648310272.0,0.0,,0.0,0.0
hard,BestFinal_both_cap0,800,1.0,0.4,10,10,1.0,0,0,0,0.00745,0.00932,0.00745,0.00932,1.0,1.0,5648310272.0,5648310272.0,0.0,,0.0,0.0
hard,BestFinal_both_cap0,800,1.0,0.6,10,10,1.0,0,0,0,7.382350000000001,13.3104,7.382350000000001,13.3104,1809.0,4281.099999999999,5648310272.0,5648310272.0,0.21806769481487046,,0.0,0.0
hard,BestFinal_both_cap0,800,1.0,0.8,10,10,1.0,0,0,0,4.339,4.83746,4.339,4.83746,613.0,703.6,5648310272.0,5648310272.0,0.06668030969678365,,0.0,0.0
hard,BestFinal_both_cap0,900,0.2,0.2,10,10,1.0,0,0,0,1556.69725,3217.00414,1556.69725,3217.00414,420612.0,784562.7999999999,193323008.0,193650688.0,0.16001284974624558,,0.0,0.0
hard,BestFinal_both_cap0,900,0.2,0.4,10,10,1.0,0,0,0,94394.39785,102427.29894,94394.39785,102427.29894,14564043.5,15542488.0,4284641280.0,4284641280.0,0.1615837740989504,,0.0,0.0
hard,BestFinal_both_cap0,900,0.2,0.6,10,10,1.0,0,0,0,202612.66635,233580.75293,202612.66635,233580.75293,25452411.0,28154633.0,6343868416.0,6343868416.0,0.16450111079962304,,0.0,0.0
hard,BestFinal_both_cap0,900,0.2,0.8,10,10,1.0,0,0,0,67890.13235,80436.29599,67890.13235,80436.29599,7727680.0,8926703.5,6343868416.0,6343868416.0,0.2290221389294202,,0.0,0.0
hard,BestFinal_both_cap0,900,0.4,0.2,10,10,1.0,0,0,0,0.02195,0.06537,0.02195,0.06537,1.5,9.0,6343868416.0,6343868416.0,0.0,,0.0,0.0
hard,BestFinal_both_cap0,900,0.4,0.4,10,10,1.0,0,0,0,15046.3452,22968.02093,15046.3452,22968.02093,2576295.0,3664553.6999999997,6343868416.0,6343868416.0,0.21747949168854455,,0.0,0.0
hard,BestFinal_both_cap0,900,0.4,0.6,10,10,1.0,0,0,0,67230.1799,77815.79997999998,67230.1799,77815.79997999998,7757062.5,8810293.2,6343868416.0,6343868416.0,0.2644888163176635,,0.0,0.0
hard,BestFinal_both_cap0,900,0.4,0.8,10,10,1.0,0,0,0,129.78375,375.9207799999994,129.78375,375.9207799999994,31072.0,73848.09999999992,6343868416.0,6343868416.0,0.4446703957463536,,0.0,0.0
hard,BestFinal_both_cap0,900,0.6,0.2,10,10,1.0,0,0,0,0.0083,0.01164,0.0083,0.01164,1.0,1.0,6343868416.0,6343868416.0,0.0,,0.0,0.0
hard,BestFinal_both_cap0,900,0.6,0.4,10,10,1.0,0,0,0,965.1932999999999,2061.49649,965.1932999999999,2061.49649,215281.5,391688.4,6343868416.0,6343868416.0,0.3876345235506142,,0.0,0.0
hard,BestFinal_both_cap0,900,0.6,0.6,10,10,1.0,0,0,0,16157.04995,23919.021749999996,16157.04995,23919.021749999996,1956033.5,2770610.5999999996,6343868416.0,6343868416.0,0.4830236337949634,,0.0,0.0
hard,BestFinal_both_cap0,900,0.6,0.8,10,10,1.0,0,0,0,5.31325,6.52182,5.31325,6.52182,1108.5,1525.2,6343868416.0,6343868416.0,0.15002732828503546,,0.0,0.0
hard,BestFinal_both_cap0,900,0.8,0.2,10,10,1.0,0,0,0,0.0081,0.00957,0.0081,0.00957,1.0,1.0,6343868416.0,6343868416.0,0.0,,0.0,0.0
hard,BestFinal_both_cap0,900,0.8,0.4,10,10,1.0,0,0,0,0.0904,0.19557999999999987,0.0904,0.19557999999999987,14.0,39.99999999999996,6343868416.0,6343868416.0,0.0,,0.0,0.0
hard,BestFinal_both_cap0,900,0.8,0.6,10,10,1.0,0,0,0,450.40535,1451.2420699999993,450.40535,1451.2420699999993,96673.5,245174.19999999992,6343868416.0,6343868416.0,0.500824851365042,,0.0,0.0
hard,BestFinal_both_cap0,900,0.8,0.8,10,10,1.0,0,0,0,5.60505,5.75241,5.60505,5.75241,813.0,902.4,6343868416.0,6343868416.0,0.10014463059956957,,0.0,0.0
hard,BestFinal_both_cap0,900,1.0,0.2,10,10,1.0,0,0,0,0.0081,0.011659999999999998,0.0081,0.011659999999999998,1.0,1.0,6343868416.0,6343868416.0,0.0,,0.0,0.0
hard,BestFinal_both_cap0,900,1.0,0.4,10,10,1.0,0,0,0,0.00855,0.0098,0.00855,0.0098,1.0,1.0,6343868416.0,6343868416.0,0.0,,0.0,0.0
hard,BestFinal_both_cap0,900,1.0,0.6,10,10,1.0,0,0,0,8.408100000000001,15.3232,8.408100000000001,15.3232,2294.0,4265.7,6343868416.0,6343868416.0,0.2484368077180767,,0.0,0.0
hard,BestFinal_both_cap0,900,1.0,0.8,10,10,1.0,0,0,0,5.6259999999999994,5.92521,5.6259999999999994,5.92521,713.0,820.1,6343868416.0,6343868416.0,0.08330221205736961,,0.0,0.0
hard,BestFinal_both_cap0,1000,0.2,0.2,10,10,1.0,0,0,0,2127.8476,3870.4332999999997,2127.8476,3870.4332999999997,572730.0,988913.9,301023232.0,301025280.0,0.15372663507030507,,0.0,0.0
hard,BestFinal_both_cap0,1000,0.2,0.4,10,10,1.0,0,0,0,116229.1521,145704.60832,116229.1521,145704.60832,17115239.0,20612725.4,4585627648.0,4585627648.0,0.1599538985302521,,0.0,0.0
hard,BestFinal_both_cap0,1000,0.2,0.6,10,10,1.0,0,0,0,293725.7326,344481.54217,293725.7326,344481.54217,33197935.0,38041667.599999994,10239094784.0,10239094784.0,0.159661901772351,,0.0,0.0
hard,BestFinal_both_cap0,1000,0.2,0.8,10,10,1.0,0,0,0,108109.74055,123004.99279999999,108109.74055,123004.99279999999,10802297.5,12706737.1,10239094784.0,10239094784.0,0.22957782435027613,,0.0,0.0
hard,BestFinal_both_cap0,1000,0.4,0.2,10,10,1.0,0,0,0,0.0619,0.10625,0.0619,0.10625,6.0,14.0,10239094784.0,10239094784.0,0.0,,0.0,0.0
hard,BestFinal_both_cap0,1000,0.4,0.4,10,10,1.0,0,0,0,19420.976450000002,24051.65784,19420.976450000002,24051.65784,3040195.0,3645386.6999999997,10239094784.0,10239094784.0,0.20815353341054824,,0.0,0.0
hard,BestFinal_both_cap0,1000,0.4,0.6,10,10,1.0,0,0,0,106698.7254,114244.64985,106698.7254,114244.64985,10624558.0,11963027.4,10239094784.0,10239094784.0,0.2710547533678488,,0.0,0.0
hard,BestFinal_both_cap0,1000,0.4,0.8,10,10,1.0,0,0,0,208.8009,688.7443699999999,208.8009,688.7443699999999,48182.0,134641.39999999997,10239094784.0,10239094784.0,0.45971851294740596,,0.0,0.0
hard,BestFinal_both_cap0,1000,0.6,0.2,10,10,1.0,0,0,0,0.00965,0.01096,0.00965,0.01096,1.0,1.0,10239094784.0,10239094784.0,0.0,,0.0,0.0
hard,BestFinal_both_cap0,1000,0.6,0.4,10,10,1.0,0,0,0,981.99325,1383.2401899999995,981.99325,1383.2401899999995,210984.0,287064.5999999999,10239094784.0,10239094784.0,0.3904665605024218,,0.0,0.0
hard,BestFinal_both_cap0,1000,0.6,0.6,10,10,1.0,0,0,0,26034.054949999998,37754.31789,26034.054949999998,37754.31789,2686154.0,4039499.1,10239094784.0,10239094784.0,0.5019989282405065,,0.0,0.0
hard,BestFinal_both_cap0,1000,0.6,0.8,10,10,1.0,0,0,0,5.4891000000000005,5.84324,5.4891000000000005,5.84324,972.5,1140.6,10239094784.0,10239094784.0,0.16081746524095614,,0.0,0.0
hard,BestFinal_both_cap0,1000,0.8,0.2,10,10,1.0,0,0,0,0.009049999999999999,0.01067,0.009049999999999999,0.01067,1.0,1.0,10239094784.0,10239094784.0,0.0,,0.0,0.0
hard,BestFinal_both_cap0,1000,0.8,0.4,10,10,1.0,0,0,0,0.15265,0.20618999999999996,0.15265,0.20618999999999996,23.0,51.39999999999999,10239094784.0,10239094784.0,0.02994186046511628,,0.0,0.0
hard,BestFinal_both_cap0,1000,0.8,0.6,10,10,1.0,0,0,0,885.4205999999999,1726.73325,885.4205999999999,1726.73325,176113.0,295318.89999999997,10239094784.0,10239094784.0,0.5245098293698334,,0.0,0.0
hard,BestFinal_both_cap0,1000,0.8,0.8,10,10,1.0,0,0,0,6.4973,6.87068,6.4973,6.87068,847.5,960.9,10239094784.0,10239094784.0,0.09221965563705421,,0.0,0.0
hard,BestFinal_both_cap0,1000,1.0,0.2,10,10,1.0,0,0,0,0.012400000000000001,0.01422,0.012400000000000001,0.01422,1.0,1.0,10239094784.0,10239094784.0,0.0,,0.0,0.0
hard,BestFinal_both_cap0,1000,1.0,0.4,10,10,1.0,0,0,0,0.0112,0.012199999999999999,0.0112,0.012199999999999999,1.0,1.0,10239094784.0,10239094784.0,0.0,,0.0,0.0
hard,BestFinal_both_cap0,1000,1.0,0.6,10,10,1.0,0,0,0,12.121500000000001,22.41666,12.121500000000001,22.41666,2949.5,5900.6,10239094784.0,10239094784.0,0.26292391366297424,,0.0,0.0
hard,BestFinal_both_cap0,1000,1.0,0.8,10,10,1.0,0,0,0,6.63255,7.02176,6.63255,7.02176,818.5,845.8,10239094784.0,10239094784.0,0.09116200188276319,,0.0,0.0
hard,BestFinal_both_cap0,1100,0.2,0.2,10,10,1.0,0,0,0,2552.35905,3858.5117999999998,2552.35905,3858.5117999999998,665721.0,956905.7999999999,328054784.0,329400320.0,0.15383730705993628,,0.0,0.0
hard,BestFinal_both_cap0,1100,0.2,0.4,10,10,1.0,0,0,0,162433.8957,226937.37573,162433.8957,226937.37573,22654794.0,30526209.8,7432159232.0,7433707520.0,0.16036251674822047,,0.0,0.0
hard,BestFinal_both_cap0,1100,0.2,0.6,10,10,1.0,0,0,0,432982.698,530733.76893,432982.698,530733.76893,45226635.0,52255837.5,14687629312.0,14711009280.0,0.15821331739992406,,0.0,0.0
hard,BestFinal_both_cap0,1100,0.2,0.8,10,10,1.0,0,0,0,148695.89159999997,173421.42264,148695.89159999997,173421.42264,14000367.0,17096343.3,14711009280.0,14711009280.0,0.22469345716512296,,0.0,0.0
hard,BestFinal_both_cap0,1100,0.4,0.2,10,10,1.0,0,0,0,0.038349999999999995,0.10076999999999998,0.038349999999999995,0.10076999999999998,2.5,10.399999999999999,14711009280.0,14711009280.0,0.0,,0.0,0.0
hard,BestFinal_both_cap0,1100,0.4,0.4,10,10,1.0,0,0,0,31607.8082,39160.317619999994,31607.8082,39160.317619999994,4635881.5,5628535.699999999,14711009280.0,14711009280.0,0.21723494031601565,,0.0,0.0
hard,BestFinal_both_cap0,1100,0.4,0.6,10,10,1.0,0,0,0,154974.24225,188498.51264,154974.24225,188498.51264,14337235.5,18157058.9,14711009280.0,14711009280.0,0.2472611655877929,,0.0,0.0
hard,BestFinal_both_cap0,1100,0.4,0.8,10,10,1.0,0,0,0,234.61955,455.98395999999997,234.61955,455.98395999999997,49556.0,93396.2,14711009280.0,14711009280.0,0.45908869105471906,,0.0,0.0
hard,BestFinal_both_cap0,1100,0.6,0.2,10,10,1.0,0,0,0,0.01195,0.01323,0.01195,0.01323,1.0,1.0,14711009280.0,14711009280.0,0.0,,0.0,0.0
hard,BestFinal_both_cap0,1100,0.6,0.4,10,10,1.0,0,0,0,1425.65785,2445.7489799999994,1425.65785,2445.7489799999994,300213.0,450342.8,14711009280.0,14711009280.0,0.39701304456860087,,0.0,0.0
hard,BestFinal_both_cap0,1100,0.6,0.6,10,10,1.0,0,0,0,44487.568100000004,60201.889259999996,44487.568100000004,60201.889259999996,4210299.5,5648310.0,14711009280.0,14711009280.0,0.5125849375410705,,0.0,0.0
hard,BestFinal_both_cap0,1100,0.6,0.8,10,10,1.0,0,0,0,6.51695,8.00044,6.51695,8.00044,1099.5,1623.8999999999999,14711009280.0,14711009280.0,0.13798621305085557,,0.0,0.0
hard,BestFinal_both_cap0,1100,0.8,0.2,10,10,1.0,0,0,0,0.011550000000000001,0.012969999999999999,0.011550000000000001,0.012969999999999999,1.0,1.0,14711009280.0,14711009280.0,0.0,,0.0,0.0
hard,BestFinal_both_cap0,1100,0.8,0.4,10,10,1.0,0,0,0,0.0871,0.25124999999999964,0.0871,0.25124999999999964,10.5,57.79999999999988,14711009280.0,14711009280.0,0.0,,0.0,0.0
hard,BestFinal_both_cap0,1100,0.8,0.6,10,10,1.0,0,0,0,1193.201,2318.13325,1193.201,2318.13325,200415.5,374805.5,14711009280.0,14711009280.0,0.533373334742212,,0.0,0.0
hard,BestFinal_both_cap0,1100,0.8,0.8,10,10,1.0,0,0,0,7.5924499999999995,8.34257,7.5924499999999995,8.34257,950.5,1093.3,14711009280.0,14711009280.0,0.09163147374212732,,0.0,0.0
hard,BestFinal_both_cap0,1100,1.0,0.2,10,10,1.0,0,0,0,0.011300000000000001,0.012530000000000001,0.011300000000000001,0.012530000000000001,1.0,1.0,14711009280.0,14711009280.0,0.0,,0.0,0.0
hard,BestFinal_both_cap0,1100,1.0,0.4,10,10,1.0,0,0,0,0.0123,0.019019999999999985,0.0123,0.019019999999999985,1.0,1.0,14711009280.0,14711009280.0,0.0,,0.0,0.0
hard,BestFinal_both_cap0,1100,1.0,0.6,10,10,1.0,0,0,0,13.8322,15.39935,13.8322,15.39935,2909.5,4090.2,14711009280.0,14711009280.0,0.22028392543646386,,0.0,0.0
hard,BestFinal_both_cap0,1100,1.0,0.8,10,10,1.0,0,0,0,7.89395,8.41633,7.89395,8.41633,912.5,1014.6999999999999,14711009280.0,14711009280.0,0.08415060521552511,,0.0,0.0
hard,BestFinal_lawler_cap0,50,0.2,0.2,10,10,1.0,0,0,0,0.06805,0.30974999999999997,0.06805,0.30974999999999997,26.5,143.1,3719168.0,3719168.0,0.0,,0.0,0.0
hard,BestFinal_lawler_cap0,50,0.2,0.4,10,10,1.0,0,0,0,0.5644,3.152589999999999,0.5644,3.152589999999999,258.0,1486.3999999999996,4022272.0,4022272.0,0.016241480038948392,,0.0,0.0
hard,BestFinal_lawler_cap0,50,0.2,0.6,10,10,1.0,0,0,0,1.2784499999999999,5.697,1.2784499999999999,5.697,591.0,2573.3,4096000.0,4227072.0,0.038335210210210205,,0.0,0.0
hard,BestFinal_lawler_cap0,50,0.2,0.8,10,10,1.0,0,0,0,0.68675,1.3669799999999999,0.68675,1.3669799999999999,289.5,608.3,4227072.0,4227072.0,0.03300695331346672,,0.0,0.0
hard,BestFinal_lawler_cap0,50,0.4,0.2,10,10,1.0,0,0,0,0.0040999999999999995,0.035859999999999996,0.0040999999999999995,0.035859999999999996,1.0,12.2,4227072.0,4227072.0,0.0,,0.0,0.0
hard,BestFinal_lawler_cap0,50,0.4,0.4,10,10,1.0,0,0,0,0.29155,0.9211899999999997,0.29155,0.9211899999999997,128.5,433.5999999999998,4227072.0,4227072.0,0.01652892561983471,,0.0,0.0
hard,BestFinal_lawler_cap0,50,0.4,0.6,10,10,1.0,0,0,0,0.65435,3.2220899999999997,0.65435,3.2220899999999997,293.0,1468.2,4227072.0,4227072.0,0.06551558202667748,,0.0,0.0
hard,BestFinal_lawler_cap0,50,0.4,0.8,10,10,1.0,0,0,0,0.19235,0.61575,0.19235,0.61575,80.0,277.2,4227072.0,4227072.0,0.04906776263031275,,0.0,0.0
hard,BestFinal_lawler_cap0,50,0.6,0.2,10,10,1.0,0,0,0,0.0037,0.00381,0.0037,0.00381,1.0,1.0,4227072.0,4227072.0,0.0,,0.0,0.0
hard,BestFinal_lawler_cap0,50,0.6,0.4,10,10,1.0,0,0,0,0.16699999999999998,0.31156999999999996,0.16699999999999998,0.31156999999999996,71.5,144.0,4227072.0,4227072.0,0.04266739446870451,,0.0,0.0
hard,BestFinal_lawler_cap0,50,0.6,0.6,10,10,1.0,0,0,0,0.34704999999999997,1.9365,0.34704999999999997,1.9365,145.5,885.6,4227072.0,4227072.0,0.08445895495073422,,0.0,0.0
hard,BestFinal_lawler_cap0,50,0.6,0.8,10,10,1.0,0,0,0,0.12409999999999999,0.29344999999999993,0.12409999999999999,0.29344999999999993,50.5,126.69999999999997,4227072.0,4227072.0,0.03045529122231337,,0.0,0.0
hard,BestFinal_lawler_cap0,50,0.8,0.2,10,10,1.0,0,0,0,0.00365,0.00371,0.00365,0.00371,1.0,1.0,4227072.0,4227072.0,0.0,,0.0,0.0
hard,BestFinal_lawler_cap0,50,0.8,0.4,10,10,1.0,0,0,0,0.059300000000000005,0.12567,0.059300000000000005,0.12567,23.0,49.9,4227072.0,4227072.0,0.03927608779360801,,0.0,0.0
hard,BestFinal_lawler_cap0,50,0.8,0.6,10,10,1.0,0,0,0,0.2212,0.7599499999999999,0.2212,0.7599499999999999,95.0,341.09999999999997,4227072.0,4227072.0,0.05689907504975998,,0.0,0.0
hard,BestFinal_lawler_cap0,50,0.8,0.8,10,10,1.0,0,0,0,0.12605,0.20715,0.12605,0.20715,49.0,85.4,4227072.0,4227072.0,0.03493788819875776,,0.0,0.0
hard,BestFinal_lawler_cap0,50,1.0,0.2,10,10,1.0,0,0,0,0.0038,0.004119999999999999,0.0038,0.004119999999999999,1.0,1.0,4227072.0,4227072.0,0.0,,0.0,0.0
hard,BestFinal_lawler_cap0,50,1.0,0.4,10,10,1.0,0,0,0,0.010350000000000002,0.11699,0.010350000000000002,0.11699,3.0,46.599999999999994,4227072.0,4227072.0,0.0,,0.0,0.0
hard,BestFinal_lawler_cap0,50,1.0,0.6,10,10,1.0,0,0,0,0.13965,0.50496,0.13965,0.50496,56.5,226.89999999999998,4227072.0,4227072.0,0.06381381381381382,,0.0,0.0
hard,BestFinal_lawler_cap0,50,1.0,0.8,10,10,1.0,0,0,0,0.11299999999999999,0.18087999999999999,0.11299999999999999,0.18087999999999999,45.5,67.6,4227072.0,4227072.0,0.005555555555555556,,0.0,0.0
hard,BestFinal_lawler_cap0,100,0.2,0.2,10,10,1.0,0,0,0,0.3284,0.58727,0.3284,0.58727,133.0,260.7,4321280.0,4338073.6,0.0019083969465648854,,0.0,0.0
hard,BestFinal_lawler_cap0,100,0.2,0.4,10,10,1.0,0,0,0,8.085550000000001,21.435499999999998,8.085550000000001,21.435499999999998,3498.5,9068.499999999998,5763072.0,5881856.0,0.07992240220484195,,0.0,0.0
hard,BestFinal_lawler_cap0,100,0.2,0.6,10,10,1.0,0,0,0,24.790950000000002,58.59430999999999,24.790950000000002,58.59430999999999,10305.0,24151.199999999997,7557120.0,7557120.0,0.13149973793769681,,0.0,0.0
hard,BestFinal_lawler_cap0,100,0.2,0.8,10,10,1.0,0,0,0,9.06995,19.21511,9.06995,19.21511,3869.0,7821.4,7557120.0,7557120.0,0.14734149436748964,,0.0,0.0
hard,BestFinal_lawler_cap0,100,0.4,0.2,10,10,1.0,0,0,0,0.008150000000000001,0.02547,0.008150000000000001,0.02547,2.0,9.1,7557120.0,7557120.0,0.0,,0.0,0.0
hard,BestFinal_lawler_cap0,100,0.4,0.4,10,10,1.0,0,0,0,1.7561,4.09466,1.7561,4.09466,797.5,1801.1999999999998,7557120.0,7557120.0,0.0885864239851486,,0.0,0.0
hard,BestFinal_lawler_cap0,100,0.4,0.6,10,10,1.0,0,0,0,10.04425,20.726159999999993,10.04425,20.726159999999993,4201.5,8447.799999999997,7557120.0,7557120.0,0.16314357103557997,,0.0,0.0
hard,BestFinal_lawler_cap0,100,0.4,0.8,10,10,1.0,0,0,0,0.7394499999999999,1.6694399999999996,0.7394499999999999,1.6694399999999996,308.5,728.5999999999998,7557120.0,7557120.0,0.0892167489662371,,0.0,0.0
hard,BestFinal_lawler_cap0,100,0.6,0.2,10,10,1.0,0,0,0,0.004,0.00422,0.004,0.00422,1.0,1.0,7557120.0,7557120.0,0.0,,0.0,0.0
hard,BestFinal_lawler_cap0,100,0.6,0.4,10,10,1.0,0,0,0,0.45495,1.19274,0.45495,1.19274,199.5,526.6,7557120.0,7557120.0,0.07018991203156885,,0.0,0.0
hard,BestFinal_lawler_cap0,100,0.6,0.6,10,10,1.0,0,0,0,3.6800499999999996,7.375129999999998,3.6800499999999996,7.375129999999998,1611.0,3215.499999999999,7557120.0,7557120.0,0.12379894872848209,,0.0,0.0
hard,BestFinal_lawler_cap0,100,0.6,0.8,10,10,1.0,0,0,0,0.30535,0.43501999999999996,0.30535,0.43501999999999996,119.5,177.29999999999998,7557120.0,7557120.0,0.041641836863679865,,0.0,0.0
hard,BestFinal_lawler_cap0,100,0.8,0.2,10,10,1.0,0,0,0,0.00425,0.00633,0.00425,0.00633,1.0,1.0,7557120.0,7557120.0,0.0,,0.0,0.0
hard,BestFinal_lawler_cap0,100,0.8,0.4,10,10,1.0,0,0,0,0.0467,0.5428899999999999,0.0467,0.5428899999999999,17.5,235.89999999999998,7557120.0,7557120.0,0.0,,0.0,0.0
hard,BestFinal_lawler_cap0,100,0.8,0.6,10,10,1.0,0,0,0,1.02925,2.91625,1.02925,2.91625,457.0,1322.0,7557120.0,7557120.0,0.10247871523488364,,0.0,0.0
hard,BestFinal_lawler_cap0,100,0.8,0.8,10,10,1.0,0,0,0,0.28095000000000003,0.34315,0.28095000000000003,0.34315,102.0,128.0,7557120.0,7557120.0,0.03176772348835254,,0.0,0.0
hard,BestFinal_lawler_cap0,100,1.0,0.2,10,10,1.0,0,0,0,0.004399999999999999,0.0053,0.004399999999999999,0.0053,1.0,1.0,7557120.0,7557120.0,0.0,,0.0,0.0
hard,BestFinal_lawler_cap0,100,1.0,0.4,10,10,1.0,0,0,0,0.005050000000000001,0.17643999999999999,0.005050000000000001,0.17643999999999999,1.0,70.6,7557120.0,7557120.0,0.0,,0.0,0.0
hard,BestFinal_lawler_cap0,100,1.0,0.6,10,10,1.0,0,0,0,0.36345,0.9586299999999999,0.36345,0.9586299999999999,157.0,426.19999999999993,7557120.0,7557120.0,0.07400289587995261,,0.0,0.0
hard,BestFinal_lawler_cap0,100,1.0,0.8,10,10,1.0,0,0,0,0.23275,0.2768,0.23275,0.2768,88.5,109.8,7557120.0,7557120.0,0.0205481843575419,,0.0,0.0
hard,BestFinal_lawler_cap0,200,0.2,0.2,10,10,1.0,0,0,0,4.109299999999999,8.504809999999999,4.109299999999999,8.504809999999999,1775.5,3825.1,6139904.0,6443008.0,0.04447710914052927,,0.0,0.0
hard,BestFinal_lawler_cap0,200,0.2,0.4,10,10,1.0,0,0,0,186.4906,258.6025,186.4906,258.6025,68555.0,97347.09999999999,14649344.0,18616320.0,0.13087316995575987,,0.0,0.0
hard,BestFinal_lawler_cap0,200,0.2,0.6,10,10,1.0,0,0,0,434.31460000000004,650.30725,434.31460000000004,650.30725,154848.5,219933.5,32591872.0,33206272.0,0.15541082038013862,,0.0,0.0
hard,BestFinal_lawler_cap0,200,0.2,0.8,10,10,1.0,0,0,0,161.68110000000001,231.54068,161.68110000000001,231.54068,54529.5,79849.59999999999,33206272.0,33206272.0,0.21865894432961794,,0.0,0.0
hard,BestFinal_lawler_cap0,200,0.4,0.2,10,10,1.0,0,0,0,0.0051,0.044759999999999994,0.0051,0.044759999999999994,1.0,15.0,33206272.0,33206272.0,0.0,,0.0,0.0
hard,BestFinal_lawler_cap0,200,0.4,0.4,10,10,1.0,0,0,0,28.704349999999998,48.443189999999994,28.704349999999998,48.443189999999994,11280.0,18032.6,33206272.0,33206272.0,0.15657540960866856,,0.0,0.0
hard,BestFinal_lawler_cap0,200,0.4,0.6,10,10,1.0,0,0,0,145.674,197.53970999999996,145.674,197.53970999999996,50491.0,70569.7,33206272.0,33206272.0,0.23084860918964006,,0.0,0.0
hard,BestFinal_lawler_cap0,200,0.4,0.8,10,10,1.0,0,0,0,5.9253,13.60631999999999,5.9253,13.60631999999999,2413.0,5577.599999999997,33206272.0,33206272.0,0.18135391448798518,,0.0,0.0
hard,BestFinal_lawler_cap0,200,0.6,0.2,10,10,1.0,0,0,0,0.00475,0.008089999999999996,0.00475,0.008089999999999996,1.0,1.0,33206272.0,33206272.0,0.0,,0.0,0.0
hard,BestFinal_lawler_cap0,200,0.6,0.4,10,10,1.0,0,0,0,2.91785,8.05294,2.91785,8.05294,1298.5,3439.3999999999996,33206272.0,33206272.0,0.10980784880055933,,0.0,0.0
hard,BestFinal_lawler_cap0,200,0.6,0.6,10,10,1.0,0,0,0,43.469049999999996,76.55422999999999,43.469049999999996,76.55422999999999,16513.0,27406.999999999996,33206272.0,33206272.0,0.23834528621260553,,0.0,0.0
hard,BestFinal_lawler_cap0,200,0.6,0.8,10,10,1.0,0,0,0,0.80865,1.507729999999999,0.80865,1.507729999999999,272.0,591.4999999999995,33206272.0,33206272.0,0.0647587231929334,,0.0,0.0
hard,BestFinal_lawler_cap0,200,0.8,0.2,10,10,1.0,0,0,0,0.0047,0.005549999999999999,0.0047,0.005549999999999999,1.0,1.0,33206272.0,33206272.0,0.0,,0.0,0.0
hard,BestFinal_lawler_cap0,200,0.8,0.4,10,10,1.0,0,0,0,0.03615,0.1667,0.03615,0.1667,11.5,66.2,33206272.0,33206272.0,0.0,,0.0,0.0
hard,BestFinal_lawler_cap0,200,0.8,0.6,10,10,1.0,0,0,0,6.7498000000000005,35.01162,6.7498000000000005,35.01162,2892.0,13527.6,33206272.0,33206272.0,0.1558545083637819,,0.0,0.0
hard,BestFinal_lawler_cap0,200,0.8,0.8,10,10,1.0,0,0,0,0.68565,0.90104,0.68565,0.90104,234.5,325.79999999999995,33206272.0,33206272.0,0.050299074434423593,,0.0,0.0
hard,BestFinal_lawler_cap0,200,1.0,0.2,10,10,1.0,0,0,0,0.0046,0.005159999999999999,0.0046,0.005159999999999999,1.0,1.0,33206272.0,33206272.0,0.0,,0.0,0.0
hard,BestFinal_lawler_cap0,200,1.0,0.4,10,10,1.0,0,0,0,0.00545,0.01782,0.00545,0.01782,1.0,1.0,33206272.0,33206272.0,0.0,,0.0,0.0
hard,BestFinal_lawler_cap0,200,1.0,0.6,10,10,1.0,0,0,0,1.16315,4.177179999999999,1.16315,4.177179999999999,486.5,1812.8999999999994,33206272.0,33206272.0,0.10642752007904066,,0.0,0.0
hard,BestFinal_lawler_cap0,200,1.0,0.8,10,10,1.0,0,0,0,0.6085,0.8081699999999999,0.6085,0.8081699999999999,203.0,310.3,33206272.0,33206272.0,0.043355694187048106,,0.0,0.0
hard,BestFinal_lawler_cap0,300,0.2,0.2,10,10,1.0,0,0,0,25.18065,36.5862,25.18065,36.5862,10174.0,15544.4,10137600.0,10407936.0,0.08555492951506363,,0.0,0.0
hard,BestFinal_lawler_cap0,300,0.2,0.4,10,10,1.0,0,0,0,940.60075,1358.1468599999998,940.60075,1358.1468599999998,320038.0,443655.9,55119872.0,55119872.0,0.1449151314742455,,0.0,0.0
hard,BestFinal_lawler_cap0,300,0.2,0.6,10,10,1.0,0,0,0,2237.6884,3432.042049999999,2237.6884,3432.042049999999,673612.5,982764.7999999998,170913792.0,170913792.0,0.15280075601390847,,0.0,0.0
hard,BestFinal_lawler_cap0,300,0.2,0.8,10,10,1.0,0,0,0,539.7189000000001,1202.7992099999994,539.7189000000001,1202.7992099999994,161421.5,346118.89999999985,170913792.0,170913792.0,0.22931990372934818,,0.0,0.0
hard,BestFinal_lawler_cap0,300,0.4,0.2,10,10,1.0,0,0,0,0.0054,0.03466999999999999,0.0054,0.03466999999999999,1.0,11.399999999999999,170913792.0,170913792.0,0.0,,0.0,0.0
hard,BestFinal_lawler_cap0,300,0.4,0.4,10,10,1.0,0,0,0,156.02465,244.25491,156.02465,244.25491,55333.0,88098.59999999999,170913792.0,170913792.0,0.219457731873905,,0.0,0.0
hard,BestFinal_lawler_cap0,300,0.4,0.6,10,10,1.0,0,0,0,460.30089999999996,1355.9307999999999,460.30089999999996,1355.9307999999999,137210.0,369187.4,170913792.0,170913792.0,0.2707342782170863,,0.0,0.0
hard,BestFinal_lawler_cap0,300,0.4,0.8,10,10,1.0,0,0,0,4.985250000000001,83.69200999999998,4.985250000000001,83.69200999999998,1844.5,28470.799999999996,170913792.0,170913792.0,0.16258136499954362,,0.0,0.0
hard,BestFinal_lawler_cap0,300,0.6,0.2,10,10,1.0,0,0,0,0.0057,0.006299999999999999,0.0057,0.006299999999999999,1.0,1.0,170913792.0,170913792.0,0.0,,0.0,0.0
hard,BestFinal_lawler_cap0,300,0.6,0.4,10,10,1.0,0,0,0,11.53965,19.957389999999997,11.53965,19.957389999999997,4754.5,8049.199999999999,170913792.0,170913792.0,0.17738723780575297,,0.0,0.0
hard,BestFinal_lawler_cap0,300,0.6,0.6,10,10,1.0,0,0,0,130.8252,484.96984999999995,130.8252,484.96984999999995,42672.0,129625.49999999999,170913792.0,170913792.0,0.3251105870097875,,0.0,0.0
hard,BestFinal_lawler_cap0,300,0.6,0.8,10,10,1.0,0,0,0,1.20315,1.4426199999999998,1.20315,1.4426199999999998,352.5,505.0999999999999,170913792.0,170913792.0,0.06195781534534922,,0.0,0.0
hard,BestFinal_lawler_cap0,300,0.8,0.2,10,10,1.0,0,0,0,0.005549999999999999,0.018699999999999998,0.005549999999999999,0.018699999999999998,1.0,1.0,170913792.0,170913792.0,0.0,,0.0,0.0
hard,BestFinal_lawler_cap0,300,0.8,0.4,10,10,1.0,0,0,0,0.07244999999999999,0.4491599999999999,0.07244999999999999,0.4491599999999999,23.5,197.19999999999993,170913792.0,170913792.0,0.009259259259259259,,0.0,0.0
hard,BestFinal_lawler_cap0,300,0.8,0.6,10,10,1.0,0,0,0,20.7957,93.92912999999996,20.7957,93.92912999999996,8345.0,33111.89999999999,170913792.0,170913792.0,0.23759320800969724,,0.0,0.0
hard,BestFinal_lawler_cap0,300,0.8,0.8,10,10,1.0,0,0,0,1.0518999999999998,1.16915,1.0518999999999998,1.16915,305.0,333.3999999999999,170913792.0,170913792.0,0.029690761499806727,,0.0,0.0
hard,BestFinal_lawler_cap0,300,1.0,0.2,10,10,1.0,0,0,0,0.005549999999999999,0.00742,0.005549999999999999,0.00742,1.0,1.0,170913792.0,170913792.0,0.0,,0.0,0.0
hard,BestFinal_lawler_cap0,300,1.0,0.4,10,10,1.0,0,0,0,0.0054,0.00694,0.0054,0.00694,1.0,1.0,170913792.0,170913792.0,0.0,,0.0,0.0
hard,BestFinal_lawler_cap0,300,1.0,0.6,10,10,1.0,0,0,0,1.59435,5.007079999999995,1.59435,5.007079999999995,632.0,2083.9999999999977,170913792.0,170913792.0,0.12088650041474736,,0.0,0.0
hard,BestFinal_lawler_cap0,300,1.0,0.8,10,10,1.0,0,0,0,0.97795,1.0554299999999999,0.97795,1.0554299999999999,285.0,313.8,170913792.0,170913792.0,0.030959577999051684,,0.0,0.0
hard,BestFinal_lawler_cap0,400,0.2,0.2,10,10,1.0,0,0,0,53.71425,72.09149,53.71425,72.09149,21299.5,29997.8,14682112.0,15347712.0,0.10272309261170064,,0.0,0.0
hard,BestFinal_lawler_cap0,400,0.2,0.4,10,10,1.0,0,0,0,2896.3241500000004,4141.56871,2896.3241500000004,4141.56871,884805.0,1222091.4,157650944.0,212996096.0,0.14462397094117957,,0.0,0.0
hard,BestFinal_lawler_cap0,400,0.2,0.6,10,10,1.0,0,0,0,7782.18485,8865.06735,7782.18485,8865.06735,1976920.5,2309207.3,320786432.0,359182336.0,0.14460927118500272,,0.0,0.0
hard,BestFinal_lawler_cap0,400,0.2,0.8,10,10,1.0,0,0,0,2603.1292,3605.5262299999995,2603.1292,3605.5262299999995,651141.0,877909.2999999999,359182336.0,359182336.0,0.19359400566481239,,0.0,0.0
hard,BestFinal_lawler_cap0,400,0.4,0.2,10,10,1.0,0,0,0,0.006200000000000001,0.03852999999999999,0.006200000000000001,0.03852999999999999,1.0,9.399999999999999,359182336.0,359182336.0,0.0,,0.0,0.0
hard,BestFinal_lawler_cap0,400,0.4,0.4,10,10,1.0,0,0,0,311.5511,668.7491999999999,311.5511,668.7491999999999,104054.5,207854.99999999997,359182336.0,359182336.0,0.2136412353459417,,0.0,0.0
hard,BestFinal_lawler_cap0,400,0.4,0.6,10,10,1.0,0,0,0,2162.2559499999998,3337.08537,2162.2559499999998,3337.08537,533882.0,805338.7,359182336.0,359182336.0,0.264383305489022,,0.0,0.0
hard,BestFinal_lawler_cap0,400,0.4,0.8,10,10,1.0,0,0,0,15.2343,57.20395999999999,15.2343,57.20395999999999,5856.0,20220.899999999998,359182336.0,359182336.0,0.21369223415647082,,0.0,0.0
hard,BestFinal_lawler_cap0,400,0.6,0.2,10,10,1.0,0,0,0,0.00605,0.008419999999999999,0.00605,0.008419999999999999,1.0,1.0,359182336.0,359182336.0,0.0,,0.0,0.0
hard,BestFinal_lawler_cap0,400,0.6,0.4,10,10,1.0,0,0,0,25.894750000000002,40.29640999999998,25.894750000000002,40.29640999999998,10255.5,15101.899999999994,359182336.0,359182336.0,0.20258393647116024,,0.0,0.0
hard,BestFinal_lawler_cap0,400,0.6,0.6,10,10,1.0,0,0,0,549.18605,1104.7440100000001,549.18605,1104.7440100000001,147447.5,282308.7,359182336.0,359182336.0,0.3734529774117423,,0.0,0.0
hard,BestFinal_lawler_cap0,400,0.6,0.8,10,10,1.0,0,0,0,1.9695,2.44045,1.9695,2.44045,548.5,804.5,359182336.0,359182336.0,0.07343180029086446,,0.0,0.0
hard,BestFinal_lawler_cap0,400,0.8,0.2,10,10,1.0,0,0,0,0.0067,0.00879,0.0067,0.00879,1.0,1.0,359182336.0,359182336.0,0.0,,0.0,0.0
hard,BestFinal_lawler_cap0,400,0.8,0.4,10,10,1.0,0,0,0,0.00685,0.4061299999999997,0.00685,0.4061299999999997,1.0,168.89999999999986,359182336.0,359182336.0,0.0,,0.0,0.0
hard,BestFinal_lawler_cap0,400,0.8,0.6,10,10,1.0,0,0,0,64.62865,100.5977,64.62865,100.5977,23632.5,34635.8,359182336.0,359182336.0,0.28547753526864517,,0.0,0.0
hard,BestFinal_lawler_cap0,400,0.8,0.8,10,10,1.0,0,0,0,1.7915,2.0447100000000002,1.7915,2.0447100000000002,469.5,618.9,359182336.0,359182336.0,0.03679935443592155,,0.0,0.0
hard,BestFinal_lawler_cap0,400,1.0,0.2,10,10,1.0,0,0,0,0.00595,0.00783,0.00595,0.00783,1.0,1.0,359182336.0,359182336.0,0.0,,0.0,0.0
hard,BestFinal_lawler_cap0,400,1.0,0.4,10,10,1.0,0,0,0,0.00575,0.006359999999999999,0.00575,0.006359999999999999,1.0,1.0,359182336.0,359182336.0,0.0,,0.0,0.0
hard,BestFinal_lawler_cap0,400,1.0,0.6,10,10,1.0,0,0,0,2.78925,10.197769999999997,2.78925,10.197769999999997,1096.0,4092.299999999999,359182336.0,359182336.0,0.11479597218199732,,0.0,0.0
hard,BestFinal_lawler_cap0,400,1.0,0.8,10,10,1.0,0,0,0,1.6099999999999999,1.84124,1.6099999999999999,1.84124,420.0,541.4,359182336.0,359182336.0,0.037585641048031755,,0.0,0.0
hard,BestFinal_lawler_cap0,500,0.2,0.2,10,10,1.0,0,0,0,145.28915,249.45202,145.28915,249.45202,57578.0,91972.59999999999,25038848.0,27181875.2,0.1209292700887539,,0.0,0.0
hard,BestFinal_lawler_cap0,500,0.2,0.4,10,10,1.0,0,0,0,8770.65335,9293.53484,8770.65335,9293.53484,2397930.5,2578628.0999999996,525209600.0,525209600.0,0.13961106741320434,,0.0,0.0
hard,BestFinal_lawler_cap0,500,0.2,0.6,10,10,1.0,0,0,0,20102.18105,23740.56976,20102.18105,23740.56976,4516438.0,5453902.5,836861952.0,836861952.0,0.13718984096087894,,0.0,0.0
hard,BestFinal_lawler_cap0,500,0.2,0.8,10,10,1.0,0,0,0,6465.76245,8124.94574,6465.76245,8124.94574,1405995.5,1648133.5,836861952.0,836861952.0,0.18689225500949272,,0.0,0.0
hard,BestFinal_lawler_cap0,500,0.4,0.2,10,10,1.0,0,0,0,0.015099999999999999,0.04069,0.015099999999999999,0.04069,2.5,9.599999999999998,836861952.0,836861952.0,0.0,,0.0,0.0
hard,BestFinal_lawler_cap0,500,0.4,0.4,10,10,1.0,0,0,0,1378.82385,1813.96787,1378.82385,1813.96787,386621.0,502522.6,836861952.0,836861952.0,0.1940720726772666,,0.0,0.0
hard,BestFinal_lawler_cap0,500,0.4,0.6,10,10,1.0,0,0,0,5931.9755000000005,8215.7902,5931.9755000000005,8215.7902,1306348.5,1749086.4,836861952.0,836861952.0,0.22005165345316138,,0.0,0.0
hard,BestFinal_lawler_cap0,500,0.4,0.8,10,10,1.0,0,0,0,29.4313,67.96557999999996,29.4313,67.96557999999996,10861.5,23608.499999999993,836861952.0,836861952.0,0.25738774540443765,,0.0,0.0
hard,BestFinal_lawler_cap0,500,0.6,0.2,10,10,1.0,0,0,0,0.00705,0.00843,0.00705,0.00843,1.0,1.0,836861952.0,836861952.0,0.0,,0.0,0.0
hard,BestFinal_lawler_cap0,500,0.6,0.4,10,10,1.0,0,0,0,79.88855,149.96429999999998,79.88855,149.96429999999998,27751.0,49615.7,836861952.0,836861952.0,0.26032343909223965,,0.0,0.0
hard,BestFinal_lawler_cap0,500,0.6,0.6,10,10,1.0,0,0,0,1299.2269000000001,2047.9018399999998,1299.2269000000001,2047.9018399999998,319014.5,487636.6,836861952.0,836861952.0,0.38757599150563515,,0.0,0.0
hard,BestFinal_lawler_cap0,500,0.6,0.8,10,10,1.0,0,0,0,2.91155,3.9526899999999996,2.91155,3.9526899999999996,747.5,1273.9,836861952.0,836861952.0,0.08502153532401911,,0.0,0.0
hard,BestFinal_lawler_cap0,500,0.8,0.2,10,10,1.0,0,0,0,0.0067,0.00858,0.0067,0.00858,1.0,1.0,836861952.0,836861952.0,0.0,,0.0,0.0
hard,BestFinal_lawler_cap0,500,0.8,0.4,10,10,1.0,0,0,0,0.0621,0.26543999999999945,0.0621,0.26543999999999945,17.5,106.39999999999975,836861952.0,836861952.0,0.0,,0.0,0.0
hard,BestFinal_lawler_cap0,500,0.8,0.6,10,10,1.0,0,0,0,51.713300000000004,256.46383999999995,51.713300000000004,256.46383999999995,18990.5,73023.4,836861952.0,836861952.0,0.26858471022198027,,0.0,0.0
hard,BestFinal_lawler_cap0,500,0.8,0.8,10,10,1.0,0,0,0,2.50895,2.62719,2.50895,2.62719,643.0,719.9,836861952.0,836861952.0,0.04830163177765917,,0.0,0.0
hard,BestFinal_lawler_cap0,500,1.0,0.2,10,10,1.0,0,0,0,0.0066,0.00728,0.0066,0.00728,1.0,1.0,836861952.0,836861952.0,0.0,,0.0,0.0
hard,BestFinal_lawler_cap0,500,1.0,0.4,10,10,1.0,0,0,0,0.00715,0.00951,0.00715,0.00951,1.0,1.0,836861952.0,836861952.0,0.0,,0.0,0.0
hard,BestFinal_lawler_cap0,500,1.0,0.6,10,10,1.0,0,0,0,3.26715,17.02088,3.26715,17.02088,1232.5,6568.9,836861952.0,836861952.0,0.12453350635735427,,0.0,0.0
hard,BestFinal_lawler_cap0,500,1.0,0.8,10,10,1.0,0,0,0,2.2268499999999998,2.3709599999999997,2.2268499999999998,2.3709599999999997,506.0,634.7,836861952.0,836861952.0,0.03704262296572898,,0.0,0.0
hard,BestFinal_lawler_cap0,600,0.2,0.2,10,10,1.0,0,0,0,377.65625,576.32543,377.65625,576.32543,137602.0,209550.5,52563968.0,52563968.0,0.12922328993266594,,0.0,0.0
hard,BestFinal_lawler_cap0,600,0.2,0.4,10,10,1.0,0,0,0,14729.6065,18203.87479,14729.6065,18203.87479,3688918.0,4482394.7,926257152.0,928577945.6,0.14038035806310478,,0.0,0.0
hard,BestFinal_lawler_cap0,600,0.2,0.6,10,10,1.0,0,0,0,33465.25035,49136.67775,33465.25035,49136.67775,6896524.5,10135143.7,2058096640.0,2058096640.0,0.13392403067258374,,0.0,0.0
hard,BestFinal_lawler_cap0,600,0.2,0.8,10,10,1.0,0,0,0,13324.10545,18918.71234,13324.10545,18918.71234,2556503.0,3567433.5,2058096640.0,2058096640.0,0.19143732868093333,,0.0,0.0
hard,BestFinal_lawler_cap0,600,0.4,0.2,10,10,1.0,0,0,0,0.02685,0.046290000000000005,0.02685,0.046290000000000005,4.5,12.299999999999999,2058096640.0,2058096640.0,0.0,,0.0,0.0
hard,BestFinal_lawler_cap0,600,0.4,0.4,10,10,1.0,0,0,0,2218.3439,2873.8941,2218.3439,2873.8941,611232.5,760273.8999999999,2058096640.0,2058096640.0,0.188537504992342,,0.0,0.0
hard,BestFinal_lawler_cap0,600,0.4,0.6,10,10,1.0,0,0,0,9975.894400000001,13871.69457,9975.894400000001,13871.69457,2043775.0,2670303.9999999995,2058096640.0,2058096640.0,0.2313496082032111,,0.0,0.0
hard,BestFinal_lawler_cap0,600,0.4,0.8,10,10,1.0,0,0,0,47.869150000000005,142.59046999999998,47.869150000000005,142.59046999999998,16488.5,42104.99999999999,2058096640.0,2058096640.0,0.2488110293680285,,0.0,0.0
hard,BestFinal_lawler_cap0,600,0.6,0.2,10,10,1.0,0,0,0,0.00775,0.00886,0.00775,0.00886,1.0,1.0,2058096640.0,2058096640.0,0.0,,0.0,0.0
hard,BestFinal_lawler_cap0,600,0.6,0.4,10,10,1.0,0,0,0,152.5727,198.16397999999998,152.5727,198.16397999999998,48748.0,64967.399999999994,2058096640.0,2058096640.0,0.27604294044797995,,0.0,0.0
hard,BestFinal_lawler_cap0,600,0.6,0.6,10,10,1.0,0,0,0,2285.46625,3176.7631699999997,2285.46625,3176.7631699999997,463549.0,629636.7999999999,2058096640.0,2058096640.0,0.3781266666053429,,0.0,0.0
hard,BestFinal_lawler_cap0,600,0.6,0.8,10,10,1.0,0,0,0,3.7918,4.092929999999999,3.7918,4.092929999999999,887.5,1124.9999999999998,2058096640.0,2058096640.0,0.07086341217830569,,0.0,0.0
hard,BestFinal_lawler_cap0,600,0.8,0.2,10,10,1.0,0,0,0,0.00735,0.00916,0.00735,0.00916,1.0,1.0,2058096640.0,2058096640.0,0.0,,0.0,0.0
hard,BestFinal_lawler_cap0,600,0.8,0.4,10,10,1.0,0,0,0,0.0524,0.16768,0.0524,0.16768,14.0,55.099999999999994,2058096640.0,2058096640.0,0.0,,0.0,0.0
hard,BestFinal_lawler_cap0,600,0.8,0.6,10,10,1.0,0,0,0,147.01344999999998,336.74493999999993,147.01344999999998,336.74493999999993,46695.0,93323.29999999997,2058096640.0,2058096640.0,0.33212612327406477,,0.0,0.0
hard,BestFinal_lawler_cap0,600,0.8,0.8,10,10,1.0,0,0,0,3.148,3.5517899999999996,3.148,3.5517899999999996,678.0,861.3999999999999,2058096640.0,2058096640.0,0.04644653270437916,,0.0,0.0
hard,BestFinal_lawler_cap0,600,1.0,0.2,10,10,1.0,0,0,0,0.0072499999999999995,0.00869,0.0072499999999999995,0.00869,1.0,1.0,2058096640.0,2058096640.0,0.0,,0.0,0.0
hard,BestFinal_lawler_cap0,600,1.0,0.4,10,10,1.0,0,0,0,0.007549999999999999,0.00916,0.007549999999999999,0.00916,1.0,1.0,2058096640.0,2058096640.0,0.0,,0.0,0.0
hard,BestFinal_lawler_cap0,600,1.0,0.6,10,10,1.0,0,0,0,4.344799999999999,12.993049999999998,4.344799999999999,12.993049999999998,1602.5,5244.5999999999985,2058096640.0,2058096640.0,0.1541897528292715,,0.0,0.0
hard,BestFinal_lawler_cap0,600,1.0,0.8,10,10,1.0,0,0,0,2.92115,3.06586,2.92115,3.06586,626.0,676.4,2058096640.0,2058096640.0,0.03884735119601948,,0.0,0.0
hard,BestFinal_lawler_cap0,700,0.2,0.2,10,10,1.0,0,0,0,499.11514999999997,971.89221,499.11514999999997,971.89221,178256.5,326885.39999999997,77508608.0,78602240.0,0.1392775355922216,,0.0,0.0
hard,BestFinal_lawler_cap0,700,0.2,0.4,10,10,1.0,0,0,0,27011.0828,31898.346569999998,27011.0828,31898.346569999998,6139496.5,7294404.699999999,1491513344.0,1491513344.0,0.1398806924885837,,0.0,0.0
hard,BestFinal_lawler_cap0,700,0.2,0.6,10,10,1.0,0,0,0,70044.52395,86855.25695999998,70044.52395,86855.25695999998,13053397.0,16169875.199999997,3311800320.0,3311800320.0,0.13700205029341256,,0.0,0.0
hard,BestFinal_lawler_cap0,700,0.2,0.8,10,10,1.0,0,0,0,25671.877249999998,36108.11087,25671.877249999998,36108.11087,4313247.0,6174431.399999999,3311800320.0,3311800320.0,0.166276854405011,,0.0,0.0
hard,BestFinal_lawler_cap0,700,0.4,0.2,10,10,1.0,0,0,0,0.0123,0.04336999999999999,0.0123,0.04336999999999999,1.0,10.299999999999999,3311800320.0,3311800320.0,0.0,,0.0,0.0
hard,BestFinal_lawler_cap0,700,0.4,0.4,10,10,1.0,0,0,0,3965.3601,5577.683309999999,3965.3601,5577.683309999999,956782.5,1294029.8,3311800320.0,3311800320.0,0.1990746860979996,,0.0,0.0
hard,BestFinal_lawler_cap0,700,0.4,0.6,10,10,1.0,0,0,0,19614.38235,29782.244159999995,19614.38235,29782.244159999995,3420889.5,5245929.399999999,3311800320.0,3311800320.0,0.21156948650852803,,0.0,0.0
hard,BestFinal_lawler_cap0,700,0.4,0.8,10,10,1.0,0,0,0,70.12305,164.18927999999994,70.12305,164.18927999999994,22812.5,48698.69999999998,3311800320.0,3311800320.0,0.28746291955319636,,0.0,0.0
hard,BestFinal_lawler_cap0,700,0.6,0.2,10,10,1.0,0,0,0,0.00825,0.01039,0.00825,0.01039,1.0,1.0,3311800320.0,3311800320.0,0.0,,0.0,0.0
hard,BestFinal_lawler_cap0,700,0.6,0.4,10,10,1.0,0,0,0,192.2275,317.18185,192.2275,317.18185,60182.5,93792.9,3311800320.0,3311800320.0,0.30892524760617995,,0.0,0.0
hard,BestFinal_lawler_cap0,700,0.6,0.6,10,10,1.0,0,0,0,3243.52005,8407.24462,3243.52005,8407.24462,587571.0,1340131.5999999999,3311800320.0,3311800320.0,0.40902341744039383,,0.0,0.0
hard,BestFinal_lawler_cap0,700,0.6,0.8,10,10,1.0,0,0,0,4.62025,5.05685,4.62025,5.05685,1007.5,1124.9999999999998,3311800320.0,3311800320.0,0.07382468549109131,,0.0,0.0
hard,BestFinal_lawler_cap0,700,0.8,0.2,10,10,1.0,0,0,0,0.00945,0.01153,0.00945,0.01153,1.0,1.0,3311800320.0,3311800320.0,0.0,,0.0,0.0
hard,BestFinal_lawler_cap0,700,0.8,0.4,10,10,1.0,0,0,0,0.05495,0.09715999999999997,0.05495,0.09715999999999997,13.5,34.39999999999999,3311800320.0,3311800320.0,0.0,,0.0,0.0
hard,BestFinal_lawler_cap0,700,0.8,0.6,10,10,1.0,0,0,0,136.2711,513.9102999999999,136.2711,513.9102999999999,45876.0,123780.49999999997,3311800320.0,3311800320.0,0.30533356124627087,,0.0,0.0
hard,BestFinal_lawler_cap0,700,0.8,0.8,10,10,1.0,0,0,0,4.05625,4.34267,4.05625,4.34267,802.5,927.8,3311800320.0,3311800320.0,0.06084267989226122,,0.0,0.0
hard,BestFinal_lawler_cap0,700,1.0,0.2,10,10,1.0,0,0,0,0.009000000000000001,0.01035,0.009000000000000001,0.01035,1.0,1.0,3311800320.0,3311800320.0,0.0,,0.0,0.0
hard,BestFinal_lawler_cap0,700,1.0,0.4,10,10,1.0,0,0,0,0.0091,0.0116,0.0091,0.0116,1.0,1.0,3311800320.0,3311800320.0,0.0,,0.0,0.0
hard,BestFinal_lawler_cap0,700,1.0,0.6,10,10,1.0,0,0,0,6.727449999999999,9.80627,6.727449999999999,9.80627,2596.5,3828.6,3311800320.0,3311800320.0,0.13116779507881265,,0.0,0.0
hard,BestFinal_lawler_cap0,700,1.0,0.8,10,10,1.0,0,0,0,3.83575,3.88665,3.83575,3.88665,737.5,826.2,3311800320.0,3311800320.0,0.039268348205221806,,0.0,0.0
hard,BestFinal_lawler_cap0,800,0.2,0.2,10,10,1.0,0,0,0,954.1405,1440.2486000000001,954.1405,1440.2486000000001,326010.0,476357.89999999997,123240448.0,124657664.0,0.13790529109405983,,0.0,0.0
hard,BestFinal_lawler_cap0,800,0.2,0.4,10,10,1.0,0,0,0,46244.93785,59914.29011,46244.93785,59914.29011,9900235.5,12360054.6,2532241408.0,2532700160.0,0.13968948877546805,,0.0,0.0
hard,BestFinal_lawler_cap0,800,0.2,0.6,10,10,1.0,0,0,0,124972.5054,153233.00082,124972.5054,153233.00082,21541201.5,25857923.099999998,5650100224.0,5650100224.0,0.1364410728204148,,0.0,0.0
hard,BestFinal_lawler_cap0,800,0.2,0.8,10,10,1.0,0,0,0,49535.513399999996,63795.2902,49535.513399999996,63795.2902,7658272.5,9590925.8,5650100224.0,5650100224.0,0.17627644443325166,,0.0,0.0
hard,BestFinal_lawler_cap0,800,0.4,0.2,10,10,1.0,0,0,0,0.0216,0.05222,0.0216,0.05222,3.5,11.1,5650100224.0,5650100224.0,0.0,,0.0,0.0
hard,BestFinal_lawler_cap0,800,0.4,0.4,10,10,1.0,0,0,0,7628.3423,8945.38816,7628.3423,8945.38816,1746778.5,2057763.5999999999,5650100224.0,5650100224.0,0.1864135340326581,,0.0,0.0
hard,BestFinal_lawler_cap0,800,0.4,0.6,10,10,1.0,0,0,0,37727.2961,49260.87965999999,37727.2961,49260.87965999999,5923081.0,7820940.299999999,5650100224.0,5650100224.0,0.20671062667708848,,0.0,0.0
hard,BestFinal_lawler_cap0,800,0.4,0.8,10,10,1.0,0,0,0,126.50465,270.93850999999995,126.50465,270.93850999999995,39504.0,76578.09999999999,5650100224.0,5650100224.0,0.31792025442938343,,0.0,0.0
hard,BestFinal_lawler_cap0,800,0.6,0.2,10,10,1.0,0,0,0,0.0076500000000000005,0.00894,0.0076500000000000005,0.00894,1.0,1.0,5650100224.0,5650100224.0,0.0,,0.0,0.0
hard,BestFinal_lawler_cap0,800,0.6,0.4,10,10,1.0,0,0,0,386.98749999999995,527.6819899999999,386.98749999999995,527.6819899999999,112734.0,142249.79999999996,5650100224.0,5650100224.0,0.3297354775858247,,0.0,0.0
hard,BestFinal_lawler_cap0,800,0.6,0.6,10,10,1.0,0,0,0,8017.9532,11569.186149999998,8017.9532,11569.186149999998,1277898.0,1870690.8999999997,5650100224.0,5650100224.0,0.4064550459812674,,0.0,0.0
hard,BestFinal_lawler_cap0,800,0.6,0.8,10,10,1.0,0,0,0,5.4776,6.588169999999999,5.4776,6.588169999999999,1068.5,1512.1,5650100224.0,5650100224.0,0.06387351566903787,,0.0,0.0
hard,BestFinal_lawler_cap0,800,0.8,0.2,10,10,1.0,0,0,0,0.008,0.01,0.008,0.01,1.0,1.0,5650100224.0,5650100224.0,0.0,,0.0,0.0
hard,BestFinal_lawler_cap0,800,0.8,0.4,10,10,1.0,0,0,0,0.09725,0.26251999999999964,0.09725,0.26251999999999964,31.0,89.89999999999986,5650100224.0,5650100224.0,0.0,,0.0,0.0
hard,BestFinal_lawler_cap0,800,0.8,0.6,10,10,1.0,0,0,0,200.55355,745.8678299999998,200.55355,745.8678299999998,59890.5,170680.39999999997,5650100224.0,5650100224.0,0.34097468057331837,,0.0,0.0
hard,BestFinal_lawler_cap0,800,0.8,0.8,10,10,1.0,0,0,0,4.9925,5.29122,4.9925,5.29122,879.5,1068.3,5650100224.0,5650100224.0,0.04780319798734836,,0.0,0.0
hard,BestFinal_lawler_cap0,800,1.0,0.2,10,10,1.0,0,0,0,0.0081,0.010949999999999998,0.0081,0.010949999999999998,1.0,1.0,5650100224.0,5650100224.0,0.0,,0.0,0.0
hard,BestFinal_lawler_cap0,800,1.0,0.4,10,10,1.0,0,0,0,0.00785,0.00927,0.00785,0.00927,1.0,1.0,5650100224.0,5650100224.0,0.0,,0.0,0.0
hard,BestFinal_lawler_cap0,800,1.0,0.6,10,10,1.0,0,0,0,5.95205,11.83112,5.95205,11.83112,1997.5,4550.1,5650100224.0,5650100224.0,0.14344163482900285,,0.0,0.0
hard,BestFinal_lawler_cap0,800,1.0,0.8,10,10,1.0,0,0,0,4.558,4.78616,4.558,4.78616,822.0,977.8,5650100224.0,5650100224.0,0.035109881081235556,,0.0,0.0
hard,BestFinal_lawler_cap0,900,0.2,0.2,10,10,1.0,0,0,0,1818.02565,2878.89382,1818.02565,2878.89382,586792.0,850073.6,277737472.0,277737472.0,0.14547006559296555,,0.0,0.0
hard,BestFinal_lawler_cap0,900,0.2,0.4,10,10,1.0,0,0,0,85216.96805,93523.38743,85216.96805,93523.38743,16810024.5,18272953.0,4281835520.0,4281835520.0,0.14243960968625613,,0.0,0.0
hard,BestFinal_lawler_cap0,900,0.2,0.6,10,10,1.0,0,0,0,201913.967,228122.26197,201913.967,228122.26197,32604498.5,35659487.7,9565220864.0,9565642752.0,0.13462455130848272,,0.0,0.0
hard,BestFinal_lawler_cap0,900,0.2,0.8,10,10,1.0,0,0,0,77558.79535,101404.78913,77558.79535,101404.78913,10926278.5,14229973.5,9565642752.0,9565642752.0,0.1600597770317001,,0.0,0.0
hard,BestFinal_lawler_cap0,900,0.4,0.2,10,10,1.0,0,0,0,0.015349999999999999,0.04194,0.015349999999999999,0.04194,1.5,9.0,9565642752.0,9565642752.0,0.0,,0.0,0.0
hard,BestFinal_lawler_cap0,900,0.4,0.4,10,10,1.0,0,0,0,12212.4532,19363.358309999996,12212.4532,19363.358309999996,2573082.0,4017342.3,9565642752.0,9565642752.0,0.18755125287158994,,0.0,0.0
hard,BestFinal_lawler_cap0,900,0.4,0.6,10,10,1.0,0,0,0,53167.66115,69701.73283,53167.66115,69701.73283,7956772.0,10146415.5,9565642752.0,9565642752.0,0.20340504343976476,,0.0,0.0
hard,BestFinal_lawler_cap0,900,0.4,0.8,10,10,1.0,0,0,0,76.0711,187.9613599999998,76.0711,187.9613599999998,23528.5,51490.19999999995,9565642752.0,9565642752.0,0.30515486510505385,,0.0,0.0
hard,BestFinal_lawler_cap0,900,0.6,0.2,10,10,1.0,0,0,0,0.009149999999999998,0.009949999999999999,0.009149999999999998,0.009949999999999999,1.0,1.0,9565642752.0,9565642752.0,0.0,,0.0,0.0
hard,BestFinal_lawler_cap0,900,0.6,0.4,10,10,1.0,0,0,0,661.7271499999999,1435.47803,661.7271499999999,1435.47803,175876.0,352362.2,9565642752.0,9565642752.0,0.33873473977012214,,0.0,0.0
hard,BestFinal_lawler_cap0,900,0.6,0.6,10,10,1.0,0,0,0,8147.4518,16557.135459999998,8147.4518,16557.135459999998,1223868.5,2341417.6,9565642752.0,9565642752.0,0.3832946444959582,,0.0,0.0
hard,BestFinal_lawler_cap0,900,0.6,0.8,10,10,1.0,0,0,0,7.6287,8.87471,7.6287,8.87471,1487.5,1867.4,9565642752.0,9565642752.0,0.0841125546755448,,0.0,0.0
hard,BestFinal_lawler_cap0,900,0.8,0.2,10,10,1.0,0,0,0,0.00805,0.00921,0.00805,0.00921,1.0,1.0,9565642752.0,9565642752.0,0.0,,0.0,0.0
hard,BestFinal_lawler_cap0,900,0.8,0.4,10,10,1.0,0,0,0,0.07164999999999999,0.14832999999999985,0.07164999999999999,0.14832999999999985,15.0,43.39999999999995,9565642752.0,9565642752.0,0.0,,0.0,0.0
hard,BestFinal_lawler_cap0,900,0.8,0.6,10,10,1.0,0,0,0,229.54475,740.9566499999997,229.54475,740.9566499999997,69680.0,166621.09999999995,9565642752.0,9565642752.0,0.3552474436918207,,0.0,0.0
hard,BestFinal_lawler_cap0,900,0.8,0.8,10,10,1.0,0,0,0,6.2736,6.56143,6.2736,6.56143,1086.5,1222.3,9565642752.0,9565642752.0,0.05818436226364901,,0.0,0.0
hard,BestFinal_lawler_cap0,900,1.0,0.2,10,10,1.0,0,0,0,0.00895,0.01065,0.00895,0.01065,1.0,1.0,9565642752.0,9565642752.0,0.0,,0.0,0.0
hard,BestFinal_lawler_cap0,900,1.0,0.4,10,10,1.0,0,0,0,0.00825,0.009819999999999999,0.00825,0.009819999999999999,1.0,1.0,9565642752.0,9565642752.0,0.0,,0.0,0.0
hard,BestFinal_lawler_cap0,900,1.0,0.6,10,10,1.0,0,0,0,7.6530000000000005,11.781639999999998,7.6530000000000005,11.781639999999998,2569.0,4268.2,9565642752.0,9565642752.0,0.1366542431987294,,0.0,0.0
hard,BestFinal_lawler_cap0,900,1.0,0.8,10,10,1.0,0,0,0,5.6021,5.96078,5.6021,5.96078,961.5,1072.2,9565642752.0,9565642752.0,0.046124444225966725,,0.0,0.0
hard,BestFinal_lawler_cap0,1000,0.2,0.2,10,10,1.0,0,0,0,2161.9193,4031.0277699999997,2161.9193,4031.0277699999997,677261.0,1236951.2,300892160.0,300999884.8,0.13568244521654613,,0.0,0.0
hard,BestFinal_lawler_cap0,1000,0.2,0.4,10,10,1.0,0,0,0,105605.07465,131317.13975,105605.07465,131317.13975,20204910.0,23926506.6,6792040448.0,6792920678.4,0.14074634994722074,,0.0,0.0
hard,BestFinal_lawler_cap0,1000,0.2,0.6,10,10,1.0,0,0,0,271933.2215,309411.10913999996,271933.2215,309411.10913999996,40530880.0,45194177.699999996,15472783360.0,15472783360.0,0.13103189396871864,,0.0,0.0
hard,BestFinal_lawler_cap0,1000,0.2,0.8,10,10,1.0,0,0,0,118310.85115,142379.05511,118310.85115,142379.05511,15319953.0,18450475.3,15472783360.0,15472783360.0,0.15600033792939358,,0.0,0.0
hard,BestFinal_lawler_cap0,1000,0.4,0.2,10,10,1.0,0,0,0,0.0411,0.07444999999999999,0.0411,0.07444999999999999,6.0,14.1,15472783360.0,15472783360.0,0.0,,0.0,0.0
hard,BestFinal_lawler_cap0,1000,0.4,0.4,10,10,1.0,0,0,0,15854.797,19670.67267,15854.797,19670.67267,3308041.5,3816374.3,15472783360.0,15472783360.0,0.17675649036373675,,0.0,0.0
hard,BestFinal_lawler_cap0,1000,0.4,0.6,10,10,1.0,0,0,0,83501.1581,96188.17942,83501.1581,96188.17942,11239621.0,13165955.2,15472783360.0,15472783360.0,0.2048215963202611,,0.0,0.0
hard,BestFinal_lawler_cap0,1000,0.4,0.8,10,10,1.0,0,0,0,123.8195,378.9479999999999,123.8195,378.9479999999999,38432.0,99351.49999999999,15472783360.0,15472783360.0,0.31147126019697147,,0.0,0.0
hard,BestFinal_lawler_cap0,1000,0.6,0.2,10,10,1.0,0,0,0,0.01295,0.02546,0.01295,0.02546,1.0,1.0,15472783360.0,15472783360.0,0.0,,0.0,0.0
hard,BestFinal_lawler_cap0,1000,0.6,0.4,10,10,1.0,0,0,0,670.36925,1054.9475899999998,670.36925,1054.9475899999998,177574.5,264410.49999999994,15472783360.0,15472783360.0,0.33167669453977444,,0.0,0.0
hard,BestFinal_lawler_cap0,1000,0.6,0.6,10,10,1.0,0,0,0,14404.116450000001,21211.94786,14404.116450000001,21211.94786,1883066.0,2796348.9,15472783360.0,15472783360.0,0.41004717810535085,,0.0,0.0
hard,BestFinal_lawler_cap0,1000,0.6,0.8,10,10,1.0,0,0,0,8.16565,8.480699999999999,8.16565,8.480699999999999,1367.0,1478.6,15472783360.0,15472783360.0,0.08431459356712334,,0.0,0.0
hard,BestFinal_lawler_cap0,1000,0.8,0.2,10,10,1.0,0,0,0,0.0105,0.0124,0.0105,0.0124,1.0,1.0,15472783360.0,15472783360.0,0.0,,0.0,0.0
hard,BestFinal_lawler_cap0,1000,0.8,0.4,10,10,1.0,0,0,0,0.09795000000000001,0.18198999999999999,0.09795000000000001,0.18198999999999999,25.5,60.999999999999986,15472783360.0,15472783360.0,0.03520357497517378,,0.0,0.0
hard,BestFinal_lawler_cap0,1000,0.8,0.6,10,10,1.0,0,0,0,467.52285,826.5160199999999,467.52285,826.5160199999999,135810.0,199325.69999999998,15472783360.0,15472783360.0,0.3729565383338209,,0.0,0.0
hard,BestFinal_lawler_cap0,1000,0.8,0.8,10,10,1.0,0,0,0,7.25825,7.57027,7.25825,7.57027,1164.0,1299.8,15472783360.0,15472783360.0,0.05729430427748612,,0.0,0.0
hard,BestFinal_lawler_cap0,1000,1.0,0.2,10,10,1.0,0,0,0,0.009250000000000001,0.0126,0.009250000000000001,0.0126,1.0,1.0,15472783360.0,15472783360.0,0.0,,0.0,0.0
hard,BestFinal_lawler_cap0,1000,1.0,0.4,10,10,1.0,0,0,0,0.01025,0.0116,0.01025,0.0116,1.0,1.0,15472783360.0,15472783360.0,0.0,,0.0,0.0
hard,BestFinal_lawler_cap0,1000,1.0,0.6,10,10,1.0,0,0,0,9.330649999999999,16.036730000000002,9.330649999999999,16.036730000000002,3099.5,5830.0,15472783360.0,15472783360.0,0.152670110066412,,0.0,0.0
hard,BestFinal_lawler_cap0,1000,1.0,0.8,10,10,1.0,0,0,0,6.77245,6.96652,6.77245,6.96652,1097.5,1137.2,15472783360.0,15472783360.0,0.04992804418633459,,0.0,0.0
hard,BestFinal_lawler_cap0,1100,0.2,0.2,20,20,1.0,0,0,0,2673.7527,3988.19563,2673.7527,3988.19563,822866.5,1143412.8,329441280.0,331763712.0,0.1338802353037336,,0.0,0.0
hard,BestFinal_lawler_cap0,1100,0.2,0.4,20,20,1.0,0,0,0,154523.85830000002,209644.22717,154523.85830000002,209644.22717,27590383.0,35160223.0,9313921024.0,11198103552.0,0.14082127323862986,,0.0,0.0
hard,BestFinal_lawler_cap0,1100,0.2,0.6,19,19,1.0,0,0,0,428820.2915,497132.48362,428820.2915,497132.48362,56662662.0,66461266.4,15968276480.0,16906809344.0,0.13177753862628222,,0.0,0.0
hard,BestFinal_lawler_cap0,1100,0.2,0.8,10,10,1.0,0,0,0,165931.1693,204592.98223999998,165931.1693,204592.98223999998,19758612.0,24929943.5,16906809344.0,16906809344.0,0.1582616457586628,,0.0,0.0
hard,BestFinal_lawler_cap0,1100,0.4,0.2,10,10,1.0,0,0,0,0.0495,0.09412999999999999,0.0495,0.09412999999999999,2.5,11.399999999999999,16906809344.0,16906809344.0,0.0,,0.0,0.0
hard,BestFinal_lawler_cap0,1100,0.4,0.4,10,10,1.0,0,0,0,26621.59995,33446.17133,26621.59995,33446.17133,4985524.0,6085028.6,16906809344.0,16906809344.0,0.1785831041922502,,0.0,0.0
hard,BestFinal_lawler_cap0,1100,0.4,0.6,10,10,1.0,0,0,0,122349.8747,152514.18938,122349.8747,152514.18938,15082513.0,20035659.1,16906809344.0,16906809344.0,0.19359291300006604,,0.0,0.0
hard,BestFinal_lawler_cap0,1100,0.4,0.8,10,10,1.0,0,0,0,133.13935,248.81707999999998,133.13935,248.81707999999998,38734.0,67648.5,16906809344.0,16906809344.0,0.3100205426555499,,0.0,0.0
hard,BestFinal_lawler_cap0,1100,0.6,0.2,10,10,1.0,0,0,0,0.012549999999999999,0.01381,0.012549999999999999,0.01381,1.0,1.0,16906809344.0,16906809344.0,0.0,,0.0,0.0
hard,BestFinal_lawler_cap0,1100,0.6,0.4,10,10,1.0,0,0,0,1006.17885,1713.92203,1006.17885,1713.92203,254039.5,391005.19999999995,16906809344.0,16906809344.0,0.35023859020672554,,0.0,0.0
hard,BestFinal_lawler_cap0,1100,0.6,0.6,10,10,1.0,0,0,0,25546.472999999998,32653.818979999996,25546.472999999998,32653.818979999996,3055536.0,3940497.5999999996,16906809344.0,16906809344.0,0.4186955818759789,,0.0,0.0
hard,BestFinal_lawler_cap0,1100,0.6,0.8,10,10,1.0,0,0,0,9.719999999999999,11.34111,9.719999999999999,11.34111,1506.0,2096.2999999999997,16906809344.0,16906809344.0,0.07720347203639283,,0.0,0.0
hard,BestFinal_lawler_cap0,1100,0.8,0.2,10,10,1.0,0,0,0,0.0115,0.013809999999999998,0.0115,0.013809999999999998,1.0,1.0,16906809344.0,16906809344.0,0.0,,0.0,0.0
hard,BestFinal_lawler_cap0,1100,0.8,0.4,10,10,1.0,0,0,0,0.057550000000000004,0.2018499999999997,0.057550000000000004,0.2018499999999997,11.0,61.19999999999988,16906809344.0,16906809344.0,0.0,,0.0,0.0
hard,BestFinal_lawler_cap0,1100,0.8,0.6,10,10,1.0,0,0,0,552.33085,955.0576299999999,552.33085,955.0576299999999,136635.0,234840.19999999998,16906809344.0,16906809344.0,0.3891875143767115,,0.0,0.0
hard,BestFinal_lawler_cap0,1100,0.8,0.8,10,10,1.0,0,0,0,8.730699999999999,9.06854,8.730699999999999,9.06854,1274.5,1512.4,16906809344.0,16906809344.0,0.052661410922987255,,0.0,0.0
hard,BestFinal_lawler_cap0,1100,1.0,0.2,10,10,1.0,0,0,0,0.0116,0.01264,0.0116,0.01264,1.0,1.0,16906809344.0,16906809344.0,0.0,,0.0,0.0
hard,BestFinal_lawler_cap0,1100,1.0,0.4,10,10,1.0,0,0,0,0.01165,0.01275,0.01165,0.01275,1.0,1.0,16906809344.0,16906809344.0,0.0,,0.0,0.0
hard,BestFinal_lawler_cap0,1100,1.0,0.6,10,10,1.0,0,0,0,10.00255,12.639969999999998,10.00255,12.639969999999998,3192.0,4283.099999999999,16906809344.0,16906809344.0,0.13251237871860738,,0.0,0.0
hard,BestFinal_lawler_cap0,1100,1.0,0.8,10,10,1.0,0,0,0,8.150549999999999,8.53677,8.150549999999999,8.53677,1232.5,1386.5,16906809344.0,16906809344.0,0.04106035133490113,,0.0,0.0
hard,BestFinal_szwarc_cap0,50,0.2,0.2,10,10,1.0,0,0,0,0.21439999999999998,0.5160499999999998,0.21439999999999998,0.5160499999999998,74.5,200.39999999999995,3862528.0,3899392.0,0.0021551724137931034,,0.0,0.0
hard,BestFinal_szwarc_cap0,50,0.2,0.4,10,10,1.0,0,0,0,0.94265,4.7066599999999985,0.94265,4.7066599999999985,371.5,1947.9999999999995,4165632.0,4165632.0,0.01750191756152871,,0.0,0.0
hard,BestFinal_szwarc_cap0,50,0.2,0.6,10,10,1.0,0,0,0,1.91135,7.80998,1.91135,7.80998,785.5,3194.8,4349952.0,4349952.0,0.02563439168770957,,0.0,0.0
hard,BestFinal_szwarc_cap0,50,0.2,0.8,10,10,1.0,0,0,0,0.8100499999999999,1.5386499999999999,0.8100499999999999,1.5386499999999999,321.5,633.6999999999999,4349952.0,4349952.0,0.022054516547424796,,0.0,0.0
hard,BestFinal_szwarc_cap0,50,0.4,0.2,10,10,1.0,0,0,0,0.0038,0.16138999999999998,0.0038,0.16138999999999998,1.0,50.1,4349952.0,4349952.0,0.0,,0.0,0.0
hard,BestFinal_szwarc_cap0,50,0.4,0.4,10,10,1.0,0,0,0,0.6389499999999999,1.215359999999999,0.6389499999999999,1.215359999999999,218.0,525.2999999999996,4349952.0,4349952.0,0.018825317713776248,,0.0,0.0
hard,BestFinal_szwarc_cap0,50,0.4,0.6,10,10,1.0,0,0,0,0.8902,5.13531,0.8902,5.13531,356.0,2089.6,4349952.0,4349952.0,0.031819000032728584,,0.0,0.0
hard,BestFinal_szwarc_cap0,50,0.4,0.8,10,10,1.0,0,0,0,0.25125,0.81197,0.25125,0.81197,96.0,320.59999999999997,4349952.0,4349952.0,0.03396141715969521,,0.0,0.0
hard,BestFinal_szwarc_cap0,50,0.6,0.2,10,10,1.0,0,0,0,0.0037,0.00403,0.0037,0.00403,1.0,1.0,4349952.0,4349952.0,0.0,,0.0,0.0
hard,BestFinal_szwarc_cap0,50,0.6,0.4,10,10,1.0,0,0,0,0.3466,0.5033899999999999,0.3466,0.5033899999999999,122.5,207.7,4349952.0,4349952.0,0.022088061293763943,,0.0,0.0
hard,BestFinal_szwarc_cap0,50,0.6,0.6,10,10,1.0,0,0,0,0.5021,2.96481,0.5021,2.96481,189.5,1168.0,4349952.0,4349952.0,0.03683758090614887,,0.0,0.0
hard,BestFinal_szwarc_cap0,50,0.6,0.8,10,10,1.0,0,0,0,0.12955,0.41113,0.12955,0.41113,48.0,153.29999999999998,4349952.0,4349952.0,0.02309836718438869,,0.0,0.0
hard,BestFinal_szwarc_cap0,50,0.8,0.2,10,10,1.0,0,0,0,0.0038,0.00626,0.0038,0.00626,1.0,1.0,4349952.0,4349952.0,0.0,,0.0,0.0
hard,BestFinal_szwarc_cap0,50,0.8,0.4,10,10,1.0,0,0,0,0.1735,0.25566999999999995,0.1735,0.25566999999999995,55.0,82.39999999999999,4349952.0,4349952.0,0.016979638822936904,,0.0,0.0
hard,BestFinal_szwarc_cap0,50,0.8,0.6,10,10,1.0,0,0,0,0.34645000000000004,1.13683,0.34645000000000004,1.13683,132.0,443.99999999999994,4349952.0,4349952.0,0.03813686569787883,,0.0,0.0
hard,BestFinal_szwarc_cap0,50,0.8,0.8,10,10,1.0,0,0,0,0.118,0.28040999999999994,0.118,0.28040999999999994,42.0,99.6,4349952.0,4349952.0,0.012861869313482217,,0.0,0.0
hard,BestFinal_szwarc_cap0,50,1.0,0.2,10,10,1.0,0,0,0,0.0037,0.004349999999999998,0.0037,0.004349999999999998,1.0,1.0,4349952.0,4349952.0,0.0,,0.0,0.0
hard,BestFinal_szwarc_cap0,50,1.0,0.4,10,10,1.0,0,0,0,0.0149,0.17837999999999998,0.0149,0.17837999999999998,3.5,60.199999999999996,4349952.0,4349952.0,0.0,,0.0,0.0
hard,BestFinal_szwarc_cap0,50,1.0,0.6,10,10,1.0,0,0,0,0.16820000000000002,0.78455,0.16820000000000002,0.78455,63.5,291.9,4349952.0,4349952.0,0.05902675140407922,,0.0,0.0
hard,BestFinal_szwarc_cap0,50,1.0,0.8,10,10,1.0,0,0,0,0.11785,0.22880999999999999,0.11785,0.22880999999999999,42.0,84.6,4349952.0,4349952.0,0.010526315789473684,,0.0,0.0
hard,BestFinal_szwarc_cap0,100,0.2,0.2,10,10,1.0,0,0,0,0.9994,1.4823499999999998,0.9994,1.4823499999999998,317.5,486.7999999999999,4591616.0,4591616.0,0.005481870512135778,,0.0,0.0
hard,BestFinal_szwarc_cap0,100,0.2,0.4,10,10,1.0,0,0,0,14.744150000000001,49.181039999999996,14.744150000000001,49.181039999999996,5509.5,16537.3,6217728.0,6217728.0,0.056826995283526534,,0.0,0.0
hard,BestFinal_szwarc_cap0,100,0.2,0.6,10,10,1.0,0,0,0,39.886250000000004,76.87742999999996,39.886250000000004,76.87742999999996,13985.0,26292.49999999999,9535488.0,9535488.0,0.09234355945334444,,0.0,0.0
hard,BestFinal_szwarc_cap0,100,0.2,0.8,10,10,1.0,0,0,0,14.0974,26.18404,14.0974,26.18404,5058.5,8833.699999999999,9535488.0,9535488.0,0.09026068094345169,,0.0,0.0
hard,BestFinal_szwarc_cap0,100,0.4,0.2,10,10,1.0,0,0,0,0.19145,0.45573,0.19145,0.45573,49.0,99.1,9535488.0,9535488.0,0.0,,0.0,0.0
hard,BestFinal_szwarc_cap0,100,0.4,0.4,10,10,1.0,0,0,0,3.7334,8.07307,3.7334,8.07307,1270.0,2886.7999999999997,9535488.0,9535488.0,0.0345315686879558,,0.0,0.0
hard,BestFinal_szwarc_cap0,100,0.4,0.6,10,10,1.0,0,0,0,18.812649999999998,31.272159999999985,18.812649999999998,31.272159999999985,6627.5,10694.299999999996,9535488.0,9535488.0,0.09018829625425526,,0.0,0.0
hard,BestFinal_szwarc_cap0,100,0.4,0.8,10,10,1.0,0,0,0,0.99365,2.409559999999999,0.99365,2.409559999999999,351.0,876.0999999999997,9535488.0,9535488.0,0.06885363305924086,,0.0,0.0
hard,BestFinal_szwarc_cap0,100,0.6,0.2,10,10,1.0,0,0,0,0.0041,0.004789999999999999,0.0041,0.004789999999999999,1.0,1.0,9535488.0,9535488.0,0.0,,0.0,0.0
hard,BestFinal_szwarc_cap0,100,0.6,0.4,10,10,1.0,0,0,0,0.99725,2.49395,0.99725,2.49395,340.0,864.3,9535488.0,9535488.0,0.028177792356896835,,0.0,0.0
hard,BestFinal_szwarc_cap0,100,0.6,0.6,10,10,1.0,0,0,0,7.4780999999999995,12.410669999999998,7.4780999999999995,12.410669999999998,2623.0,4408.399999999999,9535488.0,9535488.0,0.07551701038006652,,0.0,0.0
hard,BestFinal_szwarc_cap0,100,0.6,0.8,10,10,1.0,0,0,0,0.3313,0.49808,0.3313,0.49808,120.5,182.79999999999998,9535488.0,9535488.0,0.05313436563436563,,0.0,0.0
hard,BestFinal_szwarc_cap0,100,0.8,0.2,10,10,1.0,0,0,0,0.0040999999999999995,0.0056099999999999995,0.0040999999999999995,0.0056099999999999995,1.0,1.0,9535488.0,9535488.0,0.0,,0.0,0.0
hard,BestFinal_szwarc_cap0,100,0.8,0.4,10,10,1.0,0,0,0,0.39790000000000003,1.35023,0.39790000000000003,1.35023,99.5,439.2,9535488.0,9535488.0,0.0,,0.0,0.0
hard,BestFinal_szwarc_cap0,100,0.8,0.6,10,10,1.0,0,0,0,1.52285,4.277419999999999,1.52285,4.277419999999999,577.5,1576.8,9535488.0,9535488.0,0.05904080745267622,,0.0,0.0
hard,BestFinal_szwarc_cap0,100,0.8,0.8,10,10,1.0,0,0,0,0.2693,0.36456999999999995,0.2693,0.36456999999999995,94.5,128.39999999999998,9535488.0,9535488.0,0.029544890873015872,,0.0,0.0
hard,BestFinal_szwarc_cap0,100,1.0,0.2,10,10,1.0,0,0,0,0.00415,0.00518,0.00415,0.00518,1.0,1.0,9535488.0,9535488.0,0.0,,0.0,0.0
hard,BestFinal_szwarc_cap0,100,1.0,0.4,10,10,1.0,0,0,0,0.0052499999999999995,0.40809,0.0052499999999999995,0.40809,1.0,110.19999999999999,9535488.0,9535488.0,0.0,,0.0,0.0
hard,BestFinal_szwarc_cap0,100,1.0,0.6,10,10,1.0,0,0,0,0.6299999999999999,1.4032999999999995,0.6299999999999999,1.4032999999999995,233.5,489.7999999999999,9535488.0,9535488.0,0.053351214211869946,,0.0,0.0
hard,BestFinal_szwarc_cap0,100,1.0,0.8,10,10,1.0,0,0,0,0.25360000000000005,0.33168999999999993,0.25360000000000005,0.33168999999999993,86.5,117.39999999999999,9535488.0,9535488.0,0.019160530191458025,,0.0,0.0
hard,BestFinal_szwarc_cap0,200,0.2,0.2,10,10,1.0,0,0,0,8.6065,19.2424,8.6065,19.2424,3011.0,6387.4,7131136.0,7131136.0,0.024127414045038473,,0.0,0.0
hard,BestFinal_szwarc_cap0,200,0.2,0.4,10,10,1.0,0,0,0,346.85825,474.00650999999993,346.85825,474.00650999999993,101730.0,139064.3,19656704.0,20306739.2,0.08232908111991583,,0.0,0.0
hard,BestFinal_szwarc_cap0,200,0.2,0.6,10,10,1.0,0,0,0,772.41445,1121.09972,772.41445,1121.09972,198028.5,286137.8,35409920.0,35409920.0,0.0989119923981453,,0.0,0.0
hard,BestFinal_szwarc_cap0,200,0.2,0.8,10,10,1.0,0,0,0,257.95305,347.75058,257.95305,347.75058,67394.5,85107.0,35409920.0,35409920.0,0.1294823076757644,,0.0,0.0
hard,BestFinal_szwarc_cap0,200,0.4,0.2,10,10,1.0,0,0,0,0.005350000000000001,1.14187,0.005350000000000001,1.14187,1.0,200.0,35409920.0,35409920.0,0.0,,0.0,0.0
hard,BestFinal_szwarc_cap0,200,0.4,0.4,10,10,1.0,0,0,0,60.282700000000006,120.88481999999999,60.282700000000006,120.88481999999999,18527.0,36026.9,35409920.0,35409920.0,0.08451915085363285,,0.0,0.0
hard,BestFinal_szwarc_cap0,200,0.4,0.6,10,10,1.0,0,0,0,306.58895,446.4583099999999,306.58895,446.4583099999999,76016.5,104700.49999999999,35409920.0,35409920.0,0.1199318390083641,,0.0,0.0
hard,BestFinal_szwarc_cap0,200,0.4,0.8,10,10,1.0,0,0,0,9.7872,24.237689999999986,9.7872,24.237689999999986,3357.0,7646.399999999996,35409920.0,35409920.0,0.09265753035429909,,0.0,0.0
hard,BestFinal_szwarc_cap0,200,0.6,0.2,10,10,1.0,0,0,0,0.0047,0.0058,0.0047,0.0058,1.0,1.0,35409920.0,35409920.0,0.0,,0.0,0.0
hard,BestFinal_szwarc_cap0,200,0.6,0.4,10,10,1.0,0,0,0,6.1415500000000005,18.14441,6.1415500000000005,18.14441,1978.0,6027.3,35409920.0,35409920.0,0.043935018344957694,,0.0,0.0
hard,BestFinal_szwarc_cap0,200,0.6,0.6,10,10,1.0,0,0,0,107.34909999999999,180.72463999999997,107.34909999999999,180.72463999999997,30217.0,48431.29999999999,35409920.0,35409920.0,0.11947135630861297,,0.0,0.0
hard,BestFinal_szwarc_cap0,200,0.6,0.8,10,10,1.0,0,0,0,0.8147,2.1340599999999985,0.8147,2.1340599999999985,287.5,729.2999999999995,35409920.0,35409920.0,0.07027894141897732,,0.0,0.0
hard,BestFinal_szwarc_cap0,200,0.8,0.2,10,10,1.0,0,0,0,0.0045,0.00462,0.0045,0.00462,1.0,1.0,35409920.0,35409920.0,0.0,,0.0,0.0
hard,BestFinal_szwarc_cap0,200,0.8,0.4,10,10,1.0,0,0,0,1.07175,1.34531,1.07175,1.34531,200.0,272.2,35409920.0,35409920.0,0.0,,0.0,0.0
hard,BestFinal_szwarc_cap0,200,0.8,0.6,10,10,1.0,0,0,0,12.6095,84.78569,12.6095,84.78569,4230.0,23326.3,35409920.0,35409920.0,0.10217490110014774,,0.0,0.0
hard,BestFinal_szwarc_cap0,200,0.8,0.8,10,10,1.0,0,0,0,0.7093,1.0030099999999997,0.7093,1.0030099999999997,215.0,317.79999999999995,35409920.0,35409920.0,0.053287531228707705,,0.0,0.0
hard,BestFinal_szwarc_cap0,200,1.0,0.2,10,10,1.0,0,0,0,0.00465,0.0047,0.00465,0.0047,1.0,1.0,35409920.0,35409920.0,0.0,,0.0,0.0
hard,BestFinal_szwarc_cap0,200,1.0,0.4,10,10,1.0,0,0,0,0.00455,0.0047,0.00455,0.0047,1.0,1.0,35409920.0,35409920.0,0.0,,0.0,0.0
hard,BestFinal_szwarc_cap0,200,1.0,0.6,10,10,1.0,0,0,0,1.94875,7.987759999999997,1.94875,7.987759999999997,657.0,2702.7999999999993,35409920.0,35409920.0,0.08171784235580362,,0.0,0.0
hard,BestFinal_szwarc_cap0,200,1.0,0.8,10,10,1.0,0,0,0,0.6954,0.9212,0.6954,0.9212,208.5,329.3,35409920.0,35409920.0,0.03743099937619905,,0.0,0.0
hard,BestFinal_szwarc_cap0,300,0.2,0.2,10,10,1.0,0,0,0,50.0989,70.18773999999999,50.0989,70.18773999999999,16197.0,23005.5,10993664.0,11079680.0,0.05294490567332813,,0.0,0.0
hard,BestFinal_szwarc_cap0,300,0.2,0.4,10,10,1.0,0,0,0,2176.58135,3150.61423,2176.58135,3150.61423,521767.0,678820.2999999999,99090432.0,99090432.0,0.0827441546340118,,0.0,0.0
hard,BestFinal_szwarc_cap0,300,0.2,0.6,10,10,1.0,0,0,0,3416.3620499999997,5611.741219999999,3416.3620499999997,5611.741219999999,720135.0,1114680.5999999999,170975232.0,170975232.0,0.10519153865237965,,0.0,0.0
hard,BestFinal_szwarc_cap0,300,0.2,0.8,10,10,1.0,0,0,0,1035.98265,1828.427629999999,1035.98265,1828.427629999999,215662.0,365453.59999999986,170975232.0,170975232.0,0.13524252115984536,,0.0,0.0
hard,BestFinal_szwarc_cap0,300,0.4,0.2,10,10,1.0,0,0,0,0.0062,2.08019,0.0062,2.08019,1.0,300.0,170975232.0,170975232.0,0.0,,0.0,0.0
hard,BestFinal_szwarc_cap0,300,0.4,0.4,10,10,1.0,0,0,0,484.68105,704.71578,484.68105,704.71578,120926.5,157489.3,170975232.0,170975232.0,0.10424952554411696,,0.0,0.0
hard,BestFinal_szwarc_cap0,300,0.4,0.6,10,10,1.0,0,0,0,1261.6335,2987.7534,1261.6335,2987.7534,254218.5,522810.3,170975232.0,170975232.0,0.13518141397826405,,0.0,0.0
hard,BestFinal_szwarc_cap0,300,0.4,0.8,10,10,1.0,0,0,0,7.6525,185.23139999999995,7.6525,185.23139999999995,2601.0,44832.19999999998,170975232.0,170975232.0,0.11748614527145605,,0.0,0.0
hard,BestFinal_szwarc_cap0,300,0.6,0.2,10,10,1.0,0,0,0,0.005350000000000001,0.006479999999999999,0.005350000000000001,0.006479999999999999,1.0,1.0,170975232.0,170975232.0,0.0,,0.0,0.0
hard,BestFinal_szwarc_cap0,300,0.6,0.4,10,10,1.0,0,0,0,27.5246,45.71418,27.5246,45.71418,8120.0,13378.099999999999,170975232.0,170975232.0,0.08234816103912973,,0.0,0.0
hard,BestFinal_szwarc_cap0,300,0.6,0.6,10,10,1.0,0,0,0,388.2738,1363.8100499999998,388.2738,1363.8100499999998,89176.0,239248.49999999997,170975232.0,170975232.0,0.177604478864768,,0.0,0.0
hard,BestFinal_szwarc_cap0,300,0.6,0.8,10,10,1.0,0,0,0,1.1175000000000002,1.7265399999999997,1.1175000000000002,1.7265399999999997,327.5,566.3999999999999,170975232.0,170975232.0,0.06930007567855025,,0.0,0.0
hard,BestFinal_szwarc_cap0,300,0.8,0.2,10,10,1.0,0,0,0,0.0055,0.00797,0.0055,0.00797,1.0,1.0,170975232.0,170975232.0,0.0,,0.0,0.0
hard,BestFinal_szwarc_cap0,300,0.8,0.4,10,10,1.0,0,0,0,2.2167000000000003,2.7707499999999996,2.2167000000000003,2.7707499999999996,302.0,528.5,170975232.0,170975232.0,0.000819672131147541,,0.0,0.0
hard,BestFinal_szwarc_cap0,300,0.8,0.6,10,10,1.0,0,0,0,47.098749999999995,242.74154999999988,47.098749999999995,242.74154999999988,13472.5,60550.199999999975,170975232.0,170975232.0,0.14369897141754698,,0.0,0.0
hard,BestFinal_szwarc_cap0,300,0.8,0.8,10,10,1.0,0,0,0,1.0082499999999999,1.2699099999999999,1.0082499999999999,1.2699099999999999,274.0,319.69999999999993,170975232.0,170975232.0,0.038794934167342365,,0.0,0.0
hard,BestFinal_szwarc_cap0,300,1.0,0.2,10,10,1.0,0,0,0,0.0063999999999999994,0.018699999999999998,0.0063999999999999994,0.018699999999999998,1.0,1.0,170975232.0,170975232.0,0.0,,0.0,0.0
hard,BestFinal_szwarc_cap0,300,1.0,0.4,10,10,1.0,0,0,0,0.0053,0.00706,0.0053,0.00706,1.0,1.0,170975232.0,170975232.0,0.0,,0.0,0.0
hard,BestFinal_szwarc_cap0,300,1.0,0.6,10,10,1.0,0,0,0,2.7941000000000003,10.462479999999987,2.7941000000000003,10.462479999999987,941.0,3298.099999999996,170975232.0,170975232.0,0.09690170184333607,,0.0,0.0
hard,BestFinal_szwarc_cap0,300,1.0,0.8,10,10,1.0,0,0,0,1.0909,1.23241,1.0909,1.23241,286.0,320.2,170975232.0,170975232.0,0.03206300504283371,,0.0,0.0
hard,BestFinal_szwarc_cap0,400,0.2,0.2,10,10,1.0,0,0,0,116.2856,127.45823999999998,116.2856,127.45823999999998,37432.5,40061.7,17756160.0,19484672.0,0.07041692468740243,,0.0,0.0
hard,BestFinal_szwarc_cap0,400,0.2,0.4,10,10,1.0,0,0,0,6071.63005,9201.74715,6071.63005,9201.74715,1286350.0,1757048.7,249401344.0,319143936.0,0.0846555919518064,,0.0,0.0
hard,BestFinal_szwarc_cap0,400,0.2,0.6,10,10,1.0,0,0,0,13502.279050000001,16287.06856,13502.279050000001,16287.06856,2326334.5,2757236.5,414472192.0,468271104.0,0.09194558003965664,,0.0,0.0
hard,BestFinal_szwarc_cap0,400,0.2,0.8,10,10,1.0,0,0,0,4688.60105,5499.86236,4688.60105,5499.86236,770723.5,907195.7,468271104.0,468271104.0,0.11532699475386142,,0.0,0.0
hard,BestFinal_szwarc_cap0,400,0.4,0.2,10,10,1.0,0,0,0,0.006,3.2314499999999997,0.006,3.2314499999999997,1.0,400.0,468271104.0,468271104.0,0.0,,0.0,0.0
hard,BestFinal_szwarc_cap0,400,0.4,0.4,10,10,1.0,0,0,0,891.11075,2123.2729999999997,891.11075,2123.2729999999997,198534.0,428302.89999999997,468271104.0,468271104.0,0.11120056025985674,,0.0,0.0
hard,BestFinal_szwarc_cap0,400,0.4,0.6,10,10,1.0,0,0,0,5765.0225,7132.0886,5765.0225,7132.0886,917173.0,1153026.2,468271104.0,468271104.0,0.12742007311950726,,0.0,0.0
hard,BestFinal_szwarc_cap0,400,0.4,0.8,10,10,1.0,0,0,0,35.57155,121.37214999999996,35.57155,121.37214999999996,10123.5,32174.39999999999,468271104.0,468271104.0,0.13428251270424135,,0.0,0.0
hard,BestFinal_szwarc_cap0,400,0.6,0.2,10,10,1.0,0,0,0,0.00605,0.0083,0.00605,0.0083,1.0,1.0,468271104.0,468271104.0,0.0,,0.0,0.0
hard,BestFinal_szwarc_cap0,400,0.6,0.4,10,10,1.0,0,0,0,60.74715,110.25013999999993,60.74715,110.25013999999993,17464.5,29184.499999999985,468271104.0,468271104.0,0.10557983736875645,,0.0,0.0
hard,BestFinal_szwarc_cap0,400,0.6,0.6,10,10,1.0,0,0,0,1767.79675,3062.28928,1767.79675,3062.28928,314329.5,498150.1,468271104.0,468271104.0,0.18744968099692216,,0.0,0.0
hard,BestFinal_szwarc_cap0,400,0.6,0.8,10,10,1.0,0,0,0,1.70945,3.0030699999999997,1.70945,3.0030699999999997,523.0,932.1,468271104.0,468271104.0,0.07903799471427311,,0.0,0.0
hard,BestFinal_szwarc_cap0,400,0.8,0.2,10,10,1.0,0,0,0,0.0063,0.00777,0.0063,0.00777,1.0,1.0,468271104.0,468271104.0,0.0,,0.0,0.0
hard,BestFinal_szwarc_cap0,400,0.8,0.4,10,10,1.0,0,0,0,0.00695,4.040539999999999,0.00695,4.040539999999999,1.0,632.3999999999997,468271104.0,468271104.0,0.0,,0.0,0.0
hard,BestFinal_szwarc_cap0,400,0.8,0.6,10,10,1.0,0,0,0,191.5858,280.93465,191.5858,280.93465,47194.5,66610.1,468271104.0,468271104.0,0.164720245602463,,0.0,0.0
hard,BestFinal_szwarc_cap0,400,0.8,0.8,10,10,1.0,0,0,0,1.7304,2.12948,1.7304,2.12948,428.5,603.9,468271104.0,468271104.0,0.04113612710183107,,0.0,0.0
hard,BestFinal_szwarc_cap0,400,1.0,0.2,10,10,1.0,0,0,0,0.0065,0.0075,0.0065,0.0075,1.0,1.0,468271104.0,468271104.0,0.0,,0.0,0.0
hard,BestFinal_szwarc_cap0,400,1.0,0.4,10,10,1.0,0,0,0,0.0063,0.00924,0.0063,0.00924,1.0,1.0,468271104.0,468271104.0,0.0,,0.0,0.0
hard,BestFinal_szwarc_cap0,400,1.0,0.6,10,10,1.0,0,0,0,4.66395,18.03343999999999,4.66395,18.03343999999999,1525.5,5685.699999999998,468271104.0,468271104.0,0.0795528110636178,,0.0,0.0
hard,BestFinal_szwarc_cap0,400,1.0,0.8,10,10,1.0,0,0,0,1.7922500000000001,2.22962,1.7922500000000001,2.22962,404.5,602.9,468271104.0,468271104.0,0.03435113145784904,,0.0,0.0
hard,BestFinal_szwarc_cap0,500,0.2,0.2,10,10,1.0,0,0,0,290.57655,668.88985,290.57655,668.88985,86262.0,170051.1,35647488.0,45004390.4,0.07301889353877053,,0.0,0.0
hard,BestFinal_szwarc_cap0,500,0.2,0.4,10,10,1.0,0,0,0,19441.4983,20609.09135,19441.4983,20609.09135,3359143.0,3602525.6,574279680.0,574279680.0,0.08033828420591979,,0.0,0.0
hard,BestFinal_szwarc_cap0,500,0.2,0.6,10,10,1.0,0,0,0,35359.92765,42930.3989,35359.92765,42930.3989,5096663.5,5984860.6,837505024.0,838168576.0,0.08278413137500056,,0.0,0.0
hard,BestFinal_szwarc_cap0,500,0.2,0.8,10,10,1.0,0,0,0,9148.9266,10887.150319999999,9148.9266,10887.150319999999,1332775.5,1555800.5,838168576.0,838168576.0,0.11692390504641739,,0.0,0.0
hard,BestFinal_szwarc_cap0,500,0.4,0.2,10,10,1.0,0,0,0,2.4839,5.16407,2.4839,5.16407,248.5,500.0,838168576.0,838168576.0,0.0,,0.0,0.0
hard,BestFinal_szwarc_cap0,500,0.4,0.4,10,10,1.0,0,0,0,3578.0460000000003,4838.452509999999,3578.0460000000003,4838.452509999999,696475.5,815347.2999999999,838168576.0,838168576.0,0.08939872297848928,,0.0,0.0
hard,BestFinal_szwarc_cap0,500,0.4,0.6,10,10,1.0,0,0,0,14076.969949999999,17638.61078,14076.969949999999,17638.61078,1880714.5,2234927.1999999997,838168576.0,838168576.0,0.11028898100634119,,0.0,0.0
hard,BestFinal_szwarc_cap0,500,0.4,0.8,10,10,1.0,0,0,0,64.20599999999999,158.6578199999999,64.20599999999999,158.6578199999999,17700.0,38685.79999999998,838168576.0,838168576.0,0.15341186042987942,,0.0,0.0
hard,BestFinal_szwarc_cap0,500,0.6,0.2,10,10,1.0,0,0,0,0.00695,0.007689999999999999,0.00695,0.007689999999999999,1.0,1.0,838168576.0,838168576.0,0.0,,0.0,0.0
hard,BestFinal_szwarc_cap0,500,0.6,0.4,10,10,1.0,0,0,0,235.53270000000003,431.47505,235.53270000000003,431.47505,57400.0,98637.9,838168576.0,838168576.0,0.11910268147860234,,0.0,0.0
hard,BestFinal_szwarc_cap0,500,0.6,0.6,10,10,1.0,0,0,0,4573.52075,7276.76091,4573.52075,7276.76091,659450.0,944446.4999999999,838168576.0,838168576.0,0.16913526908790283,,0.0,0.0
hard,BestFinal_szwarc_cap0,500,0.6,0.8,10,10,1.0,0,0,0,2.7101,4.71727,2.7101,4.71727,797.5,1482.6,838168576.0,838168576.0,0.08064978523624014,,0.0,0.0
hard,BestFinal_szwarc_cap0,500,0.8,0.2,10,10,1.0,0,0,0,0.0076,0.00907,0.0076,0.00907,1.0,1.0,838168576.0,838168576.0,0.0,,0.0,0.0
hard,BestFinal_szwarc_cap0,500,0.8,0.4,10,10,1.0,0,0,0,4.96235,5.749929999999999,4.96235,5.749929999999999,499.0,613.3999999999996,838168576.0,838168576.0,0.0,,0.0,0.0
hard,BestFinal_szwarc_cap0,500,0.8,0.6,10,10,1.0,0,0,0,151.42885,820.5310899999998,151.42885,820.5310899999998,33686.0,151828.69999999998,838168576.0,838168576.0,0.16111235260348605,,0.0,0.0
hard,BestFinal_szwarc_cap0,500,0.8,0.8,10,10,1.0,0,0,0,2.4946,2.91086,2.4946,2.91086,613.0,795.5,838168576.0,838168576.0,0.052355299496391186,,0.0,0.0
hard,BestFinal_szwarc_cap0,500,1.0,0.2,10,10,1.0,0,0,0,0.00715,0.00938,0.00715,0.00938,1.0,1.0,838168576.0,838168576.0,0.0,,0.0,0.0
hard,BestFinal_szwarc_cap0,500,1.0,0.4,10,10,1.0,0,0,0,0.006999999999999999,0.009149999999999998,0.006999999999999999,0.009149999999999998,1.0,1.0,838168576.0,838168576.0,0.0,,0.0,0.0
hard,BestFinal_szwarc_cap0,500,1.0,0.6,10,10,1.0,0,0,0,5.0944,29.862789999999997,5.0944,29.862789999999997,1646.5,8891.4,838168576.0,838168576.0,0.08836288319794756,,0.0,0.0
hard,BestFinal_szwarc_cap0,500,1.0,0.8,10,10,1.0,0,0,0,2.39945,2.69614,2.39945,2.69614,504.5,679.0,838168576.0,838168576.0,0.04284039280011853,,0.0,0.0
hard,BestFinal_szwarc_cap0,600,0.2,0.2,10,10,1.0,0,0,0,854.76625,1256.3510199999998,854.76625,1256.3510199999998,219009.5,327348.5,70823936.0,70823936.0,0.08006077141877516,,0.0,0.0
hard,BestFinal_szwarc_cap0,600,0.2,0.4,10,10,1.0,0,0,0,32055.983099999998,38499.56323,32055.983099999998,38499.56323,5048615.5,5769401.899999999,929566720.0,976756326.3999999,0.07805731042492292,,0.0,0.0
hard,BestFinal_szwarc_cap0,600,0.2,0.6,10,10,1.0,0,0,0,58458.7897,82545.07119999999,58458.7897,82545.07119999999,7647228.5,10223377.399999999,2059505664.0,2059505664.0,0.08629007337698454,,0.0,0.0
hard,BestFinal_szwarc_cap0,600,0.2,0.8,10,10,1.0,0,0,0,17311.49675,21093.425259999996,17311.49675,21093.425259999996,2184970.5,2661747.3,2059505664.0,2059505664.0,0.11965749004573686,,0.0,0.0
hard,BestFinal_szwarc_cap0,600,0.4,0.2,10,10,1.0,0,0,0,6.4839,6.99986,6.4839,6.99986,598.5,600.0,2059505664.0,2059505664.0,0.0,,0.0,0.0
hard,BestFinal_szwarc_cap0,600,0.4,0.4,10,10,1.0,0,0,0,5989.28455,7628.0092,5989.28455,7628.0092,1005213.5,1271814.6,2059505664.0,2059505664.0,0.09619961380507672,,0.0,0.0
hard,BestFinal_szwarc_cap0,600,0.4,0.6,10,10,1.0,0,0,0,23289.648549999998,36135.80713,23289.648549999998,36135.80713,2783491.5,3977666.8999999994,2059505664.0,2059505664.0,0.1114338688029406,,0.0,0.0
hard,BestFinal_szwarc_cap0,600,0.4,0.8,10,10,1.0,0,0,0,130.01965,416.5580399999999,130.01965,416.5580399999999,30749.0,83964.79999999999,2059505664.0,2059505664.0,0.13706586086184452,,0.0,0.0
hard,BestFinal_szwarc_cap0,600,0.6,0.2,10,10,1.0,0,0,0,0.00695,0.00924,0.00695,0.00924,1.0,1.0,2059505664.0,2059505664.0,0.0,,0.0,0.0
hard,BestFinal_szwarc_cap0,600,0.6,0.4,10,10,1.0,0,0,0,386.70075,524.0344799999999,386.70075,524.0344799999999,87676.0,116947.7,2059505664.0,2059505664.0,0.13984759815768813,,0.0,0.0
hard,BestFinal_szwarc_cap0,600,0.6,0.6,10,10,1.0,0,0,0,7547.1521999999995,10924.964199999999,7547.1521999999995,10924.964199999999,942462.5,1281181.2,2059505664.0,2059505664.0,0.1726174077449068,,0.0,0.0
hard,BestFinal_szwarc_cap0,600,0.6,0.8,10,10,1.0,0,0,0,3.2295,4.35138,3.2295,4.35138,886.5,1198.2999999999997,2059505664.0,2059505664.0,0.06892817975834464,,0.0,0.0
hard,BestFinal_szwarc_cap0,600,0.8,0.2,10,10,1.0,0,0,0,0.007549999999999999,0.01019,0.007549999999999999,0.01019,1.0,1.0,2059505664.0,2059505664.0,0.0,,0.0,0.0
hard,BestFinal_szwarc_cap0,600,0.8,0.4,10,10,1.0,0,0,0,6.8576999999999995,7.33012,6.8576999999999995,7.33012,600.0,630.5,2059505664.0,2059505664.0,0.00041186161449752884,,0.0,0.0
hard,BestFinal_szwarc_cap0,600,0.8,0.6,10,10,1.0,0,0,0,477.78090000000003,1173.0456499999996,477.78090000000003,1173.0456499999996,92549.5,210923.39999999997,2059505664.0,2059505664.0,0.1854887397784613,,0.0,0.0
hard,BestFinal_szwarc_cap0,600,0.8,0.8,10,10,1.0,0,0,0,2.9156500000000003,3.8213199999999996,2.9156500000000003,3.8213199999999996,642.5,886.8999999999999,2059505664.0,2059505664.0,0.05402547564321949,,0.0,0.0
hard,BestFinal_szwarc_cap0,600,1.0,0.2,10,10,1.0,0,0,0,0.00765,0.00967,0.00765,0.00967,1.0,1.0,2059505664.0,2059505664.0,0.0,,0.0,0.0
hard,BestFinal_szwarc_cap0,600,1.0,0.4,10,10,1.0,0,0,0,0.00875,0.01064,0.00875,0.01064,1.0,1.0,2059505664.0,2059505664.0,0.0,,0.0,0.0
hard,BestFinal_szwarc_cap0,600,1.0,0.6,10,10,1.0,0,0,0,7.60065,27.832309999999993,7.60065,27.832309999999993,2281.0,8243.499999999998,2059505664.0,2059505664.0,0.10216812827800972,,0.0,0.0
hard,BestFinal_szwarc_cap0,600,1.0,0.8,10,10,1.0,0,0,0,3.17085,3.52146,3.17085,3.52146,632.5,704.5,2059505664.0,2059505664.0,0.03659727688853902,,0.0,0.0
hard,BestFinal_szwarc_cap0,700,0.2,0.2,10,10,1.0,0,0,0,1186.3274000000001,2272.96497,1186.3274000000001,2272.96497,290918.0,518558.6,108621824.0,151420928.0,0.08052123351180751,,0.0,0.0
hard,BestFinal_szwarc_cap0,700,0.2,0.4,10,10,1.0,0,0,0,63222.9331,74659.85786999999,63222.9331,74659.85786999999,8725334.5,9938453.6,2192809984.0,2193731584.0,0.08038076841677827,,0.0,0.0
hard,BestFinal_szwarc_cap0,700,0.2,0.6,10,10,1.0,0,0,0,112981.1472,150153.5098,112981.1472,150153.5098,13272209.5,16717449.299999999,3312701440.0,3312701440.0,0.08322391864782397,,0.0,0.0
hard,BestFinal_szwarc_cap0,700,0.2,0.8,10,10,1.0,0,0,0,34950.27335,38759.213229999994,34950.27335,38759.213229999994,3883233.5,4128463.1999999997,3312701440.0,3312701440.0,0.09806947847489843,,0.0,0.0
hard,BestFinal_szwarc_cap0,700,0.4,0.2,10,10,1.0,0,0,0,0.01085,9.169679999999998,0.01085,9.169679999999998,1.0,698.1,3312701440.0,3312701440.0,0.0,,0.0,0.0
hard,BestFinal_szwarc_cap0,700,0.4,0.4,10,10,1.0,0,0,0,11066.433949999999,15647.7845,11066.433949999999,15647.7845,1684517.5,2195856.1,3312701440.0,3312701440.0,0.10232854225139937,,0.0,0.0
hard,BestFinal_szwarc_cap0,700,0.4,0.6,10,10,1.0,0,0,0,46880.6657,66118.11052999999,46880.6657,66118.11052999999,5069437.5,6863422.5,3312701440.0,3312701440.0,0.09462223521966254,,0.0,0.0
hard,BestFinal_szwarc_cap0,700,0.4,0.8,10,10,1.0,0,0,0,209.4694,543.4247299999997,209.4694,543.4247299999997,47220.0,102935.69999999997,3312701440.0,3312701440.0,0.16633807369945447,,0.0,0.0
hard,BestFinal_szwarc_cap0,700,0.6,0.2,10,10,1.0,0,0,0,0.008400000000000001,0.01044,0.008400000000000001,0.01044,1.0,1.0,3312701440.0,3312701440.0,0.0,,0.0,0.0
hard,BestFinal_szwarc_cap0,700,0.6,0.4,10,10,1.0,0,0,0,610.11935,980.21162,610.11935,980.21162,129972.0,193715.9,3312701440.0,3312701440.0,0.13846141704207687,,0.0,0.0
hard,BestFinal_szwarc_cap0,700,0.6,0.6,10,10,1.0,0,0,0,12538.17365,24759.753409999998,12538.17365,24759.753409999998,1376573.0,2392798.3,3312701440.0,3312701440.0,0.17006633028118906,,0.0,0.0
hard,BestFinal_szwarc_cap0,700,0.6,0.8,10,10,1.0,0,0,0,3.77725,4.6862699999999995,3.77725,4.6862699999999995,996.0,1265.9999999999998,3312701440.0,3312701440.0,0.07897973348861634,,0.0,0.0
hard,BestFinal_szwarc_cap0,700,0.8,0.2,10,10,1.0,0,0,0,0.00795,0.009609999999999999,0.00795,0.009609999999999999,1.0,1.0,3312701440.0,3312701440.0,0.0,,0.0,0.0
hard,BestFinal_szwarc_cap0,700,0.8,0.4,10,10,1.0,0,0,0,8.81055,8.99641,8.81055,8.99641,697.0,705.8,3312701440.0,3312701440.0,0.0,,0.0,0.0
hard,BestFinal_szwarc_cap0,700,0.8,0.6,10,10,1.0,0,0,0,388.7341,2181.4279699999997,388.7341,2181.4279699999997,86000.5,314384.3,3312701440.0,3312701440.0,0.1806900054491402,,0.0,0.0
hard,BestFinal_szwarc_cap0,700,0.8,0.8,10,10,1.0,0,0,0,3.7352499999999997,4.1467,3.7352499999999997,4.1467,752.0,921.9,3312701440.0,3312701440.0,0.0729425326665378,,0.0,0.0
hard,BestFinal_szwarc_cap0,700,1.0,0.2,10,10,1.0,0,0,0,0.0081,0.011419999999999996,0.0081,0.011419999999999996,1.0,1.0,3312701440.0,3312701440.0,0.0,,0.0,0.0
hard,BestFinal_szwarc_cap0,700,1.0,0.4,10,10,1.0,0,0,0,0.00795,0.01251,0.00795,0.01251,1.0,1.0,3312701440.0,3312701440.0,0.0,,0.0,0.0
hard,BestFinal_szwarc_cap0,700,1.0,0.6,10,10,1.0,0,0,0,10.598949999999999,18.14887,10.598949999999999,18.14887,3340.5,5622.9,3312701440.0,3312701440.0,0.10956560510121308,,0.0,0.0
hard,BestFinal_szwarc_cap0,700,1.0,0.8,10,10,1.0,0,0,0,3.98,4.34313,3.98,4.34313,681.0,859.1999999999999,3312701440.0,3312701440.0,0.045504237887615595,,0.0,0.0
hard,BestFinal_szwarc_cap0,800,0.2,0.2,10,10,1.0,0,0,0,2411.13875,3529.6559399999996,2411.13875,3529.6559399999996,548266.5,753565.7999999999,175054848.0,182531686.39999998,0.0799967738918892,,0.0,0.0
hard,BestFinal_szwarc_cap0,800,0.2,0.4,10,10,1.0,0,0,0,111186.693,142491.04864,111186.693,142491.04864,13596805.5,17544941.0,3820347392.0,3820465766.4,0.07407796856296965,,0.0,0.0
hard,BestFinal_szwarc_cap0,800,0.2,0.6,10,10,1.0,0,0,0,184847.70539999998,222183.57072,184847.70539999998,222183.57072,18995536.0,22299786.7,5650120704.0,5650120704.0,0.082633535855314,,0.0,0.0
hard,BestFinal_szwarc_cap0,800,0.2,0.8,10,10,1.0,0,0,0,60625.670549999995,64951.673389999996,60625.670549999995,64951.673389999996,5866216.5,6175133.2,5650120704.0,5650120704.0,0.11069014513825232,,0.0,0.0
hard,BestFinal_szwarc_cap0,800,0.4,0.2,10,10,1.0,0,0,0,5.37755,11.943240000000001,5.37755,11.943240000000001,399.5,800.0,5650120704.0,5650120704.0,0.0,,0.0,0.0
hard,BestFinal_szwarc_cap0,800,0.4,0.4,10,10,1.0,0,0,0,20507.54305,26137.014139999996,20507.54305,26137.014139999996,2886352.5,3425517.3,5650120704.0,5650120704.0,0.08416167705149638,,0.0,0.0
hard,BestFinal_szwarc_cap0,800,0.4,0.6,10,10,1.0,0,0,0,85395.5023,91350.0814,85395.5023,91350.0814,7781189.0,8423617.7,5650120704.0,5650120704.0,0.09581576236758348,,0.0,0.0
hard,BestFinal_szwarc_cap0,800,0.4,0.8,10,10,1.0,0,0,0,336.59125,921.09949,336.59125,921.09949,75424.5,155120.3,5650120704.0,5650120704.0,0.18221870056248085,,0.0,0.0
hard,BestFinal_szwarc_cap0,800,0.6,0.2,10,10,1.0,0,0,0,0.0079,0.008159999999999999,0.0079,0.008159999999999999,1.0,1.0,5650120704.0,5650120704.0,0.0,,0.0,0.0
hard,BestFinal_szwarc_cap0,800,0.6,0.4,10,10,1.0,0,0,0,1186.11445,1983.4925399999997,1186.11445,1983.4925399999997,234838.0,342551.39999999997,5650120704.0,5650120704.0,0.13375909728948776,,0.0,0.0
hard,BestFinal_szwarc_cap0,800,0.6,0.6,10,10,1.0,0,0,0,26445.47285,35312.32717,26445.47285,35312.32717,2498567.5,3132044.1999999997,5650120704.0,5650120704.0,0.172668747859483,,0.0,0.0
hard,BestFinal_szwarc_cap0,800,0.6,0.8,10,10,1.0,0,0,0,4.343,5.83564,4.343,5.83564,1046.5,1587.2999999999997,5650120704.0,5650120704.0,0.06768877966491336,,0.0,0.0
hard,BestFinal_szwarc_cap0,800,0.8,0.2,10,10,1.0,0,0,0,0.0078000000000000005,0.008159999999999999,0.0078000000000000005,0.008159999999999999,1.0,1.0,5650120704.0,5650120704.0,0.0,,0.0,0.0
hard,BestFinal_szwarc_cap0,800,0.8,0.4,10,10,1.0,0,0,0,11.609950000000001,12.353769999999999,11.609950000000001,12.353769999999999,799.5,894.1999999999998,5650120704.0,5650120704.0,0.0,,0.0,0.0
hard,BestFinal_szwarc_cap0,800,0.8,0.6,10,10,1.0,0,0,0,796.46335,3858.568259999999,796.46335,3858.568259999999,133020.5,517380.3999999999,5650120704.0,5650120704.0,0.18170408815254332,,0.0,0.0
hard,BestFinal_szwarc_cap0,800,0.8,0.8,10,10,1.0,0,0,0,4.4556000000000004,4.85607,4.4556000000000004,4.85607,839.5,1041.6999999999998,5650120704.0,5650120704.0,0.049116124682514764,,0.0,0.0
hard,BestFinal_szwarc_cap0,800,1.0,0.2,10,10,1.0,0,0,0,0.00805,0.0097,0.00805,0.0097,1.0,1.0,5650120704.0,5650120704.0,0.0,,0.0,0.0
hard,BestFinal_szwarc_cap0,800,1.0,0.4,10,10,1.0,0,0,0,0.007350000000000001,0.00858,0.007350000000000001,0.00858,1.0,1.0,5650120704.0,5650120704.0,0.0,,0.0,0.0
hard,BestFinal_szwarc_cap0,800,1.0,0.6,10,10,1.0,0,0,0,10.16075,20.949009999999998,10.16075,20.949009999999998,2912.5,6692.9,5650120704.0,5650120704.0,0.10215356669489867,,0.0,0.0
hard,BestFinal_szwarc_cap0,800,1.0,0.8,10,10,1.0,0,0,0,4.9254,5.19759,4.9254,5.19759,844.0,951.9,5650120704.0,5650120704.0,0.03749379648027511,,0.0,0.0
hard,BestFinal_szwarc_cap0,900,0.2,0.2,10,10,1.0,0,0,0,4367.34445,9701.20239,4367.34445,9701.20239,939159.0,1775202.0999999999,590761984.0,590761984.0,0.07844841320220211,,0.0,0.0
hard,BestFinal_szwarc_cap0,900,0.2,0.4,10,10,1.0,0,0,0,182806.42875000002,196307.2982,182806.42875000002,196307.2982,20595599.0,22183544.5,6342871040.0,6342889472.0,0.07469939477252316,,0.0,0.0
hard,BestFinal_szwarc_cap0,900,0.2,0.6,10,10,1.0,0,0,0,285388.30264999997,319817.86881,285388.30264999997,319817.86881,26328598.5,28951782.7,6345154560.0,6345154560.0,0.08294715483071471,,0.0,0.0
hard,BestFinal_szwarc_cap0,900,0.2,0.8,10,10,1.0,0,0,0,79873.03855,98030.13144,79873.03855,98030.13144,6914925.0,8526330.6,6345154560.0,6345154560.0,0.10563083560394262,,0.0,0.0
hard,BestFinal_szwarc_cap0,900,0.4,0.2,10,10,1.0,0,0,0,6.884,15.397459999999999,6.884,15.397459999999999,449.5,900.0,6345154560.0,6345154560.0,0.0,,0.0,0.0
hard,BestFinal_szwarc_cap0,900,0.4,0.4,10,10,1.0,0,0,0,33780.6653,51714.02837,33780.6653,51714.02837,4184741.0,5879195.899999999,6345154560.0,6345154560.0,0.08700786160800206,,0.0,0.0
hard,BestFinal_szwarc_cap0,900,0.4,0.6,10,10,1.0,0,0,0,118259.54275,131176.25538,118259.54275,131176.25538,9874155.5,10781322.399999999,6345154560.0,6345154560.0,0.09019259170802535,,0.0,0.0
hard,BestFinal_szwarc_cap0,900,0.4,0.8,10,10,1.0,0,0,0,243.40859999999998,637.714699999999,243.40859999999998,637.714699999999,49690.5,107707.99999999987,6345154560.0,6345154560.0,0.17585732747020835,,0.0,0.0
hard,BestFinal_szwarc_cap0,900,0.6,0.2,10,10,1.0,0,0,0,0.00785,0.009609999999999999,0.00785,0.009609999999999999,1.0,1.0,6345154560.0,6345154560.0,0.0,,0.0,0.0
hard,BestFinal_szwarc_cap0,900,0.6,0.4,10,10,1.0,0,0,0,2478.3416500000003,5719.98475,2478.3416500000003,5719.98475,417005.0,808685.5,6345154560.0,6345154560.0,0.13842308299806277,,0.0,0.0
hard,BestFinal_szwarc_cap0,900,0.6,0.6,10,10,1.0,0,0,0,31096.87815,49275.736099999995,31096.87815,49275.736099999995,2682127.0,4021164.5,6345154560.0,6345154560.0,0.15387349714040688,,0.0,0.0
hard,BestFinal_szwarc_cap0,900,0.6,0.8,10,10,1.0,0,0,0,6.3445,8.37887,6.3445,8.37887,1587.0,2190.5,6345154560.0,6345154560.0,0.07827445833518709,,0.0,0.0
hard,BestFinal_szwarc_cap0,900,0.8,0.2,10,10,1.0,0,0,0,0.0082,0.008919999999999999,0.0082,0.008919999999999999,1.0,1.0,6345154560.0,6345154560.0,0.0,,0.0,0.0
hard,BestFinal_szwarc_cap0,900,0.8,0.4,10,10,1.0,0,0,0,14.20115,14.96327,14.20115,14.96327,899.0,926.5999999999999,6345154560.0,6345154560.0,0.0,,0.0,0.0
hard,BestFinal_szwarc_cap0,900,0.8,0.6,10,10,1.0,0,0,0,834.6431,3304.5704299999993,834.6431,3304.5704299999993,151479.0,412142.79999999993,6345154560.0,6345154560.0,0.20113313259622256,,0.0,0.0
hard,BestFinal_szwarc_cap0,900,0.8,0.8,10,10,1.0,0,0,0,5.81645,6.58202,5.81645,6.58202,1081.0,1219.1,6345154560.0,6345154560.0,0.06933422305335887,,0.0,0.0
hard,BestFinal_szwarc_cap0,900,1.0,0.2,10,10,1.0,0,0,0,0.0087,0.01092,0.0087,0.01092,1.0,1.0,6345154560.0,6345154560.0,0.0,,0.0,0.0
hard,BestFinal_szwarc_cap0,900,1.0,0.4,10,10,1.0,0,0,0,0.009049999999999999,0.01191,0.009049999999999999,0.01191,1.0,1.0,6345154560.0,6345154560.0,0.0,,0.0,0.0
hard,BestFinal_szwarc_cap0,900,1.0,0.6,10,10,1.0,0,0,0,12.32325,23.515729999999994,12.32325,23.515729999999994,3463.5,6591.099999999999,6345154560.0,6345154560.0,0.10516840484665796,,0.0,0.0
hard,BestFinal_szwarc_cap0,900,1.0,0.8,10,10,1.0,0,0,0,6.3376,6.50636,6.3376,6.50636,945.5,1098.7,6345154560.0,6345154560.0,0.04817971402386953,,0.0,0.0
hard,BestFinal_szwarc_cap0,1000,0.2,0.2,10,10,1.0,0,0,0,5674.2090499999995,10253.764879999999,5674.2090499999995,10253.764879999999,1181712.5,2006996.7,636096512.0,636099788.8,0.07421898053685559,,0.0,0.0
hard,BestFinal_szwarc_cap0,1000,0.2,0.4,10,10,1.0,0,0,0,230264.18885,263902.83183,230264.18885,263902.83183,24348743.0,26406494.599999998,6795718656.0,6795718656.0,0.07353628942274412,,0.0,0.0
hard,BestFinal_szwarc_cap0,1000,0.2,0.6,10,10,1.0,0,0,0,378888.3412,480264.33753,378888.3412,480264.33753,32973376.0,38856731.4,10240442368.0,10240638976.0,0.08090239885432506,,0.0,0.0
hard,BestFinal_szwarc_cap0,1000,0.2,0.8,10,10,1.0,0,0,0,117092.4455,129424.08849,117092.4455,129424.08849,9472961.0,10860312.0,10240638976.0,10240638976.0,0.10412520572063003,,0.0,0.0
hard,BestFinal_szwarc_cap0,1000,0.4,0.2,10,10,1.0,0,0,0,17.32,18.907709999999998,17.32,18.907709999999998,998.0,1000.0,10240638976.0,10240638976.0,0.0,,0.0,0.0
hard,BestFinal_szwarc_cap0,1000,0.4,0.4,10,10,1.0,0,0,0,41479.227100000004,61472.85773,41479.227100000004,61472.85773,4964214.5,6580369.5,10240638976.0,10240638976.0,0.0823975555106684,,0.0,0.0
hard,BestFinal_szwarc_cap0,1000,0.4,0.6,10,10,1.0,0,0,0,163573.61815,188417.52284,163573.61815,188417.52284,12451092.0,13636081.5,10240638976.0,10240638976.0,0.08975685965690763,,0.0,0.0
hard,BestFinal_szwarc_cap0,1000,0.4,0.8,10,10,1.0,0,0,0,335.51,1544.8144899999998,335.51,1544.8144899999998,70502.0,245842.99999999997,10240638976.0,10240638976.0,0.1724883520466891,,0.0,0.0
hard,BestFinal_szwarc_cap0,1000,0.6,0.2,10,10,1.0,0,0,0,0.00995,0.0122,0.00995,0.0122,1.0,1.0,10240638976.0,10240638976.0,0.0,,0.0,0.0
hard,BestFinal_szwarc_cap0,1000,0.6,0.4,10,10,1.0,0,0,0,2474.01455,4173.803609999999,2474.01455,4173.803609999999,395208.5,620967.3999999999,10240638976.0,10240638976.0,0.13605473864682224,,0.0,0.0
hard,BestFinal_szwarc_cap0,1000,0.6,0.6,10,10,1.0,0,0,0,47956.487649999995,63751.88912,47956.487649999995,63751.88912,3585643.0,4938518.5,10240638976.0,10240638976.0,0.1612291911713372,,0.0,0.0
hard,BestFinal_szwarc_cap0,1000,0.6,0.8,10,10,1.0,0,0,0,6.21865,6.7702599999999995,6.21865,6.7702599999999995,1359.5,1540.0,10240638976.0,10240638976.0,0.07959334236689197,,0.0,0.0
hard,BestFinal_szwarc_cap0,1000,0.8,0.2,10,10,1.0,0,0,0,0.0093,0.01175,0.0093,0.01175,1.0,1.0,10240638976.0,10240638976.0,0.0,,0.0,0.0
hard,BestFinal_szwarc_cap0,1000,0.8,0.4,10,10,1.0,0,0,0,17.467399999999998,18.4214,17.467399999999998,18.4214,1008.0,1033.1,10240638976.0,10240638976.0,0.00049901988908013,,0.0,0.0
hard,BestFinal_szwarc_cap0,1000,0.8,0.6,10,10,1.0,0,0,0,1569.8489,3901.7587999999996,1569.8489,3901.7587999999996,278502.5,541000.1,10240638976.0,10240638976.0,0.2189907973335296,,0.0,0.0
hard,BestFinal_szwarc_cap0,1000,0.8,0.8,10,10,1.0,0,0,0,6.58275,6.99385,6.58275,6.99385,1081.0,1248.1,10240638976.0,10240638976.0,0.06053338322137691,,0.0,0.0
hard,BestFinal_szwarc_cap0,1000,1.0,0.2,10,10,1.0,0,0,0,0.009600000000000001,0.01241,0.009600000000000001,0.01241,1.0,1.0,10240638976.0,10240638976.0,0.0,,0.0,0.0
hard,BestFinal_szwarc_cap0,1000,1.0,0.4,10,10,1.0,0,0,0,0.00925,0.015169999999999994,0.00925,0.015169999999999994,1.0,1.0,10240638976.0,10240638976.0,0.0,,0.0,0.0
hard,BestFinal_szwarc_cap0,1000,1.0,0.6,10,10,1.0,0,0,0,15.39825,32.487739999999995,15.39825,32.487739999999995,4331.5,9400.5,10240638976.0,10240638976.0,0.11051868042949001,,0.0,0.0
hard,BestFinal_szwarc_cap0,1000,1.0,0.8,10,10,1.0,0,0,0,7.418200000000001,7.70955,7.418200000000001,7.70955,1050.5,1156.3,10240638976.0,10240638976.0,0.047362812951480586,,0.0,0.0
hard,BestFinal_szwarc_cap0,1100,0.2,0.2,10,10,1.0,0,0,0,6781.111000000001,10483.687579999998,6781.111000000001,10483.687579999998,1262224.5,1963180.4,585836544.0,695676928.0,0.07095653480367983,,0.0,0.0
hard,BestFinal_szwarc_cap0,1100,0.2,0.4,10,10,1.0,0,0,0,315229.36125,389281.73046,315229.36125,389281.73046,31486896.5,36938977.6,11199033344.0,11199283200.0,0.07349666687289222,,0.0,0.0
hard,BestFinal_szwarc_cap0,1100,0.2,0.6,10,10,1.0,0,0,0,564346.6931,603135.67764,564346.6931,603135.67764,44630068.0,46942952.3,11199283200.0,11200004096.0,0.08005591778347995,,0.0,0.0
hard,BestFinal_szwarc_cap0,1100,0.2,0.8,10,10,1.0,0,0,0,156031.69075,189163.43034,156031.69075,189163.43034,11498270.5,14528869.6,11200004096.0,11200004096.0,0.0971520775162524,,0.0,0.0
hard,BestFinal_szwarc_cap0,1100,0.4,0.2,10,10,1.0,0,0,0,10.300799999999999,26.84637,10.300799999999999,26.84637,550.5,1100.0,11200004096.0,11200004096.0,0.0,,0.0,0.0
hard,BestFinal_szwarc_cap0,1100,0.4,0.4,10,10,1.0,0,0,0,70096.9281,98378.90293999999,70096.9281,98378.90293999999,7640748.5,9783089.799999999,11200004096.0,11200004096.0,0.08294322591902195,,0.0,0.0
hard,BestFinal_szwarc_cap0,1100,0.4,0.6,10,10,1.0,0,0,0,257636.54345,280384.87655,257636.54345,280384.87655,17915188.5,19590016.5,11200004096.0,11200004096.0,0.08189044633366316,,0.0,0.0
hard,BestFinal_szwarc_cap0,1100,0.4,0.8,10,10,1.0,0,0,0,384.0479,907.69544,384.0479,907.69544,79531.5,152873.5,11200004096.0,11200004096.0,0.18295531985101132,,0.0,0.0
hard,BestFinal_szwarc_cap0,1100,0.6,0.2,10,10,1.0,0,0,0,0.01265,0.014909999999999996,0.01265,0.014909999999999996,1.0,1.0,11200004096.0,11200004096.0,0.0,,0.0,0.0
hard,BestFinal_szwarc_cap0,1100,0.6,0.4,10,10,1.0,0,0,0,3697.60355,6440.095869999999,3697.60355,6440.095869999999,584783.5,909780.3999999999,11200004096.0,11200004096.0,0.1552885998441904,,0.0,0.0
hard,BestFinal_szwarc_cap0,1100,0.6,0.6,10,10,1.0,0,0,0,83990.45495,100864.50568999999,83990.45495,100864.50568999999,5820097.0,6733542.5,11200004096.0,11200004096.0,0.14993613757267904,,0.0,0.0
hard,BestFinal_szwarc_cap0,1100,0.6,0.8,10,10,1.0,0,0,0,7.2629,10.77725,7.2629,10.77725,1475.5,2569.5,11200004096.0,11200004096.0,0.0719946398629685,,0.0,0.0
hard,BestFinal_szwarc_cap0,1100,0.8,0.2,10,10,1.0,0,0,0,0.01205,0.01347,0.01205,0.01347,1.0,1.0,11200004096.0,11200004096.0,0.0,,0.0,0.0
hard,BestFinal_szwarc_cap0,1100,0.8,0.4,10,10,1.0,0,0,0,20.738500000000002,25.145010000000003,20.738500000000002,25.145010000000003,1100.0,1144.6999999999998,11200004096.0,11200004096.0,0.0,,0.0,0.0
hard,BestFinal_szwarc_cap0,1100,0.8,0.6,10,10,1.0,0,0,0,2968.18635,4492.8463,2968.18635,4492.8463,378531.5,579274.8,11200004096.0,11200004096.0,0.21115669477297722,,0.0,0.0
hard,BestFinal_szwarc_cap0,1100,0.8,0.8,10,10,1.0,0,0,0,7.79355,8.799449999999998,7.79355,8.799449999999998,1253.0,1532.8,11200004096.0,11200004096.0,0.05484187373303318,,0.0,0.0
hard,BestFinal_szwarc_cap0,1100,1.0,0.2,10,10,1.0,0,0,0,0.011300000000000001,0.01466,0.011300000000000001,0.01466,1.0,1.0,11200004096.0,11200004096.0,0.0,,0.0,0.0
hard,BestFinal_szwarc_cap0,1100,1.0,0.4,10,10,1.0,0,0,0,0.0121,0.01341,0.0121,0.01341,1.0,1.0,11200004096.0,11200004096.0,0.0,,0.0,0.0
hard,BestFinal_szwarc_cap0,1100,1.0,0.6,10,10,1.0,0,0,0,15.67025,23.401349999999997,15.67025,23.401349999999997,4402.0,6406.799999999999,11200004096.0,11200004096.0,0.10139701437325233,,0.0,0.0
hard,BestFinal_szwarc_cap0,1100,1.0,0.8,10,10,1.0,0,0,0,9.187100000000001,9.56527,9.187100000000001,9.56527,1230.5,1432.8,11200004096.0,11200004096.0,0.049658715896579275,,0.0,0.0
memo_backend_no_gate,custom,50,0.2,0.4,10,10,1.0,0,0,0,0.6386000000000001,2.7144199999999996,0.6386000000000001,2.7144199999999996,310.5,1827.7999999999995,49680.0104448,292448.16097279993,0.009968549598685865,,,
memo_backend_no_gate,custom,50,0.2,0.6,10,10,1.0,0,0,0,1.1114000000000002,4.07412,1.1114000000000002,4.07412,700.5,2748.6,112079.6672,439776.1298432,0.026243246641748978,,,
memo_backend_no_gate,custom,50,0.2,0.8,10,10,1.0,0,0,0,0.58375,1.10068,0.58375,1.10068,308.0,667.5,49279.9787008,106800.40161280001,0.021442572578936215,,,
memo_backend_no_gate,custom,50,0.4,0.6,10,10,1.0,0,0,0,0.58155,2.6174799999999996,0.58155,2.6174799999999996,325.0,1690.8999999999999,51999.9848448,270543.8277632,0.031380686454508366,,,
memo_backend_no_gate,custom,100,0.2,0.4,10,10,1.0,0,0,0,7.5394000000000005,23.632939999999998,7.5394000000000005,23.632939999999998,4336.5,12253.1,728531.730432,2058517.21728,0.04420885459271609,,,
memo_backend_no_gate,custom,100,0.2,0.6,10,10,1.0,0,0,0,19.980249999999998,40.31917999999999,19.980249999999998,40.31917999999999,10963.5,20948.299999999996,1841870.92992,3519310.4629759993,0.06864984856391218,,,
memo_backend_no_gate,custom,100,0.2,0.8,10,10,1.0,0,0,0,8.00745,14.926089999999999,8.00745,14.926089999999999,4281.0,7610.9,719208.316928,1278635.671552,0.07928008607936746,,,
memo_backend_no_gate,custom,100,0.4,0.6,10,10,1.0,0,0,0,9.0478,17.622489999999992,9.0478,17.622489999999992,5113.0,9074.999999999998,858984.022016,1524604.3381759997,0.08669651470342998,,,
memo_backend_no_gate,custom,200,0.2,0.4,10,10,1.0,0,0,0,189.8025,272.3517,189.8025,272.3517,72259.5,90754.79999999999,13295733.9648,16698845.429759998,0.05754461226304406,,,
memo_backend_no_gate,custom,200,0.2,0.6,10,10,1.0,0,0,0,435.176,534.7011,435.176,534.7011,134841.5,160983.8,24810828.595200002,29621034.68032,0.06497548047617385,,,
memo_backend_no_gate,custom,200,0.2,0.8,10,10,1.0,0,0,0,165.07,206.0425,165.07,206.0425,53557.5,65819.3,9854595.8912,12110727.74144,0.08961351327563075,,,
memo_backend_no_gate,custom,200,0.4,0.6,10,10,1.0,0,0,0,182.70850000000002,256.3091,182.70850000000002,256.3091,56551.5,75337.0,10405470.53568,13862059.37664,0.10381977432938426,,,
memo_backend_no_gate,custom,300,0.2,0.4,10,10,1.0,0,0,0,901.1804999999999,1389.8239999999998,901.1804999999999,1389.8239999999998,255053.5,336058.89999999997,48970281.7792,64523306.27072,0.06423718502521673,,,
memo_backend_no_gate,custom,300,0.2,0.6,10,10,1.0,0,0,0,1909.4499999999998,2494.9949999999994,1909.4499999999998,2494.9949999999994,442974.0,557241.8999999999,85050995.5072,106990466.49855998,0.0734212052224999,,,
memo_backend_no_gate,custom,300,0.2,0.8,10,10,1.0,0,0,0,625.177,1074.1655999999996,625.177,1074.1655999999996,143317.0,238052.09999999995,27516888.678400002,45706022.74815999,0.09142050768456113,,,
memo_backend_no_gate,custom,300,0.4,0.6,10,10,1.0,0,0,0,775.144,1466.139,775.144,1466.139,165365.0,296828.1,31750094.847999997,56990965.43232,0.09865706284283318,,,
memo_backend_no_gate,custom,500,0.2,0.4,10,10,1.0,0,0,0,6996.549999999999,7825.323,6996.549999999999,7825.323,1362928.5,1535526.7,294392430.592,331673501.696,0.07698418720921152,,,
memo_backend_no_gate,custom,500,0.2,0.6,10,10,1.0,0,0,0,15670.1,16318.82,15670.1,16318.82,2390600.0,2540829.6,516369678.33599997,548818806.3743999,0.07582000902414557,,,
memo_backend_no_gate,custom,500,0.2,0.8,10,10,1.0,0,0,0,5584.135,6910.099,5584.135,6910.099,827706.0,1003106.9,178784305.152,216670824.0384,0.07816613378569805,,,
memo_backend_no_gate,custom,500,0.4,0.6,10,10,1.0,0,0,0,6508.405000000001,8478.247,6508.405000000001,8478.247,972593.0,1206339.0,210080104.448,260569458.27839997,0.09634395228791803,,,
memo_backend_no_gate,custom,700,0.2,0.4,10,10,1.0,0,0,0,21577.3,25237.389999999996,21577.3,25237.389999999996,3232487.0,3732190.8,775796817.92,895725600.7679999,0.08634308916786752,,,
memo_backend_no_gate,custom,700,0.2,0.6,10,10,1.0,0,0,0,49632.0,61926.6,49632.0,61926.6,5807626.0,7256035.199999999,1393830133.76,1741449854.9759998,0.08591805602804972,,,
memo_backend_no_gate,custom,700,0.2,0.8,10,10,1.0,0,0,0,22420.35,24559.979999999996,22420.35,24559.979999999996,2423417.0,2750064.9,581619941.3759999,660015467.7248,0.08264699801425462,,,
memo_backend_no_gate,custom,700,0.4,0.6,10,10,1.0,0,0,0,20126.9,29591.67,20126.9,29591.67,2235062.5,3122083.1999999997,536414781.43999994,749299616.9727999,0.09976713251116387,,,
memo_backend_no_gate,custom,900,0.2,0.4,10,10,1.0,0,0,0,65714.75,76030.97,65714.75,76030.97,7956587.5,8403865.4,2164187463.68,2285853736.96,0.09758099127724407,,,
memo_backend_no_gate,custom,900,0.2,0.6,10,10,1.0,0,0,0,132717.0,155524.4,132717.0,155524.4,12302874.0,14187444.0,3346383503.36,3858988269.568,0.09123963422026618,,,
memo_backend_no_gate,custom,900,0.2,0.8,10,10,1.0,0,0,0,56128.95,63054.94,56128.95,63054.94,4873940.5,5292619.8,1325714636.8000002,1439596281.856,0.0844750745639312,,,
memo_backend_no_gate,custom,900,0.4,0.6,10,10,1.0,0,0,0,54337.0,68700.57999999999,54337.0,68700.57999999999,4928554.0,5981418.6,1340567715.8400002,1626949550.08,0.10569434682236019,,,
memo_backend_no_gate,std_unordered,50,0.2,0.4,10,10,1.0,0,0,0,0.5871500000000001,2.6056299999999992,0.5871500000000001,2.6056299999999992,310.5,1827.7999999999995,59616.002047999995,350937.2059647999,0.009968549598685865,,,
memo_backend_no_gate,std_unordered,50,0.2,0.6,10,10,1.0,0,0,0,1.0704,3.9537799999999996,1.0704,3.9537799999999996,700.5,2748.6,134496.124928,527730.999296,0.026243246641748978,,,
memo_backend_no_gate,std_unordered,50,0.2,0.8,10,10,1.0,0,0,0,0.53635,1.05953,0.53635,1.05953,308.0,667.5,59136.016384,128159.7898752,0.021442572578936215,,,
memo_backend_no_gate,std_unordered,50,0.4,0.6,10,10,1.0,0,0,0,0.5657,2.52534,0.5657,2.52534,325.0,1690.8999999999999,62399.971328,324653.1805184,0.031380686454508366,,,
memo_backend_no_gate,std_unordered,100,0.2,0.4,10,10,1.0,0,0,0,7.88275,24.58426,7.88275,24.58426,4336.5,12253.1,867299.7539840001,2450620.678144,0.04420885459271609,,,
memo_backend_no_gate,std_unordered,100,0.2,0.6,10,10,1.0,0,0,0,21.616300000000003,42.815639999999995,21.616300000000003,42.815639999999995,10963.5,20948.299999999996,2192703.488,4189659.8568959995,0.06864984856391218,,,
memo_backend_no_gate,std_unordered,100,0.2,0.8,10,10,1.0,0,0,0,9.12635,15.899529999999999,9.12635,15.899529999999999,4281.0,7610.9,856200.0527359999,1522175.8361599997,0.07928008607936746,,,
memo_backend_no_gate,std_unordered,100,0.4,0.6,10,10,1.0,0,0,0,9.69595,18.580279999999995,9.69595,18.580279999999995,5113.0,9074.999999999998,1022601.199616,1814999.0727679995,0.08669651470342998,,,
memo_backend_no_gate,std_unordered,200,0.2,0.4,10,10,1.0,0,0,0,212.8895,295.7066,212.8895,295.7066,72259.5,90754.79999999999,15608053.76,19603012.976639997,0.05754461226304406,,,
memo_backend_no_gate,std_unordered,200,0.2,0.6,10,10,1.0,0,0,0,479.50149999999996,587.0461,479.50149999999996,587.0461,134841.5,160983.8,29125718.835199997,34772510.310399994,0.06497548047617385,,,
memo_backend_no_gate,std_unordered,200,0.2,0.8,10,10,1.0,0,0,0,178.711,225.80929999999998,178.711,225.80929999999998,53557.5,65819.3,11568414.719999999,14216960.409599999,0.08961351327563075,,,
memo_backend_no_gate,std_unordered,200,0.4,0.6,10,10,1.0,0,0,0,192.1875,282.75809999999996,192.1875,282.75809999999996,56551.5,75337.0,12215123.968,16272829.972479999,0.10381977432938426,,,
memo_backend_no_gate,std_unordered,300,0.2,0.4,10,10,1.0,0,0,0,975.027,1529.319,975.027,1529.319,255053.5,336058.89999999997,57131977.932799995,75277166.18239999,0.06423718502521673,,,
memo_backend_no_gate,std_unordered,300,0.2,0.6,10,10,1.0,0,0,0,2070.385,2783.9579999999996,2070.385,2783.9579999999996,442974.0,557241.8999999999,99226170.16319999,124821962.75199997,0.0734212052224999,,,
memo_backend_no_gate,std_unordered,300,0.2,0.8,10,10,1.0,0,0,0,674.1735,1148.1389999999997,674.1735,1148.1389999999997,143317.0,238052.09999999995,32102993.1008,53323686.21567999,0.09142050768456113,,,
memo_backend_no_gate,std_unordered,300,0.4,0.6,10,10,1.0,0,0,0,847.05,1620.812,847.05,1620.812,165365.0,296828.1,37041786.0608,66489470.1568,0.09865706284283318,,,
memo_backend_no_gate,std_unordered,500,0.2,0.4,10,10,1.0,0,0,0,7745.39,8569.86,7745.39,8569.86,1362928.5,1535526.7,338006376.44799995,380810821.63199997,0.07698418720921152,,,
memo_backend_no_gate,std_unordered,500,0.2,0.6,10,10,1.0,0,0,0,17150.25,17756.88,17150.25,17756.88,2390600.0,2540829.6,592868540.416,630125284.5567999,0.07582000902414557,,,
memo_backend_no_gate,std_unordered,500,0.2,0.8,10,10,1.0,0,0,0,5995.21,7380.212,5995.21,7380.212,827706.0,1003106.9,205271334.912,248770147.1232,0.07816613378569805,,,
memo_backend_no_gate,std_unordered,500,0.4,0.6,10,10,1.0,0,0,0,6972.805,9249.426000000001,6972.805,9249.426000000001,972593.0,1206339.0,241202888.704,299172364.288,0.09634395228791803,,,
memo_backend_no_gate,std_unordered,700,0.2,0.4,10,10,1.0,0,0,0,23395.95,27415.839999999997,23395.95,27415.839999999997,3232487.0,3732190.8,879236743.168,1015155995.4432,0.08634308916786752,,,
memo_backend_no_gate,std_unordered,700,0.2,0.6,10,10,1.0,0,0,0,53392.8,66293.79,53392.8,66293.79,5807626.0,7256035.199999999,1579674501.12,1973644427.264,0.08591805602804972,,,
memo_backend_no_gate,std_unordered,700,0.2,0.8,10,10,1.0,0,0,0,24114.75,26368.48,24114.75,26368.48,2423417.0,2750064.9,659169476.608,748017313.3823999,0.08264699801425462,,,
memo_backend_no_gate,std_unordered,700,0.4,0.6,10,10,1.0,0,0,0,21823.15,31495.269999999997,21823.15,31495.269999999997,2235062.5,3122083.1999999997,607936577.536,849206260.5311999,0.09976713251116387,,,
memo_backend_no_gate,std_unordered,900,0.2,0.4,10,10,1.0,0,0,0,71057.79999999999,80742.90000000001,71057.79999999999,80742.90000000001,7956587.5,8403865.4,2418802688.0,2554773635.0719995,0.09758099127724407,,,
memo_backend_no_gate,std_unordered,900,0.2,0.6,10,10,1.0,0,0,0,141598.0,165834.4,141598.0,165834.4,12302874.0,14187444.0,3740071362.56,4312983928.832,0.09123963422026618,,,
memo_backend_no_gate,std_unordered,900,0.2,0.8,10,10,1.0,0,0,0,60066.55,67084.91,60066.55,67084.91,4873940.5,5292619.8,1481679831.04,1608958083.0719998,0.0844750745639312,,,
memo_backend_no_gate,std_unordered,900,0.4,0.6,10,10,1.0,0,0,0,58375.9,72853.62999999999,58375.9,72853.62999999999,4928554.0,5981418.6,1498278789.12,1818354515.968,0.10569434682236019,,,
reconstruction,new_solve_with_reconstruction,100,0.2,0.4,5,5,1.0,0,0,0,8.7711,19.26246,8.7711,19.26246,5110.0,9869.400000000001,858479.65696,1658056.6056960002,,,,
reconstruction,new_solve_with_reconstruction,100,0.2,0.6,5,5,1.0,0,0,0,19.6682,51.503460000000004,19.6682,51.503460000000004,10854.0,24280.4,1823473.664,4079103.246336,,,,
reconstruction,new_solve_with_reconstruction,100,0.4,0.6,5,5,1.0,0,0,0,11.1396,24.48334,11.1396,24.48334,6230.0,11898.6,1046640.328704,1998967.5376640002,,,,
reconstruction,new_solve_with_reconstruction,300,0.2,0.4,5,5,1.0,0,0,0,1165.0,1487.4840000000002,1165.0,1487.4840000000002,326671.0,357978.4,62720783.1552,68731870.90432,,,,
reconstruction,new_solve_with_reconstruction,300,0.2,0.6,5,5,1.0,0,0,0,2254.98,3291.276,2254.98,3291.276,525659.0,679266.4,100926488.576,130419114.63936001,,,,
reconstruction,new_solve_with_reconstruction,300,0.4,0.6,5,5,1.0,0,0,0,1186.19,1559.06,1186.19,1559.06,278923.0,302363.6,53553188.0448,58053802.06592,,,,
reconstruction,new_solve_with_reconstruction,500,0.2,0.4,5,5,1.0,0,0,0,6834.64,8073.4580000000005,6834.64,8073.4580000000005,1353026.0,1637605.2,292253859.84,353722433.536,,,,
reconstruction,new_solve_with_reconstruction,500,0.2,0.6,5,5,1.0,0,0,0,15896.0,17209.4,15896.0,17209.4,2477543.0,2684337.6,535149150.208,579816810.0864,,,,
reconstruction,new_solve_with_reconstruction,500,0.4,0.6,5,5,1.0,0,0,0,6558.92,8450.122000000001,6558.92,8450.122000000001,1027016.0,1219214.0,221835689.984,263350281.8304,,,,
reconstruction,new_solve_with_reconstruction,700,0.2,0.4,5,5,1.0,0,0,0,19882.7,28187.08,19882.7,28187.08,3152311.0,3959127.6,756554924.032,950190840.2176,,,,
reconstruction,new_solve_with_reconstruction,700,0.2,0.6,5,5,1.0,0,0,0,49716.6,67576.34,49716.6,67576.34,5786486.0,7693086.2,1388755025.92,1846338912.256,,,,
reconstruction,new_solve_with_reconstruction,700,0.4,0.6,5,5,1.0,0,0,0,20201.8,31120.08,20201.8,31120.08,2272216.0,3223724.2,545331871.744,773693689.0367999,,,,
reconstruction,new_solve_with_reconstruction,900,0.2,0.4,5,5,1.0,0,0,0,65497.9,68539.18000000001,65497.9,68539.18000000001,7850146.0,8075744.8,2135236280.32,2196598947.84,,,,
reconstruction,new_solve_with_reconstruction,900,0.2,0.6,5,5,1.0,0,0,0,135308.0,155599.0,135308.0,155599.0,12442850.0,14116042.0,3384457297.92,3839566544.896,,,,
reconstruction,new_solve_with_reconstruction,900,0.4,0.6,5,5,1.0,0,0,0,53570.0,66754.14,53570.0,66754.14,4815499.0,5830677.2,1309818224.64,1585943937.0240002,,,,
reconstruction,new_solve_with_reconstruction,1100,0.2,0.4,5,5,1.0,0,0,0,106969.0,131031.0,106969.0,131031.0,10927261.0,13014218.4,3234468986.88,3852206080.0,,,,
reconstruction,new_solve_with_reconstruction,1100,0.2,0.6,5,5,1.0,0,0,0,297340.0,313436.0,297340.0,313436.0,22458232.0,23559471.8,6647636295.68,6973602922.496,,,,
reconstruction,new_solve_with_reconstruction,1100,0.4,0.6,5,5,1.0,0,0,0,124963.0,145799.2,124963.0,145799.2,8704485.0,10166213.0,2576529489.92,3009199210.496,,,,
reconstruction,old_solve_with_reconstruction,100,0.2,0.4,5,5,1.0,0,0,0,8.1236,18.33696,8.1236,18.33696,,,,,,,,
reconstruction,old_solve_with_reconstruction,100,0.2,0.6,5,5,1.0,0,0,0,18.3814,47.48924,18.3814,47.48924,,,,,,,,
reconstruction,old_solve_with_reconstruction,100,0.4,0.6,5,5,1.0,0,0,0,10.4564,22.973200000000006,10.4564,22.973200000000002,,,,,,,,
reconstruction,old_solve_with_reconstruction,300,0.2,0.4,5,5,1.0,0,0,0,1150.01,1441.7259999999999,1150.01,1441.7259999999999,,,,,,,,
reconstruction,old_solve_with_reconstruction,300,0.2,0.6,5,5,1.0,0,0,0,2157.02,3202.01,2157.02,3202.01,,,,,,,,
reconstruction,old_solve_with_reconstruction,300,0.4,0.6,5,5,1.0,0,0,0,1141.87,1548.266,1141.87,1548.266,,,,,,,,
reconstruction,old_solve_with_reconstruction,500,0.2,0.4,5,5,1.0,0,0,0,6659.26,8097.5019999999995,6659.26,8097.5019999999995,,,,,,,,
reconstruction,old_solve_with_reconstruction,500,0.2,0.6,5,5,1.0,0,0,0,15697.3,16719.3,15697.3,16719.3,,,,,,,,
reconstruction,old_solve_with_reconstruction,500,0.4,0.6,5,5,1.0,0,0,0,6650.61,8553.378,6650.61,8553.378,,,,,,,,
reconstruction,old_solve_with_reconstruction,700,0.2,0.4,5,5,1.0,0,0,0,19714.4,28212.96,19714.4,28212.960000000003,,,,,,,,
reconstruction,old_solve_with_reconstruction,700,0.2,0.6,5,5,1.0,0,0,0,50629.0,69010.42,50629.0,69010.42,,,,,,,,
reconstruction,old_solve_with_reconstruction,700,0.4,0.6,5,5,1.0,0,0,0,20427.7,31530.199999999997,20427.7,31530.199999999997,,,,,,,,
reconstruction,old_solve_with_reconstruction,900,0.2,0.4,5,5,1.0,0,0,0,66011.7,68968.1,66011.7,68968.1,,,,,,,,
reconstruction,old_solve_with_reconstruction,900,0.2,0.6,5,5,1.0,0,0,0,137199.0,157403.8,137199.0,157403.8,,,,,,,,
reconstruction,old_solve_with_reconstruction,900,0.4,0.6,5,5,1.0,0,0,0,54386.6,68631.92000000001,54386.6,68631.92000000001,,,,,,,,
reconstruction,old_solve_with_reconstruction,1100,0.2,0.4,5,5,1.0,0,0,0,106931.0,130471.8,106931.0,130471.8,,,,,,,,
reconstruction,old_solve_with_reconstruction,1100,0.2,0.6,5,5,1.0,0,0,0,301626.0,315043.0,301626.0,315043.0,,,,,,,,
reconstruction,old_solve_with_reconstruction,1100,0.4,0.6,5,5,1.0,0,0,0,125036.0,145803.8,125036.0,145803.8,,,,,,,,
reconstruction,solve_only,100,0.2,0.4,10,10,1.0,0,0,0,8.23975,23.41987,8.23975,23.41987,5110.0,9869.400000000001,449679.720448,868505.7212416001,,,,
reconstruction,solve_only,100,0.2,0.6,10,10,1.0,0,0,0,18.36645,61.46608,18.36645,61.46608,10854.0,24280.4,955152.072704,2136677.023744,,,,
reconstruction,solve_only,100,0.4,0.6,10,10,1.0,0,0,0,10.7255,30.73171,10.7255,30.73171,6230.0,11898.6,548239.572992,1047078.633472,,,,
reconstruction,solve_only,300,0.2,0.4,10,10,1.0,0,0,0,1137.88,1512.046,1137.88,1512.046,326671.0,357978.4,36587123.5072,40093561.6512,,,,
reconstruction,solve_only,300,0.2,0.6,10,10,1.0,0,0,0,2155.77,3791.393,2155.77,3791.393,525659.0,679266.4,58873767.5264,76077837.84448001,,,,
reconstruction,solve_only,300,0.4,0.6,10,10,1.0,0,0,0,1155.99,1613.922,1155.99,1613.922,278923.0,302363.6,31239385.9072,33864705.6384,,,,
reconstruction,solve_only,500,0.2,0.4,10,10,1.0,0,0,0,6652.085,8264.214,6652.085,8264.214,1353026.0,1637605.2,184011456.512,222714396.672,,,,
reconstruction,solve_only,500,0.2,0.6,10,10,1.0,0,0,0,15548.95,17390.420000000002,15548.95,17390.420000000002,2477543.0,2684337.6,336946266.112,365069703.5776,,,,
reconstruction,solve_only,500,0.4,0.6,10,10,1.0,0,0,0,6594.505,8577.714,6594.505,8577.714,1027016.0,1219214.0,139674517.504,165813420.03199998,,,,
reconstruction,solve_only,700,0.2,0.4,10,10,1.0,0,0,0,19573.35,31124.06,19573.35,31124.06,3152311.0,3959127.6,504369250.304,633460280.5248,,,,
reconstruction,solve_only,700,0.2,0.6,10,10,1.0,0,0,0,49955.649999999994,71672.66,49955.649999999994,71672.66,5786486.0,7693086.2,925838082.048,1230894006.272,,,,
reconstruction,solve_only,700,0.4,0.6,10,10,1.0,0,0,0,20287.15,32396.98,20287.15,32396.98,2272216.0,3223724.2,363554930.688,515796002.4064,,,,
reconstruction,solve_only,900,0.2,0.4,10,10,1.0,0,0,0,65860.65,68903.85,65860.65,68903.85,7850146.0,8075744.8,1507223142.4,1550544011.264,,,,
reconstruction,solve_only,900,0.2,0.6,10,10,1.0,0,0,0,135565.5,157316.3,135565.5,157316.3,12442850.0,14116042.0,2389023129.6,2710279553.024,,,,
reconstruction,solve_only,900,0.4,0.6,10,10,1.0,0,0,0,53979.95,74706.55,53979.95,74706.55,4815499.0,5830677.2,924575596.544,1119492453.1712,,,,
reconstruction,solve_only,1100,0.2,0.4,10,10,1.0,0,0,0,106302.0,144211.4,106302.0,144211.4,10927261.0,13014218.4,2360292147.2,2811070775.296,,,,
reconstruction,solve_only,1100,0.2,0.6,10,10,1.0,0,0,0,295136.5,321928.9,295136.5,321928.9,22458232.0,23559471.8,4850974720.0,5088842088.448,,,,
reconstruction,solve_only,1100,0.4,0.6,10,10,1.0,0,0,0,124413.0,156883.5,124413.0,156883.5,8704485.0,10166213.0,1880170168.32,2195904790.528,,,,
